idmeter,timestamp,vr,vs,vt,ir,is,it,wh,varh
MTR0001,2024-01-01 00:00:00,221.55,221.39,222.47,3.9,2.56,1.6,0.227,0.139
MTR0001,2024-01-01 00:15:00,219.93,220.81,220.64,3.54,2.21,1.78,0.19,0.116
MTR0001,2024-01-01 00:30:00,219.44,219.48,223.7,3.64,2.61,1.42,0.225,0.099
MTR0001,2024-01-01 00:45:00,219.9,223.02,221.94,3.58,2.45,1.61,0.236,0.101
MTR0001,2024-01-01 01:00:00,221.11,218.66,219.51,3.7,2.71,1.66,0.2,0.123
MTR0001,2024-01-01 01:15:00,221.96,220.79,219.48,3.54,2.43,1.66,0.213,0.092
MTR0001,2024-01-01 01:30:00,222.35,223.0,220.24,3.63,2.65,1.78,0.224,0.119
MTR0001,2024-01-01 01:45:00,222.57,220.25,222.75,3.72,2.44,1.62,0.237,0.105
MTR0001,2024-01-01 02:00:00,220.75,223.95,217.57,3.8,2.61,1.59,0.243,0.121
MTR0001,2024-01-01 02:15:00,220.0,219.36,220.32,3.79,2.57,1.57,0.236,0.127
MTR0001,2024-01-01 02:30:00,220.01,222.37,221.65,3.82,2.49,1.59,0.246,0.122
MTR0001,2024-01-01 02:45:00,216.82,222.12,220.91,3.63,2.67,1.61,0.259,0.119
MTR0001,2024-01-01 03:00:00,221.19,221.49,218.62,3.67,2.61,2.0,0.235,0.135
MTR0001,2024-01-01 03:15:00,219.94,220.97,222.01,3.67,2.72,1.46,0.248,0.09
MTR0001,2024-01-01 03:30:00,222.9,219.5,222.38,4.0,2.45,1.55,0.253,0.138
MTR0001,2024-01-01 03:45:00,220.81,221.05,222.47,3.49,2.68,1.5,0.202,0.111
MTR0001,2024-01-01 04:00:00,222.02,219.75,221.84,3.87,2.36,1.66,0.188,0.135
MTR0001,2024-01-01 04:15:00,222.75,220.3,222.43,3.86,2.63,1.76,0.231,0.135
MTR0001,2024-01-01 04:30:00,223.6,222.31,219.71,3.77,2.45,1.75,0.241,0.127
MTR0001,2024-01-01 04:45:00,221.44,223.01,220.2,3.7,2.39,1.52,0.211,0.12
MTR0001,2024-01-01 05:00:00,221.22,222.84,221.52,3.89,2.56,2.04,0.217,0.139
MTR0001,2024-01-01 05:15:00,220.86,221.39,221.31,3.79,2.53,1.75,0.22,0.122
MTR0001,2024-01-01 05:30:00,221.12,219.73,221.76,3.73,2.47,1.66,0.249,0.103
MTR0001,2024-01-01 05:45:00,222.11,223.2,220.06,3.88,2.74,1.54,0.254,0.115
MTR0001,2024-01-01 06:00:00,221.66,223.3,222.93,7.45,5.15,3.38,0.459,0.232
MTR0001,2024-01-01 06:15:00,220.74,220.8,218.82,7.4,5.14,3.28,0.42,0.267
MTR0001,2024-01-01 06:30:00,220.9,219.98,220.43,7.45,5.09,3.3,0.479,0.271
MTR0001,2024-01-01 06:45:00,222.85,222.84,221.52,7.42,5.36,3.18,0.433,0.245
MTR0001,2024-01-01 07:00:00,221.56,222.9,219.7,7.87,5.53,3.43,0.506,0.235
MTR0001,2024-01-01 07:15:00,221.37,224.08,219.51,8.2,5.49,3.33,0.513,0.21
MTR0001,2024-01-01 07:30:00,219.41,221.51,216.64,7.77,5.57,3.34,0.5,0.247
MTR0001,2024-01-01 07:45:00,220.61,220.9,221.59,8.27,5.66,3.66,0.49,0.277
MTR0001,2024-01-01 08:00:00,220.9,221.02,221.67,8.55,6.22,3.57,0.538,0.261
MTR0001,2024-01-01 08:15:00,221.46,221.44,220.77,8.48,6.11,3.69,0.486,0.31
MTR0001,2024-01-01 08:30:00,221.34,220.56,222.85,8.5,6.1,3.85,0.529,0.279
MTR0001,2024-01-01 08:45:00,218.12,219.77,220.5,8.63,6.21,3.69,0.569,0.223
MTR0001,2024-01-01 09:00:00,221.82,221.13,221.99,8.89,6.32,4.05,0.527,0.249
MTR0001,2024-01-01 09:15:00,222.61,219.81,222.66,9.01,6.2,3.96,0.575,0.26
MTR0001,2024-01-01 09:30:00,219.56,221.12,222.12,8.82,6.18,4.0,0.512,0.312
MTR0001,2024-01-01 09:45:00,221.64,222.91,223.23,8.84,6.2,4.17,0.536,0.324
MTR0001,2024-01-01 10:00:00,222.09,221.36,221.47,9.11,6.55,4.08,0.566,0.331
MTR0001,2024-01-01 10:15:00,221.54,221.73,219.33,9.13,6.5,4.19,0.602,0.204
MTR0001,2024-01-01 10:30:00,220.95,220.44,221.54,9.33,6.77,4.26,0.606,0.298
MTR0001,2024-01-01 10:45:00,220.63,223.06,219.32,9.38,6.53,3.92,0.545,0.295
MTR0001,2024-01-01 11:00:00,221.31,224.41,222.93,9.39,6.57,4.29,0.628,0.228
MTR0001,2024-01-01 11:15:00,221.85,221.4,221.39,9.44,6.75,4.05,0.573,0.304
MTR0001,2024-01-01 11:30:00,218.41,220.7,221.51,9.49,6.64,4.31,0.554,0.292
MTR0001,2024-01-01 11:45:00,222.39,223.91,220.26,9.43,6.74,4.52,0.639,0.249
MTR0001,2024-01-01 12:00:00,223.89,224.23,221.13,9.7,6.86,4.46,0.614,0.263
MTR0001,2024-01-01 12:15:00,218.2,223.77,222.83,9.53,6.79,3.93,0.634,0.234
MTR0001,2024-01-01 12:30:00,218.24,221.52,222.08,9.55,6.45,4.24,0.586,0.262
MTR0001,2024-01-01 12:45:00,219.15,222.33,222.62,9.51,7.07,4.2,0.565,0.327
MTR0001,2024-01-01 13:00:00,220.64,220.05,220.67,9.3,7.0,4.22,0.568,0.346
MTR0001,2024-01-01 13:15:00,222.08,220.67,220.4,9.57,6.62,4.03,0.549,0.29
MTR0001,2024-01-01 13:30:00,223.27,221.23,222.36,9.53,7.17,4.39,0.613,0.332
MTR0001,2024-01-01 13:45:00,219.58,220.24,221.22,9.47,6.55,4.12,0.599,0.305
MTR0001,2024-01-01 14:00:00,220.79,223.82,221.62,9.13,6.78,4.2,0.568,0.287
MTR0001,2024-01-01 14:15:00,222.89,219.64,218.63,9.4,6.56,4.14,0.545,0.308
MTR0001,2024-01-01 14:30:00,219.91,220.3,221.57,9.13,6.59,4.11,0.552,0.321
MTR0001,2024-01-01 14:45:00,221.16,222.01,220.41,9.18,6.63,4.15,0.544,0.273
MTR0001,2024-01-01 15:00:00,219.81,222.46,220.36,8.64,6.06,3.97,0.482,0.306
MTR0001,2024-01-01 15:15:00,219.09,222.0,225.68,8.67,6.28,3.9,0.542,0.302
MTR0001,2024-01-01 15:30:00,222.05,219.91,222.29,9.13,5.93,3.84,0.538,0.282
MTR0001,2024-01-01 15:45:00,221.53,223.97,221.32,8.93,6.21,4.05,0.541,0.305
MTR0001,2024-01-01 16:00:00,221.23,224.71,222.81,8.4,6.16,3.7,0.512,0.252
MTR0001,2024-01-01 16:15:00,222.38,220.33,219.13,8.45,5.94,3.88,0.531,0.252
MTR0001,2024-01-01 16:30:00,218.58,223.32,222.01,8.39,6.07,4.1,0.547,0.205
MTR0001,2024-01-01 16:45:00,219.16,220.37,223.76,8.51,5.93,3.88,0.54,0.207
MTR0001,2024-01-01 17:00:00,220.13,222.17,222.64,7.78,5.73,3.73,0.475,0.218
MTR0001,2024-01-01 17:15:00,219.21,220.83,221.76,8.05,5.47,3.18,0.508,0.169
MTR0001,2024-01-01 17:30:00,224.47,221.79,221.66,8.03,5.68,3.56,0.516,0.211
MTR0001,2024-01-01 17:45:00,218.79,224.43,221.78,7.94,5.59,3.64,0.474,0.285
MTR0001,2024-01-01 18:00:00,218.26,223.89,221.26,7.29,5.05,3.02,0.438,0.213
MTR0001,2024-01-01 18:15:00,222.71,220.37,219.25,7.31,5.03,3.25,0.377,0.247
MTR0001,2024-01-01 18:30:00,220.45,222.64,224.27,7.52,5.16,3.1,0.435,0.261
MTR0001,2024-01-01 18:45:00,219.78,221.82,220.33,7.45,5.18,3.29,0.44,0.248
MTR0001,2024-01-01 19:00:00,219.73,221.76,221.12,7.0,4.4,3.18,0.39,0.213
MTR0001,2024-01-01 19:15:00,221.23,221.22,221.28,6.86,4.92,2.82,0.434,0.218
MTR0001,2024-01-01 19:30:00,221.88,219.91,220.71,6.85,4.61,3.12,0.416,0.233
MTR0001,2024-01-01 19:45:00,221.15,221.98,223.97,6.63,4.7,2.88,0.435,0.15
MTR0001,2024-01-01 20:00:00,222.19,221.32,220.72,6.4,4.31,2.57,0.401,0.17
MTR0001,2024-01-01 20:15:00,222.67,218.35,218.87,6.17,4.57,2.77,0.392,0.157
MTR0001,2024-01-01 20:30:00,221.26,219.03,219.48,6.36,4.45,2.75,0.382,0.137
MTR0001,2024-01-01 20:45:00,218.36,222.43,224.51,6.36,4.35,2.86,0.375,0.233
MTR0001,2024-01-01 21:00:00,223.3,223.12,218.74,5.6,4.0,2.58,0.331,0.196
MTR0001,2024-01-01 21:15:00,218.65,222.47,219.21,5.67,4.3,2.44,0.328,0.201
MTR0001,2024-01-01 21:30:00,221.54,221.88,220.21,5.9,4.01,2.59,0.325,0.179
MTR0001,2024-01-01 21:45:00,220.27,221.96,221.77,5.74,4.39,2.57,0.377,0.179
MTR0001,2024-01-01 22:00:00,221.75,223.06,222.43,5.2,3.74,2.38,0.316,0.121
MTR0001,2024-01-01 22:15:00,222.4,221.78,222.73,5.53,4.04,2.58,0.363,0.13
MTR0001,2024-01-01 22:30:00,221.44,221.91,221.91,5.25,3.69,2.58,0.37,0.123
MTR0001,2024-01-01 22:45:00,220.1,222.93,219.39,5.52,3.69,2.61,0.344,0.143
MTR0001,2024-01-01 23:00:00,222.97,221.89,223.05,5.0,3.73,2.46,0.328,0.175
MTR0001,2024-01-01 23:15:00,222.63,220.57,220.74,4.85,3.83,2.37,0.326,0.119
MTR0001,2024-01-01 23:30:00,223.17,220.82,220.87,5.18,3.49,2.18,0.267,0.159
MTR0001,2024-01-01 23:45:00,219.19,222.62,221.25,5.1,4.04,2.22,0.317,0.183
MTR0001,2024-01-02 00:00:00,221.23,225.28,220.54,3.6,2.51,1.55,0.218,0.091
MTR0001,2024-01-02 00:15:00,220.24,219.84,222.69,3.83,2.65,1.58,0.228,0.118
MTR0001,2024-01-02 00:30:00,223.12,224.29,220.58,3.62,2.64,1.69,0.217,0.103
MTR0001,2024-01-02 00:45:00,218.18,219.71,222.83,3.53,2.47,1.63,0.201,0.12
MTR0001,2024-01-02 01:00:00,220.78,223.38,225.29,3.6,2.53,1.79,0.201,0.104
MTR0001,2024-01-02 01:15:00,221.16,222.06,222.9,3.74,2.66,1.74,0.265,0.099
MTR0001,2024-01-02 01:30:00,222.87,222.57,221.25,3.7,2.78,1.51,0.23,0.13
MTR0001,2024-01-02 01:45:00,220.46,221.61,222.73,3.45,2.6,1.65,0.229,0.13
MTR0001,2024-01-02 02:00:00,220.34,221.93,221.87,3.91,2.59,1.68,0.242,0.108
MTR0001,2024-01-02 02:15:00,220.52,220.99,220.96,3.7,2.33,1.78,0.216,0.104
MTR0001,2024-01-02 02:30:00,223.15,221.5,220.67,3.96,2.38,1.31,0.225,0.127
MTR0001,2024-01-02 02:45:00,222.48,223.57,221.17,3.5,2.58,1.73,0.199,0.098
MTR0001,2024-01-02 03:00:00,220.73,221.97,221.14,3.73,2.41,1.85,0.249,0.089
MTR0001,2024-01-02 03:15:00,221.2,221.25,222.56,3.78,2.67,1.73,0.243,0.111
MTR0001,2024-01-02 03:30:00,220.67,223.76,220.49,3.95,2.59,1.42,0.186,0.134
MTR0001,2024-01-02 03:45:00,219.85,223.09,221.08,3.67,2.57,1.53,0.191,0.113
MTR0001,2024-01-02 04:00:00,221.98,222.24,220.05,3.67,2.6,1.46,0.236,0.11
MTR0001,2024-01-02 04:15:00,219.49,221.66,221.1,3.66,2.57,1.53,0.249,0.128
MTR0001,2024-01-02 04:30:00,219.94,222.46,223.6,3.81,2.61,1.54,0.243,0.103
MTR0001,2024-01-02 04:45:00,219.93,223.23,221.67,3.82,2.57,1.83,0.275,0.107
MTR0001,2024-01-02 05:00:00,219.82,220.87,221.02,3.74,2.68,1.55,0.292,0.101
MTR0001,2024-01-02 05:15:00,219.4,222.73,219.81,3.76,2.52,1.67,0.211,0.124
MTR0001,2024-01-02 05:30:00,221.4,222.57,220.78,3.91,2.42,1.42,0.204,0.088
MTR0001,2024-01-02 05:45:00,220.64,224.27,219.05,3.59,2.72,1.66,0.251,0.132
MTR0001,2024-01-02 06:00:00,219.86,222.19,222.24,7.39,5.12,3.17,0.481,0.159
MTR0001,2024-01-02 06:15:00,218.32,221.52,221.26,7.51,4.86,3.31,0.446,0.202
MTR0001,2024-01-02 06:30:00,218.86,223.34,220.8,7.4,5.19,3.34,0.402,0.249
MTR0001,2024-01-02 06:45:00,220.41,223.45,222.47,7.14,5.07,3.35,0.426,0.259
MTR0001,2024-01-02 07:00:00,221.37,222.25,223.05,7.96,5.56,3.49,0.48,0.259
MTR0001,2024-01-02 07:15:00,220.6,220.05,221.22,7.99,5.52,3.53,0.487,0.274
MTR0001,2024-01-02 07:30:00,222.3,217.26,224.63,7.9,5.77,3.37,0.479,0.265
MTR0001,2024-01-02 07:45:00,222.41,221.35,222.32,7.78,5.6,3.82,0.507,0.232
MTR0001,2024-01-02 08:00:00,222.46,223.38,222.46,8.28,6.23,3.59,0.521,0.295
MTR0001,2024-01-02 08:15:00,221.31,223.75,222.35,8.51,5.73,3.62,0.538,0.233
MTR0001,2024-01-02 08:30:00,220.35,223.66,221.27,8.47,5.95,3.76,0.488,0.266
MTR0001,2024-01-02 08:45:00,219.47,223.93,219.17,8.41,5.79,3.67,0.521,0.298
MTR0001,2024-01-02 09:00:00,219.77,224.98,222.97,8.86,5.93,4.31,0.5,0.313
MTR0001,2024-01-02 09:15:00,222.97,218.86,224.99,9.02,6.41,4.05,0.591,0.244
MTR0001,2024-01-02 09:30:00,220.96,221.51,220.37,8.87,6.05,3.95,0.548,0.284
MTR0001,2024-01-02 09:45:00,217.93,222.2,223.77,9.03,6.21,3.73,0.533,0.302
MTR0001,2024-01-02 10:00:00,220.96,219.6,220.6,9.31,6.31,4.19,0.624,0.203
MTR0001,2024-01-02 10:15:00,219.93,221.7,222.21,9.28,6.73,4.18,0.591,0.219
MTR0001,2024-01-02 10:30:00,218.7,224.22,219.63,9.16,6.44,4.25,0.626,0.225
MTR0001,2024-01-02 10:45:00,221.16,220.43,224.83,9.07,6.63,4.01,0.588,0.221
MTR0001,2024-01-02 11:00:00,220.87,221.38,222.95,9.81,6.62,4.01,0.601,0.272
MTR0001,2024-01-02 11:15:00,221.42,220.44,219.35,9.19,6.85,4.38,0.628,0.213
MTR0001,2024-01-02 11:30:00,220.23,221.29,220.63,9.33,6.61,4.03,0.53,0.328
MTR0001,2024-01-02 11:45:00,219.87,222.65,223.05,9.5,6.78,4.54,0.613,0.307
MTR0001,2024-01-02 12:00:00,223.31,222.23,220.44,9.55,6.84,4.26,0.554,0.332
MTR0001,2024-01-02 12:15:00,219.43,221.72,223.88,9.51,6.96,4.07,0.589,0.241
MTR0001,2024-01-02 12:30:00,222.62,221.81,224.98,9.61,6.79,4.2,0.583,0.338
MTR0001,2024-01-02 12:45:00,219.19,220.27,220.44,9.52,6.77,4.36,0.555,0.3
MTR0001,2024-01-02 13:00:00,221.38,225.34,221.49,9.61,6.72,4.2,0.597,0.306
MTR0001,2024-01-02 13:15:00,220.04,221.25,219.72,9.43,6.55,4.41,0.636,0.21
MTR0001,2024-01-02 13:30:00,220.76,222.83,223.59,9.56,6.71,4.02,0.572,0.292
MTR0001,2024-01-02 13:45:00,221.56,221.68,218.8,9.38,6.27,4.26,0.522,0.326
MTR0001,2024-01-02 14:00:00,223.1,223.43,221.18,9.48,6.57,4.07,0.602,0.203
MTR0001,2024-01-02 14:15:00,220.25,220.54,221.95,9.17,6.55,4.01,0.606,0.203
MTR0001,2024-01-02 14:30:00,222.22,219.37,217.67,9.4,6.35,4.09,0.582,0.289
MTR0001,2024-01-02 14:45:00,222.12,222.74,221.46,9.23,6.49,4.12,0.546,0.309
MTR0001,2024-01-02 15:00:00,218.58,221.88,221.48,9.0,6.32,3.82,0.522,0.271
MTR0001,2024-01-02 15:15:00,222.55,220.31,218.05,8.84,6.17,3.62,0.537,0.225
MTR0001,2024-01-02 15:30:00,219.89,224.34,222.52,8.84,6.63,3.87,0.574,0.253
MTR0001,2024-01-02 15:45:00,219.84,221.85,219.71,8.92,6.32,4.22,0.561,0.246
MTR0001,2024-01-02 16:00:00,218.78,220.14,223.3,8.35,5.82,3.84,0.504,0.282
MTR0001,2024-01-02 16:15:00,219.63,222.92,222.41,8.65,5.79,3.69,0.527,0.297
MTR0001,2024-01-02 16:30:00,221.48,224.85,220.53,8.59,5.99,3.8,0.551,0.25
MTR0001,2024-01-02 16:45:00,219.52,222.14,222.34,8.42,5.89,3.57,0.551,0.251
MTR0001,2024-01-02 17:00:00,220.47,221.18,221.96,8.04,5.73,3.44,0.531,0.189
MTR0001,2024-01-02 17:15:00,222.62,221.39,222.83,8.03,5.45,3.6,0.504,0.23
MTR0001,2024-01-02 17:30:00,220.01,222.48,223.36,7.92,5.65,3.78,0.467,0.232
MTR0001,2024-01-02 17:45:00,223.52,222.54,221.99,8.06,5.51,3.6,0.49,0.241
MTR0001,2024-01-02 18:00:00,219.93,222.48,224.0,7.41,5.02,3.34,0.453,0.242
MTR0001,2024-01-02 18:15:00,218.63,219.94,220.82,7.23,5.08,2.96,0.451,0.192
MTR0001,2024-01-02 18:30:00,218.67,218.96,219.21,7.54,5.12,3.65,0.474,0.205
MTR0001,2024-01-02 18:45:00,223.59,224.43,223.95,7.49,5.11,3.39,0.466,0.187
MTR0001,2024-01-02 19:00:00,220.54,220.92,222.54,6.92,4.81,3.24,0.419,0.21
MTR0001,2024-01-02 19:15:00,219.54,221.4,222.22,6.57,4.82,3.1,0.437,0.212
MTR0001,2024-01-02 19:30:00,220.46,220.16,220.94,6.94,5.08,3.25,0.394,0.235
MTR0001,2024-01-02 19:45:00,220.01,222.76,218.66,6.8,4.95,2.99,0.449,0.165
MTR0001,2024-01-02 20:00:00,219.05,217.29,221.46,6.51,4.67,2.71,0.415,0.16
MTR0001,2024-01-02 20:15:00,221.39,220.74,222.03,6.27,4.27,2.65,0.364,0.206
MTR0001,2024-01-02 20:30:00,222.17,220.4,223.74,6.21,4.42,2.67,0.366,0.216
MTR0001,2024-01-02 20:45:00,218.16,220.06,221.87,6.26,4.53,2.79,0.338,0.221
MTR0001,2024-01-02 21:00:00,221.99,219.72,221.94,5.59,4.17,2.57,0.342,0.161
MTR0001,2024-01-02 21:15:00,220.16,220.79,222.45,5.72,4.25,2.98,0.365,0.213
MTR0001,2024-01-02 21:30:00,221.06,221.05,220.26,5.8,3.94,2.14,0.319,0.199
MTR0001,2024-01-02 21:45:00,223.45,220.05,220.43,5.8,4.31,2.58,0.35,0.176
MTR0001,2024-01-02 22:00:00,220.08,220.17,221.68,5.68,3.9,2.38,0.35,0.135
MTR0001,2024-01-02 22:15:00,221.28,221.55,221.41,5.33,3.86,2.55,0.344,0.16
MTR0001,2024-01-02 22:30:00,220.16,223.32,221.67,5.22,3.99,2.32,0.359,0.157
MTR0001,2024-01-02 22:45:00,221.95,221.31,219.67,5.46,4.0,2.52,0.33,0.178
MTR0001,2024-01-02 23:00:00,219.37,222.24,224.59,5.06,3.7,2.53,0.348,0.116
MTR0001,2024-01-02 23:15:00,222.52,223.75,219.72,5.18,3.7,2.28,0.334,0.155
MTR0001,2024-01-02 23:30:00,221.09,221.07,222.01,5.18,3.72,2.52,0.33,0.132
MTR0001,2024-01-02 23:45:00,220.55,223.56,221.36,4.88,3.62,2.47,0.322,0.178
MTR0001,2024-01-03 00:00:00,220.44,221.05,220.91,3.54,2.84,1.59,0.202,0.109
MTR0001,2024-01-03 00:15:00,220.65,223.44,221.56,3.7,2.66,1.52,0.213,0.12
MTR0001,2024-01-03 00:30:00,221.22,221.21,222.38,3.6,2.73,1.43,0.19,0.098
MTR0001,2024-01-03 00:45:00,222.34,219.62,222.59,3.78,2.42,1.76,0.253,0.096
MTR0001,2024-01-03 01:00:00,220.6,220.14,223.16,3.66,2.27,1.76,0.229,0.074
MTR0001,2024-01-03 01:15:00,220.47,222.23,220.85,3.79,2.63,1.68,0.222,0.1
MTR0001,2024-01-03 01:30:00,220.0,222.81,222.05,3.95,2.57,1.58,0.183,0.134
MTR0001,2024-01-03 01:45:00,218.39,222.77,223.08,3.55,2.66,1.77,0.23,0.105
MTR0001,2024-01-03 02:00:00,220.91,223.34,220.11,3.71,2.75,1.71,0.258,0.104
MTR0001,2024-01-03 02:15:00,218.08,220.57,223.71,3.62,2.73,1.67,0.261,0.121
MTR0001,2024-01-03 02:30:00,223.26,222.71,221.61,3.43,2.56,1.51,0.225,0.106
MTR0001,2024-01-03 02:45:00,223.02,222.52,224.94,3.69,2.58,1.61,0.213,0.118
MTR0001,2024-01-03 03:00:00,220.16,220.56,219.39,3.66,2.37,1.75,0.211,0.122
MTR0001,2024-01-03 03:15:00,222.43,220.73,222.22,4.08,2.66,1.61,0.242,0.118
MTR0001,2024-01-03 03:30:00,220.32,220.41,223.11,3.68,2.89,1.63,0.24,0.079
MTR0001,2024-01-03 03:45:00,218.73,218.81,222.75,3.65,2.72,1.86,0.221,0.124
MTR0001,2024-01-03 04:00:00,223.22,222.95,221.1,3.54,2.28,1.53,0.234,0.117
MTR0001,2024-01-03 04:15:00,221.57,221.35,223.34,3.85,2.78,1.37,0.232,0.136
MTR0001,2024-01-03 04:30:00,222.23,222.03,220.58,3.73,2.43,1.65,0.179,0.128
MTR0001,2024-01-03 04:45:00,224.82,220.87,218.56,3.78,2.73,1.83,0.236,0.104
MTR0001,2024-01-03 05:00:00,219.01,222.98,223.0,3.57,2.81,1.6,0.202,0.089
MTR0001,2024-01-03 05:15:00,218.05,223.36,223.88,3.79,2.45,1.86,0.203,0.128
MTR0001,2024-01-03 05:30:00,220.34,222.77,223.47,3.88,2.52,1.6,0.251,0.111
MTR0001,2024-01-03 05:45:00,218.36,223.51,224.34,3.61,2.59,1.46,0.22,0.128
MTR0001,2024-01-03 06:00:00,220.15,221.44,221.37,7.29,5.16,3.51,0.446,0.244
MTR0001,2024-01-03 06:15:00,221.16,222.96,219.19,7.13,5.28,2.96,0.459,0.257
MTR0001,2024-01-03 06:30:00,221.76,222.35,218.8,7.27,5.08,3.18,0.399,0.252
MTR0001,2024-01-03 06:45:00,220.89,222.34,222.94,7.08,5.17,3.1,0.399,0.2
MTR0001,2024-01-03 07:00:00,222.45,224.54,219.66,8.0,5.53,3.51,0.46,0.242
MTR0001,2024-01-03 07:15:00,221.2,224.25,220.96,7.96,5.5,3.65,0.522,0.191
MTR0001,2024-01-03 07:30:00,222.49,221.52,218.84,8.11,5.47,3.43,0.507,0.192
MTR0001,2024-01-03 07:45:00,224.87,221.2,223.29,7.87,5.67,3.75,0.522,0.18
MTR0001,2024-01-03 08:00:00,220.51,223.3,222.39,8.01,6.08,3.79,0.527,0.299
MTR0001,2024-01-03 08:15:00,222.23,223.25,220.89,8.34,6.15,3.68,0.531,0.282
MTR0001,2024-01-03 08:30:00,221.89,222.37,220.54,8.52,6.1,3.87,0.553,0.24
MTR0001,2024-01-03 08:45:00,219.65,221.92,220.27,8.45,5.73,3.52,0.467,0.289
MTR0001,2024-01-03 09:00:00,217.96,221.92,221.5,8.79,6.4,4.1,0.522,0.315
MTR0001,2024-01-03 09:15:00,219.3,220.45,222.81,8.81,6.28,4.07,0.569,0.197
MTR0001,2024-01-03 09:30:00,221.75,219.74,221.59,8.95,6.51,3.77,0.529,0.316
MTR0001,2024-01-03 09:45:00,224.08,219.66,220.53,8.94,6.14,4.08,0.574,0.24
MTR0001,2024-01-03 10:00:00,222.39,225.74,222.09,9.18,6.55,3.85,0.561,0.297
MTR0001,2024-01-03 10:15:00,219.86,221.62,222.93,9.1,6.42,4.29,0.518,0.319
MTR0001,2024-01-03 10:30:00,220.09,222.91,221.89,9.29,6.68,4.1,0.569,0.305
MTR0001,2024-01-03 10:45:00,223.15,219.61,222.28,9.14,6.58,4.13,0.59,0.241
MTR0001,2024-01-03 11:00:00,219.87,221.13,222.42,9.66,6.69,4.15,0.562,0.213
MTR0001,2024-01-03 11:15:00,218.64,221.29,219.39,9.27,6.89,4.17,0.615,0.223
MTR0001,2024-01-03 11:30:00,222.36,221.49,222.51,9.32,6.47,4.34,0.583,0.329
MTR0001,2024-01-03 11:45:00,222.41,219.55,223.82,9.37,6.74,4.2,0.56,0.31
MTR0001,2024-01-03 12:00:00,220.86,220.1,222.61,9.48,6.73,4.1,0.599,0.271
MTR0001,2024-01-03 12:15:00,220.68,221.62,222.31,9.55,7.06,4.28,0.603,0.319
MTR0001,2024-01-03 12:30:00,221.46,221.63,222.51,9.64,6.71,4.16,0.579,0.341
MTR0001,2024-01-03 12:45:00,217.56,221.98,222.98,9.35,6.86,4.35,0.555,0.287
MTR0001,2024-01-03 13:00:00,220.65,219.14,221.24,9.73,6.71,4.25,0.619,0.21
MTR0001,2024-01-03 13:15:00,219.81,220.7,222.01,9.33,6.77,4.43,0.576,0.334
MTR0001,2024-01-03 13:30:00,223.17,220.08,220.28,9.29,6.67,4.29,0.586,0.289
MTR0001,2024-01-03 13:45:00,219.17,221.37,221.56,9.57,6.71,3.97,0.588,0.254
MTR0001,2024-01-03 14:00:00,220.53,223.66,218.18,9.49,6.34,4.08,0.551,0.331
MTR0001,2024-01-03 14:15:00,220.87,222.1,220.86,9.02,6.44,4.14,0.58,0.257
MTR0001,2024-01-03 14:30:00,219.84,222.33,224.21,9.23,6.66,3.93,0.587,0.248
MTR0001,2024-01-03 14:45:00,220.79,223.94,222.43,9.23,6.65,3.93,0.572,0.309
MTR0001,2024-01-03 15:00:00,220.09,222.0,220.84,8.9,6.62,3.93,0.519,0.307
MTR0001,2024-01-03 15:15:00,218.78,219.2,221.87,8.93,6.32,4.05,0.529,0.288
MTR0001,2024-01-03 15:30:00,217.84,222.94,219.68,9.02,6.31,3.82,0.535,0.297
MTR0001,2024-01-03 15:45:00,218.49,224.58,222.32,9.3,6.18,4.11,0.552,0.296
MTR0001,2024-01-03 16:00:00,220.61,223.87,219.32,8.45,5.79,3.82,0.502,0.273
MTR0001,2024-01-03 16:15:00,220.82,222.66,223.4,8.4,5.91,3.9,0.551,0.236
MTR0001,2024-01-03 16:30:00,218.13,222.08,220.74,8.44,6.03,3.69,0.505,0.291
MTR0001,2024-01-03 16:45:00,219.7,220.07,219.96,8.34,6.16,3.88,0.511,0.204
MTR0001,2024-01-03 17:00:00,222.59,220.13,220.8,7.99,5.72,3.49,0.54,0.192
MTR0001,2024-01-03 17:15:00,219.9,221.94,224.2,7.98,5.68,3.44,0.511,0.222
MTR0001,2024-01-03 17:30:00,222.38,220.1,220.92,7.96,5.9,3.99,0.527,0.268
MTR0001,2024-01-03 17:45:00,222.02,221.49,223.13,8.06,5.54,3.63,0.503,0.197
MTR0001,2024-01-03 18:00:00,221.46,222.77,222.19,7.6,5.2,3.37,0.47,0.236
MTR0001,2024-01-03 18:15:00,219.73,223.77,221.41,7.42,5.32,3.12,0.483,0.184
MTR0001,2024-01-03 18:30:00,220.81,220.61,222.55,7.41,5.27,3.19,0.439,0.214
MTR0001,2024-01-03 18:45:00,219.12,220.08,222.06,7.47,5.1,3.39,0.488,0.209
MTR0001,2024-01-03 19:00:00,220.25,221.82,218.84,6.84,4.64,2.81,0.439,0.182
MTR0001,2024-01-03 19:15:00,219.77,221.37,220.44,6.92,5.07,2.92,0.416,0.22
MTR0001,2024-01-03 19:30:00,221.04,222.35,223.18,7.0,4.74,2.82,0.426,0.175
MTR0001,2024-01-03 19:45:00,220.04,219.1,219.51,6.79,5.02,2.92,0.393,0.178
MTR0001,2024-01-03 20:00:00,218.56,220.62,221.37,6.03,4.28,2.63,0.378,0.167
MTR0001,2024-01-03 20:15:00,220.67,221.88,221.8,6.13,4.64,2.97,0.401,0.205
MTR0001,2024-01-03 20:30:00,222.03,223.91,219.82,6.11,4.57,2.82,0.404,0.143
MTR0001,2024-01-03 20:45:00,223.3,222.69,220.2,6.5,4.43,2.74,0.395,0.212
MTR0001,2024-01-03 21:00:00,222.49,221.1,222.35,5.64,4.09,2.55,0.344,0.202
MTR0001,2024-01-03 21:15:00,218.39,220.94,224.02,5.72,4.1,2.56,0.334,0.166
MTR0001,2024-01-03 21:30:00,220.05,222.0,221.94,5.76,3.98,2.47,0.376,0.186
MTR0001,2024-01-03 21:45:00,223.22,223.1,222.11,5.86,3.89,2.61,0.38,0.168
MTR0001,2024-01-03 22:00:00,219.66,221.66,222.52,5.41,4.01,2.78,0.358,0.186
MTR0001,2024-01-03 22:15:00,222.46,222.56,224.71,5.33,3.97,2.27,0.373,0.164
MTR0001,2024-01-03 22:30:00,219.98,222.89,220.92,5.43,3.85,2.13,0.328,0.189
MTR0001,2024-01-03 22:45:00,221.18,221.04,224.12,5.29,3.74,2.35,0.332,0.184
MTR0001,2024-01-03 23:00:00,221.66,223.05,221.0,5.13,3.53,2.2,0.271,0.153
MTR0001,2024-01-03 23:15:00,222.37,220.9,220.5,5.37,3.52,2.12,0.312,0.149
MTR0001,2024-01-03 23:30:00,221.06,226.08,222.05,5.17,3.83,2.39,0.336,0.137
MTR0001,2024-01-03 23:45:00,219.15,222.14,220.02,5.3,3.54,2.43,0.329,0.187
MTR0001,2024-01-04 00:00:00,218.93,221.68,220.44,3.49,2.57,1.59,0.191,0.108
MTR0001,2024-01-04 00:15:00,220.58,220.71,220.39,3.57,2.62,1.7,0.196,0.097
MTR0001,2024-01-04 00:30:00,223.61,222.18,220.2,3.76,2.2,1.64,0.239,0.096
MTR0001,2024-01-04 00:45:00,221.18,220.22,221.0,3.56,2.67,1.51,0.232,0.12
MTR0001,2024-01-04 01:00:00,220.86,219.43,221.05,3.67,2.99,1.47,0.214,0.11
MTR0001,2024-01-04 01:15:00,222.67,221.8,222.04,3.73,2.29,1.61,0.201,0.089
MTR0001,2024-01-04 01:30:00,219.6,221.5,223.36,3.61,2.59,1.64,0.209,0.134
MTR0001,2024-01-04 01:45:00,221.54,221.67,221.79,3.59,2.57,1.54,0.192,0.093
MTR0001,2024-01-04 02:00:00,219.85,219.82,220.56,3.65,2.51,1.3,0.244,0.096
MTR0001,2024-01-04 02:15:00,220.49,224.77,221.9,3.9,2.81,1.7,0.251,0.109
MTR0001,2024-01-04 02:30:00,221.41,220.31,223.61,3.78,2.53,1.56,0.244,0.088
MTR0001,2024-01-04 02:45:00,221.61,223.76,222.68,3.72,2.88,1.8,0.27,0.134
MTR0001,2024-01-04 03:00:00,219.53,220.62,219.87,3.56,2.54,1.42,0.197,0.081
MTR0001,2024-01-04 03:15:00,221.13,220.88,223.23,3.61,2.77,1.72,0.206,0.129
MTR0001,2024-01-04 03:30:00,221.06,222.43,219.74,3.54,2.69,1.49,0.184,0.124
MTR0001,2024-01-04 03:45:00,222.37,222.41,222.57,3.79,2.46,1.85,0.239,0.109
MTR0001,2024-01-04 04:00:00,220.94,221.2,222.52,3.63,2.55,1.74,0.229,0.09
MTR0001,2024-01-04 04:15:00,219.74,221.79,223.24,3.55,2.66,1.68,0.219,0.078
MTR0001,2024-01-04 04:30:00,220.74,221.4,222.0,3.89,2.76,1.44,0.252,0.129
MTR0001,2024-01-04 04:45:00,222.41,224.63,222.95,3.72,2.85,1.9,0.252,0.094
MTR0001,2024-01-04 05:00:00,219.57,223.9,222.25,3.47,2.66,1.32,0.23,0.12
MTR0001,2024-01-04 05:15:00,221.84,224.0,221.4,3.58,2.78,1.81,0.272,0.121
MTR0001,2024-01-04 05:30:00,222.32,223.61,220.39,3.6,2.78,1.89,0.222,0.141
MTR0001,2024-01-04 05:45:00,222.23,222.31,222.28,3.87,2.73,1.71,0.249,0.101
MTR0001,2024-01-04 06:00:00,217.01,221.16,221.86,7.18,5.26,3.24,0.417,0.214
MTR0001,2024-01-04 06:15:00,219.59,221.38,222.9,7.39,5.25,3.39,0.459,0.247
MTR0001,2024-01-04 06:30:00,222.14,220.65,221.88,7.47,5.19,3.34,0.475,0.179
MTR0001,2024-01-04 06:45:00,221.31,222.06,220.5,7.32,5.1,3.16,0.437,0.219
MTR0001,2024-01-04 07:00:00,220.42,221.24,221.41,7.99,5.73,3.43,0.463,0.253
MTR0001,2024-01-04 07:15:00,220.23,220.73,223.55,7.75,5.55,3.57,0.476,0.248
MTR0001,2024-01-04 07:30:00,221.66,218.92,220.96,7.97,5.63,3.93,0.454,0.284
MTR0001,2024-01-04 07:45:00,219.53,221.56,218.67,7.86,5.43,3.18,0.519,0.206
MTR0001,2024-01-04 08:00:00,221.52,222.15,222.09,8.16,5.94,3.89,0.535,0.284
MTR0001,2024-01-04 08:15:00,215.81,219.4,220.86,8.61,5.94,3.92,0.546,0.272
MTR0001,2024-01-04 08:30:00,220.43,221.15,224.36,8.7,6.31,3.74,0.482,0.297
MTR0001,2024-01-04 08:45:00,219.46,222.2,219.56,8.5,5.84,3.65,0.486,0.288
MTR0001,2024-01-04 09:00:00,219.14,221.93,223.33,8.83,6.2,3.93,0.557,0.259
MTR0001,2024-01-04 09:15:00,221.58,220.13,220.48,8.81,6.25,4.04,0.544,0.299
MTR0001,2024-01-04 09:30:00,219.84,222.29,218.37,8.82,6.3,3.83,0.554,0.198
MTR0001,2024-01-04 09:45:00,220.7,222.93,223.89,8.88,6.3,3.78,0.533,0.281
MTR0001,2024-01-04 10:00:00,220.22,222.17,221.71,8.94,6.67,4.15,0.556,0.274
MTR0001,2024-01-04 10:15:00,220.88,220.83,223.3,9.23,6.32,4.07,0.525,0.327
MTR0001,2024-01-04 10:30:00,218.52,222.73,220.88,9.09,6.48,4.31,0.592,0.238
MTR0001,2024-01-04 10:45:00,221.93,219.92,222.61,9.28,6.46,4.09,0.542,0.338
MTR0001,2024-01-04 11:00:00,219.72,222.72,221.21,9.47,6.72,4.26,0.63,0.209
MTR0001,2024-01-04 11:15:00,219.04,223.32,222.0,9.56,6.56,4.07,0.628,0.216
MTR0001,2024-01-04 11:30:00,219.89,221.26,219.04,9.42,6.86,4.15,0.603,0.209
MTR0001,2024-01-04 11:45:00,219.16,222.05,221.42,9.55,6.46,4.22,0.603,0.289
MTR0001,2024-01-04 12:00:00,221.5,223.88,220.08,9.82,6.9,4.22,0.624,0.232
MTR0001,2024-01-04 12:15:00,219.14,222.99,220.75,9.48,6.63,3.97,0.605,0.228
MTR0001,2024-01-04 12:30:00,218.07,222.01,218.63,9.54,6.55,4.55,0.569,0.322
MTR0001,2024-01-04 12:45:00,220.38,222.67,222.78,9.74,7.05,4.37,0.604,0.227
MTR0001,2024-01-04 13:00:00,220.62,221.74,219.8,9.84,6.93,4.31,0.582,0.361
MTR0001,2024-01-04 13:15:00,218.18,222.47,221.4,9.55,6.64,4.2,0.547,0.346
MTR0001,2024-01-04 13:30:00,221.63,219.6,222.23,9.25,6.87,4.15,0.56,0.233
MTR0001,2024-01-04 13:45:00,222.53,220.82,219.88,9.38,6.7,4.09,0.569,0.286
MTR0001,2024-01-04 14:00:00,222.6,220.91,220.88,9.43,6.27,4.06,0.603,0.22
MTR0001,2024-01-04 14:15:00,220.76,220.83,219.78,9.21,6.58,4.13,0.567,0.269
MTR0001,2024-01-04 14:30:00,219.36,221.29,222.42,9.28,6.46,4.15,0.518,0.301
MTR0001,2024-01-04 14:45:00,221.4,222.24,219.16,9.47,6.48,4.08,0.6,0.292
MTR0001,2024-01-04 15:00:00,219.97,221.91,219.7,8.85,6.35,3.91,0.496,0.315
MTR0001,2024-01-04 15:15:00,221.03,223.13,221.52,8.67,6.36,3.93,0.577,0.205
MTR0001,2024-01-04 15:30:00,218.9,224.15,221.8,9.15,6.19,4.24,0.572,0.242
MTR0001,2024-01-04 15:45:00,221.03,223.48,221.15,9.08,6.41,3.93,0.543,0.307
MTR0001,2024-01-04 16:00:00,217.87,221.82,218.77,8.57,5.97,3.82,0.563,0.218
MTR0001,2024-01-04 16:15:00,222.82,220.89,221.61,8.4,6.17,3.92,0.485,0.303
MTR0001,2024-01-04 16:30:00,221.48,218.8,219.76,8.41,5.93,3.58,0.51,0.214
MTR0001,2024-01-04 16:45:00,219.1,222.12,220.94,8.38,5.89,3.74,0.452,0.305
MTR0001,2024-01-04 17:00:00,220.91,220.98,221.37,7.92,5.34,3.75,0.479,0.175
MTR0001,2024-01-04 17:15:00,219.27,223.0,221.14,8.04,5.51,3.53,0.495,0.248
MTR0001,2024-01-04 17:30:00,219.74,220.53,221.33,7.79,5.73,3.47,0.478,0.274
MTR0001,2024-01-04 17:45:00,220.78,220.61,218.6,7.82,5.7,3.17,0.486,0.266
MTR0001,2024-01-04 18:00:00,219.89,222.28,220.81,7.25,5.03,3.01,0.479,0.189
MTR0001,2024-01-04 18:15:00,221.59,219.89,222.29,7.3,5.15,3.36,0.412,0.244
MTR0001,2024-01-04 18:30:00,222.26,222.37,222.97,7.43,5.03,3.22,0.493,0.187
MTR0001,2024-01-04 18:45:00,220.23,221.29,222.41,7.52,5.36,3.3,0.5,0.243
MTR0001,2024-01-04 19:00:00,218.5,218.78,222.57,6.5,4.74,3.08,0.447,0.153
MTR0001,2024-01-04 19:15:00,223.0,222.04,222.5,6.67,4.88,2.96,0.419,0.24
MTR0001,2024-01-04 19:30:00,222.58,219.83,224.0,7.01,4.91,3.28,0.453,0.216
MTR0001,2024-01-04 19:45:00,221.89,220.04,222.43,6.58,4.68,3.12,0.399,0.233
MTR0001,2024-01-04 20:00:00,219.53,223.47,222.67,6.24,4.36,2.48,0.353,0.218
MTR0001,2024-01-04 20:15:00,220.91,221.19,223.66,5.92,4.34,2.65,0.382,0.17
MTR0001,2024-01-04 20:30:00,220.82,225.9,219.0,6.41,4.39,2.9,0.359,0.226
MTR0001,2024-01-04 20:45:00,223.65,221.97,221.67,6.27,4.6,2.95,0.402,0.142
MTR0001,2024-01-04 21:00:00,222.58,223.75,221.14,5.8,3.96,2.75,0.329,0.164
MTR0001,2024-01-04 21:15:00,219.66,222.03,223.8,5.69,4.04,2.62,0.318,0.215
MTR0001,2024-01-04 21:30:00,222.56,221.8,221.62,5.87,3.97,2.58,0.389,0.161
MTR0001,2024-01-04 21:45:00,218.72,220.71,221.08,5.7,4.09,2.62,0.382,0.171
MTR0001,2024-01-04 22:00:00,218.99,219.99,224.01,5.3,3.68,2.59,0.3,0.188
MTR0001,2024-01-04 22:15:00,223.4,222.65,223.05,5.56,3.85,2.58,0.333,0.151
MTR0001,2024-01-04 22:30:00,223.93,220.08,220.96,5.5,3.84,2.27,0.321,0.156
MTR0001,2024-01-04 22:45:00,222.57,225.02,222.49,5.25,4.14,2.42,0.352,0.176
MTR0001,2024-01-04 23:00:00,223.18,222.46,223.6,5.02,3.49,2.3,0.28,0.14
MTR0001,2024-01-04 23:15:00,220.24,221.37,222.65,5.37,3.88,2.15,0.318,0.174
MTR0001,2024-01-04 23:30:00,221.82,221.39,220.72,5.17,3.76,2.33,0.316,0.163
MTR0001,2024-01-04 23:45:00,218.92,221.63,218.4,5.12,3.55,2.29,0.29,0.113
MTR0001,2024-01-05 00:00:00,219.74,224.53,220.71,3.7,2.66,1.65,0.271,0.126
MTR0001,2024-01-05 00:15:00,218.1,223.84,220.25,3.62,2.43,1.58,0.268,0.099
MTR0001,2024-01-05 00:30:00,221.12,223.14,223.16,3.59,2.48,1.65,0.221,0.109
MTR0001,2024-01-05 00:45:00,219.64,220.94,221.17,3.5,2.49,1.66,0.24,0.088
MTR0001,2024-01-05 01:00:00,224.21,220.99,222.24,3.76,2.63,1.62,0.233,0.126
MTR0001,2024-01-05 01:15:00,220.65,220.86,225.45,3.75,2.63,1.71,0.22,0.112
MTR0001,2024-01-05 01:30:00,223.79,220.35,220.67,3.65,2.73,1.67,0.223,0.111
MTR0001,2024-01-05 01:45:00,221.29,223.41,223.21,3.59,2.79,1.67,0.246,0.112
MTR0001,2024-01-05 02:00:00,221.58,221.45,224.91,3.81,2.69,1.44,0.259,0.11
MTR0001,2024-01-05 02:15:00,218.48,221.8,220.61,3.71,2.42,1.6,0.204,0.116
MTR0001,2024-01-05 02:30:00,220.61,220.76,217.11,3.98,2.76,1.58,0.213,0.133
MTR0001,2024-01-05 02:45:00,220.99,220.5,223.02,3.7,2.68,1.65,0.223,0.127
MTR0001,2024-01-05 03:00:00,220.18,221.8,220.82,3.64,2.59,1.62,0.183,0.127
MTR0001,2024-01-05 03:15:00,221.28,221.8,221.0,3.52,2.48,1.65,0.231,0.136
MTR0001,2024-01-05 03:30:00,220.35,217.7,220.96,3.67,2.45,1.56,0.211,0.127
MTR0001,2024-01-05 03:45:00,219.43,223.3,219.41,3.59,2.69,1.79,0.249,0.109
MTR0001,2024-01-05 04:00:00,220.53,221.06,223.27,3.58,2.61,1.64,0.188,0.114
MTR0001,2024-01-05 04:15:00,219.9,223.22,220.67,3.91,2.78,1.68,0.233,0.1
MTR0001,2024-01-05 04:30:00,222.72,218.27,222.25,3.3,2.46,1.88,0.238,0.117
MTR0001,2024-01-05 04:45:00,216.86,220.82,223.21,3.42,2.42,1.67,0.256,0.113
MTR0001,2024-01-05 05:00:00,221.82,220.38,221.43,3.65,2.65,1.85,0.24,0.134
MTR0001,2024-01-05 05:15:00,221.79,222.84,221.11,4.04,2.54,1.54,0.239,0.13
MTR0001,2024-01-05 05:30:00,218.04,221.55,222.46,3.69,2.58,1.44,0.228,0.136
MTR0001,2024-01-05 05:45:00,221.67,217.83,221.44,3.68,2.74,1.66,0.228,0.113
MTR0001,2024-01-05 06:00:00,221.28,221.89,219.59,7.39,5.08,3.17,0.447,0.233
MTR0001,2024-01-05 06:15:00,218.47,224.39,220.41,7.38,4.98,3.28,0.463,0.237
MTR0001,2024-01-05 06:30:00,222.4,222.51,224.96,7.13,5.39,3.44,0.498,0.169
MTR0001,2024-01-05 06:45:00,220.39,222.28,220.79,7.3,5.2,3.44,0.482,0.198
MTR0001,2024-01-05 07:00:00,219.63,223.22,219.48,7.86,5.61,3.54,0.531,0.176
MTR0001,2024-01-05 07:15:00,221.94,223.18,221.36,7.98,5.66,3.4,0.477,0.212
MTR0001,2024-01-05 07:30:00,217.83,221.67,224.35,7.78,5.48,3.64,0.464,0.242
MTR0001,2024-01-05 07:45:00,220.96,221.71,223.51,7.82,5.38,3.35,0.434,0.274
MTR0001,2024-01-05 08:00:00,219.58,219.93,221.89,8.48,6.1,3.7,0.533,0.207
MTR0001,2024-01-05 08:15:00,221.3,221.81,219.8,8.64,6.31,3.76,0.531,0.255
MTR0001,2024-01-05 08:30:00,221.36,222.07,223.29,8.26,6.09,3.85,0.568,0.19
MTR0001,2024-01-05 08:45:00,221.4,220.52,222.77,8.63,6.06,3.71,0.511,0.292
MTR0001,2024-01-05 09:00:00,222.59,221.47,219.82,8.85,6.33,4.15,0.538,0.315
MTR0001,2024-01-05 09:15:00,219.51,225.04,222.07,8.97,6.21,4.01,0.599,0.225
MTR0001,2024-01-05 09:30:00,222.11,221.13,220.64,8.96,6.44,3.93,0.529,0.321
MTR0001,2024-01-05 09:45:00,218.72,222.79,222.99,8.8,6.15,3.92,0.522,0.317
MTR0001,2024-01-05 10:00:00,218.65,219.63,221.92,8.94,6.7,4.1,0.542,0.273
MTR0001,2024-01-05 10:15:00,221.12,220.76,219.17,9.52,6.76,4.06,0.573,0.325
MTR0001,2024-01-05 10:30:00,219.0,218.13,222.79,9.14,6.25,4.14,0.564,0.258
MTR0001,2024-01-05 10:45:00,220.46,222.53,219.39,9.2,6.62,4.22,0.56,0.319
MTR0001,2024-01-05 11:00:00,219.31,221.33,218.23,9.51,6.92,4.0,0.595,0.249
MTR0001,2024-01-05 11:15:00,219.94,223.24,224.36,9.39,6.88,4.22,0.622,0.23
MTR0001,2024-01-05 11:30:00,221.28,221.58,220.28,9.6,6.74,4.22,0.62,0.229
MTR0001,2024-01-05 11:45:00,218.67,220.82,220.71,9.63,6.55,4.1,0.527,0.316
MTR0001,2024-01-05 12:00:00,218.05,219.76,218.39,9.54,6.74,4.2,0.55,0.305
MTR0001,2024-01-05 12:15:00,220.22,222.03,220.16,9.6,6.83,4.18,0.606,0.278
MTR0001,2024-01-05 12:30:00,221.19,221.24,221.51,9.51,6.74,4.28,0.559,0.306
MTR0001,2024-01-05 12:45:00,222.2,218.25,222.23,9.42,6.68,4.12,0.594,0.285
MTR0001,2024-01-05 13:00:00,219.31,222.23,220.22,9.49,6.52,3.95,0.54,0.333
MTR0001,2024-01-05 13:15:00,221.64,221.4,222.11,9.4,6.9,4.13,0.555,0.308
MTR0001,2024-01-05 13:30:00,222.57,222.32,221.2,9.4,6.86,4.0,0.581,0.296
MTR0001,2024-01-05 13:45:00,220.14,223.37,221.08,9.43,6.59,4.06,0.619,0.264
MTR0001,2024-01-05 14:00:00,222.44,220.91,221.28,9.04,6.47,4.19,0.536,0.325
MTR0001,2024-01-05 14:15:00,219.14,223.32,221.71,9.17,6.46,3.91,0.527,0.317
MTR0001,2024-01-05 14:30:00,220.79,221.28,220.94,9.15,6.6,4.37,0.633,0.234
MTR0001,2024-01-05 14:45:00,220.09,220.96,221.13,9.35,6.75,4.02,0.586,0.301
MTR0001,2024-01-05 15:00:00,218.5,221.31,221.95,8.94,6.03,3.83,0.555,0.179
MTR0001,2024-01-05 15:15:00,221.85,221.22,223.77,8.97,6.22,4.12,0.546,0.283
MTR0001,2024-01-05 15:30:00,222.89,222.67,222.14,8.97,6.22,3.94,0.536,0.29
MTR0001,2024-01-05 15:45:00,219.69,223.54,219.8,8.98,6.35,4.21,0.563,0.303
MTR0001,2024-01-05 16:00:00,218.55,221.46,221.37,8.53,6.12,3.75,0.508,0.257
MTR0001,2024-01-05 16:15:00,219.25,221.38,222.63,8.27,6.01,3.94,0.517,0.299
MTR0001,2024-01-05 16:30:00,222.13,222.74,221.59,8.51,6.17,3.56,0.521,0.299
MTR0001,2024-01-05 16:45:00,218.33,223.86,223.25,8.44,6.11,3.71,0.513,0.302
MTR0001,2024-01-05 17:00:00,220.38,219.68,222.27,7.8,5.93,3.61,0.493,0.263
MTR0001,2024-01-05 17:15:00,221.42,222.92,222.38,7.91,5.65,3.55,0.483,0.238
MTR0001,2024-01-05 17:30:00,221.27,218.77,224.52,8.11,5.54,3.36,0.498,0.224
MTR0001,2024-01-05 17:45:00,218.89,222.17,223.17,8.15,5.57,3.9,0.513,0.232
MTR0001,2024-01-05 18:00:00,221.63,220.78,224.39,7.23,4.95,3.2,0.458,0.208
MTR0001,2024-01-05 18:15:00,220.81,222.83,223.27,7.22,5.2,3.19,0.475,0.236
MTR0001,2024-01-05 18:30:00,219.5,221.55,221.53,7.42,4.99,3.36,0.437,0.22
MTR0001,2024-01-05 18:45:00,219.73,220.69,223.86,7.35,5.22,3.17,0.432,0.252
MTR0001,2024-01-05 19:00:00,220.08,222.64,220.72,6.77,5.12,2.8,0.401,0.192
MTR0001,2024-01-05 19:15:00,220.39,220.38,221.83,6.73,4.84,3.17,0.45,0.177
MTR0001,2024-01-05 19:30:00,219.07,217.34,220.29,6.92,4.87,2.98,0.417,0.242
MTR0001,2024-01-05 19:45:00,222.19,224.91,220.34,6.59,4.83,3.19,0.421,0.205
MTR0001,2024-01-05 20:00:00,219.69,221.87,222.19,6.28,4.27,2.81,0.377,0.186
MTR0001,2024-01-05 20:15:00,221.29,222.86,221.88,6.37,4.36,2.66,0.377,0.213
MTR0001,2024-01-05 20:30:00,219.02,223.18,222.36,6.14,4.19,2.76,0.38,0.171
MTR0001,2024-01-05 20:45:00,219.04,221.44,221.06,6.19,4.36,3.0,0.417,0.181
MTR0001,2024-01-05 21:00:00,222.09,221.72,223.21,5.73,3.93,2.79,0.359,0.126
MTR0001,2024-01-05 21:15:00,222.33,222.76,222.47,5.91,4.07,2.48,0.379,0.196
MTR0001,2024-01-05 21:30:00,220.71,221.96,221.06,5.99,4.07,2.61,0.369,0.127
MTR0001,2024-01-05 21:45:00,219.92,223.73,219.87,6.11,3.97,2.69,0.344,0.201
MTR0001,2024-01-05 22:00:00,220.12,220.04,220.59,5.42,3.99,2.45,0.36,0.194
MTR0001,2024-01-05 22:15:00,223.35,220.58,221.7,5.05,3.81,2.44,0.32,0.169
MTR0001,2024-01-05 22:30:00,222.14,221.61,222.43,5.69,3.91,2.47,0.299,0.169
MTR0001,2024-01-05 22:45:00,219.65,221.55,218.2,5.64,3.81,2.47,0.34,0.137
MTR0001,2024-01-05 23:00:00,220.82,222.32,221.1,4.94,3.63,2.44,0.298,0.17
MTR0001,2024-01-05 23:15:00,220.57,223.86,220.6,5.15,3.76,2.3,0.317,0.169
MTR0001,2024-01-05 23:30:00,223.52,221.09,221.92,5.14,3.57,2.23,0.298,0.177
MTR0001,2024-01-05 23:45:00,218.84,224.5,221.26,5.36,3.44,2.72,0.349,0.161
MTR0001,2024-01-06 00:00:00,216.29,222.46,221.87,3.51,2.45,1.49,0.195,0.109
MTR0001,2024-01-06 00:15:00,220.49,219.84,218.94,3.69,2.51,1.6,0.234,0.108
MTR0001,2024-01-06 00:30:00,220.87,222.44,224.28,3.6,2.65,1.36,0.197,0.103
MTR0001,2024-01-06 00:45:00,224.57,221.54,221.87,3.45,2.62,1.92,0.212,0.088
MTR0001,2024-01-06 01:00:00,219.88,222.36,219.16,3.5,2.82,1.58,0.233,0.117
MTR0001,2024-01-06 01:15:00,222.41,220.78,220.36,3.57,2.34,1.64,0.208,0.138
MTR0001,2024-01-06 01:30:00,221.54,221.51,223.11,3.71,2.63,1.47,0.267,0.091
MTR0001,2024-01-06 01:45:00,219.66,221.24,218.11,3.54,2.54,1.72,0.249,0.078
MTR0001,2024-01-06 02:00:00,220.71,222.34,221.94,3.38,2.43,1.77,0.193,0.087
MTR0001,2024-01-06 02:15:00,220.65,218.61,219.99,3.59,2.4,1.32,0.234,0.102
MTR0001,2024-01-06 02:30:00,219.63,221.9,220.81,3.7,2.83,1.73,0.226,0.135
MTR0001,2024-01-06 02:45:00,220.14,221.09,220.65,3.51,2.72,1.96,0.205,0.128
MTR0001,2024-01-06 03:00:00,220.16,219.55,220.04,3.78,2.4,1.4,0.205,0.072
MTR0001,2024-01-06 03:15:00,223.1,221.65,221.65,3.69,2.81,1.48,0.229,0.119
MTR0001,2024-01-06 03:30:00,220.77,221.44,223.33,3.51,2.49,1.79,0.223,0.082
MTR0001,2024-01-06 03:45:00,222.2,223.24,223.13,3.92,2.66,1.87,0.197,0.129
MTR0001,2024-01-06 04:00:00,222.21,221.89,224.42,3.83,2.5,1.64,0.185,0.124
MTR0001,2024-01-06 04:15:00,220.83,219.58,219.77,3.55,2.44,1.62,0.236,0.084
MTR0001,2024-01-06 04:30:00,221.14,221.11,222.39,3.78,2.65,1.51,0.274,0.096
MTR0001,2024-01-06 04:45:00,223.38,217.86,221.65,3.63,2.58,1.51,0.195,0.118
MTR0001,2024-01-06 05:00:00,222.29,222.57,217.94,3.98,2.64,1.52,0.252,0.096
MTR0001,2024-01-06 05:15:00,220.19,220.67,222.36,3.65,2.77,1.69,0.245,0.098
MTR0001,2024-01-06 05:30:00,222.06,219.56,220.15,3.53,2.76,1.78,0.266,0.099
MTR0001,2024-01-06 05:45:00,221.33,220.29,220.69,3.66,2.76,1.57,0.221,0.099
MTR0001,2024-01-06 06:00:00,219.21,217.85,221.8,7.44,5.24,2.98,0.424,0.257
MTR0001,2024-01-06 06:15:00,217.51,221.1,223.19,7.54,5.05,3.41,0.456,0.236
MTR0001,2024-01-06 06:30:00,220.95,220.88,218.83,7.02,5.23,3.19,0.448,0.17
MTR0001,2024-01-06 06:45:00,221.27,219.23,221.18,7.53,5.29,2.97,0.441,0.265
MTR0001,2024-01-06 07:00:00,220.06,220.85,223.22,7.97,5.79,3.57,0.511,0.252
MTR0001,2024-01-06 07:15:00,221.92,223.7,223.84,8.0,5.45,3.62,0.504,0.258
MTR0001,2024-01-06 07:30:00,220.96,222.18,221.98,8.11,5.8,3.61,0.529,0.222
MTR0001,2024-01-06 07:45:00,222.15,219.55,221.8,7.91,5.62,3.45,0.453,0.273
MTR0001,2024-01-06 08:00:00,220.75,219.21,222.13,8.37,6.11,3.76,0.478,0.295
MTR0001,2024-01-06 08:15:00,221.51,220.28,223.7,8.53,5.9,3.48,0.492,0.254
MTR0001,2024-01-06 08:30:00,218.42,222.22,221.18,8.51,6.08,3.8,0.507,0.294
MTR0001,2024-01-06 08:45:00,221.03,222.17,220.11,8.36,5.89,3.72,0.492,0.284
MTR0001,2024-01-06 09:00:00,220.17,222.12,222.02,8.77,6.23,4.12,0.599,0.248
MTR0001,2024-01-06 09:15:00,222.35,223.8,222.96,8.89,6.49,4.0,0.602,0.192
MTR0001,2024-01-06 09:30:00,221.91,220.64,221.83,8.86,6.27,4.08,0.526,0.241
MTR0001,2024-01-06 09:45:00,222.4,220.44,221.7,8.89,6.17,4.09,0.533,0.315
MTR0001,2024-01-06 10:00:00,222.89,222.86,222.81,9.11,6.54,4.07,0.585,0.258
MTR0001,2024-01-06 10:15:00,221.85,219.78,223.94,9.02,6.51,4.18,0.605,0.223
MTR0001,2024-01-06 10:30:00,222.98,221.62,220.61,9.21,6.67,4.03,0.561,0.29
MTR0001,2024-01-06 10:45:00,220.84,221.76,219.72,9.21,6.5,4.09,0.544,0.322
MTR0001,2024-01-06 11:00:00,220.79,222.78,221.22,9.66,6.86,4.36,0.606,0.325
MTR0001,2024-01-06 11:15:00,220.5,220.68,221.71,9.48,6.91,4.2,0.595,0.302
MTR0001,2024-01-06 11:30:00,220.48,223.01,223.95,9.68,6.54,4.18,0.548,0.332
MTR0001,2024-01-06 11:45:00,219.49,223.32,219.62,9.48,6.67,4.37,0.607,0.245
MTR0001,2024-01-06 12:00:00,222.52,217.34,221.48,9.54,6.69,4.51,0.623,0.251
MTR0001,2024-01-06 12:15:00,218.77,222.22,222.46,9.36,6.71,4.43,0.581,0.32
MTR0001,2024-01-06 12:30:00,219.78,217.23,222.28,9.37,6.46,3.83,0.6,0.261
MTR0001,2024-01-06 12:45:00,220.45,225.56,221.26,9.35,6.8,4.23,0.579,0.309
MTR0001,2024-01-06 13:00:00,221.86,224.83,221.03,9.34,6.74,4.1,0.566,0.293
MTR0001,2024-01-06 13:15:00,220.31,219.86,221.8,9.54,6.79,3.82,0.564,0.321
MTR0001,2024-01-06 13:30:00,221.52,220.02,222.73,9.34,6.81,4.38,0.575,0.266
MTR0001,2024-01-06 13:45:00,222.15,223.3,220.49,9.37,6.61,3.98,0.557,0.313
MTR0001,2024-01-06 14:00:00,222.23,222.39,221.21,9.23,6.63,4.31,0.522,0.34
MTR0001,2024-01-06 14:15:00,222.73,220.66,220.9,9.45,6.53,4.21,0.617,0.241
MTR0001,2024-01-06 14:30:00,219.89,222.49,222.11,9.31,6.56,4.11,0.549,0.326
MTR0001,2024-01-06 14:45:00,223.61,223.07,221.56,9.22,6.58,4.2,0.6,0.231
MTR0001,2024-01-06 15:00:00,220.68,216.84,221.82,8.84,6.54,3.97,0.56,0.265
MTR0001,2024-01-06 15:15:00,221.0,221.42,219.87,8.96,6.31,4.05,0.5,0.32
MTR0001,2024-01-06 15:30:00,221.58,222.34,221.5,8.97,6.54,3.92,0.577,0.324
MTR0001,2024-01-06 15:45:00,220.55,220.36,222.38,8.85,6.36,3.86,0.494,0.317
MTR0001,2024-01-06 16:00:00,219.8,222.68,219.6,8.55,6.08,3.82,0.512,0.302
MTR0001,2024-01-06 16:15:00,220.5,220.06,222.25,8.33,5.92,3.8,0.531,0.25
MTR0001,2024-01-06 16:30:00,217.32,222.77,221.46,8.63,5.82,3.28,0.521,0.206
MTR0001,2024-01-06 16:45:00,220.65,218.46,219.24,8.52,5.97,3.98,0.511,0.272
MTR0001,2024-01-06 17:00:00,220.63,222.0,221.27,7.73,5.68,3.23,0.466,0.216
MTR0001,2024-01-06 17:15:00,220.65,222.16,220.21,7.8,5.84,3.49,0.504,0.267
MTR0001,2024-01-06 17:30:00,221.93,218.73,222.49,7.8,5.65,3.49,0.46,0.257
MTR0001,2024-01-06 17:45:00,220.76,219.61,222.52,7.89,5.35,3.57,0.511,0.204
MTR0001,2024-01-06 18:00:00,221.68,222.53,218.63,7.36,5.13,3.16,0.448,0.238
MTR0001,2024-01-06 18:15:00,220.5,220.28,221.78,7.44,5.18,3.48,0.443,0.24
MTR0001,2024-01-06 18:30:00,216.86,225.42,222.3,7.37,5.38,3.62,0.434,0.274
MTR0001,2024-01-06 18:45:00,220.39,222.0,219.93,7.23,5.0,3.16,0.444,0.215
MTR0001,2024-01-06 19:00:00,221.02,220.82,226.12,6.98,4.61,3.05,0.427,0.224
MTR0001,2024-01-06 19:15:00,220.33,221.24,222.38,6.87,4.68,2.95,0.421,0.24
MTR0001,2024-01-06 19:30:00,219.52,222.31,222.45,6.71,4.68,3.26,0.427,0.158
MTR0001,2024-01-06 19:45:00,219.28,219.07,221.49,6.68,4.76,2.87,0.415,0.214
MTR0001,2024-01-06 20:00:00,220.21,220.07,219.96,6.19,4.52,2.92,0.36,0.213
MTR0001,2024-01-06 20:15:00,219.46,222.06,223.5,5.97,4.44,2.91,0.391,0.21
MTR0001,2024-01-06 20:30:00,222.83,223.54,224.0,6.29,4.51,2.99,0.399,0.226
MTR0001,2024-01-06 20:45:00,220.69,220.31,220.75,6.1,4.41,2.74,0.413,0.185
MTR0001,2024-01-06 21:00:00,220.11,222.42,221.5,5.98,4.24,2.37,0.4,0.193
MTR0001,2024-01-06 21:15:00,218.91,222.78,223.04,5.73,4.17,2.51,0.375,0.173
MTR0001,2024-01-06 21:30:00,221.29,219.52,221.21,5.95,4.09,2.65,0.36,0.203
MTR0001,2024-01-06 21:45:00,222.0,221.01,221.01,5.92,4.13,2.51,0.348,0.197
MTR0001,2024-01-06 22:00:00,223.09,221.48,219.99,5.13,3.63,2.21,0.306,0.157
MTR0001,2024-01-06 22:15:00,223.86,222.04,220.11,5.3,3.87,2.46,0.334,0.157
MTR0001,2024-01-06 22:30:00,221.09,225.19,218.35,5.54,3.83,2.51,0.347,0.177
MTR0001,2024-01-06 22:45:00,218.35,221.68,220.44,5.52,3.82,2.22,0.337,0.169
MTR0001,2024-01-06 23:00:00,222.37,222.33,220.4,5.2,3.93,2.43,0.304,0.195
MTR0001,2024-01-06 23:15:00,221.98,221.79,221.56,5.29,3.79,2.31,0.334,0.142
MTR0001,2024-01-06 23:30:00,220.52,219.2,224.92,5.03,3.54,2.26,0.322,0.156
MTR0001,2024-01-06 23:45:00,221.56,221.32,221.85,5.36,3.62,2.33,0.36,0.172
MTR0001,2024-01-07 00:00:00,223.24,222.17,222.25,3.42,2.57,1.51,0.223,0.083
MTR0001,2024-01-07 00:15:00,219.8,218.74,222.14,3.8,2.57,1.68,0.215,0.083
MTR0001,2024-01-07 00:30:00,221.86,221.63,221.29,3.61,2.55,1.79,0.183,0.119
MTR0001,2024-01-07 00:45:00,221.01,221.94,221.96,3.68,2.5,1.63,0.195,0.119
MTR0001,2024-01-07 01:00:00,221.71,219.27,221.8,3.69,2.61,1.79,0.274,0.107
MTR0001,2024-01-07 01:15:00,218.2,221.93,221.63,3.61,2.67,1.64,0.228,0.107
MTR0001,2024-01-07 01:30:00,218.07,220.54,219.41,3.93,2.58,1.58,0.231,0.124
MTR0001,2024-01-07 01:45:00,222.01,220.7,221.59,3.57,2.71,1.81,0.246,0.094
MTR0001,2024-01-07 02:00:00,221.4,221.9,219.96,3.68,2.44,1.65,0.272,0.102
MTR0001,2024-01-07 02:15:00,221.77,221.58,219.65,3.39,2.71,1.87,0.196,0.119
MTR0001,2024-01-07 02:30:00,220.41,221.5,222.53,3.57,2.56,1.63,0.225,0.131
MTR0001,2024-01-07 02:45:00,220.29,221.81,222.28,3.74,2.61,1.85,0.238,0.131
MTR0001,2024-01-07 03:00:00,219.76,220.61,220.64,3.76,2.76,1.57,0.249,0.103
MTR0001,2024-01-07 03:15:00,220.65,223.08,219.67,3.74,2.59,1.37,0.214,0.141
MTR0001,2024-01-07 03:30:00,220.52,219.9,221.91,3.36,2.59,1.64,0.206,0.098
MTR0001,2024-01-07 03:45:00,219.31,220.77,219.78,3.71,2.81,1.49,0.204,0.098
MTR0001,2024-01-07 04:00:00,220.61,221.62,221.83,3.61,2.57,1.69,0.243,0.117
MTR0001,2024-01-07 04:15:00,221.18,220.67,220.3,3.31,2.57,1.85,0.237,0.115
MTR0001,2024-01-07 04:30:00,219.53,222.99,221.0,3.6,2.62,1.75,0.196,0.115
MTR0001,2024-01-07 04:45:00,220.96,223.68,222.59,3.68,2.71,1.58,0.243,0.094
MTR0001,2024-01-07 05:00:00,220.03,219.8,224.18,3.68,2.57,1.5,0.249,0.109
MTR0001,2024-01-07 05:15:00,221.47,220.89,222.3,3.95,2.49,1.89,0.236,0.144
MTR0001,2024-01-07 05:30:00,218.7,223.4,221.77,3.8,2.58,1.51,0.233,0.103
MTR0001,2024-01-07 05:45:00,220.35,222.37,222.82,3.65,2.65,1.73,0.221,0.088
MTR0001,2024-01-07 06:00:00,220.1,219.38,220.27,7.18,5.14,3.16,0.406,0.203
MTR0001,2024-01-07 06:15:00,221.49,222.03,220.35,7.53,5.1,3.34,0.462,0.255
MTR0001,2024-01-07 06:30:00,218.8,222.69,223.44,7.74,5.02,3.37,0.506,0.176
MTR0001,2024-01-07 06:45:00,221.71,218.48,222.52,7.19,5.24,3.47,0.444,0.201
MTR0001,2024-01-07 07:00:00,219.89,222.97,223.86,7.99,5.38,3.39,0.522,0.242
MTR0001,2024-01-07 07:15:00,221.95,220.13,221.93,7.96,5.48,3.5,0.468,0.238
MTR0001,2024-01-07 07:30:00,220.39,223.45,220.29,7.95,5.51,3.48,0.509,0.182
MTR0001,2024-01-07 07:45:00,219.32,220.92,222.48,7.93,5.63,3.38,0.51,0.19
MTR0001,2024-01-07 08:00:00,220.02,221.93,222.21,8.19,5.9,3.72,0.508,0.299
MTR0001,2024-01-07 08:15:00,219.29,220.14,221.05,8.41,6.12,3.66,0.537,0.2
MTR0001,2024-01-07 08:30:00,219.22,222.24,218.95,8.37,5.93,4.01,0.549,0.181
MTR0001,2024-01-07 08:45:00,221.73,216.23,223.2,8.32,6.04,3.81,0.512,0.25
MTR0001,2024-01-07 09:00:00,218.35,220.24,218.79,8.87,6.3,3.98,0.507,0.309
MTR0001,2024-01-07 09:15:00,220.45,221.11,217.86,8.71,6.4,4.08,0.519,0.269
MTR0001,2024-01-07 09:30:00,219.16,221.5,222.15,9.02,6.69,3.63,0.574,0.2
MTR0001,2024-01-07 09:45:00,221.79,219.99,222.53,8.89,6.31,3.83,0.6,0.197
MTR0001,2024-01-07 10:00:00,218.8,218.33,220.45,9.28,6.57,4.14,0.561,0.324
MTR0001,2024-01-07 10:15:00,221.48,221.22,220.56,9.29,6.56,4.0,0.534,0.298
MTR0001,2024-01-07 10:30:00,221.6,221.74,220.22,9.26,6.32,4.29,0.567,0.223
MTR0001,2024-01-07 10:45:00,221.68,220.59,222.82,9.14,6.46,3.96,0.55,0.271
MTR0001,2024-01-07 11:00:00,220.85,219.81,222.89,9.47,6.68,4.32,0.558,0.284
MTR0001,2024-01-07 11:15:00,218.83,222.79,222.13,9.53,6.32,4.14,0.593,0.2
MTR0001,2024-01-07 11:30:00,219.52,220.79,222.63,9.45,6.5,4.48,0.655,0.222
MTR0001,2024-01-07 11:45:00,220.65,220.88,223.51,9.63,6.5,4.38,0.543,0.335
MTR0001,2024-01-07 12:00:00,220.75,222.59,223.14,9.44,6.46,4.25,0.61,0.24
MTR0001,2024-01-07 12:15:00,220.93,220.72,220.7,9.61,6.82,4.21,0.557,0.353
MTR0001,2024-01-07 12:30:00,220.53,221.57,220.78,9.72,7.05,4.32,0.62,0.266
MTR0001,2024-01-07 12:45:00,221.59,221.42,219.44,9.7,6.97,4.07,0.602,0.286
MTR0001,2024-01-07 13:00:00,220.61,220.62,218.21,9.72,6.81,4.3,0.627,0.248
MTR0001,2024-01-07 13:15:00,221.24,222.03,220.55,9.22,6.52,4.2,0.539,0.332
MTR0001,2024-01-07 13:30:00,221.0,222.69,222.46,9.52,6.89,3.99,0.567,0.338
MTR0001,2024-01-07 13:45:00,219.77,223.44,222.42,9.14,6.61,4.1,0.574,0.23
MTR0001,2024-01-07 14:00:00,222.48,221.62,221.23,9.24,6.74,4.01,0.589,0.279
MTR0001,2024-01-07 14:15:00,219.93,221.59,221.46,9.28,6.62,3.98,0.591,0.311
MTR0001,2024-01-07 14:30:00,222.64,221.3,220.95,9.01,6.86,4.19,0.628,0.232
MTR0001,2024-01-07 14:45:00,222.98,220.49,223.08,9.25,6.67,4.13,0.557,0.282
MTR0001,2024-01-07 15:00:00,219.86,222.72,221.55,9.01,6.47,4.07,0.53,0.316
MTR0001,2024-01-07 15:15:00,218.97,221.59,220.78,8.74,6.6,3.8,0.495,0.313
MTR0001,2024-01-07 15:30:00,223.65,223.13,223.97,8.97,6.48,3.86,0.6,0.279
MTR0001,2024-01-07 15:45:00,218.52,223.02,221.84,8.98,6.25,3.83,0.562,0.252
MTR0001,2024-01-07 16:00:00,220.97,222.29,221.22,8.44,5.95,3.91,0.536,0.23
MTR0001,2024-01-07 16:15:00,220.92,219.52,221.78,8.39,6.11,3.78,0.523,0.295
MTR0001,2024-01-07 16:30:00,220.03,217.77,221.25,8.4,6.04,3.74,0.546,0.273
MTR0001,2024-01-07 16:45:00,220.72,219.72,222.42,8.51,6.2,3.93,0.498,0.305
MTR0001,2024-01-07 17:00:00,221.03,222.05,220.33,8.03,5.92,3.37,0.506,0.21
MTR0001,2024-01-07 17:15:00,220.91,223.58,218.61,7.86,5.84,3.61,0.521,0.255
MTR0001,2024-01-07 17:30:00,220.54,221.72,221.3,8.09,5.47,3.4,0.481,0.242
MTR0001,2024-01-07 17:45:00,220.21,221.96,221.87,7.92,5.5,3.62,0.48,0.23
MTR0001,2024-01-07 18:00:00,221.84,222.67,218.9,7.55,5.57,3.28,0.5,0.204
MTR0001,2024-01-07 18:15:00,221.48,220.9,219.87,7.37,5.18,3.35,0.417,0.256
MTR0001,2024-01-07 18:30:00,219.95,219.36,223.38,7.28,5.01,3.24,0.41,0.238
MTR0001,2024-01-07 18:45:00,222.57,224.6,221.93,7.37,5.12,3.21,0.443,0.243
MTR0001,2024-01-07 19:00:00,220.76,221.27,221.59,6.69,4.74,2.7,0.419,0.19
MTR0001,2024-01-07 19:15:00,222.72,221.2,218.8,6.82,4.82,2.96,0.444,0.161
MTR0001,2024-01-07 19:30:00,221.48,221.21,222.33,6.49,4.73,3.27,0.418,0.219
MTR0001,2024-01-07 19:45:00,220.32,217.99,219.45,6.61,4.81,3.07,0.411,0.239
MTR0001,2024-01-07 20:00:00,219.94,221.18,222.37,6.46,4.33,2.79,0.35,0.221
MTR0001,2024-01-07 20:15:00,225.43,222.02,221.67,6.24,4.49,2.89,0.376,0.221
MTR0001,2024-01-07 20:30:00,220.73,219.75,223.59,6.04,4.39,2.62,0.385,0.197
MTR0001,2024-01-07 20:45:00,217.94,221.99,220.62,6.22,4.31,3.08,0.413,0.133
MTR0001,2024-01-07 21:00:00,223.63,221.35,222.55,5.67,4.14,2.38,0.297,0.193
MTR0001,2024-01-07 21:15:00,222.07,219.69,222.52,5.8,4.34,2.45,0.327,0.177
MTR0001,2024-01-07 21:30:00,218.36,217.84,221.95,5.81,4.05,2.56,0.329,0.173
MTR0001,2024-01-07 21:45:00,221.37,222.64,224.37,5.46,4.09,2.76,0.405,0.181
MTR0001,2024-01-07 22:00:00,222.45,223.76,221.83,5.31,3.48,2.52,0.328,0.148
MTR0001,2024-01-07 22:15:00,223.55,222.5,220.53,5.4,4.13,2.28,0.326,0.205
MTR0001,2024-01-07 22:30:00,220.45,221.42,219.85,5.56,3.88,2.36,0.306,0.152
MTR0001,2024-01-07 22:45:00,221.79,219.94,219.32,5.72,3.61,2.37,0.405,0.129
MTR0001,2024-01-07 23:00:00,219.42,220.75,221.86,5.15,3.79,2.18,0.297,0.15
MTR0001,2024-01-07 23:15:00,219.62,221.21,223.12,5.03,3.51,2.47,0.304,0.153
MTR0001,2024-01-07 23:30:00,219.81,220.55,220.52,5.16,3.6,2.35,0.278,0.184
MTR0001,2024-01-07 23:45:00,221.53,224.25,222.68,5.03,3.71,2.17,0.327,0.15
MTR0001,2024-01-08 00:00:00,218.58,224.11,220.39,3.55,2.26,1.58,0.194,0.072
MTR0001,2024-01-08 00:15:00,222.45,221.03,223.29,3.91,2.75,1.55,0.226,0.143
MTR0001,2024-01-08 00:30:00,220.69,217.82,221.27,3.83,2.47,1.58,0.172,0.112
MTR0001,2024-01-08 00:45:00,219.62,224.26,221.65,3.75,2.58,1.65,0.243,0.107
MTR0001,2024-01-08 01:00:00,221.77,219.95,223.38,3.7,2.7,1.65,0.249,0.109
MTR0001,2024-01-08 01:15:00,221.18,220.25,220.65,3.8,2.71,1.53,0.221,0.121
MTR0001,2024-01-08 01:30:00,223.31,222.26,223.34,3.44,2.79,1.97,0.234,0.106
MTR0001,2024-01-08 01:45:00,220.36,220.99,223.36,3.68,2.75,1.74,0.198,0.114
MTR0001,2024-01-08 02:00:00,221.0,221.64,220.43,3.8,2.68,1.76,0.283,0.081
MTR0001,2024-01-08 02:15:00,224.11,220.71,219.49,3.64,3.09,1.77,0.27,0.105
MTR0001,2024-01-08 02:30:00,221.31,220.71,222.96,3.68,2.7,1.31,0.219,0.118
MTR0001,2024-01-08 02:45:00,221.48,221.95,223.02,3.86,2.61,1.48,0.266,0.099
MTR0001,2024-01-08 03:00:00,219.6,221.66,222.15,3.62,2.68,1.68,0.238,0.123
MTR0001,2024-01-08 03:15:00,221.26,219.74,221.07,3.77,2.45,1.72,0.208,0.1
MTR0001,2024-01-08 03:30:00,219.39,220.78,221.18,3.8,2.55,1.4,0.239,0.115
MTR0001,2024-01-08 03:45:00,219.03,221.94,221.71,3.97,2.72,1.68,0.244,0.122
MTR0001,2024-01-08 04:00:00,224.54,221.19,221.02,3.69,2.76,1.41,0.215,0.128
MTR0001,2024-01-08 04:15:00,219.75,218.74,220.41,3.6,2.62,1.93,0.242,0.119
MTR0001,2024-01-08 04:30:00,222.03,222.83,222.93,3.86,2.93,1.58,0.256,0.143
MTR0001,2024-01-08 04:45:00,217.44,221.61,222.79,3.47,2.71,1.69,0.229,0.125
MTR0001,2024-01-08 05:00:00,220.91,223.14,225.46,3.76,2.61,1.74,0.22,0.107
MTR0001,2024-01-08 05:15:00,221.94,222.84,219.81,3.51,2.55,1.72,0.23,0.106
MTR0001,2024-01-08 05:30:00,223.36,220.44,219.58,3.54,2.4,1.84,0.213,0.126
MTR0001,2024-01-08 05:45:00,221.14,223.97,219.55,3.58,2.49,1.62,0.238,0.08
MTR0001,2024-01-08 06:00:00,221.92,221.74,221.26,7.22,5.21,3.38,0.471,0.219
MTR0001,2024-01-08 06:15:00,221.74,219.95,221.77,7.24,5.28,3.16,0.487,0.233
MTR0001,2024-01-08 06:30:00,221.6,220.51,223.06,7.16,5.27,3.14,0.399,0.25
MTR0001,2024-01-08 06:45:00,219.53,222.92,222.19,7.17,5.17,3.15,0.48,0.2
MTR0001,2024-01-08 07:00:00,219.58,219.42,221.95,7.84,5.88,3.53,0.457,0.259
MTR0001,2024-01-08 07:15:00,220.84,221.63,217.25,8.09,5.28,3.5,0.506,0.177
MTR0001,2024-01-08 07:30:00,218.58,221.99,224.34,7.79,5.49,3.39,0.441,0.276
MTR0001,2024-01-08 07:45:00,221.27,220.75,220.84,8.02,5.38,3.47,0.488,0.237
MTR0001,2024-01-08 08:00:00,218.92,219.3,223.87,8.36,6.15,3.74,0.563,0.182
MTR0001,2024-01-08 08:15:00,218.79,221.01,224.86,8.31,5.84,3.99,0.509,0.213
MTR0001,2024-01-08 08:30:00,220.71,220.48,222.13,8.63,5.98,3.95,0.53,0.304
MTR0001,2024-01-08 08:45:00,220.74,218.76,218.81,8.22,5.9,3.7,0.48,0.273
MTR0001,2024-01-08 09:00:00,224.24,224.4,219.76,9.15,6.24,3.98,0.576,0.313
MTR0001,2024-01-08 09:15:00,220.04,222.44,219.09,8.77,6.14,3.92,0.534,0.268
MTR0001,2024-01-08 09:30:00,222.6,221.55,221.37,9.19,6.38,3.91,0.552,0.257
MTR0001,2024-01-08 09:45:00,220.12,223.53,223.07,8.91,6.46,3.61,0.505,0.317
MTR0001,2024-01-08 10:00:00,220.48,220.19,223.5,9.4,6.46,4.19,0.607,0.239
MTR0001,2024-01-08 10:15:00,218.96,220.34,221.54,9.1,6.28,4.28,0.589,0.269
MTR0001,2024-01-08 10:30:00,219.29,221.1,223.62,9.38,6.53,4.17,0.609,0.206
MTR0001,2024-01-08 10:45:00,223.85,222.14,221.08,9.3,6.43,4.06,0.562,0.281
MTR0001,2024-01-08 11:00:00,222.17,221.32,219.69,9.49,6.72,4.25,0.584,0.254
MTR0001,2024-01-08 11:15:00,221.8,220.07,221.02,9.26,6.81,4.32,0.592,0.292
MTR0001,2024-01-08 11:30:00,219.01,222.62,220.11,9.31,6.65,4.13,0.575,0.314
MTR0001,2024-01-08 11:45:00,221.26,220.77,220.58,9.52,6.73,4.33,0.565,0.308
MTR0001,2024-01-08 12:00:00,220.7,221.64,221.22,9.74,6.57,4.34,0.602,0.27
MTR0001,2024-01-08 12:15:00,219.57,224.91,221.49,9.7,6.82,4.32,0.585,0.296
MTR0001,2024-01-08 12:30:00,220.02,222.53,223.59,9.57,6.96,4.05,0.58,0.319
MTR0001,2024-01-08 12:45:00,220.38,220.86,220.9,9.69,6.7,4.52,0.57,0.339
MTR0001,2024-01-08 13:00:00,220.85,221.71,220.85,9.67,6.53,4.11,0.624,0.289
MTR0001,2024-01-08 13:15:00,220.78,221.09,220.6,9.19,6.45,4.5,0.59,0.296
MTR0001,2024-01-08 13:30:00,220.03,222.62,223.59,9.75,6.67,3.87,0.566,0.305
MTR0001,2024-01-08 13:45:00,221.27,220.58,222.09,9.5,7.02,4.01,0.64,0.21
MTR0001,2024-01-08 14:00:00,223.89,219.44,220.73,9.24,6.62,4.31,0.595,0.318
MTR0001,2024-01-08 14:15:00,220.8,223.95,220.04,9.52,6.7,3.98,0.567,0.307
MTR0001,2024-01-08 14:30:00,222.12,219.45,222.0,9.14,6.5,4.2,0.595,0.237
MTR0001,2024-01-08 14:45:00,223.02,220.05,221.27,9.16,6.56,4.2,0.567,0.3
MTR0001,2024-01-08 15:00:00,218.87,223.81,222.24,8.87,6.13,3.84,0.556,0.254
MTR0001,2024-01-08 15:15:00,218.67,219.1,221.18,8.76,5.95,3.91,0.526,0.272
MTR0001,2024-01-08 15:30:00,218.78,221.18,222.26,8.99,6.02,3.94,0.532,0.241
MTR0001,2024-01-08 15:45:00,220.14,220.71,221.55,9.02,6.44,3.91,0.527,0.279
MTR0001,2024-01-08 16:00:00,218.54,220.09,219.73,8.6,5.88,3.78,0.516,0.285
MTR0001,2024-01-08 16:15:00,223.07,219.9,220.65,8.4,5.96,3.71,0.51,0.285
MTR0001,2024-01-08 16:30:00,220.86,221.13,221.69,8.1,5.71,3.85,0.508,0.27
MTR0001,2024-01-08 16:45:00,220.37,222.73,218.4,8.57,6.02,3.61,0.518,0.242
MTR0001,2024-01-08 17:00:00,221.4,223.58,221.66,7.78,5.75,3.62,0.512,0.221
MTR0001,2024-01-08 17:15:00,218.18,220.22,219.84,8.02,5.72,3.55,0.531,0.2
MTR0001,2024-01-08 17:30:00,222.7,222.34,219.67,8.13,5.84,3.66,0.51,0.276
MTR0001,2024-01-08 17:45:00,220.9,224.15,218.71,7.71,5.74,3.26,0.492,0.189
MTR0001,2024-01-08 18:00:00,220.83,220.4,222.37,7.42,5.43,3.46,0.454,0.275
MTR0001,2024-01-08 18:15:00,222.12,220.08,220.71,7.28,5.06,3.0,0.406,0.212
MTR0001,2024-01-08 18:30:00,220.92,221.05,219.13,7.23,5.26,3.36,0.45,0.178
MTR0001,2024-01-08 18:45:00,219.33,222.58,220.43,7.34,5.18,3.29,0.471,0.177
MTR0001,2024-01-08 19:00:00,221.83,223.7,221.05,6.98,4.77,3.24,0.394,0.153
MTR0001,2024-01-08 19:15:00,221.67,222.37,219.56,6.81,4.87,3.01,0.477,0.176
MTR0001,2024-01-08 19:30:00,221.04,223.33,220.59,6.63,4.83,2.75,0.396,0.234
MTR0001,2024-01-08 19:45:00,220.25,220.85,223.07,6.35,4.75,3.25,0.408,0.171
MTR0001,2024-01-08 20:00:00,220.48,219.83,223.7,6.15,4.14,2.98,0.376,0.204
MTR0001,2024-01-08 20:15:00,221.58,217.59,222.24,6.1,4.35,2.88,0.365,0.187
MTR0001,2024-01-08 20:30:00,219.62,221.91,222.52,6.39,4.24,3.11,0.411,0.158
MTR0001,2024-01-08 20:45:00,221.0,222.66,218.15,6.53,4.43,2.54,0.389,0.197
MTR0001,2024-01-08 21:00:00,219.82,218.53,222.06,6.01,4.01,2.64,0.348,0.166
MTR0001,2024-01-08 21:15:00,219.74,221.07,221.09,5.74,4.0,2.6,0.36,0.138
MTR0001,2024-01-08 21:30:00,219.15,224.29,220.22,5.69,3.95,2.85,0.359,0.207
MTR0001,2024-01-08 21:45:00,221.79,223.23,222.02,5.69,4.19,2.56,0.32,0.209
MTR0001,2024-01-08 22:00:00,220.63,222.05,222.75,5.35,3.98,2.01,0.31,0.164
MTR0001,2024-01-08 22:15:00,220.96,221.46,220.75,5.48,4.05,2.61,0.385,0.13
MTR0001,2024-01-08 22:30:00,220.85,220.25,220.52,5.36,3.8,2.46,0.307,0.165
MTR0001,2024-01-08 22:45:00,219.71,218.93,219.83,5.3,3.97,2.45,0.336,0.172
MTR0001,2024-01-08 23:00:00,222.3,223.29,219.81,5.1,3.87,2.3,0.3,0.159
MTR0001,2024-01-08 23:15:00,222.62,218.01,221.43,5.16,3.8,2.48,0.362,0.15
MTR0001,2024-01-08 23:30:00,217.86,222.29,223.07,5.21,3.95,2.45,0.324,0.144
MTR0001,2024-01-08 23:45:00,222.92,221.7,219.43,4.99,3.73,2.22,0.345,0.154
MTR0001,2024-01-09 00:00:00,221.02,220.58,222.42,3.75,2.72,1.68,0.251,0.115
MTR0001,2024-01-09 00:15:00,220.62,222.98,220.43,3.45,2.37,1.52,0.186,0.115
MTR0001,2024-01-09 00:30:00,220.04,221.33,222.84,3.56,2.56,1.69,0.245,0.11
MTR0001,2024-01-09 00:45:00,220.92,224.0,222.86,3.74,2.6,1.63,0.247,0.095
MTR0001,2024-01-09 01:00:00,217.61,222.22,224.7,3.72,2.85,1.54,0.239,0.085
MTR0001,2024-01-09 01:15:00,223.32,220.37,222.59,3.48,2.57,1.78,0.26,0.085
MTR0001,2024-01-09 01:30:00,220.89,221.2,222.53,3.61,2.75,1.47,0.197,0.096
MTR0001,2024-01-09 01:45:00,221.61,222.43,224.87,3.54,2.78,1.69,0.211,0.112
MTR0001,2024-01-09 02:00:00,217.27,224.11,220.2,3.66,2.46,1.74,0.189,0.121
MTR0001,2024-01-09 02:15:00,218.07,223.38,224.04,3.33,2.53,1.57,0.184,0.075
MTR0001,2024-01-09 02:30:00,220.8,220.78,224.49,3.95,2.47,1.72,0.228,0.121
MTR0001,2024-01-09 02:45:00,219.5,220.97,221.94,3.95,2.53,1.7,0.256,0.099
MTR0001,2024-01-09 03:00:00,219.93,221.21,220.55,3.59,2.88,1.51,0.223,0.121
MTR0001,2024-01-09 03:15:00,221.47,221.75,220.31,4.04,2.71,1.65,0.228,0.093
MTR0001,2024-01-09 03:30:00,220.85,219.01,221.53,3.93,2.62,1.59,0.261,0.089
MTR0001,2024-01-09 03:45:00,222.22,221.33,221.63,3.86,2.71,1.69,0.259,0.111
MTR0001,2024-01-09 04:00:00,220.01,219.62,222.11,3.77,2.4,1.57,0.202,0.112
MTR0001,2024-01-09 04:15:00,219.51,222.87,218.2,3.54,2.59,1.67,0.216,0.123
MTR0001,2024-01-09 04:30:00,218.59,224.31,220.55,3.66,2.75,2.16,0.241,0.133
MTR0001,2024-01-09 04:45:00,219.86,220.46,220.88,3.76,2.44,1.54,0.24,0.108
MTR0001,2024-01-09 05:00:00,221.43,220.9,220.95,3.72,2.43,1.58,0.224,0.111
MTR0001,2024-01-09 05:15:00,221.69,221.42,222.6,3.57,2.46,1.57,0.249,0.079
MTR0001,2024-01-09 05:30:00,219.17,225.44,224.13,3.67,2.64,1.54,0.227,0.095
MTR0001,2024-01-09 05:45:00,219.25,221.19,219.88,3.68,2.84,1.61,0.231,0.125
MTR0001,2024-01-09 06:00:00,222.12,222.32,223.67,7.28,5.14,3.07,0.491,0.171
MTR0001,2024-01-09 06:15:00,221.82,224.07,223.01,7.07,5.1,3.23,0.463,0.159
MTR0001,2024-01-09 06:30:00,218.8,223.36,219.3,7.25,5.05,3.01,0.463,0.189
MTR0001,2024-01-09 06:45:00,220.81,220.71,222.66,7.37,5.21,3.18,0.481,0.177
MTR0001,2024-01-09 07:00:00,221.09,222.41,220.63,7.91,5.59,3.65,0.464,0.296
MTR0001,2024-01-09 07:15:00,220.36,221.03,221.68,7.82,5.62,3.88,0.521,0.206
MTR0001,2024-01-09 07:30:00,223.14,218.67,219.53,8.12,5.56,3.42,0.491,0.244
MTR0001,2024-01-09 07:45:00,220.05,221.51,222.99,7.83,5.77,3.66,0.495,0.215
MTR0001,2024-01-09 08:00:00,221.95,220.81,221.49,8.51,6.1,3.49,0.493,0.3
MTR0001,2024-01-09 08:15:00,220.88,221.72,222.39,8.67,6.2,3.96,0.556,0.246
MTR0001,2024-01-09 08:30:00,222.11,222.7,221.04,8.51,5.97,3.63,0.519,0.258
MTR0001,2024-01-09 08:45:00,222.27,225.45,221.66,8.39,5.93,3.81,0.508,0.244
MTR0001,2024-01-09 09:00:00,218.75,220.8,222.25,8.76,6.54,4.15,0.527,0.322
MTR0001,2024-01-09 09:15:00,220.22,218.71,223.01,8.86,6.27,4.03,0.581,0.207
MTR0001,2024-01-09 09:30:00,222.0,220.77,221.52,8.9,6.11,3.79,0.556,0.248
MTR0001,2024-01-09 09:45:00,220.13,222.61,217.32,9.07,6.31,3.92,0.592,0.249
MTR0001,2024-01-09 10:00:00,219.73,221.78,221.85,9.12,6.49,4.09,0.523,0.286
MTR0001,2024-01-09 10:15:00,222.11,223.61,223.26,9.14,6.74,4.33,0.6,0.276
MTR0001,2024-01-09 10:30:00,221.31,223.47,220.33,9.16,6.5,3.8,0.523,0.297
MTR0001,2024-01-09 10:45:00,223.45,221.9,224.5,9.11,6.36,3.97,0.623,0.262
MTR0001,2024-01-09 11:00:00,219.48,219.49,221.17,9.46,6.72,4.17,0.566,0.316
MTR0001,2024-01-09 11:15:00,221.06,218.7,223.14,9.18,6.43,4.08,0.599,0.242
MTR0001,2024-01-09 11:30:00,223.43,221.05,220.24,9.58,6.64,4.09,0.61,0.199
MTR0001,2024-01-09 11:45:00,220.67,221.02,222.37,9.49,6.91,4.23,0.595,0.28
MTR0001,2024-01-09 12:00:00,221.69,221.75,220.91,9.63,6.66,4.16,0.624,0.222
MTR0001,2024-01-09 12:15:00,220.95,217.88,219.02,9.52,6.68,4.25,0.565,0.329
MTR0001,2024-01-09 12:30:00,221.68,217.62,223.55,9.44,6.86,4.36,0.596,0.249
MTR0001,2024-01-09 12:45:00,217.75,221.06,220.33,9.73,6.72,4.1,0.629,0.201
MTR0001,2024-01-09 13:00:00,219.69,221.43,224.35,9.46,6.87,4.22,0.602,0.304
MTR0001,2024-01-09 13:15:00,219.84,223.19,220.45,9.54,6.59,4.15,0.618,0.232
MTR0001,2024-01-09 13:30:00,220.86,222.63,218.4,9.8,6.66,3.91,0.632,0.267
MTR0001,2024-01-09 13:45:00,220.45,222.9,221.36,9.55,6.94,4.33,0.646,0.214
MTR0001,2024-01-09 14:00:00,218.18,221.84,221.92,9.48,6.36,4.29,0.548,0.29
MTR0001,2024-01-09 14:15:00,223.41,221.73,218.84,9.1,6.31,3.87,0.553,0.278
MTR0001,2024-01-09 14:30:00,220.78,219.92,221.41,9.25,6.58,4.22,0.601,0.255
MTR0001,2024-01-09 14:45:00,222.69,222.57,222.11,9.24,6.6,4.16,0.538,0.315
MTR0001,2024-01-09 15:00:00,221.83,220.93,220.22,8.81,6.41,3.87,0.552,0.257
MTR0001,2024-01-09 15:15:00,219.4,221.27,223.29,9.06,6.45,4.1,0.547,0.339
MTR0001,2024-01-09 15:30:00,220.68,222.57,220.62,9.28,6.6,3.97,0.606,0.235
MTR0001,2024-01-09 15:45:00,220.31,221.5,222.15,8.61,6.43,4.33,0.561,0.297
MTR0001,2024-01-09 16:00:00,222.95,220.54,219.92,8.44,5.97,3.88,0.537,0.224
MTR0001,2024-01-09 16:15:00,220.79,220.18,219.87,8.64,6.14,3.92,0.565,0.232
MTR0001,2024-01-09 16:30:00,216.37,220.64,220.56,8.31,6.0,3.7,0.519,0.272
MTR0001,2024-01-09 16:45:00,219.08,220.45,222.24,8.36,5.96,3.6,0.534,0.255
MTR0001,2024-01-09 17:00:00,219.22,220.14,220.82,7.81,5.64,3.23,0.515,0.208
MTR0001,2024-01-09 17:15:00,218.92,220.13,220.87,7.93,5.58,3.41,0.498,0.178
MTR0001,2024-01-09 17:30:00,221.51,222.66,223.27,7.98,5.4,3.45,0.523,0.246
MTR0001,2024-01-09 17:45:00,221.73,221.73,221.09,7.85,5.79,3.52,0.482,0.241
MTR0001,2024-01-09 18:00:00,222.08,220.24,220.82,7.2,5.08,3.08,0.468,0.181
MTR0001,2024-01-09 18:15:00,222.98,219.69,220.19,7.45,5.24,3.4,0.443,0.234
MTR0001,2024-01-09 18:30:00,222.39,220.77,223.06,7.46,5.46,3.2,0.471,0.231
MTR0001,2024-01-09 18:45:00,223.77,220.93,223.31,7.37,5.26,3.41,0.476,0.178
MTR0001,2024-01-09 19:00:00,220.43,222.07,221.03,6.83,4.86,3.14,0.421,0.21
MTR0001,2024-01-09 19:15:00,219.87,220.28,226.41,6.86,4.88,3.11,0.42,0.202
MTR0001,2024-01-09 19:30:00,220.64,221.32,220.34,7.03,4.74,3.12,0.417,0.24
MTR0001,2024-01-09 19:45:00,221.75,218.24,221.09,6.52,4.89,3.03,0.452,0.139
MTR0001,2024-01-09 20:00:00,220.77,221.23,220.86,6.25,4.25,2.93,0.371,0.179
MTR0001,2024-01-09 20:15:00,218.66,220.86,219.39,6.27,4.24,2.78,0.377,0.169
MTR0001,2024-01-09 20:30:00,219.64,221.51,219.23,6.34,4.68,3.2,0.47,0.158
MTR0001,2024-01-09 20:45:00,221.65,221.41,220.41,6.39,4.39,2.95,0.4,0.16
MTR0001,2024-01-09 21:00:00,219.2,223.13,219.92,5.63,3.96,2.69,0.316,0.209
MTR0001,2024-01-09 21:15:00,220.42,221.03,220.8,5.44,3.95,2.75,0.384,0.178
MTR0001,2024-01-09 21:30:00,220.32,221.05,220.87,5.88,4.24,2.53,0.395,0.156
MTR0001,2024-01-09 21:45:00,222.85,221.52,221.54,5.92,4.02,2.25,0.354,0.155
MTR0001,2024-01-09 22:00:00,219.96,221.13,220.99,5.35,4.03,2.49,0.356,0.118
MTR0001,2024-01-09 22:15:00,220.61,221.04,222.24,5.28,3.79,1.94,0.348,0.159
MTR0001,2024-01-09 22:30:00,221.93,221.75,220.5,5.1,3.88,2.3,0.32,0.166
MTR0001,2024-01-09 22:45:00,219.6,221.69,222.89,5.66,3.83,2.22,0.297,0.148
MTR0001,2024-01-09 23:00:00,222.28,219.22,221.76,5.29,3.68,2.2,0.331,0.125
MTR0001,2024-01-09 23:15:00,220.39,223.31,224.54,5.09,3.51,2.38,0.303,0.154
MTR0001,2024-01-09 23:30:00,219.7,221.13,222.41,5.21,3.81,2.52,0.376,0.149
MTR0001,2024-01-09 23:45:00,222.58,222.06,221.81,5.15,3.35,2.42,0.327,0.165
MTR0001,2024-01-10 00:00:00,222.77,221.58,220.2,3.64,2.37,1.47,0.206,0.088
MTR0001,2024-01-10 00:15:00,219.09,221.83,220.73,3.75,2.34,1.47,0.202,0.089
MTR0001,2024-01-10 00:30:00,219.84,223.83,220.4,3.47,2.28,1.63,0.201,0.114
MTR0001,2024-01-10 00:45:00,219.88,222.36,221.69,3.62,2.7,1.72,0.244,0.108
MTR0001,2024-01-10 01:00:00,219.24,222.83,222.09,3.7,2.47,1.73,0.222,0.11
MTR0001,2024-01-10 01:15:00,219.79,223.75,222.93,3.42,2.44,1.58,0.225,0.09
MTR0001,2024-01-10 01:30:00,219.45,220.64,220.94,3.67,2.64,1.08,0.201,0.106
MTR0001,2024-01-10 01:45:00,222.45,222.6,225.16,3.8,2.5,1.5,0.202,0.122
MTR0001,2024-01-10 02:00:00,224.88,222.87,223.15,3.75,2.36,1.69,0.235,0.117
MTR0001,2024-01-10 02:15:00,220.45,223.81,220.19,3.91,2.55,1.47,0.189,0.107
MTR0001,2024-01-10 02:30:00,220.14,221.61,222.92,3.59,2.32,1.94,0.203,0.112
MTR0001,2024-01-10 02:45:00,217.72,219.83,221.14,3.85,2.37,1.68,0.259,0.096
MTR0001,2024-01-10 03:00:00,219.79,222.59,222.84,3.77,2.45,1.56,0.171,0.128
MTR0001,2024-01-10 03:15:00,218.8,221.95,220.87,3.77,2.58,1.4,0.208,0.103
MTR0001,2024-01-10 03:30:00,221.6,220.39,221.18,3.91,2.75,1.77,0.221,0.133
MTR0001,2024-01-10 03:45:00,220.5,224.08,222.56,3.8,2.84,1.77,0.251,0.134
MTR0001,2024-01-10 04:00:00,221.47,222.88,222.84,3.51,2.5,1.78,0.21,0.133
MTR0001,2024-01-10 04:15:00,220.77,220.13,220.41,3.78,2.46,1.51,0.241,0.071
MTR0001,2024-01-10 04:30:00,220.43,222.1,223.45,3.78,2.49,1.81,0.252,0.127
MTR0001,2024-01-10 04:45:00,224.1,218.51,219.18,3.87,2.84,1.51,0.278,0.088
MTR0001,2024-01-10 05:00:00,220.19,221.6,221.68,3.42,3.01,1.71,0.224,0.096
MTR0001,2024-01-10 05:15:00,220.28,221.18,222.46,3.96,2.7,1.76,0.246,0.112
MTR0001,2024-01-10 05:30:00,222.02,220.51,221.58,3.69,2.46,1.98,0.256,0.113
MTR0001,2024-01-10 05:45:00,222.01,223.3,221.46,3.46,2.58,1.85,0.243,0.114
MTR0001,2024-01-10 06:00:00,222.14,221.29,221.06,7.42,5.32,3.36,0.469,0.183
MTR0001,2024-01-10 06:15:00,222.46,221.16,223.31,7.09,5.53,3.28,0.485,0.16
MTR0001,2024-01-10 06:30:00,220.71,223.29,221.67,7.23,5.06,3.2,0.479,0.176
MTR0001,2024-01-10 06:45:00,221.71,223.04,220.68,7.22,4.94,3.29,0.415,0.244
MTR0001,2024-01-10 07:00:00,220.56,220.77,222.14,8.18,5.85,3.24,0.503,0.257
MTR0001,2024-01-10 07:15:00,220.02,222.35,223.07,7.77,5.75,3.66,0.492,0.287
MTR0001,2024-01-10 07:30:00,220.71,221.27,221.79,7.75,5.57,3.64,0.486,0.204
MTR0001,2024-01-10 07:45:00,218.28,220.85,221.92,8.07,5.7,3.87,0.469,0.285
MTR0001,2024-01-10 08:00:00,223.8,221.14,222.04,8.53,5.83,3.63,0.512,0.262
MTR0001,2024-01-10 08:15:00,221.68,217.34,219.96,8.69,5.88,3.68,0.529,0.274
MTR0001,2024-01-10 08:30:00,219.07,222.69,223.79,8.74,6.41,3.63,0.575,0.266
MTR0001,2024-01-10 08:45:00,221.25,220.9,221.37,8.35,5.97,3.56,0.535,0.208
MTR0001,2024-01-10 09:00:00,222.56,219.12,222.38,8.87,6.33,4.12,0.541,0.297
MTR0001,2024-01-10 09:15:00,220.3,218.59,221.22,8.93,6.28,4.05,0.504,0.294
MTR0001,2024-01-10 09:30:00,221.38,219.84,223.17,8.9,6.32,3.92,0.576,0.232
MTR0001,2024-01-10 09:45:00,221.26,221.84,221.56,8.6,6.25,3.93,0.512,0.292
MTR0001,2024-01-10 10:00:00,222.77,223.36,219.62,9.45,6.5,4.21,0.578,0.271
MTR0001,2024-01-10 10:15:00,223.1,222.11,219.5,9.35,6.69,4.11,0.53,0.305
MTR0001,2024-01-10 10:30:00,223.04,221.17,218.54,9.3,6.33,4.19,0.573,0.323
MTR0001,2024-01-10 10:45:00,220.84,224.08,222.26,9.43,6.42,4.02,0.598,0.296
MTR0001,2024-01-10 11:00:00,220.74,224.84,221.64,9.42,6.61,4.46,0.595,0.245
MTR0001,2024-01-10 11:15:00,220.2,220.01,221.94,9.53,6.91,3.95,0.586,0.249
MTR0001,2024-01-10 11:30:00,220.92,222.08,220.02,9.59,6.72,3.96,0.56,0.301
MTR0001,2024-01-10 11:45:00,219.43,221.57,220.3,9.51,6.78,4.17,0.624,0.252
MTR0001,2024-01-10 12:00:00,223.26,222.96,220.44,9.89,6.81,4.13,0.596,0.282
MTR0001,2024-01-10 12:15:00,222.0,221.51,223.97,9.35,6.86,4.35,0.589,0.29
MTR0001,2024-01-10 12:30:00,220.37,222.25,221.33,9.55,6.7,4.45,0.584,0.322
MTR0001,2024-01-10 12:45:00,221.1,223.45,220.72,9.91,6.87,4.22,0.544,0.335
MTR0001,2024-01-10 13:00:00,216.09,221.39,219.79,9.49,6.46,4.23,0.593,0.311
MTR0001,2024-01-10 13:15:00,222.17,223.34,217.99,9.39,6.93,4.02,0.58,0.283
MTR0001,2024-01-10 13:30:00,218.64,223.02,222.93,9.6,6.61,4.11,0.576,0.276
MTR0001,2024-01-10 13:45:00,219.44,220.89,222.42,9.39,6.74,4.23,0.577,0.3
MTR0001,2024-01-10 14:00:00,220.96,221.83,219.25,9.41,6.42,4.13,0.62,0.254
MTR0001,2024-01-10 14:15:00,219.9,222.45,221.64,9.0,6.68,4.06,0.573,0.285
MTR0001,2024-01-10 14:30:00,219.75,223.31,220.71,9.38,6.33,4.15,0.546,0.275
MTR0001,2024-01-10 14:45:00,221.79,221.38,221.55,9.23,6.71,4.12,0.574,0.335
MTR0001,2024-01-10 15:00:00,221.45,221.85,217.91,8.81,6.23,3.68,0.536,0.273
MTR0001,2024-01-10 15:15:00,224.28,221.04,220.83,9.07,6.01,3.74,0.518,0.277
MTR0001,2024-01-10 15:30:00,219.28,222.11,221.15,8.91,6.47,3.79,0.541,0.268
MTR0001,2024-01-10 15:45:00,220.5,221.86,222.2,8.95,6.34,3.94,0.547,0.3
MTR0001,2024-01-10 16:00:00,218.5,221.42,220.14,8.54,5.74,3.81,0.533,0.18
MTR0001,2024-01-10 16:15:00,220.72,219.23,222.08,8.55,5.86,3.78,0.542,0.225
MTR0001,2024-01-10 16:30:00,220.04,219.32,222.89,8.39,6.01,3.61,0.507,0.29
MTR0001,2024-01-10 16:45:00,220.04,217.41,221.56,8.57,6.38,3.7,0.528,0.233
MTR0001,2024-01-10 17:00:00,219.98,223.5,221.89,7.8,5.53,3.69,0.464,0.232
MTR0001,2024-01-10 17:15:00,220.81,222.98,221.65,7.92,5.4,3.52,0.497,0.237
MTR0001,2024-01-10 17:30:00,221.82,223.02,222.41,7.86,5.59,3.54,0.513,0.278
MTR0001,2024-01-10 17:45:00,219.84,221.7,221.55,8.17,5.61,3.86,0.495,0.242
MTR0001,2024-01-10 18:00:00,220.2,220.93,222.42,7.12,5.04,3.32,0.446,0.186
MTR0001,2024-01-10 18:15:00,221.25,221.38,222.31,7.48,5.18,3.15,0.454,0.208
MTR0001,2024-01-10 18:30:00,218.32,223.05,222.32,7.42,5.34,3.2,0.433,0.261
MTR0001,2024-01-10 18:45:00,221.14,220.59,222.84,7.34,4.99,3.14,0.404,0.213
MTR0001,2024-01-10 19:00:00,222.38,222.78,222.87,6.63,5.04,2.87,0.387,0.205
MTR0001,2024-01-10 19:15:00,220.57,221.54,222.57,7.29,4.86,3.02,0.448,0.159
MTR0001,2024-01-10 19:30:00,217.98,220.06,221.67,6.99,4.96,3.05,0.451,0.171
MTR0001,2024-01-10 19:45:00,218.17,220.77,221.47,6.68,4.6,2.9,0.4,0.181
MTR0001,2024-01-10 20:00:00,218.59,223.19,220.7,6.19,4.25,2.84,0.349,0.186
MTR0001,2024-01-10 20:15:00,222.34,220.65,219.22,5.92,4.7,2.8,0.378,0.2
MTR0001,2024-01-10 20:30:00,219.85,218.74,221.37,6.58,4.54,3.11,0.424,0.182
MTR0001,2024-01-10 20:45:00,221.97,222.16,218.59,6.02,4.49,3.0,0.386,0.226
MTR0001,2024-01-10 21:00:00,218.66,224.47,220.54,5.75,3.96,2.98,0.378,0.21
MTR0001,2024-01-10 21:15:00,221.23,221.88,222.33,5.77,4.04,2.69,0.306,0.193
MTR0001,2024-01-10 21:30:00,223.51,224.06,221.6,6.04,4.07,2.54,0.364,0.214
MTR0001,2024-01-10 21:45:00,221.92,221.43,224.14,5.97,4.03,2.7,0.364,0.189
MTR0001,2024-01-10 22:00:00,220.93,221.58,225.38,5.24,3.55,2.47,0.312,0.187
MTR0001,2024-01-10 22:15:00,221.36,220.86,219.6,5.7,3.94,2.36,0.395,0.155
MTR0001,2024-01-10 22:30:00,220.71,220.26,220.65,5.35,3.95,2.46,0.345,0.165
MTR0001,2024-01-10 22:45:00,221.36,222.44,221.66,5.6,3.76,2.48,0.341,0.165
MTR0001,2024-01-10 23:00:00,220.52,221.29,219.45,5.08,3.81,2.36,0.359,0.118
MTR0001,2024-01-10 23:15:00,218.61,221.79,225.48,5.4,3.57,2.43,0.332,0.168
MTR0001,2024-01-10 23:30:00,223.16,221.08,220.24,5.35,3.83,2.35,0.34,0.164
MTR0001,2024-01-10 23:45:00,221.29,222.07,218.55,5.39,3.68,2.43,0.372,0.148
MTR0001,2024-01-11 00:00:00,219.86,221.54,221.28,3.83,2.44,1.67,0.232,0.128
MTR0001,2024-01-11 00:15:00,219.84,220.67,222.17,3.72,2.42,1.7,0.232,0.119
MTR0001,2024-01-11 00:30:00,222.05,220.24,218.83,3.6,2.49,1.62,0.244,0.086
MTR0001,2024-01-11 00:45:00,221.12,221.34,224.14,3.65,2.43,1.56,0.223,0.105
MTR0001,2024-01-11 01:00:00,221.8,224.91,220.32,3.72,2.34,1.7,0.251,0.077
MTR0001,2024-01-11 01:15:00,220.88,219.24,222.01,3.78,2.36,1.43,0.225,0.102
MTR0001,2024-01-11 01:30:00,222.28,221.03,222.41,3.89,2.42,1.55,0.203,0.094
MTR0001,2024-01-11 01:45:00,220.1,220.96,220.44,3.78,2.21,1.85,0.22,0.104
MTR0001,2024-01-11 02:00:00,223.67,219.61,224.48,3.79,2.66,1.49,0.206,0.133
MTR0001,2024-01-11 02:15:00,220.65,221.67,223.95,3.57,2.7,1.54,0.193,0.107
MTR0001,2024-01-11 02:30:00,224.56,220.92,224.34,3.64,2.39,1.59,0.23,0.124
MTR0001,2024-01-11 02:45:00,222.08,221.61,223.05,3.82,2.77,1.54,0.226,0.123
MTR0001,2024-01-11 03:00:00,220.06,220.08,218.88,3.52,2.55,1.67,0.212,0.112
MTR0001,2024-01-11 03:15:00,222.72,220.71,224.07,3.85,2.53,1.68,0.254,0.101
MTR0001,2024-01-11 03:30:00,221.3,222.57,221.02,3.47,2.5,1.63,0.238,0.076
MTR0001,2024-01-11 03:45:00,220.11,221.61,219.17,3.7,2.55,1.5,0.226,0.119
MTR0001,2024-01-11 04:00:00,222.21,221.87,220.97,4.0,2.59,1.81,0.238,0.092
MTR0001,2024-01-11 04:15:00,221.2,223.23,221.5,3.57,2.82,1.42,0.241,0.084
MTR0001,2024-01-11 04:30:00,219.72,222.22,222.12,3.86,2.58,1.7,0.206,0.132
MTR0001,2024-01-11 04:45:00,221.04,224.05,220.6,3.65,2.79,1.91,0.229,0.131
MTR0001,2024-01-11 05:00:00,223.6,218.39,220.45,3.64,2.82,1.39,0.219,0.109
MTR0001,2024-01-11 05:15:00,222.07,220.74,223.41,3.44,2.54,1.59,0.265,0.117
MTR0001,2024-01-11 05:30:00,221.72,223.31,219.37,3.94,2.22,1.52,0.207,0.09
MTR0001,2024-01-11 05:45:00,224.5,221.44,222.93,3.53,2.35,1.77,0.194,0.132
MTR0001,2024-01-11 06:00:00,220.37,223.39,223.03,7.38,5.15,3.41,0.438,0.259
MTR0001,2024-01-11 06:15:00,220.87,221.31,219.59,7.51,5.03,3.08,0.467,0.194
MTR0001,2024-01-11 06:30:00,223.23,220.44,223.22,7.38,5.24,2.97,0.465,0.218
MTR0001,2024-01-11 06:45:00,220.41,221.23,224.26,7.48,5.13,3.08,0.491,0.159
MTR0001,2024-01-11 07:00:00,220.27,224.07,221.6,7.94,5.95,3.31,0.526,0.218
MTR0001,2024-01-11 07:15:00,218.75,220.13,223.22,8.11,5.76,3.58,0.492,0.249
MTR0001,2024-01-11 07:30:00,221.11,222.27,222.14,7.68,5.44,3.54,0.478,0.221
MTR0001,2024-01-11 07:45:00,221.02,222.31,222.04,8.04,5.63,3.19,0.505,0.216
MTR0001,2024-01-11 08:00:00,221.6,221.42,221.45,8.59,6.33,3.55,0.536,0.296
MTR0001,2024-01-11 08:15:00,222.07,222.57,221.71,8.54,6.02,3.74,0.579,0.223
MTR0001,2024-01-11 08:30:00,221.11,222.21,223.62,8.32,5.96,3.69,0.521,0.258
MTR0001,2024-01-11 08:45:00,222.43,219.07,222.94,8.58,6.0,3.45,0.529,0.246
MTR0001,2024-01-11 09:00:00,220.12,221.4,221.94,8.63,6.07,3.87,0.49,0.292
MTR0001,2024-01-11 09:15:00,223.01,222.79,222.72,8.88,6.04,4.28,0.563,0.248
MTR0001,2024-01-11 09:30:00,217.87,221.13,222.82,8.99,6.4,3.91,0.596,0.227
MTR0001,2024-01-11 09:45:00,221.05,221.26,218.74,8.95,6.49,4.17,0.542,0.304
MTR0001,2024-01-11 10:00:00,222.32,221.88,221.58,9.38,6.49,4.35,0.588,0.241
MTR0001,2024-01-11 10:15:00,221.96,222.37,219.82,8.93,6.61,4.2,0.578,0.295
MTR0001,2024-01-11 10:30:00,218.99,221.94,222.44,9.21,6.65,4.01,0.533,0.342
MTR0001,2024-01-11 10:45:00,222.15,221.03,219.11,9.46,6.73,4.07,0.594,0.311
MTR0001,2024-01-11 11:00:00,219.58,219.87,222.24,9.58,6.77,3.92,0.551,0.326
MTR0001,2024-01-11 11:15:00,221.09,221.74,222.04,9.5,7.03,4.39,0.629,0.214
MTR0001,2024-01-11 11:30:00,221.53,222.0,222.07,9.68,6.75,4.12,0.603,0.323
MTR0001,2024-01-11 11:45:00,220.2,220.89,220.09,9.53,6.82,4.14,0.589,0.306
MTR0001,2024-01-11 12:00:00,219.98,219.58,223.63,9.64,6.65,4.36,0.542,0.343
MTR0001,2024-01-11 12:15:00,222.25,223.5,220.87,9.32,6.64,4.53,0.585,0.291
MTR0001,2024-01-11 12:30:00,221.11,221.8,219.1,9.28,6.8,4.27,0.596,0.311
MTR0001,2024-01-11 12:45:00,219.47,221.97,219.76,9.63,7.23,4.42,0.599,0.234
MTR0001,2024-01-11 13:00:00,221.49,221.1,221.09,9.3,6.79,4.12,0.553,0.278
MTR0001,2024-01-11 13:15:00,221.06,223.33,222.33,9.53,6.66,4.32,0.62,0.213
MTR0001,2024-01-11 13:30:00,220.35,222.4,220.1,9.32,6.54,4.52,0.606,0.254
MTR0001,2024-01-11 13:45:00,219.77,220.91,221.7,9.35,6.55,4.07,0.591,0.267
MTR0001,2024-01-11 14:00:00,219.48,220.37,221.17,9.3,6.53,4.18,0.583,0.293
MTR0001,2024-01-11 14:15:00,221.64,218.77,221.46,9.22,6.61,3.99,0.523,0.308
MTR0001,2024-01-11 14:30:00,219.29,221.79,220.95,9.29,6.55,3.97,0.576,0.286
MTR0001,2024-01-11 14:45:00,217.66,220.62,221.7,9.35,6.33,4.18,0.536,0.329
MTR0001,2024-01-11 15:00:00,219.32,221.38,221.2,8.94,6.35,4.05,0.497,0.311
MTR0001,2024-01-11 15:15:00,221.23,221.22,219.05,8.68,6.24,3.79,0.567,0.207
MTR0001,2024-01-11 15:30:00,221.19,221.26,222.5,8.68,6.25,4.01,0.524,0.309
MTR0001,2024-01-11 15:45:00,222.94,222.31,223.78,8.85,6.1,3.86,0.565,0.233
MTR0001,2024-01-11 16:00:00,221.74,221.27,221.04,8.66,5.97,3.88,0.516,0.225
MTR0001,2024-01-11 16:15:00,220.3,219.59,222.38,8.67,5.81,3.91,0.526,0.258
MTR0001,2024-01-11 16:30:00,222.55,223.98,220.47,8.57,6.09,3.92,0.503,0.282
MTR0001,2024-01-11 16:45:00,222.33,221.41,223.26,8.41,5.79,3.82,0.475,0.243
MTR0001,2024-01-11 17:00:00,220.48,220.13,218.95,7.81,5.57,3.62,0.537,0.205
MTR0001,2024-01-11 17:15:00,222.71,221.77,220.33,7.88,5.4,3.51,0.489,0.221
MTR0001,2024-01-11 17:30:00,220.85,223.62,222.66,7.92,5.64,3.57,0.453,0.263
MTR0001,2024-01-11 17:45:00,219.61,217.37,221.08,7.91,5.57,3.56,0.491,0.219
MTR0001,2024-01-11 18:00:00,218.18,220.56,221.22,7.33,4.98,3.44,0.438,0.203
MTR0001,2024-01-11 18:15:00,223.43,220.73,222.12,7.17,5.06,3.44,0.437,0.188
MTR0001,2024-01-11 18:30:00,223.88,223.91,221.0,7.18,5.04,3.02,0.468,0.185
MTR0001,2024-01-11 18:45:00,219.78,219.1,221.85,7.57,5.1,3.28,0.465,0.23
MTR0001,2024-01-11 19:00:00,219.07,223.52,223.32,6.8,4.61,2.83,0.411,0.239
MTR0001,2024-01-11 19:15:00,222.93,220.55,219.37,7.0,4.86,2.9,0.471,0.169
MTR0001,2024-01-11 19:30:00,223.57,222.41,223.09,6.73,4.8,3.15,0.446,0.199
MTR0001,2024-01-11 19:45:00,221.08,221.26,217.29,6.62,4.85,2.61,0.434,0.147
MTR0001,2024-01-11 20:00:00,221.66,220.38,222.36,6.4,4.6,3.08,0.419,0.159
MTR0001,2024-01-11 20:15:00,220.39,223.28,222.36,6.19,4.62,2.74,0.38,0.208
MTR0001,2024-01-11 20:30:00,221.17,221.01,220.86,5.99,4.38,2.71,0.396,0.15
MTR0001,2024-01-11 20:45:00,221.17,222.45,221.44,6.25,4.49,2.74,0.425,0.173
MTR0001,2024-01-11 21:00:00,219.99,221.45,222.51,5.95,4.24,2.57,0.374,0.189
MTR0001,2024-01-11 21:15:00,220.91,223.76,221.02,5.73,3.92,2.81,0.398,0.14
MTR0001,2024-01-11 21:30:00,219.26,220.91,221.36,5.73,4.06,2.63,0.331,0.2
MTR0001,2024-01-11 21:45:00,221.04,219.93,221.12,5.77,3.78,2.55,0.356,0.176
MTR0001,2024-01-11 22:00:00,219.29,219.31,223.81,5.65,3.48,2.35,0.342,0.122
MTR0001,2024-01-11 22:15:00,219.39,222.99,221.08,5.33,3.81,2.41,0.365,0.125
MTR0001,2024-01-11 22:30:00,221.17,222.93,219.32,5.3,4.03,2.5,0.37,0.131
MTR0001,2024-01-11 22:45:00,221.56,222.95,220.88,5.36,3.74,2.27,0.302,0.15
MTR0001,2024-01-11 23:00:00,220.06,220.66,218.85,5.22,3.69,2.42,0.29,0.192
MTR0001,2024-01-11 23:15:00,218.86,222.95,223.7,5.28,3.67,2.36,0.336,0.169
MTR0001,2024-01-11 23:30:00,220.78,219.94,221.05,5.11,3.75,2.17,0.353,0.116
MTR0001,2024-01-11 23:45:00,221.33,220.53,219.5,5.16,3.58,2.3,0.306,0.133
MTR0001,2024-01-12 00:00:00,224.95,221.22,218.61,3.9,2.69,1.52,0.23,0.128
MTR0001,2024-01-12 00:15:00,219.81,220.1,217.52,3.48,2.73,1.85,0.213,0.108
MTR0001,2024-01-12 00:30:00,219.82,218.8,220.86,3.73,2.53,1.59,0.234,0.11
MTR0001,2024-01-12 00:45:00,220.09,219.59,223.57,3.68,2.89,1.65,0.195,0.135
MTR0001,2024-01-12 01:00:00,223.73,220.11,220.36,3.57,2.62,1.48,0.206,0.091
MTR0001,2024-01-12 01:15:00,223.39,222.34,222.84,3.86,2.35,1.91,0.26,0.106
MTR0001,2024-01-12 01:30:00,220.61,219.3,221.07,3.53,2.53,1.47,0.219,0.107
MTR0001,2024-01-12 01:45:00,220.07,220.65,225.58,3.77,2.71,1.52,0.23,0.124
MTR0001,2024-01-12 02:00:00,222.92,221.14,220.64,3.81,2.68,1.61,0.223,0.126
MTR0001,2024-01-12 02:15:00,221.72,222.62,221.6,3.8,2.63,1.5,0.236,0.094
MTR0001,2024-01-12 02:30:00,221.3,222.72,222.41,3.63,2.65,1.71,0.234,0.103
MTR0001,2024-01-12 02:45:00,222.57,220.73,221.94,3.7,2.61,1.61,0.231,0.104
MTR0001,2024-01-12 03:00:00,222.47,219.35,221.02,3.88,2.75,1.69,0.227,0.114
MTR0001,2024-01-12 03:15:00,220.36,220.93,222.3,3.41,2.85,1.49,0.212,0.123
MTR0001,2024-01-12 03:30:00,218.91,220.09,220.42,3.73,2.48,1.9,0.252,0.104
MTR0001,2024-01-12 03:45:00,216.84,220.35,219.57,3.74,2.65,1.69,0.237,0.123
MTR0001,2024-01-12 04:00:00,218.42,221.29,222.44,3.95,2.42,1.57,0.218,0.093
MTR0001,2024-01-12 04:15:00,219.46,221.55,220.96,3.6,2.52,1.78,0.256,0.123
MTR0001,2024-01-12 04:30:00,220.96,221.23,221.94,3.72,2.64,1.65,0.221,0.115
MTR0001,2024-01-12 04:45:00,221.13,219.53,223.05,3.66,2.56,1.57,0.224,0.091
MTR0001,2024-01-12 05:00:00,223.11,219.47,221.67,3.66,2.72,1.62,0.215,0.111
MTR0001,2024-01-12 05:15:00,220.81,221.38,221.14,3.54,2.36,1.73,0.204,0.125
MTR0001,2024-01-12 05:30:00,220.54,222.22,220.56,3.71,2.72,1.53,0.227,0.113
MTR0001,2024-01-12 05:45:00,220.58,223.21,222.63,3.63,2.54,1.71,0.259,0.094
MTR0001,2024-01-12 06:00:00,219.77,221.46,222.12,7.59,4.92,3.19,0.475,0.214
MTR0001,2024-01-12 06:15:00,222.37,221.78,219.14,7.39,5.23,3.44,0.416,0.259
MTR0001,2024-01-12 06:30:00,220.56,223.39,220.78,7.39,5.23,3.26,0.463,0.182
MTR0001,2024-01-12 06:45:00,222.56,219.6,222.71,7.47,5.41,3.28,0.465,0.227
MTR0001,2024-01-12 07:00:00,223.57,223.09,221.32,8.03,5.54,3.65,0.474,0.244
MTR0001,2024-01-12 07:15:00,220.64,222.36,221.19,7.96,5.54,3.53,0.541,0.211
MTR0001,2024-01-12 07:30:00,220.5,220.99,223.04,8.22,5.75,3.85,0.488,0.271
MTR0001,2024-01-12 07:45:00,221.33,223.18,220.8,7.85,5.66,3.61,0.471,0.217
MTR0001,2024-01-12 08:00:00,222.03,220.9,220.3,8.61,5.79,3.72,0.478,0.298
MTR0001,2024-01-12 08:15:00,220.72,220.39,222.38,8.54,5.87,3.95,0.532,0.261
MTR0001,2024-01-12 08:30:00,221.63,221.26,220.85,8.75,5.76,3.87,0.54,0.278
MTR0001,2024-01-12 08:45:00,219.52,221.95,221.96,8.61,5.99,3.8,0.553,0.29
MTR0001,2024-01-12 09:00:00,220.24,220.76,220.77,8.5,6.36,3.84,0.538,0.244
MTR0001,2024-01-12 09:15:00,220.24,220.03,222.68,9.23,6.2,3.78,0.567,0.255
MTR0001,2024-01-12 09:30:00,217.71,222.8,222.81,8.86,6.49,4.13,0.524,0.336
MTR0001,2024-01-12 09:45:00,220.33,220.77,221.69,9.05,6.19,3.94,0.581,0.245
MTR0001,2024-01-12 10:00:00,216.6,222.25,219.36,9.33,6.57,4.21,0.589,0.3
MTR0001,2024-01-12 10:15:00,220.05,220.37,219.75,9.43,6.49,4.16,0.595,0.245
MTR0001,2024-01-12 10:30:00,218.96,220.58,221.78,9.62,6.42,4.43,0.572,0.287
MTR0001,2024-01-12 10:45:00,219.98,221.27,223.75,9.25,6.24,4.09,0.504,0.323
MTR0001,2024-01-12 11:00:00,221.2,221.7,221.17,9.44,6.78,4.21,0.599,0.248
MTR0001,2024-01-12 11:15:00,220.56,221.27,221.54,9.49,6.81,4.32,0.603,0.289
MTR0001,2024-01-12 11:30:00,221.71,218.84,223.46,9.5,6.7,4.26,0.609,0.245
MTR0001,2024-01-12 11:45:00,220.19,221.43,223.43,9.24,6.56,4.4,0.587,0.303
MTR0001,2024-01-12 12:00:00,219.26,223.98,221.93,9.55,6.7,4.04,0.586,0.313
MTR0001,2024-01-12 12:15:00,220.1,221.25,221.45,9.52,6.78,4.25,0.598,0.288
MTR0001,2024-01-12 12:30:00,224.6,221.26,221.15,9.44,6.78,4.34,0.598,0.309
MTR0001,2024-01-12 12:45:00,220.86,218.93,222.66,9.78,6.59,4.45,0.564,0.317
MTR0001,2024-01-12 13:00:00,218.87,221.1,222.18,9.47,6.75,4.06,0.575,0.322
MTR0001,2024-01-12 13:15:00,221.48,219.76,221.32,9.53,6.93,4.22,0.545,0.336
MTR0001,2024-01-12 13:30:00,222.7,219.73,223.54,9.46,6.77,4.14,0.57,0.332
MTR0001,2024-01-12 13:45:00,220.15,222.54,222.14,9.18,6.8,4.13,0.594,0.235
MTR0001,2024-01-12 14:00:00,219.78,223.33,220.77,9.28,6.39,4.17,0.564,0.224
MTR0001,2024-01-12 14:15:00,218.34,219.64,222.22,9.22,6.59,4.39,0.617,0.21
MTR0001,2024-01-12 14:30:00,214.92,222.03,219.36,9.23,6.51,4.36,0.617,0.2
MTR0001,2024-01-12 14:45:00,221.06,222.3,221.7,9.28,6.73,3.87,0.52,0.32
MTR0001,2024-01-12 15:00:00,221.09,224.11,219.15,8.82,6.43,4.01,0.565,0.304
MTR0001,2024-01-12 15:15:00,221.05,221.53,219.78,8.88,6.6,3.91,0.623,0.217
MTR0001,2024-01-12 15:30:00,222.03,219.63,221.74,9.06,5.99,3.93,0.539,0.298
MTR0001,2024-01-12 15:45:00,221.93,221.91,220.83,8.86,6.3,3.93,0.558,0.197
MTR0001,2024-01-12 16:00:00,221.24,222.19,220.29,8.38,5.95,3.53,0.492,0.255
MTR0001,2024-01-12 16:15:00,219.72,223.07,220.34,8.35,6.0,3.6,0.542,0.243
MTR0001,2024-01-12 16:30:00,219.3,219.77,219.84,8.65,5.9,3.57,0.496,0.278
MTR0001,2024-01-12 16:45:00,220.92,221.38,220.78,8.26,6.07,3.85,0.488,0.283
MTR0001,2024-01-12 17:00:00,221.63,224.68,222.41,7.99,5.68,3.36,0.478,0.257
MTR0001,2024-01-12 17:15:00,222.99,221.72,219.73,7.55,5.6,3.56,0.464,0.23
MTR0001,2024-01-12 17:30:00,220.87,221.24,219.7,7.99,5.69,3.36,0.447,0.279
MTR0001,2024-01-12 17:45:00,223.51,222.94,220.06,8.05,5.7,3.51,0.474,0.27
MTR0001,2024-01-12 18:00:00,223.22,223.02,222.9,7.41,5.03,3.26,0.466,0.249
MTR0001,2024-01-12 18:15:00,223.74,222.1,222.79,7.4,5.41,3.33,0.467,0.253
MTR0001,2024-01-12 18:30:00,222.77,220.79,221.22,7.36,5.05,3.3,0.475,0.162
MTR0001,2024-01-12 18:45:00,221.16,220.15,221.1,7.34,4.86,3.39,0.441,0.256
MTR0001,2024-01-12 19:00:00,219.74,220.33,222.49,6.67,4.81,3.03,0.408,0.168
MTR0001,2024-01-12 19:15:00,219.66,221.4,224.12,6.47,4.54,3.08,0.358,0.196
MTR0001,2024-01-12 19:30:00,220.5,223.55,222.8,6.81,4.66,2.87,0.42,0.157
MTR0001,2024-01-12 19:45:00,222.87,222.74,220.55,6.63,4.69,2.83,0.459,0.155
MTR0001,2024-01-12 20:00:00,220.07,221.58,221.6,6.14,4.28,2.88,0.384,0.171
MTR0001,2024-01-12 20:15:00,219.93,223.83,223.17,6.36,4.24,2.73,0.383,0.212
MTR0001,2024-01-12 20:30:00,219.01,221.01,220.94,5.98,4.27,2.66,0.38,0.156
MTR0001,2024-01-12 20:45:00,219.8,222.86,223.96,6.4,4.32,3.08,0.401,0.209
MTR0001,2024-01-12 21:00:00,219.78,221.14,220.6,5.81,4.28,2.46,0.367,0.194
MTR0001,2024-01-12 21:15:00,222.04,220.23,220.59,6.01,4.11,2.36,0.353,0.136
MTR0001,2024-01-12 21:30:00,219.73,224.29,223.82,5.88,4.3,2.59,0.357,0.16
MTR0001,2024-01-12 21:45:00,220.75,219.9,222.8,5.67,3.99,2.64,0.378,0.134
MTR0001,2024-01-12 22:00:00,217.83,220.86,221.04,5.39,3.94,2.72,0.347,0.199
MTR0001,2024-01-12 22:15:00,220.94,220.59,221.91,5.53,3.89,2.61,0.324,0.176
MTR0001,2024-01-12 22:30:00,219.14,222.25,221.17,5.19,3.92,2.2,0.356,0.127
MTR0001,2024-01-12 22:45:00,220.22,225.57,220.98,5.41,3.74,2.5,0.351,0.175
MTR0001,2024-01-12 23:00:00,222.18,221.13,220.51,5.06,3.75,2.17,0.34,0.161
MTR0001,2024-01-12 23:15:00,224.03,222.76,221.24,5.28,3.9,2.19,0.324,0.145
MTR0001,2024-01-12 23:30:00,217.11,220.13,221.33,5.46,3.79,2.37,0.324,0.178
MTR0001,2024-01-12 23:45:00,220.75,222.1,219.44,5.08,3.77,2.24,0.345,0.114
MTR0001,2024-01-13 00:00:00,220.68,223.57,220.46,3.95,2.5,1.65,0.228,0.105
MTR0001,2024-01-13 00:15:00,220.48,218.56,219.12,3.78,2.35,1.75,0.223,0.116
MTR0001,2024-01-13 00:30:00,221.05,219.88,221.99,3.52,2.47,1.59,0.206,0.107
MTR0001,2024-01-13 00:45:00,218.26,220.55,222.44,3.71,2.41,1.57,0.219,0.123
MTR0001,2024-01-13 01:00:00,219.05,221.37,218.9,3.62,2.61,1.51,0.234,0.119
MTR0001,2024-01-13 01:15:00,217.71,222.11,222.4,3.59,2.51,1.97,0.23,0.126
MTR0001,2024-01-13 01:30:00,217.08,222.35,223.78,3.69,2.45,1.56,0.248,0.107
MTR0001,2024-01-13 01:45:00,220.36,222.92,224.5,3.52,2.68,1.93,0.242,0.132
MTR0001,2024-01-13 02:00:00,219.86,225.97,219.58,3.51,2.64,1.95,0.224,0.13
MTR0001,2024-01-13 02:15:00,220.78,220.13,223.68,3.96,2.68,1.72,0.261,0.092
MTR0001,2024-01-13 02:30:00,220.8,223.39,223.77,3.45,2.6,1.53,0.221,0.078
MTR0001,2024-01-13 02:45:00,220.64,222.61,220.24,3.37,2.94,1.69,0.264,0.093
MTR0001,2024-01-13 03:00:00,217.71,222.25,223.41,3.81,2.5,1.65,0.2,0.122
MTR0001,2024-01-13 03:15:00,219.57,222.94,221.93,3.38,2.65,1.6,0.233,0.124
MTR0001,2024-01-13 03:30:00,218.54,222.86,224.03,3.58,2.53,1.71,0.206,0.122
MTR0001,2024-01-13 03:45:00,221.94,223.72,221.53,3.43,2.55,1.66,0.22,0.124
MTR0001,2024-01-13 04:00:00,220.87,219.57,222.53,3.64,2.53,1.63,0.218,0.084
MTR0001,2024-01-13 04:15:00,220.41,220.29,221.74,3.73,2.55,1.77,0.216,0.136
MTR0001,2024-01-13 04:30:00,220.25,221.01,224.45,3.82,2.49,1.72,0.263,0.085
MTR0001,2024-01-13 04:45:00,217.29,223.24,221.59,3.73,2.68,1.93,0.214,0.136
MTR0001,2024-01-13 05:00:00,219.3,219.51,220.18,3.65,2.62,1.59,0.266,0.102
MTR0001,2024-01-13 05:15:00,220.39,223.45,222.15,3.7,2.56,1.81,0.241,0.098
MTR0001,2024-01-13 05:30:00,220.82,222.18,221.27,3.78,2.61,1.56,0.24,0.119
MTR0001,2024-01-13 05:45:00,219.46,220.67,221.41,3.71,2.84,1.86,0.248,0.116
MTR0001,2024-01-13 06:00:00,222.36,221.19,221.77,7.15,5.22,3.34,0.489,0.185
MTR0001,2024-01-13 06:15:00,220.74,221.71,221.41,7.16,5.05,3.38,0.427,0.262
MTR0001,2024-01-13 06:30:00,219.57,224.04,220.71,7.18,5.13,2.97,0.406,0.237
MTR0001,2024-01-13 06:45:00,221.91,223.03,219.53,7.59,5.12,3.18,0.456,0.214
MTR0001,2024-01-13 07:00:00,221.84,225.46,222.25,7.62,5.55,3.54,0.442,0.278
MTR0001,2024-01-13 07:15:00,223.44,222.44,222.41,7.76,5.67,3.35,0.465,0.244
MTR0001,2024-01-13 07:30:00,221.3,220.75,221.72,8.01,5.75,3.64,0.462,0.264
MTR0001,2024-01-13 07:45:00,220.98,219.9,223.1,8.26,5.56,3.43,0.447,0.284
MTR0001,2024-01-13 08:00:00,223.52,222.47,217.76,8.64,6.14,3.71,0.533,0.293
MTR0001,2024-01-13 08:15:00,218.26,220.59,220.15,8.44,5.98,3.56,0.525,0.208
MTR0001,2024-01-13 08:30:00,220.98,220.47,223.23,8.48,5.98,3.79,0.575,0.275
MTR0001,2024-01-13 08:45:00,220.83,223.57,221.83,8.56,5.95,3.79,0.53,0.21
MTR0001,2024-01-13 09:00:00,220.74,220.85,223.16,8.72,6.24,4.12,0.542,0.28
MTR0001,2024-01-13 09:15:00,220.08,219.43,220.62,8.96,6.49,3.93,0.534,0.323
MTR0001,2024-01-13 09:30:00,221.96,220.02,220.99,8.88,6.37,3.84,0.538,0.241
MTR0001,2024-01-13 09:45:00,221.24,219.79,224.14,8.89,6.01,3.86,0.514,0.282
MTR0001,2024-01-13 10:00:00,220.4,220.54,220.27,9.43,6.73,4.26,0.587,0.273
MTR0001,2024-01-13 10:15:00,219.35,220.83,223.85,9.37,6.61,3.83,0.604,0.248
MTR0001,2024-01-13 10:30:00,218.79,222.52,222.35,9.27,6.51,4.26,0.567,0.297
MTR0001,2024-01-13 10:45:00,220.99,220.11,220.21,9.45,6.56,3.98,0.579,0.313
MTR0001,2024-01-13 11:00:00,223.11,223.6,222.67,9.49,6.71,4.33,0.555,0.313
MTR0001,2024-01-13 11:15:00,220.8,225.02,221.41,9.47,6.86,4.21,0.575,0.284
MTR0001,2024-01-13 11:30:00,218.46,224.78,220.88,9.5,6.42,4.21,0.57,0.293
MTR0001,2024-01-13 11:45:00,220.44,223.19,222.45,9.54,6.57,3.98,0.592,0.293
MTR0001,2024-01-13 12:00:00,218.07,224.4,219.41,9.58,6.77,3.83,0.616,0.217
MTR0001,2024-01-13 12:15:00,219.24,220.3,219.2,9.37,6.54,4.1,0.584,0.259
MTR0001,2024-01-13 12:30:00,220.65,223.65,220.84,9.65,6.77,4.23,0.61,0.294
MTR0001,2024-01-13 12:45:00,220.92,222.03,221.2,9.57,6.83,4.14,0.55,0.293
MTR0001,2024-01-13 13:00:00,218.99,222.22,219.83,9.54,6.68,4.15,0.57,0.309
MTR0001,2024-01-13 13:15:00,219.87,221.56,219.68,9.69,6.45,4.18,0.588,0.303
MTR0001,2024-01-13 13:30:00,221.4,221.04,221.08,9.42,6.69,4.34,0.572,0.333
MTR0001,2024-01-13 13:45:00,221.95,222.19,220.63,9.65,6.6,4.35,0.585,0.3
MTR0001,2024-01-13 14:00:00,221.49,221.44,223.2,9.16,6.52,4.29,0.575,0.295
MTR0001,2024-01-13 14:15:00,219.62,222.71,221.12,9.39,6.73,4.16,0.572,0.327
MTR0001,2024-01-13 14:30:00,222.6,221.17,223.45,9.15,6.69,4.39,0.577,0.282
MTR0001,2024-01-13 14:45:00,219.03,221.3,219.28,9.34,6.5,3.81,0.537,0.323
MTR0001,2024-01-13 15:00:00,222.4,221.29,220.32,8.94,6.6,4.01,0.568,0.303
MTR0001,2024-01-13 15:15:00,220.02,220.49,224.14,8.84,6.4,3.94,0.556,0.309
MTR0001,2024-01-13 15:30:00,221.81,219.83,223.61,8.95,6.45,3.71,0.518,0.279
MTR0001,2024-01-13 15:45:00,220.61,221.93,220.59,8.67,6.22,3.91,0.584,0.213
MTR0001,2024-01-13 16:00:00,220.01,222.81,220.25,8.47,5.95,3.88,0.512,0.258
MTR0001,2024-01-13 16:15:00,219.77,219.55,222.23,8.52,5.93,3.48,0.549,0.193
MTR0001,2024-01-13 16:30:00,222.87,224.82,222.28,8.14,5.9,3.85,0.512,0.21
MTR0001,2024-01-13 16:45:00,220.35,221.89,220.39,8.46,6.16,3.51,0.495,0.235
MTR0001,2024-01-13 17:00:00,220.43,219.32,221.57,8.03,5.83,3.55,0.499,0.262
MTR0001,2024-01-13 17:15:00,219.44,222.28,221.04,7.86,5.49,3.67,0.454,0.277
MTR0001,2024-01-13 17:30:00,217.36,219.94,219.14,7.97,5.53,3.44,0.472,0.236
MTR0001,2024-01-13 17:45:00,220.27,220.06,219.89,8.03,5.83,3.21,0.493,0.185
MTR0001,2024-01-13 18:00:00,223.32,221.49,221.23,7.21,4.92,3.25,0.44,0.186
MTR0001,2024-01-13 18:15:00,220.68,217.7,223.38,7.54,5.27,3.36,0.492,0.234
MTR0001,2024-01-13 18:30:00,216.27,223.97,222.69,7.65,5.39,3.51,0.493,0.215
MTR0001,2024-01-13 18:45:00,220.01,224.45,224.59,7.55,5.19,3.31,0.445,0.24
MTR0001,2024-01-13 19:00:00,223.17,222.97,223.09,6.77,4.53,2.95,0.428,0.158
MTR0001,2024-01-13 19:15:00,217.72,223.02,221.32,6.93,4.85,2.99,0.441,0.173
MTR0001,2024-01-13 19:30:00,219.95,222.37,221.94,6.79,4.94,2.92,0.429,0.199
MTR0001,2024-01-13 19:45:00,219.34,220.49,223.0,6.91,4.28,3.0,0.358,0.232
MTR0001,2024-01-13 20:00:00,219.13,221.18,220.94,6.29,4.34,2.69,0.37,0.185
MTR0001,2024-01-13 20:15:00,220.69,220.33,220.29,6.36,4.34,2.86,0.35,0.206
MTR0001,2024-01-13 20:30:00,219.56,222.49,220.93,6.22,4.61,2.97,0.402,0.23
MTR0001,2024-01-13 20:45:00,219.39,220.34,220.46,6.16,4.15,2.9,0.388,0.145
MTR0001,2024-01-13 21:00:00,220.78,221.11,221.42,6.01,4.12,2.46,0.378,0.145
MTR0001,2024-01-13 21:15:00,221.65,222.6,221.9,5.82,4.08,2.67,0.379,0.175
MTR0001,2024-01-13 21:30:00,218.79,220.27,220.22,5.68,4.02,2.61,0.34,0.153
MTR0001,2024-01-13 21:45:00,221.86,219.57,222.22,5.84,4.22,2.6,0.376,0.15
MTR0001,2024-01-13 22:00:00,220.3,222.0,219.23,5.34,3.75,2.36,0.346,0.127
MTR0001,2024-01-13 22:15:00,219.52,220.29,224.75,5.42,3.84,2.41,0.325,0.182
MTR0001,2024-01-13 22:30:00,218.65,222.43,220.3,5.44,3.84,2.34,0.337,0.165
MTR0001,2024-01-13 22:45:00,221.39,221.76,221.29,5.63,3.76,2.48,0.326,0.162
MTR0001,2024-01-13 23:00:00,219.23,221.29,220.89,5.5,3.52,2.34,0.317,0.182
MTR0001,2024-01-13 23:15:00,220.38,220.81,221.6,5.38,3.44,2.2,0.323,0.165
MTR0001,2024-01-13 23:30:00,222.18,223.42,220.53,5.34,3.58,2.66,0.365,0.131
MTR0001,2024-01-13 23:45:00,220.44,223.01,221.54,5.11,3.89,2.15,0.277,0.11
MTR0001,2024-01-14 00:00:00,219.68,222.04,221.93,3.65,2.7,1.48,0.222,0.098
MTR0001,2024-01-14 00:15:00,220.94,222.72,222.7,3.92,2.55,1.55,0.261,0.096
MTR0001,2024-01-14 00:30:00,217.29,222.05,220.89,3.76,2.74,1.66,0.248,0.118
MTR0001,2024-01-14 00:45:00,221.23,221.84,219.6,3.64,2.63,1.47,0.221,0.128
MTR0001,2024-01-14 01:00:00,221.99,221.17,219.73,3.74,2.77,1.75,0.225,0.117
MTR0001,2024-01-14 01:15:00,219.8,220.49,223.16,3.3,2.53,1.67,0.187,0.116
MTR0001,2024-01-14 01:30:00,221.63,219.16,222.64,3.81,2.62,1.87,0.262,0.132
MTR0001,2024-01-14 01:45:00,221.05,221.94,222.12,3.48,2.57,1.61,0.211,0.082
MTR0001,2024-01-14 02:00:00,220.63,222.25,221.75,3.56,2.52,1.47,0.242,0.084
MTR0001,2024-01-14 02:15:00,217.01,221.52,221.24,3.69,2.64,1.53,0.253,0.101
MTR0001,2024-01-14 02:30:00,221.38,221.6,222.74,3.56,2.47,1.53,0.235,0.078
MTR0001,2024-01-14 02:45:00,219.49,219.64,222.13,3.47,2.8,1.45,0.234,0.127
MTR0001,2024-01-14 03:00:00,220.35,222.28,223.71,3.74,2.5,1.39,0.228,0.1
MTR0001,2024-01-14 03:15:00,219.91,221.26,223.84,3.52,2.39,1.7,0.254,0.086
MTR0001,2024-01-14 03:30:00,221.13,221.54,217.08,3.92,2.67,1.68,0.269,0.082
MTR0001,2024-01-14 03:45:00,221.14,219.43,220.74,3.52,2.78,1.9,0.238,0.123
MTR0001,2024-01-14 04:00:00,221.58,220.79,221.21,3.47,2.47,1.78,0.222,0.129
MTR0001,2024-01-14 04:15:00,218.77,218.83,222.23,3.93,2.65,1.73,0.223,0.096
MTR0001,2024-01-14 04:30:00,219.75,223.06,219.14,3.73,2.65,1.81,0.191,0.131
MTR0001,2024-01-14 04:45:00,219.1,219.58,221.59,3.65,2.82,1.44,0.246,0.121
MTR0001,2024-01-14 05:00:00,219.76,222.11,219.58,3.81,2.59,1.57,0.264,0.113
MTR0001,2024-01-14 05:15:00,219.14,219.89,221.75,3.62,2.31,1.76,0.186,0.107
MTR0001,2024-01-14 05:30:00,224.2,221.88,219.59,3.82,2.58,1.62,0.23,0.109
MTR0001,2024-01-14 05:45:00,221.58,220.6,223.03,3.72,2.64,1.56,0.15,0.128
MTR0001,2024-01-14 06:00:00,221.95,221.01,220.8,7.19,5.35,3.35,0.471,0.172
MTR0001,2024-01-14 06:15:00,219.67,221.83,220.89,7.31,5.31,3.21,0.408,0.244
MTR0001,2024-01-14 06:30:00,221.53,221.54,222.86,7.13,5.1,3.25,0.462,0.222
MTR0001,2024-01-14 06:45:00,218.97,225.35,221.91,7.41,5.27,3.34,0.492,0.208
MTR0001,2024-01-14 07:00:00,221.76,221.03,220.12,7.88,5.59,3.27,0.491,0.211
MTR0001,2024-01-14 07:15:00,224.7,224.85,223.43,8.35,5.46,3.62,0.528,0.194
MTR0001,2024-01-14 07:30:00,218.83,221.66,221.75,7.94,5.57,3.69,0.499,0.215
MTR0001,2024-01-14 07:45:00,220.7,223.34,222.14,7.99,5.57,3.6,0.544,0.179
MTR0001,2024-01-14 08:00:00,222.73,221.44,220.21,8.55,5.93,3.85,0.503,0.254
MTR0001,2024-01-14 08:15:00,219.1,220.81,220.66,8.37,6.2,3.75,0.534,0.249
MTR0001,2024-01-14 08:30:00,222.44,223.45,224.31,8.38,5.87,3.88,0.556,0.222
MTR0001,2024-01-14 08:45:00,220.8,221.32,220.29,8.52,5.88,3.8,0.546,0.286
MTR0001,2024-01-14 09:00:00,220.34,221.08,220.53,8.8,6.22,3.76,0.577,0.239
MTR0001,2024-01-14 09:15:00,219.82,222.18,221.58,8.88,6.34,3.97,0.54,0.205
MTR0001,2024-01-14 09:30:00,219.59,220.9,221.05,8.84,6.34,3.97,0.501,0.279
MTR0001,2024-01-14 09:45:00,220.32,221.17,219.57,8.86,6.17,3.91,0.523,0.261
MTR0001,2024-01-14 10:00:00,220.57,220.3,222.86,9.32,6.54,4.0,0.61,0.202
MTR0001,2024-01-14 10:15:00,222.3,222.79,222.71,9.27,6.6,4.17,0.593,0.26
MTR0001,2024-01-14 10:30:00,219.6,220.91,222.02,9.31,6.63,4.28,0.573,0.31
MTR0001,2024-01-14 10:45:00,221.98,221.67,220.46,9.24,6.57,4.34,0.552,0.334
MTR0001,2024-01-14 11:00:00,220.39,223.62,223.58,9.52,6.51,4.3,0.623,0.273
MTR0001,2024-01-14 11:15:00,221.31,221.73,224.49,9.55,6.67,4.1,0.587,0.245
MTR0001,2024-01-14 11:30:00,220.46,222.57,220.82,9.74,6.51,4.41,0.56,0.309
MTR0001,2024-01-14 11:45:00,220.1,223.14,222.82,9.45,7.17,4.18,0.64,0.217
MTR0001,2024-01-14 12:00:00,218.66,219.47,221.2,9.53,6.89,4.36,0.61,0.216
MTR0001,2024-01-14 12:15:00,218.88,219.97,221.77,9.68,6.81,4.22,0.635,0.195
MTR0001,2024-01-14 12:30:00,219.55,220.56,221.68,9.43,6.75,4.22,0.547,0.334
MTR0001,2024-01-14 12:45:00,220.12,222.39,222.73,9.5,6.64,4.36,0.547,0.345
MTR0001,2024-01-14 13:00:00,220.33,223.9,220.54,9.18,6.77,4.25,0.542,0.335
MTR0001,2024-01-14 13:15:00,222.32,221.48,222.39,9.45,6.8,4.24,0.603,0.247
MTR0001,2024-01-14 13:30:00,219.07,221.04,216.52,9.39,6.69,4.3,0.598,0.232
MTR0001,2024-01-14 13:45:00,219.14,219.08,223.12,9.41,6.91,3.82,0.607,0.2
MTR0001,2024-01-14 14:00:00,219.98,222.24,219.42,9.35,6.49,4.24,0.54,0.302
MTR0001,2024-01-14 14:15:00,219.85,219.14,222.05,8.93,6.75,4.42,0.57,0.255
MTR0001,2024-01-14 14:30:00,221.68,222.26,220.63,9.03,7.04,4.1,0.59,0.255
MTR0001,2024-01-14 14:45:00,220.52,223.5,221.89,9.32,6.36,4.07,0.621,0.209
MTR0001,2024-01-14 15:00:00,218.88,219.76,221.52,8.96,6.25,3.89,0.544,0.264
MTR0001,2024-01-14 15:15:00,222.92,220.98,222.03,8.72,6.34,3.9,0.581,0.197
MTR0001,2024-01-14 15:30:00,222.69,221.51,220.79,8.81,6.27,3.9,0.571,0.231
MTR0001,2024-01-14 15:45:00,221.17,225.04,220.29,9.14,6.37,4.1,0.599,0.247
MTR0001,2024-01-14 16:00:00,219.8,219.51,221.44,8.68,5.93,3.88,0.52,0.277
MTR0001,2024-01-14 16:15:00,217.68,221.9,222.84,8.26,5.88,3.85,0.503,0.228
MTR0001,2024-01-14 16:30:00,219.85,219.24,222.96,8.66,6.21,3.79,0.576,0.227
MTR0001,2024-01-14 16:45:00,221.98,221.09,223.24,8.51,5.76,3.8,0.553,0.243
MTR0001,2024-01-14 17:00:00,222.68,221.46,223.26,8.09,5.67,3.6,0.47,0.262
MTR0001,2024-01-14 17:15:00,219.06,221.79,224.53,8.03,5.6,3.15,0.507,0.186
MTR0001,2024-01-14 17:30:00,221.65,220.59,222.99,7.88,5.54,3.53,0.504,0.209
MTR0001,2024-01-14 17:45:00,220.09,220.08,223.14,7.86,5.68,3.45,0.484,0.213
MTR0001,2024-01-14 18:00:00,220.34,220.15,222.35,7.18,5.55,3.46,0.548,0.176
MTR0001,2024-01-14 18:15:00,218.2,221.28,221.31,7.26,5.21,3.17,0.416,0.236
MTR0001,2024-01-14 18:30:00,219.98,219.98,220.29,7.38,5.01,3.16,0.47,0.172
MTR0001,2024-01-14 18:45:00,221.95,221.65,222.19,7.64,5.32,3.23,0.465,0.222
MTR0001,2024-01-14 19:00:00,220.55,220.14,224.77,6.51,4.69,2.92,0.36,0.202
MTR0001,2024-01-14 19:15:00,220.94,223.93,223.75,6.89,4.81,2.96,0.441,0.162
MTR0001,2024-01-14 19:30:00,220.49,222.51,222.05,6.77,5.02,2.57,0.411,0.169
MTR0001,2024-01-14 19:45:00,220.78,221.05,219.32,7.09,4.91,3.14,0.393,0.203
MTR0001,2024-01-14 20:00:00,223.0,223.24,222.28,6.18,4.29,2.69,0.342,0.195
MTR0001,2024-01-14 20:15:00,221.56,223.06,221.99,5.68,4.5,2.56,0.324,0.179
MTR0001,2024-01-14 20:30:00,220.83,221.05,219.84,6.1,4.27,2.74,0.396,0.189
MTR0001,2024-01-14 20:45:00,220.47,223.67,223.56,6.26,4.68,2.69,0.421,0.194
MTR0001,2024-01-14 21:00:00,220.05,220.08,220.56,5.61,4.16,2.36,0.347,0.148
MTR0001,2024-01-14 21:15:00,220.84,221.8,223.21,5.74,4.23,2.7,0.376,0.2
MTR0001,2024-01-14 21:30:00,223.8,221.67,223.21,5.83,4.18,2.33,0.365,0.206
MTR0001,2024-01-14 21:45:00,220.95,221.2,220.01,5.76,3.9,2.52,0.375,0.172
MTR0001,2024-01-14 22:00:00,221.59,223.63,220.75,5.52,3.69,2.79,0.34,0.179
MTR0001,2024-01-14 22:15:00,221.15,222.4,220.15,5.43,3.86,2.31,0.32,0.185
MTR0001,2024-01-14 22:30:00,220.64,221.43,222.81,5.53,3.91,1.97,0.309,0.189
MTR0001,2024-01-14 22:45:00,223.3,222.06,219.14,5.67,3.89,2.36,0.34,0.185
MTR0001,2024-01-14 23:00:00,221.42,221.96,221.6,5.34,3.43,2.34,0.314,0.117
MTR0001,2024-01-14 23:15:00,219.25,221.32,225.84,5.24,3.61,2.29,0.349,0.12
MTR0001,2024-01-14 23:30:00,222.75,220.6,219.35,5.21,3.64,2.2,0.27,0.167
MTR0001,2024-01-14 23:45:00,221.74,218.98,222.11,5.15,3.83,2.06,0.294,0.144
MTR0001,2024-01-15 00:00:00,223.16,221.63,223.48,3.59,2.32,1.52,0.184,0.108
MTR0001,2024-01-15 00:15:00,223.31,224.91,222.48,3.53,2.47,1.77,0.216,0.125
MTR0001,2024-01-15 00:30:00,221.77,222.66,222.83,3.74,2.62,1.73,0.256,0.124
MTR0001,2024-01-15 00:45:00,219.22,222.34,221.7,3.63,2.6,1.38,0.208,0.093
MTR0001,2024-01-15 01:00:00,219.97,220.67,222.15,3.43,2.38,1.64,0.226,0.122
MTR0001,2024-01-15 01:15:00,220.86,223.4,220.14,3.77,2.43,1.77,0.239,0.091
MTR0001,2024-01-15 01:30:00,222.35,219.64,218.08,3.64,2.67,1.66,0.22,0.135
MTR0001,2024-01-15 01:45:00,220.11,223.42,223.14,3.66,2.75,1.27,0.218,0.124
MTR0001,2024-01-15 02:00:00,221.73,224.06,221.24,3.51,2.59,1.3,0.221,0.083
MTR0001,2024-01-15 02:15:00,220.69,223.08,220.57,3.74,2.43,1.75,0.222,0.112
MTR0001,2024-01-15 02:30:00,221.25,220.66,221.63,3.62,2.55,1.65,0.224,0.083
MTR0001,2024-01-15 02:45:00,219.9,221.27,223.92,3.52,2.25,1.55,0.194,0.118
MTR0001,2024-01-15 03:00:00,220.3,222.02,218.93,3.83,2.69,1.45,0.258,0.104
MTR0001,2024-01-15 03:15:00,217.91,221.47,224.37,3.77,2.6,1.57,0.222,0.125
MTR0001,2024-01-15 03:30:00,220.6,220.52,219.84,3.71,2.72,1.76,0.255,0.094
MTR0001,2024-01-15 03:45:00,222.88,224.53,221.52,3.59,2.42,1.7,0.208,0.13
MTR0001,2024-01-15 04:00:00,220.2,222.96,220.94,3.71,2.72,1.55,0.269,0.096
MTR0001,2024-01-15 04:15:00,221.31,220.63,221.53,3.45,2.43,1.76,0.205,0.095
MTR0001,2024-01-15 04:30:00,222.71,217.77,220.9,3.23,2.48,1.56,0.205,0.113
MTR0001,2024-01-15 04:45:00,219.97,222.32,221.94,3.61,2.64,1.62,0.207,0.093
MTR0001,2024-01-15 05:00:00,219.56,221.67,221.62,3.91,2.66,1.23,0.224,0.122
MTR0001,2024-01-15 05:15:00,220.51,221.03,220.3,3.55,2.77,1.57,0.241,0.078
MTR0001,2024-01-15 05:30:00,221.34,224.96,219.51,3.63,2.22,1.59,0.211,0.09
MTR0001,2024-01-15 05:45:00,222.51,221.77,221.56,3.57,2.77,1.65,0.21,0.124
MTR0001,2024-01-15 06:00:00,220.19,220.18,222.18,7.17,5.19,3.4,0.388,0.252
MTR0001,2024-01-15 06:15:00,218.43,224.6,219.15,7.74,5.28,3.19,0.439,0.253
MTR0001,2024-01-15 06:30:00,220.83,220.82,222.43,7.24,5.3,3.3,0.48,0.186
MTR0001,2024-01-15 06:45:00,222.88,223.34,221.9,7.53,5.53,3.19,0.468,0.242
MTR0001,2024-01-15 07:00:00,220.61,221.48,223.46,7.81,5.56,3.17,0.446,0.248
MTR0001,2024-01-15 07:15:00,223.32,218.08,222.8,8.08,5.65,3.61,0.547,0.171
MTR0001,2024-01-15 07:30:00,222.41,223.27,223.12,7.82,5.58,3.56,0.467,0.223
MTR0001,2024-01-15 07:45:00,223.12,219.82,221.76,7.81,5.48,3.6,0.467,0.282
MTR0001,2024-01-15 08:00:00,221.54,223.82,222.56,8.57,6.02,3.54,0.519,0.236
MTR0001,2024-01-15 08:15:00,221.0,222.6,221.86,8.74,5.95,3.5,0.483,0.307
MTR0001,2024-01-15 08:30:00,221.99,222.38,223.35,8.15,6.07,3.56,0.531,0.299
MTR0001,2024-01-15 08:45:00,220.49,222.68,222.28,8.67,5.95,3.87,0.519,0.285
MTR0001,2024-01-15 09:00:00,221.5,219.85,221.29,9.21,6.32,3.91,0.595,0.224
MTR0001,2024-01-15 09:15:00,221.12,221.35,219.71,9.01,6.27,3.72,0.575,0.205
MTR0001,2024-01-15 09:30:00,222.15,220.69,221.3,9.03,6.48,3.89,0.579,0.274
MTR0001,2024-01-15 09:45:00,221.11,221.29,222.76,8.77,6.16,3.79,0.535,0.291
MTR0001,2024-01-15 10:00:00,220.27,222.65,223.11,9.38,6.5,3.96,0.544,0.274
MTR0001,2024-01-15 10:15:00,219.24,222.62,222.01,9.28,6.85,4.3,0.551,0.34
MTR0001,2024-01-15 10:30:00,221.15,221.68,223.84,9.36,6.45,4.11,0.595,0.229
MTR0001,2024-01-15 10:45:00,219.3,225.02,220.87,8.95,6.46,3.85,0.515,0.288
MTR0001,2024-01-15 11:00:00,220.8,222.05,221.34,9.27,6.78,4.51,0.56,0.333
MTR0001,2024-01-15 11:15:00,222.08,220.79,222.67,9.52,6.91,4.33,0.607,0.239
MTR0001,2024-01-15 11:30:00,219.53,221.63,222.0,9.73,6.51,4.29,0.616,0.274
MTR0001,2024-01-15 11:45:00,221.32,222.07,221.16,9.39,6.7,4.51,0.529,0.332
MTR0001,2024-01-15 12:00:00,222.63,220.95,220.94,9.54,6.77,4.27,0.587,0.307
MTR0001,2024-01-15 12:15:00,221.48,222.49,220.88,9.2,6.67,4.12,0.6,0.241
MTR0001,2024-01-15 12:30:00,219.51,221.49,221.27,9.47,7.11,4.14,0.564,0.353
MTR0001,2024-01-15 12:45:00,221.23,221.07,221.86,9.83,6.63,4.26,0.615,0.265
MTR0001,2024-01-15 13:00:00,222.19,219.65,225.05,9.61,6.45,4.11,0.571,0.34
MTR0001,2024-01-15 13:15:00,222.53,223.66,221.44,9.69,6.61,4.17,0.585,0.337
MTR0001,2024-01-15 13:30:00,218.54,221.82,220.59,9.57,6.57,4.1,0.563,0.276
MTR0001,2024-01-15 13:45:00,222.38,221.4,223.01,9.51,6.64,4.15,0.632,0.271
MTR0001,2024-01-15 14:00:00,221.78,222.75,221.29,9.35,6.59,3.91,0.529,0.32
MTR0001,2024-01-15 14:15:00,219.45,221.24,221.61,9.23,6.78,4.24,0.584,0.256
MTR0001,2024-01-15 14:30:00,219.63,222.57,221.84,9.25,6.75,4.18,0.578,0.307
MTR0001,2024-01-15 14:45:00,222.5,223.34,224.6,9.52,6.42,4.26,0.569,0.307
MTR0001,2024-01-15 15:00:00,223.54,222.23,223.25,8.87,6.4,4.09,0.578,0.268
MTR0001,2024-01-15 15:15:00,220.54,220.19,222.12,8.9,6.17,4.22,0.507,0.322
MTR0001,2024-01-15 15:30:00,221.56,222.61,217.97,8.71,6.26,4.05,0.52,0.296
MTR0001,2024-01-15 15:45:00,221.93,220.51,222.7,8.77,6.21,3.75,0.555,0.183
MTR0001,2024-01-15 16:00:00,219.83,221.1,217.95,8.42,6.12,3.85,0.529,0.247
MTR0001,2024-01-15 16:15:00,221.02,220.76,220.0,8.54,5.89,3.9,0.525,0.247
MTR0001,2024-01-15 16:30:00,221.91,222.6,221.94,8.42,6.06,3.62,0.52,0.247
MTR0001,2024-01-15 16:45:00,222.57,221.7,222.8,8.67,5.69,3.75,0.493,0.295
MTR0001,2024-01-15 17:00:00,220.31,219.49,220.68,7.91,5.79,3.85,0.465,0.293
MTR0001,2024-01-15 17:15:00,219.87,223.86,221.45,7.82,5.5,3.75,0.491,0.271
MTR0001,2024-01-15 17:30:00,220.5,222.63,218.09,7.94,5.73,3.4,0.442,0.247
MTR0001,2024-01-15 17:45:00,221.48,221.95,220.98,8.23,5.7,3.71,0.508,0.29
MTR0001,2024-01-15 18:00:00,219.37,219.29,219.67,7.48,5.15,3.18,0.463,0.207
MTR0001,2024-01-15 18:15:00,222.21,224.82,220.45,7.15,5.17,3.23,0.474,0.174
MTR0001,2024-01-15 18:30:00,221.24,220.63,220.56,7.13,5.07,3.56,0.415,0.237
MTR0001,2024-01-15 18:45:00,218.7,221.31,220.88,7.41,5.12,3.09,0.43,0.172
MTR0001,2024-01-15 19:00:00,218.49,224.88,220.05,6.76,4.83,2.97,0.428,0.159
MTR0001,2024-01-15 19:15:00,221.01,220.75,220.23,6.99,4.97,3.16,0.462,0.167
MTR0001,2024-01-15 19:30:00,220.47,220.99,222.3,6.51,4.76,3.0,0.412,0.166
MTR0001,2024-01-15 19:45:00,221.18,221.13,222.84,6.8,4.9,3.02,0.456,0.162
MTR0001,2024-01-15 20:00:00,219.17,219.45,221.66,6.17,4.56,2.89,0.349,0.216
MTR0001,2024-01-15 20:15:00,219.37,222.28,221.22,6.29,4.54,2.71,0.387,0.19
MTR0001,2024-01-15 20:30:00,218.51,222.43,220.33,6.27,4.37,2.91,0.382,0.201
MTR0001,2024-01-15 20:45:00,217.4,224.52,218.52,6.25,4.5,2.67,0.35,0.217
MTR0001,2024-01-15 21:00:00,221.93,221.63,221.5,5.71,4.14,2.74,0.386,0.188
MTR0001,2024-01-15 21:15:00,220.48,220.83,220.34,5.66,4.0,2.49,0.321,0.192
MTR0001,2024-01-15 21:30:00,220.46,221.85,221.03,5.96,4.17,2.34,0.378,0.145
MTR0001,2024-01-15 21:45:00,220.41,221.54,220.89,5.92,4.04,2.56,0.344,0.187
MTR0001,2024-01-15 22:00:00,219.15,220.95,222.3,5.39,3.6,2.35,0.32,0.147
MTR0001,2024-01-15 22:15:00,218.46,222.01,221.36,5.74,3.8,2.3,0.34,0.176
MTR0001,2024-01-15 22:30:00,220.66,224.02,220.45,5.45,4.06,2.46,0.365,0.155
MTR0001,2024-01-15 22:45:00,221.83,218.43,217.93,5.4,3.94,2.47,0.319,0.201
MTR0001,2024-01-15 23:00:00,221.98,222.26,223.38,5.2,3.64,2.27,0.335,0.154
MTR0001,2024-01-15 23:15:00,222.5,220.34,225.01,5.32,3.76,2.31,0.365,0.157
MTR0001,2024-01-15 23:30:00,221.4,221.96,220.77,5.22,3.59,2.32,0.311,0.153
MTR0001,2024-01-15 23:45:00,219.21,219.18,221.94,5.22,3.69,2.4,0.328,0.136
MTR0001,2024-01-16 00:00:00,220.84,223.68,223.05,3.8,2.68,1.58,0.24,0.113
MTR0001,2024-01-16 00:15:00,223.08,220.85,218.25,3.81,2.65,1.83,0.262,0.114
MTR0001,2024-01-16 00:30:00,223.06,222.17,221.74,3.92,2.8,1.73,0.239,0.103
MTR0001,2024-01-16 00:45:00,220.72,221.31,221.3,3.67,2.53,1.67,0.228,0.115
MTR0001,2024-01-16 01:00:00,220.63,221.8,221.03,3.65,2.36,1.69,0.22,0.125
MTR0001,2024-01-16 01:15:00,221.32,222.93,221.4,3.7,2.85,1.76,0.187,0.121
MTR0001,2024-01-16 01:30:00,222.56,221.46,220.89,3.69,2.55,1.64,0.227,0.084
MTR0001,2024-01-16 01:45:00,220.3,219.93,220.45,3.5,2.41,1.48,0.215,0.119
MTR0001,2024-01-16 02:00:00,219.87,219.6,226.43,3.79,2.56,1.77,0.277,0.086
MTR0001,2024-01-16 02:15:00,216.85,220.27,222.25,3.7,2.58,1.49,0.195,0.122
MTR0001,2024-01-16 02:30:00,221.83,223.09,222.72,3.63,2.61,1.7,0.245,0.099
MTR0001,2024-01-16 02:45:00,218.1,220.78,221.42,3.66,2.63,1.43,0.192,0.109
MTR0001,2024-01-16 03:00:00,222.59,221.18,221.96,3.67,2.9,1.52,0.24,0.136
MTR0001,2024-01-16 03:15:00,221.66,219.11,224.71,3.43,2.62,1.61,0.196,0.081
MTR0001,2024-01-16 03:30:00,221.43,220.36,222.38,3.63,2.77,1.84,0.275,0.113
MTR0001,2024-01-16 03:45:00,221.04,220.8,222.62,3.78,2.49,1.74,0.24,0.083
MTR0001,2024-01-16 04:00:00,219.17,223.5,217.33,3.66,2.77,1.43,0.223,0.128
MTR0001,2024-01-16 04:15:00,218.7,219.92,220.57,3.68,2.55,1.68,0.195,0.135
MTR0001,2024-01-16 04:30:00,221.47,224.22,224.02,3.62,2.98,1.64,0.238,0.119
MTR0001,2024-01-16 04:45:00,217.7,219.91,223.31,3.84,2.58,1.58,0.223,0.114
MTR0001,2024-01-16 05:00:00,220.22,221.93,223.64,3.63,2.63,1.74,0.258,0.131
MTR0001,2024-01-16 05:15:00,219.11,219.29,221.91,3.7,2.78,1.72,0.229,0.122
MTR0001,2024-01-16 05:30:00,221.49,219.95,222.91,3.57,2.58,1.84,0.214,0.127
MTR0001,2024-01-16 05:45:00,221.59,220.83,220.79,3.78,2.43,1.52,0.275,0.084
MTR0001,2024-01-16 06:00:00,223.52,219.84,219.14,7.18,5.38,3.53,0.444,0.239
MTR0001,2024-01-16 06:15:00,223.52,219.81,220.41,7.26,4.78,3.28,0.462,0.181
MTR0001,2024-01-16 06:30:00,220.51,222.04,221.99,7.37,5.27,3.1,0.47,0.195
MTR0001,2024-01-16 06:45:00,220.71,221.88,222.39,7.04,5.34,3.4,0.473,0.181
MTR0001,2024-01-16 07:00:00,219.26,221.86,221.7,7.89,5.66,3.53,0.43,0.287
MTR0001,2024-01-16 07:15:00,220.18,223.12,222.47,7.86,5.59,3.52,0.458,0.253
MTR0001,2024-01-16 07:30:00,219.82,221.45,223.72,8.0,5.36,3.26,0.447,0.27
MTR0001,2024-01-16 07:45:00,224.96,219.0,222.47,8.28,5.77,3.53,0.493,0.276
MTR0001,2024-01-16 08:00:00,219.55,219.97,219.8,8.51,5.9,3.37,0.508,0.254
MTR0001,2024-01-16 08:15:00,220.31,223.66,223.04,8.43,5.94,3.82,0.527,0.288
MTR0001,2024-01-16 08:30:00,222.5,219.61,222.95,8.56,5.68,3.96,0.581,0.191
MTR0001,2024-01-16 08:45:00,222.75,219.82,220.21,8.33,6.01,4.03,0.551,0.224
MTR0001,2024-01-16 09:00:00,223.98,219.76,223.04,8.76,6.21,4.08,0.563,0.295
MTR0001,2024-01-16 09:15:00,222.35,223.33,219.2,8.67,6.2,3.89,0.557,0.238
MTR0001,2024-01-16 09:30:00,220.52,222.85,221.16,8.94,6.48,4.08,0.54,0.303
MTR0001,2024-01-16 09:45:00,220.3,222.11,219.98,9.02,6.3,3.85,0.511,0.308
MTR0001,2024-01-16 10:00:00,222.02,218.75,220.26,9.04,6.48,4.19,0.522,0.313
MTR0001,2024-01-16 10:15:00,217.54,222.69,218.54,9.09,6.59,4.13,0.534,0.268
MTR0001,2024-01-16 10:30:00,220.58,220.27,220.28,9.21,6.65,4.07,0.574,0.308
MTR0001,2024-01-16 10:45:00,218.54,220.97,223.34,9.0,6.37,4.03,0.53,0.319
MTR0001,2024-01-16 11:00:00,220.53,225.12,221.7,9.64,6.83,4.21,0.623,0.259
MTR0001,2024-01-16 11:15:00,224.03,224.28,220.1,9.78,6.6,4.27,0.642,0.222
MTR0001,2024-01-16 11:30:00,219.46,220.87,224.11,9.33,6.51,4.45,0.622,0.265
MTR0001,2024-01-16 11:45:00,223.88,222.54,221.88,9.48,6.7,4.12,0.553,0.329
MTR0001,2024-01-16 12:00:00,220.57,222.23,222.29,9.88,6.83,4.42,0.59,0.36
MTR0001,2024-01-16 12:15:00,222.19,221.63,221.58,9.69,6.6,4.07,0.572,0.326
MTR0001,2024-01-16 12:30:00,221.85,222.29,221.51,9.46,6.82,4.53,0.602,0.272
MTR0001,2024-01-16 12:45:00,220.44,221.98,219.5,9.33,6.84,4.42,0.577,0.295
MTR0001,2024-01-16 13:00:00,221.48,219.89,223.35,9.58,6.94,4.12,0.649,0.267
MTR0001,2024-01-16 13:15:00,217.59,222.08,219.15,9.5,6.72,4.13,0.559,0.297
MTR0001,2024-01-16 13:30:00,222.71,222.09,222.81,9.45,7.11,4.13,0.607,0.299
MTR0001,2024-01-16 13:45:00,219.76,220.93,221.12,9.85,6.67,4.09,0.613,0.282
MTR0001,2024-01-16 14:00:00,218.8,223.01,221.46,9.44,6.62,4.12,0.589,0.209
MTR0001,2024-01-16 14:15:00,220.71,221.19,225.7,9.33,6.37,4.22,0.57,0.321
MTR0001,2024-01-16 14:30:00,219.44,223.56,218.95,9.38,6.36,4.4,0.582,0.263
MTR0001,2024-01-16 14:45:00,221.81,221.35,220.43,9.29,6.5,4.2,0.571,0.301
MTR0001,2024-01-16 15:00:00,219.92,226.16,220.05,9.08,6.22,4.04,0.6,0.236
MTR0001,2024-01-16 15:15:00,223.91,221.26,223.87,8.99,6.31,4.01,0.542,0.279
MTR0001,2024-01-16 15:30:00,222.08,221.58,220.2,8.79,6.23,3.7,0.555,0.275
MTR0001,2024-01-16 15:45:00,221.98,222.92,225.18,9.06,6.45,4.02,0.655,0.212
MTR0001,2024-01-16 16:00:00,221.01,223.49,222.87,8.46,6.0,3.53,0.544,0.205
MTR0001,2024-01-16 16:15:00,221.53,220.85,219.66,8.52,6.28,3.72,0.557,0.239
MTR0001,2024-01-16 16:30:00,222.37,226.74,221.67,8.26,5.89,3.85,0.54,0.246
MTR0001,2024-01-16 16:45:00,222.48,221.9,221.94,8.57,6.04,4.02,0.545,0.275
MTR0001,2024-01-16 17:00:00,218.2,220.43,219.75,7.62,5.6,3.4,0.438,0.236
MTR0001,2024-01-16 17:15:00,222.2,222.02,221.65,8.0,5.45,3.71,0.471,0.275
MTR0001,2024-01-16 17:30:00,223.58,222.17,222.22,8.0,5.7,3.51,0.514,0.211
MTR0001,2024-01-16 17:45:00,221.71,222.02,223.31,7.65,5.61,3.42,0.501,0.187
MTR0001,2024-01-16 18:00:00,220.34,221.24,220.26,7.35,5.14,3.28,0.476,0.262
MTR0001,2024-01-16 18:15:00,220.9,220.95,222.26,7.47,5.24,3.12,0.475,0.205
MTR0001,2024-01-16 18:30:00,222.96,223.21,222.35,7.51,5.04,3.04,0.472,0.172
MTR0001,2024-01-16 18:45:00,220.14,218.98,219.83,7.21,4.9,3.1,0.429,0.201
MTR0001,2024-01-16 19:00:00,221.77,219.94,222.52,6.82,5.15,3.08,0.384,0.244
MTR0001,2024-01-16 19:15:00,220.84,219.07,222.39,6.89,4.95,3.37,0.434,0.221
MTR0001,2024-01-16 19:30:00,219.56,220.47,222.23,7.14,4.95,3.21,0.429,0.25
MTR0001,2024-01-16 19:45:00,220.17,222.67,221.23,6.6,5.0,2.85,0.426,0.148
MTR0001,2024-01-16 20:00:00,221.0,222.14,221.48,6.16,4.13,2.69,0.403,0.14
MTR0001,2024-01-16 20:15:00,221.56,220.51,220.69,6.49,4.39,2.77,0.374,0.165
MTR0001,2024-01-16 20:30:00,220.54,219.73,220.26,6.12,4.43,2.94,0.393,0.163
MTR0001,2024-01-16 20:45:00,218.76,221.46,222.04,6.23,4.45,2.68,0.403,0.139
MTR0001,2024-01-16 21:00:00,220.16,220.87,223.57,5.87,4.22,2.76,0.391,0.158
MTR0001,2024-01-16 21:15:00,221.98,220.33,218.71,5.75,4.19,2.72,0.389,0.128
MTR0001,2024-01-16 21:30:00,221.34,221.26,221.92,5.68,4.01,2.75,0.367,0.134
MTR0001,2024-01-16 21:45:00,221.68,221.11,225.31,5.56,4.06,2.46,0.384,0.186
MTR0001,2024-01-16 22:00:00,219.68,222.23,222.35,5.59,3.83,2.57,0.356,0.137
MTR0001,2024-01-16 22:15:00,221.75,221.34,222.05,5.47,3.92,2.61,0.318,0.194
MTR0001,2024-01-16 22:30:00,222.34,222.96,220.0,5.28,3.79,2.42,0.358,0.134
MTR0001,2024-01-16 22:45:00,221.67,223.23,221.78,5.14,3.55,2.32,0.356,0.125
MTR0001,2024-01-16 23:00:00,220.89,222.11,226.28,5.42,3.8,2.19,0.35,0.197
MTR0001,2024-01-16 23:15:00,220.88,222.89,221.82,5.06,3.7,2.25,0.317,0.18
MTR0001,2024-01-16 23:30:00,220.21,221.9,222.55,5.05,3.73,2.52,0.319,0.159
MTR0001,2024-01-16 23:45:00,223.97,223.09,222.58,4.95,3.61,2.26,0.316,0.162
MTR0001,2024-01-17 00:00:00,223.97,220.66,223.66,3.73,2.5,1.75,0.235,0.111
MTR0001,2024-01-17 00:15:00,221.95,220.97,221.56,3.69,2.49,1.46,0.214,0.129
MTR0001,2024-01-17 00:30:00,218.66,223.53,221.68,3.64,2.66,1.67,0.246,0.102
MTR0001,2024-01-17 00:45:00,219.19,224.48,221.91,3.78,2.49,1.61,0.187,0.122
MTR0001,2024-01-17 01:00:00,221.02,219.33,222.18,3.6,3.0,1.55,0.207,0.122
MTR0001,2024-01-17 01:15:00,221.68,222.61,222.33,3.48,2.61,1.72,0.243,0.103
MTR0001,2024-01-17 01:30:00,223.36,223.41,222.16,3.81,2.47,1.75,0.23,0.113
MTR0001,2024-01-17 01:45:00,220.92,221.59,223.45,3.75,2.75,1.56,0.214,0.111
MTR0001,2024-01-17 02:00:00,223.96,222.75,222.69,3.7,2.52,1.75,0.218,0.124
MTR0001,2024-01-17 02:15:00,222.42,220.44,220.63,4.0,2.45,1.53,0.234,0.121
MTR0001,2024-01-17 02:30:00,219.89,218.47,221.06,3.51,2.61,1.49,0.214,0.13
MTR0001,2024-01-17 02:45:00,219.92,224.03,220.29,3.64,2.86,2.07,0.26,0.124
MTR0001,2024-01-17 03:00:00,219.89,222.24,220.44,3.71,2.46,1.86,0.227,0.134
MTR0001,2024-01-17 03:15:00,220.42,221.48,222.71,3.69,2.66,1.65,0.248,0.13
MTR0001,2024-01-17 03:30:00,219.46,221.68,224.23,3.88,2.74,1.75,0.226,0.104
MTR0001,2024-01-17 03:45:00,222.88,220.88,218.61,3.73,2.6,1.4,0.232,0.096
MTR0001,2024-01-17 04:00:00,218.03,220.37,223.66,3.73,2.69,1.75,0.269,0.095
MTR0001,2024-01-17 04:15:00,222.05,221.25,220.67,3.55,2.31,1.72,0.239,0.109
MTR0001,2024-01-17 04:30:00,217.46,222.16,220.69,3.45,2.85,1.65,0.207,0.122
MTR0001,2024-01-17 04:45:00,218.92,219.18,220.55,3.83,2.95,1.64,0.241,0.139
MTR0001,2024-01-17 05:00:00,222.81,221.25,222.21,3.63,2.91,1.81,0.258,0.099
MTR0001,2024-01-17 05:15:00,220.19,223.93,220.44,3.69,2.69,1.39,0.227,0.111
MTR0001,2024-01-17 05:30:00,223.47,221.71,225.21,3.67,2.57,1.76,0.229,0.116
MTR0001,2024-01-17 05:45:00,221.14,223.66,222.8,3.57,2.74,1.5,0.247,0.109
MTR0001,2024-01-17 06:00:00,219.8,222.81,224.45,7.25,5.47,3.19,0.471,0.206
MTR0001,2024-01-17 06:15:00,222.16,223.52,220.78,7.24,4.97,3.16,0.441,0.246
MTR0001,2024-01-17 06:30:00,218.59,222.13,219.73,7.44,5.11,3.11,0.401,0.266
MTR0001,2024-01-17 06:45:00,220.06,223.27,222.29,7.35,5.32,3.13,0.468,0.184
MTR0001,2024-01-17 07:00:00,222.61,220.6,220.82,8.27,5.5,3.64,0.506,0.218
MTR0001,2024-01-17 07:15:00,220.74,221.84,219.95,7.98,5.72,3.63,0.505,0.211
MTR0001,2024-01-17 07:30:00,220.69,220.11,220.4,7.73,5.53,3.43,0.457,0.277
MTR0001,2024-01-17 07:45:00,221.99,218.09,222.52,7.95,5.52,3.39,0.505,0.171
MTR0001,2024-01-17 08:00:00,220.17,221.74,221.44,8.33,6.23,3.54,0.517,0.263
MTR0001,2024-01-17 08:15:00,221.75,222.07,220.88,8.37,5.68,3.78,0.49,0.258
MTR0001,2024-01-17 08:30:00,221.25,218.63,221.29,8.54,5.96,3.67,0.511,0.284
MTR0001,2024-01-17 08:45:00,220.71,220.48,219.5,8.73,6.17,3.67,0.474,0.275
MTR0001,2024-01-17 09:00:00,222.03,221.16,220.27,8.98,6.44,4.0,0.561,0.234
MTR0001,2024-01-17 09:15:00,222.58,221.73,217.34,9.22,6.23,4.33,0.578,0.204
MTR0001,2024-01-17 09:30:00,223.18,223.03,224.42,8.92,6.35,3.92,0.521,0.311
MTR0001,2024-01-17 09:45:00,223.76,222.39,222.62,8.92,6.71,3.82,0.592,0.258
MTR0001,2024-01-17 10:00:00,221.14,219.62,222.25,9.3,6.55,4.27,0.573,0.248
MTR0001,2024-01-17 10:15:00,221.25,218.25,221.99,9.48,6.55,4.15,0.591,0.257
MTR0001,2024-01-17 10:30:00,221.02,223.31,220.13,9.23,6.77,4.02,0.588,0.208
MTR0001,2024-01-17 10:45:00,221.5,220.33,221.67,9.32,6.7,4.44,0.574,0.342
MTR0001,2024-01-17 11:00:00,221.88,222.04,222.5,9.58,6.57,4.25,0.586,0.299
MTR0001,2024-01-17 11:15:00,219.58,221.19,220.16,9.65,6.83,4.03,0.618,0.269
MTR0001,2024-01-17 11:30:00,222.08,220.61,220.63,9.41,6.81,4.36,0.557,0.331
MTR0001,2024-01-17 11:45:00,219.55,222.13,220.91,9.48,6.6,4.19,0.55,0.275
MTR0001,2024-01-17 12:00:00,220.6,220.95,220.49,9.75,6.63,4.46,0.605,0.3
MTR0001,2024-01-17 12:15:00,221.62,221.8,221.49,9.6,7.08,4.18,0.622,0.285
MTR0001,2024-01-17 12:30:00,220.77,224.12,224.72,9.47,6.46,3.94,0.544,0.329
MTR0001,2024-01-17 12:45:00,219.96,222.83,218.3,9.6,6.62,4.45,0.604,0.202
MTR0001,2024-01-17 13:00:00,222.61,221.97,222.42,9.35,6.26,4.14,0.601,0.198
MTR0001,2024-01-17 13:15:00,223.0,226.04,221.0,9.49,6.86,4.37,0.611,0.348
MTR0001,2024-01-17 13:30:00,219.94,221.98,219.36,9.6,6.94,4.22,0.613,0.253
MTR0001,2024-01-17 13:45:00,221.48,222.78,220.39,9.62,6.79,4.18,0.586,0.302
MTR0001,2024-01-17 14:00:00,221.19,221.1,222.82,9.31,6.5,4.15,0.559,0.301
MTR0001,2024-01-17 14:15:00,221.75,222.21,218.78,9.31,6.35,3.93,0.563,0.287
MTR0001,2024-01-17 14:30:00,220.35,222.53,222.12,9.2,6.58,4.14,0.555,0.312
MTR0001,2024-01-17 14:45:00,220.18,225.17,219.68,9.32,6.87,4.08,0.569,0.301
MTR0001,2024-01-17 15:00:00,218.93,220.02,220.99,8.9,6.44,4.03,0.533,0.284
MTR0001,2024-01-17 15:15:00,222.86,220.48,222.43,8.65,6.16,3.93,0.545,0.289
MTR0001,2024-01-17 15:30:00,222.48,222.35,223.13,8.65,6.22,3.83,0.502,0.322
MTR0001,2024-01-17 15:45:00,221.67,222.92,220.69,9.03,6.42,4.04,0.557,0.324
MTR0001,2024-01-17 16:00:00,220.99,220.43,221.03,8.45,5.86,3.62,0.466,0.294
MTR0001,2024-01-17 16:15:00,221.59,221.16,218.0,8.35,6.05,3.8,0.536,0.297
MTR0001,2024-01-17 16:30:00,222.43,220.52,220.19,8.34,5.97,3.85,0.484,0.29
MTR0001,2024-01-17 16:45:00,221.67,221.06,222.54,8.23,5.97,3.6,0.511,0.236
MTR0001,2024-01-17 17:00:00,219.96,222.6,220.42,8.2,5.66,3.43,0.471,0.265
MTR0001,2024-01-17 17:15:00,218.98,222.65,217.68,7.77,5.81,3.47,0.497,0.211
MTR0001,2024-01-17 17:30:00,217.56,220.97,223.01,7.86,5.49,3.87,0.471,0.281
MTR0001,2024-01-17 17:45:00,219.66,224.06,222.52,7.93,5.53,3.4,0.463,0.268
MTR0001,2024-01-17 18:00:00,216.97,222.18,222.32,7.59,5.08,3.14,0.419,0.217
MTR0001,2024-01-17 18:15:00,220.67,223.68,219.88,7.43,4.91,3.32,0.466,0.219
MTR0001,2024-01-17 18:30:00,222.84,220.07,221.74,7.43,5.27,3.14,0.437,0.263
MTR0001,2024-01-17 18:45:00,219.94,221.38,222.7,7.31,5.2,3.21,0.447,0.157
MTR0001,2024-01-17 19:00:00,219.11,225.19,222.58,6.81,4.77,2.98,0.402,0.22
MTR0001,2024-01-17 19:15:00,220.94,222.61,219.69,7.0,4.71,3.09,0.425,0.243
MTR0001,2024-01-17 19:30:00,220.97,224.05,219.94,6.81,4.86,3.09,0.443,0.19
MTR0001,2024-01-17 19:45:00,221.29,222.88,223.59,6.55,4.51,3.22,0.434,0.208
MTR0001,2024-01-17 20:00:00,218.39,220.87,221.79,6.49,4.39,2.69,0.389,0.155
MTR0001,2024-01-17 20:15:00,220.76,221.31,222.39,5.93,4.49,2.84,0.355,0.192
MTR0001,2024-01-17 20:30:00,221.01,220.94,221.65,6.22,4.21,2.81,0.377,0.174
MTR0001,2024-01-17 20:45:00,220.53,223.71,222.19,6.14,4.51,2.66,0.407,0.187
MTR0001,2024-01-17 21:00:00,221.87,221.01,221.55,5.74,4.21,2.79,0.396,0.159
MTR0001,2024-01-17 21:15:00,221.53,223.21,220.45,5.43,4.19,2.63,0.355,0.187
MTR0001,2024-01-17 21:30:00,218.92,222.06,222.33,5.9,4.15,2.54,0.356,0.177
MTR0001,2024-01-17 21:45:00,220.74,220.52,222.89,5.64,4.11,2.6,0.401,0.135
MTR0001,2024-01-17 22:00:00,221.53,222.79,225.01,5.46,3.69,2.55,0.35,0.141
MTR0001,2024-01-17 22:15:00,222.38,222.94,222.37,5.74,3.83,2.57,0.343,0.206
MTR0001,2024-01-17 22:30:00,221.3,221.03,222.33,5.57,3.91,2.3,0.317,0.122
MTR0001,2024-01-17 22:45:00,219.57,221.43,220.35,5.54,4.03,2.62,0.333,0.139
MTR0001,2024-01-17 23:00:00,221.04,221.01,220.93,4.92,3.78,2.36,0.286,0.123
MTR0001,2024-01-17 23:15:00,219.82,219.61,219.95,5.25,3.79,2.01,0.32,0.147
MTR0001,2024-01-17 23:30:00,223.01,219.43,221.0,5.12,3.52,2.28,0.281,0.152
MTR0001,2024-01-17 23:45:00,220.56,220.3,221.84,5.28,3.73,2.35,0.355,0.123
MTR0001,2024-01-18 00:00:00,219.12,220.89,224.14,3.64,2.18,1.6,0.165,0.108
MTR0001,2024-01-18 00:15:00,221.62,222.14,221.07,3.74,2.56,1.75,0.208,0.127
MTR0001,2024-01-18 00:30:00,220.58,220.82,220.1,3.85,2.82,1.81,0.246,0.108
MTR0001,2024-01-18 00:45:00,220.05,220.22,224.06,3.59,2.7,1.8,0.25,0.103
MTR0001,2024-01-18 01:00:00,219.88,224.39,221.56,3.72,2.5,1.5,0.223,0.099
MTR0001,2024-01-18 01:15:00,223.07,219.86,222.69,3.62,2.5,1.5,0.239,0.118
MTR0001,2024-01-18 01:30:00,219.71,220.45,223.93,3.97,2.71,1.75,0.267,0.107
MTR0001,2024-01-18 01:45:00,221.89,218.88,222.09,3.93,2.5,1.77,0.229,0.127
MTR0001,2024-01-18 02:00:00,219.14,223.4,220.68,3.7,2.64,1.55,0.242,0.119
MTR0001,2024-01-18 02:15:00,220.4,222.03,224.11,3.66,2.7,1.74,0.234,0.12
MTR0001,2024-01-18 02:30:00,219.52,223.31,221.96,3.59,2.47,1.56,0.228,0.114
MTR0001,2024-01-18 02:45:00,220.74,221.58,221.07,3.59,2.49,1.68,0.219,0.103
MTR0001,2024-01-18 03:00:00,220.16,224.6,220.84,3.55,2.49,1.79,0.214,0.113
MTR0001,2024-01-18 03:15:00,220.92,222.65,222.44,3.85,2.47,1.64,0.227,0.098
MTR0001,2024-01-18 03:30:00,222.68,222.46,223.19,3.86,2.54,1.49,0.209,0.131
MTR0001,2024-01-18 03:45:00,222.53,221.48,220.6,3.69,2.28,1.51,0.224,0.111
MTR0001,2024-01-18 04:00:00,221.47,220.64,219.8,3.75,2.62,1.62,0.228,0.126
MTR0001,2024-01-18 04:15:00,220.56,224.25,220.16,3.47,2.58,1.81,0.202,0.126
MTR0001,2024-01-18 04:30:00,221.96,220.02,220.44,3.79,2.47,1.47,0.246,0.106
MTR0001,2024-01-18 04:45:00,217.38,221.62,218.53,3.49,2.52,1.44,0.2,0.112
MTR0001,2024-01-18 05:00:00,221.68,222.61,223.26,3.68,2.72,1.74,0.229,0.08
MTR0001,2024-01-18 05:15:00,221.19,222.16,220.0,3.73,2.42,1.64,0.198,0.124
MTR0001,2024-01-18 05:30:00,219.38,220.84,221.25,3.74,2.74,1.57,0.252,0.11
MTR0001,2024-01-18 05:45:00,223.42,223.04,220.75,3.7,2.26,1.73,0.222,0.093
MTR0001,2024-01-18 06:00:00,222.15,222.97,221.15,7.12,5.24,3.13,0.462,0.226
MTR0001,2024-01-18 06:15:00,221.19,221.66,220.58,7.37,5.13,3.42,0.474,0.209
MTR0001,2024-01-18 06:30:00,221.65,220.87,220.27,7.37,5.45,3.4,0.481,0.245
MTR0001,2024-01-18 06:45:00,218.65,219.43,222.66,7.48,5.05,3.6,0.453,0.19
MTR0001,2024-01-18 07:00:00,219.72,222.26,220.53,7.63,5.57,3.32,0.495,0.267
MTR0001,2024-01-18 07:15:00,219.96,220.64,220.9,8.23,5.44,3.52,0.49,0.202
MTR0001,2024-01-18 07:30:00,222.56,220.89,220.08,7.95,5.4,3.42,0.478,0.237
MTR0001,2024-01-18 07:45:00,222.11,221.38,223.99,8.21,5.7,3.3,0.508,0.235
MTR0001,2024-01-18 08:00:00,217.6,224.75,220.64,8.31,5.94,3.99,0.546,0.195
MTR0001,2024-01-18 08:15:00,221.18,224.89,222.08,8.33,6.19,3.65,0.546,0.269
MTR0001,2024-01-18 08:30:00,223.54,224.95,221.24,8.33,5.7,4.1,0.578,0.195
MTR0001,2024-01-18 08:45:00,218.72,220.79,220.65,8.42,5.91,3.46,0.547,0.182
MTR0001,2024-01-18 09:00:00,219.8,220.72,224.57,8.94,6.01,3.89,0.53,0.235
MTR0001,2024-01-18 09:15:00,220.33,222.5,222.81,9.02,6.3,4.05,0.59,0.249
MTR0001,2024-01-18 09:30:00,217.2,219.49,216.62,9.23,6.34,3.82,0.543,0.243
MTR0001,2024-01-18 09:45:00,219.33,221.09,222.0,8.99,6.41,4.15,0.552,0.266
MTR0001,2024-01-18 10:00:00,221.43,220.59,222.24,9.13,6.49,4.4,0.53,0.317
MTR0001,2024-01-18 10:15:00,219.81,222.11,222.28,9.36,6.64,3.99,0.571,0.258
MTR0001,2024-01-18 10:30:00,220.1,220.69,223.3,9.18,6.59,4.14,0.526,0.323
MTR0001,2024-01-18 10:45:00,219.4,221.77,219.43,9.43,6.71,4.18,0.561,0.326
MTR0001,2024-01-18 11:00:00,218.52,224.08,222.29,9.68,6.84,4.22,0.599,0.299
MTR0001,2024-01-18 11:15:00,219.3,224.65,222.37,9.48,6.63,4.27,0.564,0.323
MTR0001,2024-01-18 11:30:00,222.11,223.09,222.17,9.21,6.66,4.56,0.617,0.238
MTR0001,2024-01-18 11:45:00,220.72,223.72,223.17,9.42,6.46,4.21,0.59,0.276
MTR0001,2024-01-18 12:00:00,218.97,220.35,222.31,9.74,6.83,4.35,0.603,0.279
MTR0001,2024-01-18 12:15:00,219.22,221.72,224.89,9.68,6.75,4.29,0.653,0.208
MTR0001,2024-01-18 12:30:00,220.85,219.34,223.03,9.65,6.84,4.13,0.606,0.267
MTR0001,2024-01-18 12:45:00,220.65,219.89,222.59,9.25,6.91,4.42,0.545,0.28
MTR0001,2024-01-18 13:00:00,220.2,222.89,222.81,9.35,6.86,4.16,0.573,0.307
MTR0001,2024-01-18 13:15:00,218.44,219.88,223.44,9.46,6.75,4.49,0.566,0.345
MTR0001,2024-01-18 13:30:00,220.83,219.32,222.5,9.51,6.86,4.22,0.596,0.291
MTR0001,2024-01-18 13:45:00,220.91,217.93,223.29,9.29,6.55,4.15,0.591,0.238
MTR0001,2024-01-18 14:00:00,219.71,220.99,220.43,9.36,6.44,3.98,0.564,0.255
MTR0001,2024-01-18 14:15:00,221.95,221.1,222.32,9.45,6.74,3.97,0.63,0.232
MTR0001,2024-01-18 14:30:00,221.47,223.94,223.15,9.13,6.65,4.02,0.59,0.24
MTR0001,2024-01-18 14:45:00,221.57,222.08,220.1,9.32,6.85,3.91,0.599,0.235
MTR0001,2024-01-18 15:00:00,221.81,222.1,223.43,8.92,6.03,3.71,0.533,0.295
MTR0001,2024-01-18 15:15:00,220.78,220.43,221.18,8.85,6.25,3.9,0.54,0.308
MTR0001,2024-01-18 15:30:00,222.34,223.91,222.78,8.99,6.35,4.09,0.552,0.217
MTR0001,2024-01-18 15:45:00,220.97,223.14,222.35,8.89,6.6,4.09,0.6,0.226
MTR0001,2024-01-18 16:00:00,220.58,219.93,223.45,8.37,5.88,3.49,0.484,0.272
MTR0001,2024-01-18 16:15:00,221.48,220.63,220.64,8.35,5.92,3.75,0.498,0.269
MTR0001,2024-01-18 16:30:00,220.05,221.23,219.3,8.62,6.06,3.88,0.524,0.275
MTR0001,2024-01-18 16:45:00,220.38,220.73,221.23,7.97,5.7,3.82,0.531,0.232
MTR0001,2024-01-18 17:00:00,220.71,220.08,221.29,7.59,5.6,3.65,0.482,0.28
MTR0001,2024-01-18 17:15:00,220.91,223.88,221.16,7.68,5.81,3.68,0.516,0.238
MTR0001,2024-01-18 17:30:00,221.11,221.6,220.38,7.91,5.56,3.54,0.501,0.259
MTR0001,2024-01-18 17:45:00,220.07,221.59,219.49,8.19,5.6,3.65,0.525,0.212
MTR0001,2024-01-18 18:00:00,221.55,222.01,221.42,7.27,5.1,3.31,0.445,0.231
MTR0001,2024-01-18 18:15:00,221.72,224.06,222.24,7.35,5.04,3.4,0.503,0.171
MTR0001,2024-01-18 18:30:00,222.38,221.1,220.06,7.4,5.03,3.35,0.453,0.221
MTR0001,2024-01-18 18:45:00,221.24,216.17,222.71,7.18,5.06,3.48,0.495,0.177
MTR0001,2024-01-18 19:00:00,221.12,221.96,221.04,6.64,4.98,3.21,0.44,0.161
MTR0001,2024-01-18 19:15:00,220.46,220.37,223.28,6.79,4.69,2.8,0.399,0.165
MTR0001,2024-01-18 19:30:00,220.3,223.93,222.89,6.95,4.92,3.16,0.42,0.215
MTR0001,2024-01-18 19:45:00,221.09,222.94,221.21,6.86,4.64,3.11,0.428,0.196
MTR0001,2024-01-18 20:00:00,220.48,222.43,220.06,6.0,4.5,3.04,0.387,0.142
MTR0001,2024-01-18 20:15:00,223.35,226.83,221.02,6.19,4.17,2.53,0.371,0.196
MTR0001,2024-01-18 20:30:00,220.05,221.9,223.06,6.31,4.4,2.92,0.365,0.22
MTR0001,2024-01-18 20:45:00,217.84,220.6,217.78,6.08,4.5,2.81,0.396,0.215
MTR0001,2024-01-18 21:00:00,221.65,220.87,221.81,5.89,4.2,2.69,0.341,0.214
MTR0001,2024-01-18 21:15:00,221.4,219.45,222.77,5.61,3.97,2.61,0.322,0.162
MTR0001,2024-01-18 21:30:00,218.11,221.09,221.16,5.78,4.1,2.6,0.372,0.162
MTR0001,2024-01-18 21:45:00,218.52,219.65,218.87,5.75,4.13,2.38,0.369,0.144
MTR0001,2024-01-18 22:00:00,220.66,222.73,222.53,5.25,4.07,2.21,0.296,0.179
MTR0001,2024-01-18 22:15:00,222.26,223.33,219.94,5.47,3.76,2.29,0.382,0.128
MTR0001,2024-01-18 22:30:00,220.32,220.79,220.1,5.35,3.8,2.35,0.377,0.139
MTR0001,2024-01-18 22:45:00,221.14,221.17,220.53,5.41,3.95,2.54,0.352,0.122
MTR0001,2024-01-18 23:00:00,220.1,219.88,220.5,5.23,3.75,2.59,0.352,0.131
MTR0001,2024-01-18 23:15:00,221.75,222.44,219.54,5.27,3.87,2.47,0.317,0.119
MTR0001,2024-01-18 23:30:00,220.01,220.13,219.6,5.24,3.92,2.26,0.342,0.12
MTR0001,2024-01-18 23:45:00,221.93,223.55,221.57,4.97,3.89,2.1,0.288,0.173
MTR0001,2024-01-19 00:00:00,215.35,224.74,222.33,3.56,2.43,1.56,0.246,0.115
MTR0001,2024-01-19 00:15:00,224.88,218.72,221.81,3.75,2.6,1.58,0.234,0.106
MTR0001,2024-01-19 00:30:00,220.2,223.55,220.9,3.38,2.54,1.49,0.217,0.079
MTR0001,2024-01-19 00:45:00,221.94,223.45,221.45,3.91,2.52,1.43,0.228,0.116
MTR0001,2024-01-19 01:00:00,220.64,220.8,222.2,3.66,2.85,1.82,0.258,0.11
MTR0001,2024-01-19 01:15:00,221.53,221.08,222.87,3.81,2.6,1.46,0.247,0.103
MTR0001,2024-01-19 01:30:00,221.99,223.01,222.05,3.93,2.47,1.56,0.264,0.089
MTR0001,2024-01-19 01:45:00,218.57,221.96,219.81,3.44,2.6,1.66,0.225,0.079
MTR0001,2024-01-19 02:00:00,220.84,221.14,221.2,3.61,2.73,1.66,0.235,0.103
MTR0001,2024-01-19 02:15:00,222.35,224.42,223.32,3.67,2.77,1.72,0.255,0.092
MTR0001,2024-01-19 02:30:00,221.35,219.61,221.24,3.57,2.65,1.69,0.227,0.1
MTR0001,2024-01-19 02:45:00,221.48,222.64,219.95,3.87,2.67,1.62,0.208,0.14
MTR0001,2024-01-19 03:00:00,222.62,220.21,221.96,3.95,2.66,1.85,0.25,0.137
MTR0001,2024-01-19 03:15:00,222.42,221.8,221.28,3.83,2.2,1.67,0.224,0.111
MTR0001,2024-01-19 03:30:00,221.22,220.16,222.51,3.78,2.41,1.42,0.28,0.094
MTR0001,2024-01-19 03:45:00,222.22,222.69,220.45,3.61,2.61,1.35,0.202,0.114
MTR0001,2024-01-19 04:00:00,217.35,221.85,217.85,3.84,2.68,1.59,0.233,0.128
MTR0001,2024-01-19 04:15:00,222.38,221.76,221.47,3.51,2.57,1.63,0.25,0.105
MTR0001,2024-01-19 04:30:00,219.87,218.73,223.77,3.64,2.53,1.63,0.23,0.102
MTR0001,2024-01-19 04:45:00,219.03,222.02,220.44,3.56,2.71,1.62,0.214,0.104
MTR0001,2024-01-19 05:00:00,223.07,219.46,218.4,3.5,2.37,1.69,0.201,0.12
MTR0001,2024-01-19 05:15:00,221.92,223.01,223.07,3.72,2.69,1.58,0.197,0.109
MTR0001,2024-01-19 05:30:00,220.21,220.27,220.72,3.64,2.71,1.57,0.23,0.114
MTR0001,2024-01-19 05:45:00,220.87,219.61,220.2,3.43,2.66,1.59,0.266,0.078
MTR0001,2024-01-19 06:00:00,220.45,219.78,219.48,7.58,5.23,3.29,0.492,0.173
MTR0001,2024-01-19 06:15:00,223.36,222.87,222.82,7.42,5.31,3.32,0.438,0.199
MTR0001,2024-01-19 06:30:00,222.13,222.91,219.18,7.47,5.21,3.39,0.465,0.184
MTR0001,2024-01-19 06:45:00,216.4,224.56,220.24,7.49,5.06,3.3,0.412,0.258
MTR0001,2024-01-19 07:00:00,221.26,222.3,221.35,7.92,5.58,3.68,0.557,0.182
MTR0001,2024-01-19 07:15:00,220.94,221.35,219.66,7.72,5.52,3.37,0.525,0.178
MTR0001,2024-01-19 07:30:00,221.05,220.44,222.13,7.92,5.58,3.7,0.515,0.199
MTR0001,2024-01-19 07:45:00,220.48,220.7,222.61,7.78,5.85,3.51,0.498,0.235
MTR0001,2024-01-19 08:00:00,223.11,222.26,220.54,8.52,5.94,3.46,0.578,0.177
MTR0001,2024-01-19 08:15:00,219.32,222.57,221.61,8.35,6.1,3.72,0.532,0.275
MTR0001,2024-01-19 08:30:00,220.73,221.35,220.43,8.53,5.75,3.88,0.55,0.217
MTR0001,2024-01-19 08:45:00,218.08,221.91,220.74,8.53,5.85,3.67,0.548,0.235
MTR0001,2024-01-19 09:00:00,219.48,221.32,221.52,9.04,6.54,3.71,0.529,0.299
MTR0001,2024-01-19 09:15:00,219.69,220.42,221.61,9.06,6.6,3.94,0.568,0.205
MTR0001,2024-01-19 09:30:00,220.55,218.77,219.89,9.03,6.59,4.02,0.567,0.278
MTR0001,2024-01-19 09:45:00,222.89,219.13,220.88,9.25,6.3,3.96,0.589,0.224
MTR0001,2024-01-19 10:00:00,222.3,224.13,221.01,9.05,6.6,4.4,0.563,0.33
MTR0001,2024-01-19 10:15:00,216.13,221.92,223.25,9.21,6.46,4.09,0.537,0.322
MTR0001,2024-01-19 10:30:00,219.46,222.59,223.54,9.42,6.64,3.9,0.546,0.251
MTR0001,2024-01-19 10:45:00,221.16,221.69,218.62,9.07,6.43,4.11,0.549,0.263
MTR0001,2024-01-19 11:00:00,220.6,221.59,220.17,9.45,6.44,4.26,0.545,0.279
MTR0001,2024-01-19 11:15:00,219.73,222.18,221.47,9.79,6.67,3.72,0.576,0.277
MTR0001,2024-01-19 11:30:00,223.69,222.03,220.23,9.7,6.44,4.03,0.604,0.276
MTR0001,2024-01-19 11:45:00,221.72,222.06,222.04,9.5,6.75,4.22,0.587,0.289
MTR0001,2024-01-19 12:00:00,218.78,223.22,221.04,9.64,6.6,4.03,0.58,0.294
MTR0001,2024-01-19 12:15:00,222.11,221.13,217.9,9.62,6.46,4.28,0.595,0.261
MTR0001,2024-01-19 12:30:00,224.01,223.76,220.39,9.54,6.8,4.38,0.555,0.357
MTR0001,2024-01-19 12:45:00,221.02,220.68,222.41,9.67,6.82,4.2,0.635,0.307
MTR0001,2024-01-19 13:00:00,222.0,220.48,221.33,9.48,6.68,4.59,0.583,0.318
MTR0001,2024-01-19 13:15:00,222.4,220.53,221.21,9.57,6.71,4.43,0.589,0.306
MTR0001,2024-01-19 13:30:00,223.82,221.03,220.22,9.3,6.74,4.29,0.613,0.226
MTR0001,2024-01-19 13:45:00,220.86,219.74,219.86,9.43,6.93,4.27,0.611,0.231
MTR0001,2024-01-19 14:00:00,218.69,220.72,221.58,9.15,6.68,4.02,0.557,0.336
MTR0001,2024-01-19 14:15:00,219.55,223.63,224.56,9.35,6.77,4.25,0.544,0.326
MTR0001,2024-01-19 14:30:00,219.69,220.79,220.97,9.12,6.44,4.12,0.607,0.21
MTR0001,2024-01-19 14:45:00,221.36,219.85,222.05,9.26,6.62,4.35,0.591,0.23
MTR0001,2024-01-19 15:00:00,221.29,220.83,222.68,8.7,6.27,4.05,0.493,0.295
MTR0001,2024-01-19 15:15:00,221.86,222.19,221.74,9.13,6.35,3.88,0.527,0.284
MTR0001,2024-01-19 15:30:00,218.96,219.56,223.89,8.99,6.32,3.87,0.586,0.198
MTR0001,2024-01-19 15:45:00,219.59,222.78,222.72,9.01,6.43,3.82,0.553,0.222
MTR0001,2024-01-19 16:00:00,221.04,220.33,223.56,8.09,5.86,3.68,0.539,0.235
MTR0001,2024-01-19 16:15:00,220.98,222.39,220.04,8.49,5.95,3.91,0.499,0.256
MTR0001,2024-01-19 16:30:00,221.72,222.03,220.16,8.59,6.2,3.9,0.531,0.288
MTR0001,2024-01-19 16:45:00,221.35,222.36,221.04,8.42,6.12,3.74,0.516,0.263
MTR0001,2024-01-19 17:00:00,221.91,221.15,223.58,7.87,5.83,3.59,0.495,0.284
MTR0001,2024-01-19 17:15:00,220.01,218.87,222.31,7.8,5.53,3.36,0.521,0.212
MTR0001,2024-01-19 17:30:00,219.34,222.74,220.83,7.91,5.54,3.4,0.481,0.253
MTR0001,2024-01-19 17:45:00,220.92,222.15,220.35,7.75,5.43,3.34,0.437,0.213
MTR0001,2024-01-19 18:00:00,220.34,221.27,221.03,7.38,5.09,3.49,0.443,0.268
MTR0001,2024-01-19 18:15:00,221.36,221.22,222.75,7.5,5.15,3.25,0.457,0.176
MTR0001,2024-01-19 18:30:00,222.13,221.65,218.8,7.61,5.12,3.21,0.464,0.181
MTR0001,2024-01-19 18:45:00,223.15,222.3,218.93,7.26,5.04,3.54,0.438,0.209
MTR0001,2024-01-19 19:00:00,223.69,221.14,221.45,6.99,4.75,2.84,0.468,0.17
MTR0001,2024-01-19 19:15:00,218.37,221.67,219.31,6.8,4.8,2.9,0.434,0.205
MTR0001,2024-01-19 19:30:00,219.87,223.95,223.15,7.06,5.07,2.79,0.45,0.155
MTR0001,2024-01-19 19:45:00,222.09,219.43,222.22,6.93,4.91,3.01,0.48,0.171
MTR0001,2024-01-19 20:00:00,223.73,223.83,220.82,5.95,4.39,2.68,0.427,0.17
MTR0001,2024-01-19 20:15:00,221.67,220.2,221.23,6.19,4.24,2.94,0.354,0.226
MTR0001,2024-01-19 20:30:00,219.72,220.77,220.44,6.41,4.35,2.85,0.411,0.196
MTR0001,2024-01-19 20:45:00,221.87,221.86,221.45,6.01,4.22,2.89,0.41,0.204
MTR0001,2024-01-19 21:00:00,219.56,220.03,222.34,5.81,4.26,2.68,0.353,0.179
MTR0001,2024-01-19 21:15:00,220.51,223.65,220.98,5.63,4.19,2.62,0.345,0.128
MTR0001,2024-01-19 21:30:00,219.92,220.63,221.7,5.71,4.3,2.75,0.364,0.195
MTR0001,2024-01-19 21:45:00,221.0,221.33,221.08,5.42,4.24,2.47,0.33,0.156
MTR0001,2024-01-19 22:00:00,219.71,219.77,220.86,5.6,3.79,2.66,0.362,0.147
MTR0001,2024-01-19 22:15:00,221.57,223.21,219.32,5.38,3.86,2.31,0.333,0.122
MTR0001,2024-01-19 22:30:00,221.58,222.54,220.74,5.57,3.99,2.32,0.369,0.132
MTR0001,2024-01-19 22:45:00,221.04,219.18,222.53,5.35,4.02,2.36,0.322,0.177
MTR0001,2024-01-19 23:00:00,223.89,220.0,221.94,5.63,3.7,2.33,0.342,0.157
MTR0001,2024-01-19 23:15:00,220.02,218.41,220.09,4.97,3.75,2.5,0.324,0.116
MTR0001,2024-01-19 23:30:00,219.52,219.77,221.91,5.19,3.51,2.42,0.298,0.165
MTR0001,2024-01-19 23:45:00,221.53,222.5,221.62,5.42,3.65,2.42,0.325,0.193
MTR0001,2024-01-20 00:00:00,220.07,222.81,221.01,3.69,2.83,1.75,0.238,0.115
MTR0001,2024-01-20 00:15:00,220.05,223.01,220.22,3.53,2.58,1.71,0.226,0.136
MTR0001,2024-01-20 00:30:00,220.83,225.31,222.74,3.64,2.48,1.49,0.222,0.131
MTR0001,2024-01-20 00:45:00,218.81,222.37,223.33,3.78,2.77,1.55,0.239,0.121
MTR0001,2024-01-20 01:00:00,219.75,221.46,221.78,3.83,2.47,1.6,0.202,0.084
MTR0001,2024-01-20 01:15:00,218.85,220.33,222.53,3.7,2.58,1.81,0.209,0.09
MTR0001,2024-01-20 01:30:00,221.37,220.8,221.53,3.79,2.57,1.49,0.194,0.084
MTR0001,2024-01-20 01:45:00,223.93,223.78,220.85,3.8,2.64,1.83,0.215,0.119
MTR0001,2024-01-20 02:00:00,218.82,222.5,221.71,3.79,2.7,1.57,0.2,0.133
MTR0001,2024-01-20 02:15:00,222.55,221.17,223.61,3.78,2.67,1.61,0.205,0.092
MTR0001,2024-01-20 02:30:00,221.02,222.78,220.49,3.93,2.71,1.5,0.284,0.107
MTR0001,2024-01-20 02:45:00,221.72,220.68,220.17,3.42,2.66,1.82,0.229,0.111
MTR0001,2024-01-20 03:00:00,219.91,221.63,221.23,3.79,2.78,1.62,0.207,0.112
MTR0001,2024-01-20 03:15:00,220.29,222.11,220.12,3.53,2.43,1.74,0.242,0.098
MTR0001,2024-01-20 03:30:00,222.8,223.31,223.65,3.89,2.62,1.46,0.25,0.105
MTR0001,2024-01-20 03:45:00,220.29,220.25,220.99,3.59,2.59,1.78,0.201,0.127
MTR0001,2024-01-20 04:00:00,222.81,221.19,224.16,3.89,2.51,1.47,0.262,0.09
MTR0001,2024-01-20 04:15:00,219.11,219.69,222.68,3.78,2.83,1.74,0.244,0.086
MTR0001,2024-01-20 04:30:00,218.45,222.75,220.78,3.26,2.6,1.52,0.228,0.113
MTR0001,2024-01-20 04:45:00,220.01,220.75,220.42,3.59,2.77,1.88,0.245,0.118
MTR0001,2024-01-20 05:00:00,220.79,222.36,222.96,3.56,2.65,1.56,0.199,0.09
MTR0001,2024-01-20 05:15:00,218.26,224.21,220.97,3.47,2.52,1.67,0.205,0.115
MTR0001,2024-01-20 05:30:00,222.9,222.28,220.29,4.09,2.61,1.55,0.225,0.127
MTR0001,2024-01-20 05:45:00,219.82,222.05,221.58,3.58,2.67,1.83,0.211,0.115
MTR0001,2024-01-20 06:00:00,218.69,220.03,220.29,7.43,5.2,3.24,0.502,0.168
MTR0001,2024-01-20 06:15:00,220.75,224.69,222.73,7.43,5.1,3.1,0.458,0.245
MTR0001,2024-01-20 06:30:00,218.99,219.37,221.57,7.52,5.37,3.29,0.45,0.226
MTR0001,2024-01-20 06:45:00,220.26,219.78,222.3,7.35,5.21,3.27,0.495,0.195
MTR0001,2024-01-20 07:00:00,221.49,223.17,221.52,7.58,5.64,3.64,0.473,0.243
MTR0001,2024-01-20 07:15:00,220.73,222.16,221.25,7.41,5.64,3.66,0.484,0.21
MTR0001,2024-01-20 07:30:00,221.65,223.05,221.98,8.09,5.56,3.37,0.535,0.173
MTR0001,2024-01-20 07:45:00,220.39,220.6,220.82,7.9,5.58,3.49,0.501,0.191
MTR0001,2024-01-20 08:00:00,223.08,223.49,219.64,8.37,6.11,3.85,0.474,0.296
MTR0001,2024-01-20 08:15:00,221.59,220.48,219.28,8.48,6.31,3.65,0.518,0.267
MTR0001,2024-01-20 08:30:00,218.4,222.66,221.24,8.48,5.84,3.71,0.501,0.249
MTR0001,2024-01-20 08:45:00,218.2,222.11,223.39,8.94,6.12,3.68,0.549,0.254
MTR0001,2024-01-20 09:00:00,219.38,223.85,222.89,8.72,6.31,3.99,0.553,0.202
MTR0001,2024-01-20 09:15:00,221.12,222.1,223.76,8.54,6.32,4.1,0.547,0.28
MTR0001,2024-01-20 09:30:00,221.18,220.97,221.17,8.77,6.28,4.17,0.58,0.218
MTR0001,2024-01-20 09:45:00,221.35,222.41,222.46,8.91,5.8,4.05,0.547,0.258
MTR0001,2024-01-20 10:00:00,220.0,221.52,220.26,9.16,6.59,4.27,0.593,0.242
MTR0001,2024-01-20 10:15:00,220.23,219.74,222.94,9.25,6.29,4.2,0.557,0.24
MTR0001,2024-01-20 10:30:00,222.04,221.83,221.93,9.43,6.44,4.09,0.559,0.289
MTR0001,2024-01-20 10:45:00,221.51,223.25,221.87,9.13,6.82,4.06,0.616,0.209
MTR0001,2024-01-20 11:00:00,219.63,222.2,223.78,9.48,6.77,4.17,0.57,0.345
MTR0001,2024-01-20 11:15:00,222.51,220.17,223.67,9.33,6.8,4.58,0.597,0.229
MTR0001,2024-01-20 11:30:00,221.18,222.66,223.53,9.47,7.02,3.95,0.539,0.344
MTR0001,2024-01-20 11:45:00,220.48,224.53,221.04,9.2,7.06,4.25,0.581,0.317
MTR0001,2024-01-20 12:00:00,220.15,219.6,219.67,9.36,6.83,4.47,0.552,0.345
MTR0001,2024-01-20 12:15:00,221.06,219.34,220.4,9.43,6.69,4.27,0.61,0.212
MTR0001,2024-01-20 12:30:00,216.4,223.6,222.03,9.66,6.7,3.99,0.621,0.293
MTR0001,2024-01-20 12:45:00,219.69,221.76,221.23,9.56,6.83,4.22,0.599,0.304
MTR0001,2024-01-20 13:00:00,220.81,224.01,221.14,9.62,6.78,4.36,0.574,0.332
MTR0001,2024-01-20 13:15:00,221.87,220.73,221.17,9.43,6.9,4.22,0.603,0.332
MTR0001,2024-01-20 13:30:00,221.74,223.35,220.05,9.46,7.07,4.21,0.619,0.27
MTR0001,2024-01-20 13:45:00,219.24,222.76,222.32,9.45,6.67,4.36,0.582,0.35
MTR0001,2024-01-20 14:00:00,222.89,222.89,219.99,9.2,6.58,4.02,0.605,0.234
MTR0001,2024-01-20 14:15:00,222.62,222.88,220.7,9.17,6.6,4.46,0.621,0.209
MTR0001,2024-01-20 14:30:00,219.11,219.74,221.38,9.27,6.55,4.22,0.625,0.208
MTR0001,2024-01-20 14:45:00,224.27,221.13,222.28,9.26,6.39,4.24,0.583,0.209
MTR0001,2024-01-20 15:00:00,219.31,220.28,222.09,8.83,6.33,4.16,0.602,0.245
MTR0001,2024-01-20 15:15:00,220.73,220.84,221.95,8.86,6.23,3.68,0.533,0.278
MTR0001,2024-01-20 15:30:00,221.14,219.57,219.7,9.16,6.21,3.82,0.541,0.251
MTR0001,2024-01-20 15:45:00,220.55,222.29,221.81,9.18,6.38,3.9,0.61,0.217
MTR0001,2024-01-20 16:00:00,222.09,219.96,222.78,8.38,5.86,3.67,0.529,0.245
MTR0001,2024-01-20 16:15:00,222.0,220.1,221.86,8.46,5.89,3.97,0.512,0.223
MTR0001,2024-01-20 16:30:00,218.67,225.28,223.68,8.78,5.99,3.84,0.546,0.203
MTR0001,2024-01-20 16:45:00,218.13,221.24,223.56,8.2,6.26,3.92,0.538,0.265
MTR0001,2024-01-20 17:00:00,220.21,220.73,222.62,7.74,5.59,3.42,0.49,0.185
MTR0001,2024-01-20 17:15:00,220.47,222.43,221.35,8.08,5.79,3.7,0.485,0.27
MTR0001,2024-01-20 17:30:00,224.15,221.07,220.93,7.94,5.86,3.27,0.477,0.278
MTR0001,2024-01-20 17:45:00,218.93,221.72,222.8,7.93,5.57,3.35,0.517,0.19
MTR0001,2024-01-20 18:00:00,218.63,220.88,223.66,7.36,5.24,3.31,0.436,0.241
MTR0001,2024-01-20 18:15:00,220.75,221.17,223.51,7.5,5.03,3.33,0.437,0.26
MTR0001,2024-01-20 18:30:00,223.22,222.94,223.54,7.27,5.26,3.3,0.447,0.205
MTR0001,2024-01-20 18:45:00,224.44,223.65,221.74,7.31,5.25,3.12,0.417,0.237
MTR0001,2024-01-20 19:00:00,221.17,223.16,221.66,6.87,4.79,3.01,0.432,0.157
MTR0001,2024-01-20 19:15:00,219.53,220.89,219.98,6.61,4.8,2.83,0.393,0.237
MTR0001,2024-01-20 19:30:00,219.26,219.5,225.4,6.61,4.72,3.09,0.448,0.165
MTR0001,2024-01-20 19:45:00,222.36,222.0,219.44,6.84,4.84,2.93,0.462,0.172
MTR0001,2024-01-20 20:00:00,222.16,222.5,220.17,6.29,4.58,2.66,0.382,0.157
MTR0001,2024-01-20 20:15:00,220.7,222.5,220.25,6.54,4.46,2.72,0.39,0.164
MTR0001,2024-01-20 20:30:00,219.55,219.18,220.95,6.42,4.52,2.78,0.402,0.141
MTR0001,2024-01-20 20:45:00,221.48,220.81,219.07,6.28,4.38,2.67,0.381,0.204
MTR0001,2024-01-20 21:00:00,220.34,220.23,223.87,5.67,4.13,2.5,0.37,0.142
MTR0001,2024-01-20 21:15:00,221.53,219.89,224.13,5.95,4.1,2.51,0.353,0.164
MTR0001,2024-01-20 21:30:00,222.23,220.08,223.13,5.84,4.17,2.54,0.355,0.152
MTR0001,2024-01-20 21:45:00,219.16,219.77,222.28,5.71,3.96,2.39,0.303,0.167
MTR0001,2024-01-20 22:00:00,222.84,221.62,222.25,5.52,3.86,2.41,0.33,0.198
MTR0001,2024-01-20 22:15:00,223.1,223.85,220.3,5.55,3.92,2.32,0.327,0.173
MTR0001,2024-01-20 22:30:00,221.28,221.45,221.94,5.72,3.99,2.42,0.331,0.173
MTR0001,2024-01-20 22:45:00,220.82,224.78,223.43,5.61,3.64,2.44,0.387,0.16
MTR0001,2024-01-20 23:00:00,222.28,219.51,221.81,5.4,3.78,2.17,0.328,0.116
MTR0001,2024-01-20 23:15:00,221.48,220.59,220.52,5.2,3.72,2.48,0.295,0.166
MTR0001,2024-01-20 23:30:00,217.79,220.78,223.77,5.26,3.51,2.47,0.326,0.15
MTR0001,2024-01-20 23:45:00,219.0,222.47,222.65,5.41,3.65,2.35,0.288,0.159
MTR0001,2024-01-21 00:00:00,218.55,221.76,222.0,3.72,2.56,1.68,0.236,0.112
MTR0001,2024-01-21 00:15:00,220.11,221.99,218.74,3.71,2.63,1.65,0.219,0.122
MTR0001,2024-01-21 00:30:00,222.17,222.95,221.68,3.52,2.51,1.72,0.201,0.111
MTR0001,2024-01-21 00:45:00,219.72,223.09,221.93,3.46,2.71,1.61,0.189,0.085
MTR0001,2024-01-21 01:00:00,219.03,220.27,223.56,3.71,2.46,1.55,0.224,0.106
MTR0001,2024-01-21 01:15:00,219.75,226.93,222.36,3.63,2.73,1.59,0.243,0.094
MTR0001,2024-01-21 01:30:00,222.62,222.8,222.87,3.86,2.66,1.86,0.264,0.126
MTR0001,2024-01-21 01:45:00,220.21,221.51,221.79,3.59,2.61,1.71,0.205,0.106
MTR0001,2024-01-21 02:00:00,218.73,221.25,221.87,3.61,2.52,1.66,0.235,0.091
MTR0001,2024-01-21 02:15:00,221.88,222.94,219.87,3.81,2.56,1.73,0.213,0.134
MTR0001,2024-01-21 02:30:00,221.32,222.65,219.76,3.89,2.54,1.47,0.201,0.104
MTR0001,2024-01-21 02:45:00,221.08,220.19,221.77,3.56,2.53,1.83,0.208,0.127
MTR0001,2024-01-21 03:00:00,222.8,221.38,221.37,3.94,2.73,1.72,0.256,0.124
MTR0001,2024-01-21 03:15:00,222.18,218.71,220.9,3.43,2.5,1.58,0.204,0.118
MTR0001,2024-01-21 03:30:00,219.73,222.42,220.05,3.65,2.65,1.49,0.223,0.095
MTR0001,2024-01-21 03:45:00,220.49,221.95,220.55,4.03,2.87,1.37,0.23,0.138
MTR0001,2024-01-21 04:00:00,221.19,219.65,223.67,3.87,2.41,1.68,0.235,0.102
MTR0001,2024-01-21 04:15:00,223.79,222.64,222.1,3.77,2.59,1.82,0.228,0.088
MTR0001,2024-01-21 04:30:00,221.57,221.97,220.53,3.83,2.54,1.61,0.199,0.133
MTR0001,2024-01-21 04:45:00,221.43,221.05,224.4,3.83,2.67,1.57,0.26,0.091
MTR0001,2024-01-21 05:00:00,221.52,222.67,220.74,3.72,2.56,1.62,0.186,0.135
MTR0001,2024-01-21 05:15:00,218.52,221.58,220.87,3.71,2.77,1.84,0.225,0.13
MTR0001,2024-01-21 05:30:00,220.38,221.59,220.83,3.53,2.67,1.54,0.19,0.131
MTR0001,2024-01-21 05:45:00,220.26,218.28,223.95,3.83,2.3,1.75,0.234,0.082
MTR0001,2024-01-21 06:00:00,222.12,222.45,220.73,7.19,5.0,3.42,0.454,0.171
MTR0001,2024-01-21 06:15:00,218.97,220.86,221.53,7.42,5.16,3.38,0.471,0.182
MTR0001,2024-01-21 06:30:00,221.9,222.8,221.06,7.44,5.37,3.25,0.499,0.19
MTR0001,2024-01-21 06:45:00,219.8,220.23,217.0,7.29,5.61,3.46,0.467,0.239
MTR0001,2024-01-21 07:00:00,221.02,217.8,222.56,7.96,5.6,3.53,0.507,0.196
MTR0001,2024-01-21 07:15:00,220.87,222.32,218.5,7.85,5.43,3.63,0.485,0.263
MTR0001,2024-01-21 07:30:00,220.05,218.96,221.07,7.85,5.62,3.43,0.486,0.198
MTR0001,2024-01-21 07:45:00,221.45,221.41,222.37,7.56,5.77,3.27,0.501,0.157
MTR0001,2024-01-21 08:00:00,220.14,224.28,221.52,8.41,5.98,3.81,0.506,0.289
MTR0001,2024-01-21 08:15:00,223.93,223.61,224.24,8.5,6.25,3.63,0.527,0.298
MTR0001,2024-01-21 08:30:00,220.93,222.97,220.43,8.7,5.77,4.05,0.514,0.26
MTR0001,2024-01-21 08:45:00,219.75,219.89,221.63,8.39,5.85,3.78,0.511,0.237
MTR0001,2024-01-21 09:00:00,219.25,219.83,224.65,8.95,6.18,4.09,0.521,0.282
MTR0001,2024-01-21 09:15:00,218.25,219.44,217.53,8.85,6.28,4.16,0.545,0.291
MTR0001,2024-01-21 09:30:00,223.5,220.32,221.57,8.8,6.07,4.1,0.564,0.241
MTR0001,2024-01-21 09:45:00,221.27,220.41,222.02,9.27,6.31,4.08,0.575,0.198
MTR0001,2024-01-21 10:00:00,218.8,221.41,223.95,9.38,6.41,4.11,0.575,0.279
MTR0001,2024-01-21 10:15:00,220.96,219.84,222.67,9.28,6.4,4.17,0.592,0.289
MTR0001,2024-01-21 10:30:00,220.44,222.01,223.36,9.39,6.33,4.16,0.633,0.222
MTR0001,2024-01-21 10:45:00,218.82,223.28,220.38,9.08,6.61,4.32,0.547,0.317
MTR0001,2024-01-21 11:00:00,221.24,221.84,220.95,9.72,6.76,4.16,0.595,0.291
MTR0001,2024-01-21 11:15:00,220.58,221.5,221.44,9.62,6.85,4.07,0.601,0.23
MTR0001,2024-01-21 11:30:00,219.47,221.57,222.48,9.55,6.61,4.4,0.646,0.263
MTR0001,2024-01-21 11:45:00,221.87,224.47,221.98,9.63,6.73,4.34,0.583,0.335
MTR0001,2024-01-21 12:00:00,220.61,220.46,222.48,9.36,6.98,4.22,0.596,0.225
MTR0001,2024-01-21 12:15:00,221.36,221.73,221.23,9.59,6.72,4.2,0.619,0.304
MTR0001,2024-01-21 12:30:00,221.48,221.26,221.2,9.67,7.02,4.17,0.584,0.258
MTR0001,2024-01-21 12:45:00,218.97,220.55,224.37,9.49,6.88,4.36,0.617,0.305
MTR0001,2024-01-21 13:00:00,220.12,224.99,222.58,9.52,6.91,4.26,0.642,0.22
MTR0001,2024-01-21 13:15:00,220.64,221.0,223.56,9.53,6.79,4.21,0.566,0.323
MTR0001,2024-01-21 13:30:00,222.92,221.5,220.65,9.44,7.11,4.5,0.66,0.252
MTR0001,2024-01-21 13:45:00,221.08,224.35,220.94,9.32,6.95,4.31,0.591,0.277
MTR0001,2024-01-21 14:00:00,219.76,222.26,221.04,9.21,6.46,4.22,0.573,0.285
MTR0001,2024-01-21 14:15:00,219.78,220.23,221.3,9.38,6.39,4.47,0.586,0.291
MTR0001,2024-01-21 14:30:00,219.33,223.03,222.19,9.32,6.67,4.06,0.54,0.307
MTR0001,2024-01-21 14:45:00,222.55,221.33,222.62,9.21,6.63,4.47,0.588,0.3
MTR0001,2024-01-21 15:00:00,222.09,221.43,226.11,8.58,6.51,3.9,0.559,0.274
MTR0001,2024-01-21 15:15:00,223.17,224.11,223.76,9.02,6.26,4.0,0.57,0.237
MTR0001,2024-01-21 15:30:00,220.86,220.51,219.96,8.98,6.4,3.94,0.552,0.275
MTR0001,2024-01-21 15:45:00,221.44,222.19,222.56,9.02,6.29,3.94,0.533,0.2
MTR0001,2024-01-21 16:00:00,218.06,219.77,219.5,8.3,5.9,3.69,0.517,0.234
MTR0001,2024-01-21 16:15:00,219.56,220.86,219.52,8.31,6.19,3.84,0.55,0.263
MTR0001,2024-01-21 16:30:00,221.61,224.08,224.38,8.43,5.83,3.72,0.493,0.255
MTR0001,2024-01-21 16:45:00,219.11,221.16,218.64,8.51,5.75,3.75,0.501,0.302
MTR0001,2024-01-21 17:00:00,220.22,221.4,221.25,7.95,5.6,3.64,0.496,0.258
MTR0001,2024-01-21 17:15:00,218.93,218.99,222.67,7.9,5.44,3.65,0.454,0.263
MTR0001,2024-01-21 17:30:00,221.84,219.83,221.1,7.78,5.39,3.65,0.469,0.282
MTR0001,2024-01-21 17:45:00,220.56,220.64,222.37,7.67,5.28,3.91,0.483,0.251
MTR0001,2024-01-21 18:00:00,222.07,220.3,221.73,7.27,5.38,3.17,0.482,0.166
MTR0001,2024-01-21 18:15:00,220.49,220.15,219.83,7.28,5.32,3.31,0.465,0.173
MTR0001,2024-01-21 18:30:00,219.93,222.83,221.82,7.42,5.39,3.32,0.485,0.179
MTR0001,2024-01-21 18:45:00,219.82,222.08,220.21,7.31,5.29,3.34,0.47,0.221
MTR0001,2024-01-21 19:00:00,222.43,222.38,219.96,6.75,4.81,3.12,0.393,0.196
MTR0001,2024-01-21 19:15:00,222.82,218.5,222.91,6.75,4.99,3.01,0.451,0.172
MTR0001,2024-01-21 19:30:00,220.31,223.15,219.87,6.78,4.92,3.17,0.403,0.237
MTR0001,2024-01-21 19:45:00,220.72,223.79,220.39,7.0,4.94,2.95,0.407,0.249
MTR0001,2024-01-21 20:00:00,223.75,220.04,221.56,6.09,4.35,3.03,0.392,0.166
MTR0001,2024-01-21 20:15:00,222.37,224.43,224.51,6.42,4.36,2.78,0.404,0.151
MTR0001,2024-01-21 20:30:00,222.95,220.91,219.43,6.01,4.73,2.7,0.341,0.204
MTR0001,2024-01-21 20:45:00,220.22,221.99,221.85,6.31,4.4,2.64,0.396,0.217
MTR0001,2024-01-21 21:00:00,221.0,221.92,220.92,6.09,3.98,2.61,0.369,0.14
MTR0001,2024-01-21 21:15:00,220.77,222.85,222.28,5.74,4.08,2.72,0.347,0.177
MTR0001,2024-01-21 21:30:00,219.0,222.72,221.5,5.76,3.91,2.57,0.37,0.17
MTR0001,2024-01-21 21:45:00,219.25,222.15,221.58,5.7,3.98,2.42,0.352,0.197
MTR0001,2024-01-21 22:00:00,220.88,220.37,221.78,5.58,3.94,2.83,0.339,0.209
MTR0001,2024-01-21 22:15:00,221.0,220.78,221.49,5.81,3.9,2.13,0.355,0.162
MTR0001,2024-01-21 22:30:00,219.29,224.93,222.59,5.31,3.82,2.47,0.306,0.19
MTR0001,2024-01-21 22:45:00,218.02,219.68,222.13,5.52,3.61,2.51,0.353,0.123
MTR0001,2024-01-21 23:00:00,222.67,222.07,220.68,5.38,3.88,2.12,0.341,0.156
MTR0001,2024-01-21 23:15:00,222.62,222.19,219.91,5.11,3.97,2.22,0.295,0.187
MTR0001,2024-01-21 23:30:00,222.58,223.6,221.69,5.26,3.51,2.47,0.329,0.134
MTR0001,2024-01-21 23:45:00,221.86,222.21,220.3,4.95,3.65,2.25,0.352,0.112
MTR0001,2024-01-22 00:00:00,222.48,222.59,220.65,3.54,2.29,1.52,0.221,0.081
MTR0001,2024-01-22 00:15:00,220.3,222.85,220.5,3.78,2.56,1.86,0.212,0.126
MTR0001,2024-01-22 00:30:00,220.53,221.76,223.4,3.82,2.78,1.74,0.245,0.133
MTR0001,2024-01-22 00:45:00,223.09,223.88,220.22,3.86,2.68,1.67,0.218,0.14
MTR0001,2024-01-22 01:00:00,222.54,221.38,221.38,3.78,2.43,1.88,0.261,0.118
MTR0001,2024-01-22 01:15:00,222.85,221.61,220.04,3.98,2.8,1.61,0.249,0.117
MTR0001,2024-01-22 01:30:00,223.18,222.09,221.32,3.55,2.9,1.71,0.207,0.119
MTR0001,2024-01-22 01:45:00,220.42,224.44,225.31,3.75,2.56,1.66,0.276,0.099
MTR0001,2024-01-22 02:00:00,219.45,219.02,221.77,3.67,2.37,1.63,0.231,0.11
MTR0001,2024-01-22 02:15:00,222.81,224.37,222.12,3.89,2.6,1.42,0.203,0.099
MTR0001,2024-01-22 02:30:00,218.98,222.9,222.29,3.65,2.55,1.6,0.259,0.129
MTR0001,2024-01-22 02:45:00,222.61,219.95,221.23,3.76,2.82,1.54,0.209,0.129
MTR0001,2024-01-22 03:00:00,223.99,218.83,220.37,3.96,2.59,1.53,0.241,0.115
MTR0001,2024-01-22 03:15:00,219.73,221.08,222.0,3.67,2.85,1.65,0.231,0.106
MTR0001,2024-01-22 03:30:00,221.54,222.09,220.78,3.52,2.68,1.38,0.171,0.109
MTR0001,2024-01-22 03:45:00,222.21,219.82,222.14,3.72,2.65,1.58,0.24,0.122
MTR0001,2024-01-22 04:00:00,218.72,221.29,221.35,3.49,2.66,1.68,0.227,0.098
MTR0001,2024-01-22 04:15:00,222.28,222.96,223.02,3.36,2.42,1.56,0.212,0.107
MTR0001,2024-01-22 04:30:00,219.58,220.33,221.17,3.55,2.84,1.9,0.264,0.108
MTR0001,2024-01-22 04:45:00,220.07,223.15,221.13,3.6,2.58,1.47,0.182,0.121
MTR0001,2024-01-22 05:00:00,218.93,221.91,220.48,3.72,2.76,1.87,0.257,0.116
MTR0001,2024-01-22 05:15:00,219.94,219.44,223.19,3.57,2.76,1.76,0.251,0.083
MTR0001,2024-01-22 05:30:00,220.88,222.6,218.14,3.91,2.27,1.47,0.249,0.08
MTR0001,2024-01-22 05:45:00,220.8,222.99,223.83,3.63,2.45,1.82,0.206,0.127
MTR0001,2024-01-22 06:00:00,219.25,220.27,222.15,7.37,5.27,3.3,0.459,0.197
MTR0001,2024-01-22 06:15:00,222.15,220.92,221.34,7.48,5.21,3.48,0.477,0.209
MTR0001,2024-01-22 06:30:00,218.0,221.64,222.97,7.25,5.02,3.24,0.376,0.243
MTR0001,2024-01-22 06:45:00,220.2,224.78,221.54,7.18,5.32,3.52,0.496,0.197
MTR0001,2024-01-22 07:00:00,222.04,220.29,220.76,8.12,5.84,3.35,0.486,0.277
MTR0001,2024-01-22 07:15:00,221.29,223.02,222.5,7.85,5.55,3.33,0.502,0.22
MTR0001,2024-01-22 07:30:00,222.64,220.64,219.67,8.02,5.66,3.37,0.477,0.238
MTR0001,2024-01-22 07:45:00,219.83,221.11,223.83,7.96,5.79,3.57,0.518,0.274
MTR0001,2024-01-22 08:00:00,222.59,223.21,222.78,8.65,6.02,3.67,0.547,0.238
MTR0001,2024-01-22 08:15:00,221.6,223.58,221.8,8.4,6.13,3.87,0.483,0.304
MTR0001,2024-01-22 08:30:00,219.63,222.78,219.78,8.61,6.03,3.64,0.538,0.2
MTR0001,2024-01-22 08:45:00,221.01,221.89,221.26,8.34,6.15,3.66,0.535,0.272
MTR0001,2024-01-22 09:00:00,223.28,220.8,221.22,8.85,6.2,3.69,0.562,0.299
MTR0001,2024-01-22 09:15:00,223.95,221.55,221.74,9.0,6.26,4.0,0.568,0.272
MTR0001,2024-01-22 09:30:00,222.26,219.49,222.94,8.86,6.12,4.05,0.531,0.29
MTR0001,2024-01-22 09:45:00,223.97,222.36,219.53,8.76,6.08,3.94,0.525,0.286
MTR0001,2024-01-22 10:00:00,221.07,221.5,223.54,9.32,6.62,4.29,0.583,0.309
MTR0001,2024-01-22 10:15:00,223.16,222.65,222.93,9.11,6.67,4.25,0.603,0.233
MTR0001,2024-01-22 10:30:00,222.62,221.04,222.05,9.14,6.45,4.08,0.597,0.227
MTR0001,2024-01-22 10:45:00,221.02,219.17,220.62,9.13,6.81,4.14,0.557,0.325
MTR0001,2024-01-22 11:00:00,221.82,221.44,221.52,9.52,6.85,4.12,0.583,0.324
MTR0001,2024-01-22 11:15:00,218.75,221.14,223.43,9.61,6.65,4.12,0.594,0.315
MTR0001,2024-01-22 11:30:00,222.23,223.48,220.4,9.35,6.67,4.05,0.567,0.334
MTR0001,2024-01-22 11:45:00,219.54,221.83,222.47,9.34,6.73,4.4,0.611,0.293
MTR0001,2024-01-22 12:00:00,221.83,221.36,220.23,9.68,7.02,4.37,0.595,0.337
MTR0001,2024-01-22 12:15:00,218.65,222.11,221.58,9.4,6.46,4.34,0.573,0.263
MTR0001,2024-01-22 12:30:00,219.3,224.0,223.62,9.47,7.03,4.25,0.629,0.292
MTR0001,2024-01-22 12:45:00,223.16,223.79,223.27,9.27,6.72,4.15,0.58,0.301
MTR0001,2024-01-22 13:00:00,222.19,221.48,224.12,9.39,6.42,3.89,0.597,0.248
MTR0001,2024-01-22 13:15:00,220.31,219.97,223.03,9.55,6.81,4.35,0.58,0.305
MTR0001,2024-01-22 13:30:00,223.97,222.38,222.89,9.68,6.61,4.41,0.564,0.33
MTR0001,2024-01-22 13:45:00,222.39,219.39,220.62,9.42,6.51,4.25,0.618,0.229
MTR0001,2024-01-22 14:00:00,219.82,219.4,222.97,9.26,6.58,4.28,0.566,0.313
MTR0001,2024-01-22 14:15:00,222.8,222.36,223.86,8.89,6.81,4.03,0.527,0.231
MTR0001,2024-01-22 14:30:00,219.26,220.84,221.24,9.32,6.65,4.25,0.601,0.241
MTR0001,2024-01-22 14:45:00,222.74,222.5,222.89,9.13,6.64,4.19,0.542,0.309
MTR0001,2024-01-22 15:00:00,220.41,224.13,219.22,9.17,6.25,3.91,0.55,0.319
MTR0001,2024-01-22 15:15:00,223.32,221.15,220.77,8.8,6.22,3.75,0.551,0.289
MTR0001,2024-01-22 15:30:00,219.7,221.89,220.94,9.24,6.28,4.01,0.557,0.244
MTR0001,2024-01-22 15:45:00,220.77,222.99,220.21,8.97,6.39,3.73,0.491,0.288
MTR0001,2024-01-22 16:00:00,220.49,224.96,218.75,8.32,5.96,3.73,0.5,0.285
MTR0001,2024-01-22 16:15:00,221.04,220.46,221.49,8.25,6.16,3.68,0.544,0.27
MTR0001,2024-01-22 16:30:00,222.89,221.13,220.05,8.71,6.06,3.76,0.56,0.237
MTR0001,2024-01-22 16:45:00,219.64,221.45,220.99,8.53,5.97,3.61,0.49,0.288
MTR0001,2024-01-22 17:00:00,219.72,220.68,223.08,7.94,5.5,3.53,0.484,0.23
MTR0001,2024-01-22 17:15:00,221.64,223.86,219.06,7.96,5.63,3.51,0.482,0.27
MTR0001,2024-01-22 17:30:00,220.66,220.02,221.34,8.01,5.54,3.61,0.541,0.229
MTR0001,2024-01-22 17:45:00,220.07,221.2,220.08,7.75,5.61,3.54,0.523,0.241
MTR0001,2024-01-22 18:00:00,220.94,221.32,223.16,7.55,4.93,3.34,0.44,0.206
MTR0001,2024-01-22 18:15:00,219.66,222.19,222.24,7.28,5.38,3.49,0.492,0.229
MTR0001,2024-01-22 18:30:00,220.91,224.17,223.35,7.3,5.32,3.72,0.467,0.273
MTR0001,2024-01-22 18:45:00,221.81,222.59,220.86,7.2,5.09,3.11,0.465,0.196
MTR0001,2024-01-22 19:00:00,218.2,220.85,221.93,6.98,4.8,2.98,0.384,0.248
MTR0001,2024-01-22 19:15:00,219.56,221.72,222.19,7.0,4.92,3.03,0.417,0.16
MTR0001,2024-01-22 19:30:00,219.66,222.9,222.63,6.86,4.69,3.15,0.413,0.201
MTR0001,2024-01-22 19:45:00,220.53,219.73,226.17,6.94,4.81,3.22,0.441,0.237
MTR0001,2024-01-22 20:00:00,222.45,219.55,220.88,6.11,4.68,2.88,0.407,0.157
MTR0001,2024-01-22 20:15:00,217.77,223.81,221.3,6.14,4.51,2.87,0.406,0.145
MTR0001,2024-01-22 20:30:00,220.59,221.33,221.49,6.39,4.68,2.65,0.369,0.22
MTR0001,2024-01-22 20:45:00,221.1,221.7,221.7,6.27,4.51,3.18,0.388,0.205
MTR0001,2024-01-22 21:00:00,219.46,223.39,222.87,5.88,4.22,2.46,0.362,0.144
MTR0001,2024-01-22 21:15:00,221.0,221.22,222.83,5.75,4.05,2.33,0.356,0.163
MTR0001,2024-01-22 21:30:00,222.23,221.11,220.72,5.76,4.31,2.53,0.378,0.218
MTR0001,2024-01-22 21:45:00,220.52,222.16,220.81,5.53,4.29,2.46,0.372,0.162
MTR0001,2024-01-22 22:00:00,220.61,222.76,221.93,5.71,3.83,2.62,0.364,0.146
MTR0001,2024-01-22 22:15:00,221.66,224.32,220.84,5.42,3.85,2.07,0.318,0.172
MTR0001,2024-01-22 22:30:00,218.59,222.33,222.81,5.47,4.02,2.41,0.409,0.123
MTR0001,2024-01-22 22:45:00,218.08,220.44,220.34,5.33,3.99,2.47,0.351,0.148
MTR0001,2024-01-22 23:00:00,220.56,223.01,222.2,5.23,3.69,2.37,0.319,0.121
MTR0001,2024-01-22 23:15:00,220.12,220.82,221.72,5.54,3.62,2.11,0.334,0.165
MTR0001,2024-01-22 23:30:00,222.73,219.79,221.36,5.28,3.52,2.48,0.323,0.174
MTR0001,2024-01-22 23:45:00,221.87,221.49,221.21,5.27,3.95,2.15,0.32,0.165
MTR0001,2024-01-23 00:00:00,219.67,221.92,222.66,3.67,2.56,1.74,0.209,0.116
MTR0001,2024-01-23 00:15:00,220.81,220.48,221.43,3.67,2.68,1.32,0.228,0.115
MTR0001,2024-01-23 00:30:00,220.78,219.84,221.7,3.75,2.52,1.89,0.247,0.143
MTR0001,2024-01-23 00:45:00,220.66,220.12,218.35,3.36,2.67,1.7,0.215,0.092
MTR0001,2024-01-23 01:00:00,222.8,219.92,224.69,3.56,2.42,1.65,0.232,0.109
MTR0001,2024-01-23 01:15:00,220.97,221.55,219.11,3.71,2.55,1.59,0.223,0.109
MTR0001,2024-01-23 01:30:00,220.09,222.08,218.77,3.64,2.95,1.47,0.221,0.114
MTR0001,2024-01-23 01:45:00,222.67,220.82,217.86,3.78,2.61,1.68,0.209,0.091
MTR0001,2024-01-23 02:00:00,223.07,221.54,217.39,3.73,2.57,1.36,0.206,0.082
MTR0001,2024-01-23 02:15:00,219.76,221.54,220.25,3.89,2.63,1.43,0.238,0.091
MTR0001,2024-01-23 02:30:00,221.9,222.88,221.25,3.71,2.54,1.75,0.249,0.084
MTR0001,2024-01-23 02:45:00,220.36,219.41,221.49,3.71,2.88,1.71,0.236,0.088
MTR0001,2024-01-23 03:00:00,219.91,221.16,219.87,3.75,2.68,1.59,0.185,0.126
MTR0001,2024-01-23 03:15:00,220.49,220.65,222.83,3.64,2.44,1.41,0.237,0.092
MTR0001,2024-01-23 03:30:00,222.63,221.07,218.8,3.69,2.45,1.53,0.234,0.124
MTR0001,2024-01-23 03:45:00,219.66,221.62,220.86,3.55,2.59,1.61,0.196,0.123
MTR0001,2024-01-23 04:00:00,221.96,219.98,221.02,3.83,2.55,1.76,0.246,0.12
MTR0001,2024-01-23 04:15:00,222.97,219.93,222.67,3.52,2.51,1.33,0.192,0.104
MTR0001,2024-01-23 04:30:00,221.57,222.77,220.64,3.97,2.62,1.45,0.185,0.121
MTR0001,2024-01-23 04:45:00,219.51,222.52,220.7,3.82,2.83,1.59,0.221,0.1
MTR0001,2024-01-23 05:00:00,222.0,219.13,223.33,3.54,2.43,1.67,0.205,0.109
MTR0001,2024-01-23 05:15:00,222.94,226.66,220.41,3.76,2.58,1.7,0.248,0.126
MTR0001,2024-01-23 05:30:00,222.88,220.58,221.94,3.74,2.7,1.8,0.243,0.101
MTR0001,2024-01-23 05:45:00,220.7,220.48,221.42,3.66,2.35,1.75,0.221,0.104
MTR0001,2024-01-23 06:00:00,221.29,222.11,219.73,7.19,5.34,3.18,0.487,0.172
MTR0001,2024-01-23 06:15:00,220.65,219.9,222.78,7.55,5.28,3.19,0.445,0.238
MTR0001,2024-01-23 06:30:00,220.44,220.98,223.01,7.29,5.16,3.48,0.432,0.201
MTR0001,2024-01-23 06:45:00,222.19,223.31,223.71,7.57,5.05,3.5,0.47,0.18
MTR0001,2024-01-23 07:00:00,218.3,223.61,221.08,8.11,5.42,3.69,0.508,0.262
MTR0001,2024-01-23 07:15:00,222.17,224.35,221.25,7.86,5.62,3.36,0.519,0.236
MTR0001,2024-01-23 07:30:00,220.29,220.4,220.4,7.84,5.93,3.79,0.508,0.277
MTR0001,2024-01-23 07:45:00,220.71,221.19,221.58,8.07,5.42,3.41,0.466,0.259
MTR0001,2024-01-23 08:00:00,220.75,221.48,218.69,8.68,5.83,3.62,0.535,0.213
MTR0001,2024-01-23 08:15:00,221.27,223.95,222.54,8.6,5.96,3.98,0.548,0.302
MTR0001,2024-01-23 08:30:00,218.99,222.23,220.64,8.76,5.78,3.85,0.531,0.262
MTR0001,2024-01-23 08:45:00,218.48,221.5,221.64,8.42,5.71,3.8,0.539,0.226
MTR0001,2024-01-23 09:00:00,222.44,222.1,221.19,8.82,6.43,4.15,0.514,0.303
MTR0001,2024-01-23 09:15:00,218.43,223.33,220.0,8.81,6.11,3.91,0.528,0.188
MTR0001,2024-01-23 09:30:00,221.76,219.69,220.99,9.2,6.3,4.02,0.528,0.253
MTR0001,2024-01-23 09:45:00,220.67,220.4,222.97,8.94,6.21,3.88,0.549,0.225
MTR0001,2024-01-23 10:00:00,218.7,219.21,221.95,9.4,6.68,3.76,0.591,0.204
MTR0001,2024-01-23 10:15:00,220.35,221.19,220.62,9.24,6.46,4.15,0.553,0.327
MTR0001,2024-01-23 10:30:00,217.96,220.15,221.51,9.27,6.34,3.89,0.482,0.309
MTR0001,2024-01-23 10:45:00,219.69,220.85,221.64,8.96,6.56,4.22,0.531,0.326
MTR0001,2024-01-23 11:00:00,222.12,222.86,223.43,9.61,6.74,4.15,0.579,0.331
MTR0001,2024-01-23 11:15:00,221.58,221.6,221.43,9.35,6.73,4.13,0.543,0.328
MTR0001,2024-01-23 11:30:00,219.78,222.35,221.35,9.42,6.75,4.16,0.554,0.31
MTR0001,2024-01-23 11:45:00,218.25,221.17,223.79,9.44,6.72,4.46,0.603,0.215
MTR0001,2024-01-23 12:00:00,223.1,223.75,221.68,9.48,6.97,4.15,0.643,0.246
MTR0001,2024-01-23 12:15:00,220.46,219.15,220.48,9.46,6.85,4.26,0.615,0.263
MTR0001,2024-01-23 12:30:00,222.77,224.14,222.12,9.4,6.71,4.24,0.581,0.282
MTR0001,2024-01-23 12:45:00,221.57,219.13,223.6,9.63,6.97,4.51,0.605,0.226
MTR0001,2024-01-23 13:00:00,220.3,219.9,219.27,9.55,6.76,4.04,0.615,0.235
MTR0001,2024-01-23 13:15:00,220.85,221.03,222.24,9.84,6.35,4.28,0.598,0.29
MTR0001,2024-01-23 13:30:00,222.39,222.03,221.59,9.65,6.9,4.01,0.585,0.291
MTR0001,2024-01-23 13:45:00,222.07,222.33,222.84,9.77,6.62,4.48,0.574,0.345
MTR0001,2024-01-23 14:00:00,221.38,224.68,220.81,9.32,6.9,4.03,0.544,0.331
MTR0001,2024-01-23 14:15:00,224.01,224.33,222.07,9.35,6.62,4.07,0.564,0.274
MTR0001,2024-01-23 14:30:00,221.96,220.96,219.61,9.25,6.74,4.29,0.545,0.307
MTR0001,2024-01-23 14:45:00,220.14,219.74,221.97,9.24,6.46,4.43,0.546,0.281
MTR0001,2024-01-23 15:00:00,221.66,218.09,223.89,8.93,6.51,3.83,0.556,0.26
MTR0001,2024-01-23 15:15:00,222.9,223.47,221.73,8.77,6.19,3.69,0.544,0.252
MTR0001,2024-01-23 15:30:00,220.85,221.85,220.91,8.84,6.29,3.97,0.543,0.263
MTR0001,2024-01-23 15:45:00,220.4,224.04,220.75,8.81,6.21,3.94,0.539,0.254
MTR0001,2024-01-23 16:00:00,218.5,218.99,222.51,8.16,5.83,3.49,0.524,0.199
MTR0001,2024-01-23 16:15:00,217.89,221.68,222.08,8.71,6.29,3.72,0.556,0.22
MTR0001,2024-01-23 16:30:00,218.58,221.84,221.61,8.32,5.9,3.99,0.475,0.229
MTR0001,2024-01-23 16:45:00,219.55,219.36,223.45,8.25,6.07,4.06,0.517,0.258
MTR0001,2024-01-23 17:00:00,221.21,221.91,221.02,7.94,5.43,3.64,0.491,0.253
MTR0001,2024-01-23 17:15:00,222.59,223.98,219.76,8.03,5.91,3.4,0.494,0.231
MTR0001,2024-01-23 17:30:00,220.3,223.85,220.73,8.22,5.72,3.79,0.485,0.28
MTR0001,2024-01-23 17:45:00,221.62,219.36,223.31,7.94,5.72,3.6,0.473,0.271
MTR0001,2024-01-23 18:00:00,221.06,221.07,221.59,7.29,5.14,3.43,0.44,0.264
MTR0001,2024-01-23 18:15:00,221.7,224.08,219.95,7.46,5.18,3.44,0.481,0.225
MTR0001,2024-01-23 18:30:00,221.61,221.86,222.33,7.48,5.09,3.31,0.424,0.243
MTR0001,2024-01-23 18:45:00,220.67,221.38,222.24,7.43,5.19,3.32,0.43,0.252
MTR0001,2024-01-23 19:00:00,221.03,223.67,220.5,6.91,5.22,3.07,0.463,0.16
MTR0001,2024-01-23 19:15:00,221.74,222.84,222.23,6.98,4.69,2.93,0.421,0.167
MTR0001,2024-01-23 19:30:00,219.34,224.8,221.67,6.6,4.72,2.97,0.399,0.203
MTR0001,2024-01-23 19:45:00,218.56,220.69,221.1,6.73,4.76,3.22,0.398,0.232
MTR0001,2024-01-23 20:00:00,219.99,223.38,221.02,6.08,4.35,2.79,0.41,0.177
MTR0001,2024-01-23 20:15:00,218.6,223.39,218.0,6.34,4.53,3.03,0.406,0.232
MTR0001,2024-01-23 20:30:00,222.16,221.13,221.01,6.3,4.4,2.91,0.402,0.175
MTR0001,2024-01-23 20:45:00,221.95,221.32,220.36,6.12,4.56,2.72,0.413,0.14
MTR0001,2024-01-23 21:00:00,221.66,220.59,223.62,5.94,4.14,2.54,0.378,0.163
MTR0001,2024-01-23 21:15:00,218.07,223.31,219.52,5.95,4.09,2.34,0.355,0.193
MTR0001,2024-01-23 21:30:00,220.0,223.29,221.71,5.84,4.27,2.56,0.355,0.172
MTR0001,2024-01-23 21:45:00,219.16,222.25,220.51,5.98,3.92,2.73,0.408,0.143
MTR0001,2024-01-23 22:00:00,218.78,223.03,220.61,5.44,3.8,2.22,0.392,0.128
MTR0001,2024-01-23 22:15:00,220.23,222.72,222.64,5.5,3.77,2.25,0.347,0.116
MTR0001,2024-01-23 22:30:00,219.0,218.48,222.73,5.48,3.98,2.35,0.323,0.189
MTR0001,2024-01-23 22:45:00,220.58,220.69,221.12,5.5,3.69,2.58,0.345,0.196
MTR0001,2024-01-23 23:00:00,223.42,219.58,221.69,5.25,3.79,2.2,0.323,0.165
MTR0001,2024-01-23 23:15:00,221.09,220.04,226.45,5.0,3.4,2.01,0.314,0.145
MTR0001,2024-01-23 23:30:00,218.83,222.92,224.87,5.3,3.86,2.59,0.326,0.186
MTR0001,2024-01-23 23:45:00,219.78,221.43,220.71,5.38,3.69,2.22,0.327,0.177
MTR0001,2024-01-24 00:00:00,219.62,221.26,221.47,3.39,2.58,1.43,0.21,0.081
MTR0001,2024-01-24 00:15:00,218.21,223.36,222.23,3.79,2.64,1.51,0.204,0.126
MTR0001,2024-01-24 00:30:00,221.41,219.89,219.6,3.71,2.6,1.66,0.222,0.125
MTR0001,2024-01-24 00:45:00,220.88,222.13,221.38,3.77,2.6,1.21,0.242,0.093
MTR0001,2024-01-24 01:00:00,220.71,220.92,225.2,3.71,2.52,1.39,0.241,0.111
MTR0001,2024-01-24 01:15:00,219.56,223.47,220.31,3.58,2.53,1.35,0.233,0.086
MTR0001,2024-01-24 01:30:00,221.76,219.27,220.62,3.63,2.48,1.7,0.25,0.102
MTR0001,2024-01-24 01:45:00,221.35,220.91,222.66,3.86,2.84,1.55,0.268,0.105
MTR0001,2024-01-24 02:00:00,219.26,221.39,219.02,3.74,2.57,1.63,0.228,0.123
MTR0001,2024-01-24 02:15:00,220.78,221.2,221.2,3.4,2.7,1.61,0.227,0.13
MTR0001,2024-01-24 02:30:00,219.91,221.66,219.89,3.67,3.04,1.91,0.234,0.093
MTR0001,2024-01-24 02:45:00,220.03,221.06,222.7,3.84,2.53,1.65,0.244,0.097
MTR0001,2024-01-24 03:00:00,218.28,222.72,219.78,3.61,2.74,1.79,0.222,0.129
MTR0001,2024-01-24 03:15:00,218.88,220.23,223.95,3.58,2.57,1.67,0.205,0.099
MTR0001,2024-01-24 03:30:00,220.9,221.38,221.07,3.93,2.66,1.93,0.282,0.116
MTR0001,2024-01-24 03:45:00,219.84,220.35,218.79,3.37,2.51,1.83,0.196,0.119
MTR0001,2024-01-24 04:00:00,220.47,224.2,220.5,3.92,2.73,1.69,0.245,0.123
MTR0001,2024-01-24 04:15:00,219.63,219.65,218.88,3.86,2.74,1.6,0.212,0.095
MTR0001,2024-01-24 04:30:00,217.06,220.6,220.35,3.63,2.32,1.7,0.208,0.088
MTR0001,2024-01-24 04:45:00,220.13,221.61,223.12,3.69,2.71,1.79,0.25,0.135
MTR0001,2024-01-24 05:00:00,222.2,221.86,220.1,3.55,2.65,1.78,0.235,0.132
MTR0001,2024-01-24 05:15:00,221.48,221.24,221.57,3.82,2.31,1.73,0.265,0.121
MTR0001,2024-01-24 05:30:00,220.87,220.16,223.85,3.75,2.48,1.49,0.218,0.103
MTR0001,2024-01-24 05:45:00,220.98,221.55,221.72,3.53,2.55,1.6,0.21,0.116
MTR0001,2024-01-24 06:00:00,220.92,222.23,222.85,7.55,5.24,3.11,0.467,0.247
MTR0001,2024-01-24 06:15:00,219.29,221.83,220.91,7.38,5.19,3.02,0.416,0.243
MTR0001,2024-01-24 06:30:00,220.71,224.52,222.87,7.39,5.16,3.52,0.47,0.163
MTR0001,2024-01-24 06:45:00,218.0,222.33,225.88,7.38,5.25,3.04,0.45,0.183
MTR0001,2024-01-24 07:00:00,221.98,220.75,222.46,7.98,5.68,3.53,0.485,0.246
MTR0001,2024-01-24 07:15:00,223.1,219.96,221.61,7.97,5.54,3.56,0.518,0.222
MTR0001,2024-01-24 07:30:00,223.16,220.13,220.38,7.79,5.38,3.38,0.465,0.27
MTR0001,2024-01-24 07:45:00,224.9,221.12,222.94,7.73,5.29,3.53,0.483,0.2
MTR0001,2024-01-24 08:00:00,218.59,221.89,221.3,8.4,6.03,3.79,0.533,0.233
MTR0001,2024-01-24 08:15:00,220.8,222.39,220.36,8.27,6.29,3.79,0.504,0.299
MTR0001,2024-01-24 08:30:00,220.91,223.1,221.78,8.49,5.87,4.06,0.49,0.271
MTR0001,2024-01-24 08:45:00,221.25,218.95,222.92,8.67,5.76,3.8,0.538,0.262
MTR0001,2024-01-24 09:00:00,220.96,222.31,220.94,8.91,6.28,3.87,0.55,0.296
MTR0001,2024-01-24 09:15:00,219.73,225.25,221.7,8.61,6.54,3.89,0.502,0.296
MTR0001,2024-01-24 09:30:00,222.0,221.27,221.58,9.08,6.2,3.87,0.591,0.197
MTR0001,2024-01-24 09:45:00,218.64,219.69,222.06,8.93,6.36,4.2,0.572,0.24
MTR0001,2024-01-24 10:00:00,221.85,224.97,222.94,9.28,6.37,4.03,0.568,0.275
MTR0001,2024-01-24 10:15:00,221.15,222.8,221.17,9.29,6.58,4.25,0.559,0.337
MTR0001,2024-01-24 10:30:00,221.03,220.45,220.85,9.6,6.74,3.9,0.552,0.324
MTR0001,2024-01-24 10:45:00,218.56,220.17,221.6,9.42,6.31,4.02,0.553,0.32
MTR0001,2024-01-24 11:00:00,223.66,222.64,222.44,9.47,6.84,4.17,0.596,0.342
MTR0001,2024-01-24 11:15:00,219.95,220.66,221.56,9.4,6.89,4.23,0.633,0.214
MTR0001,2024-01-24 11:30:00,219.38,222.96,221.82,9.56,6.97,4.09,0.593,0.297
MTR0001,2024-01-24 11:45:00,221.63,222.78,224.08,9.28,6.69,4.42,0.603,0.259
MTR0001,2024-01-24 12:00:00,220.66,223.84,222.31,9.2,6.94,4.39,0.6,0.307
MTR0001,2024-01-24 12:15:00,221.68,220.07,220.96,9.55,6.92,4.17,0.545,0.239
MTR0001,2024-01-24 12:30:00,218.68,222.2,221.07,9.56,6.45,4.2,0.564,0.264
MTR0001,2024-01-24 12:45:00,219.85,221.9,221.94,9.44,6.64,4.42,0.608,0.284
MTR0001,2024-01-24 13:00:00,221.32,221.7,223.81,9.46,6.7,4.45,0.604,0.242
MTR0001,2024-01-24 13:15:00,221.76,221.44,224.93,9.48,6.56,4.27,0.574,0.293
MTR0001,2024-01-24 13:30:00,220.47,221.09,222.59,9.15,6.6,4.11,0.587,0.238
MTR0001,2024-01-24 13:45:00,219.14,222.89,221.82,9.56,6.81,4.58,0.599,0.311
MTR0001,2024-01-24 14:00:00,218.95,221.98,222.01,9.11,6.46,3.84,0.54,0.298
MTR0001,2024-01-24 14:15:00,220.65,222.07,220.18,9.39,6.99,4.19,0.544,0.307
MTR0001,2024-01-24 14:30:00,222.32,222.72,220.5,9.02,6.63,4.32,0.572,0.312
MTR0001,2024-01-24 14:45:00,219.86,219.95,222.57,9.55,6.69,4.11,0.551,0.32
MTR0001,2024-01-24 15:00:00,222.24,222.05,224.11,8.86,6.26,4.0,0.569,0.244
MTR0001,2024-01-24 15:15:00,220.44,221.29,220.79,8.87,6.19,3.97,0.506,0.283
MTR0001,2024-01-24 15:30:00,223.42,222.43,221.32,8.81,5.87,3.85,0.568,0.229
MTR0001,2024-01-24 15:45:00,220.61,222.64,220.8,9.09,6.23,4.07,0.523,0.299
MTR0001,2024-01-24 16:00:00,219.69,220.05,222.57,8.5,6.12,3.84,0.494,0.254
MTR0001,2024-01-24 16:15:00,220.53,219.34,219.88,8.69,6.07,3.88,0.566,0.229
MTR0001,2024-01-24 16:30:00,222.87,222.17,224.07,8.21,6.03,3.8,0.528,0.234
MTR0001,2024-01-24 16:45:00,221.44,219.14,224.25,8.31,6.27,3.74,0.536,0.202
MTR0001,2024-01-24 17:00:00,221.58,221.49,219.49,7.69,5.46,3.8,0.511,0.181
MTR0001,2024-01-24 17:15:00,220.03,221.85,223.13,8.08,5.42,3.43,0.547,0.178
MTR0001,2024-01-24 17:30:00,220.68,220.93,220.87,8.1,5.41,3.59,0.488,0.25
MTR0001,2024-01-24 17:45:00,220.56,220.89,219.46,8.17,5.6,3.46,0.474,0.25
MTR0001,2024-01-24 18:00:00,219.74,220.37,222.73,7.11,4.89,3.22,0.436,0.223
MTR0001,2024-01-24 18:15:00,221.79,220.77,220.2,7.6,4.96,3.32,0.441,0.261
MTR0001,2024-01-24 18:30:00,219.68,222.44,218.9,7.09,5.3,3.34,0.46,0.257
MTR0001,2024-01-24 18:45:00,220.07,222.19,223.23,7.36,5.09,3.0,0.455,0.181
MTR0001,2024-01-24 19:00:00,221.21,220.73,217.16,6.96,5.07,2.92,0.409,0.211
MTR0001,2024-01-24 19:15:00,224.03,222.24,222.79,6.68,4.97,3.22,0.392,0.22
MTR0001,2024-01-24 19:30:00,217.94,220.41,223.84,6.9,4.71,2.94,0.404,0.158
MTR0001,2024-01-24 19:45:00,220.98,223.72,220.38,6.68,4.95,2.97,0.406,0.24
MTR0001,2024-01-24 20:00:00,221.26,220.26,222.23,6.05,4.3,2.74,0.403,0.181
MTR0001,2024-01-24 20:15:00,220.81,225.01,224.88,6.3,4.58,2.98,0.398,0.184
MTR0001,2024-01-24 20:30:00,221.28,221.33,221.98,6.48,4.35,2.73,0.403,0.155
MTR0001,2024-01-24 20:45:00,222.54,220.32,223.47,6.33,4.39,2.7,0.38,0.192
MTR0001,2024-01-24 21:00:00,220.13,219.0,223.55,5.68,4.34,2.74,0.348,0.197
MTR0001,2024-01-24 21:15:00,221.03,220.62,221.37,5.8,4.27,2.78,0.379,0.136
MTR0001,2024-01-24 21:30:00,220.52,220.37,221.59,5.8,4.14,2.84,0.359,0.14
MTR0001,2024-01-24 21:45:00,220.04,222.77,223.79,6.02,4.23,2.44,0.381,0.156
MTR0001,2024-01-24 22:00:00,221.87,222.78,220.21,5.28,3.79,2.42,0.304,0.174
MTR0001,2024-01-24 22:15:00,220.64,220.0,222.63,5.52,3.63,2.82,0.332,0.174
MTR0001,2024-01-24 22:30:00,220.54,223.77,222.51,5.58,3.86,2.21,0.36,0.156
MTR0001,2024-01-24 22:45:00,220.19,219.13,221.52,5.78,3.88,2.39,0.373,0.167
MTR0001,2024-01-24 23:00:00,222.0,222.15,221.51,5.25,3.59,2.28,0.314,0.132
MTR0001,2024-01-24 23:15:00,216.95,218.82,226.25,5.12,3.91,2.31,0.304,0.13
MTR0001,2024-01-24 23:30:00,220.07,220.42,220.3,4.95,3.5,2.45,0.316,0.178
MTR0001,2024-01-24 23:45:00,221.61,221.6,218.81,5.22,3.78,2.18,0.351,0.156
MTR0001,2024-01-25 00:00:00,221.03,223.7,222.69,3.33,2.44,1.69,0.189,0.102
MTR0001,2024-01-25 00:15:00,220.2,220.0,221.27,3.71,2.34,1.52,0.202,0.09
MTR0001,2024-01-25 00:30:00,219.65,220.81,221.89,3.63,2.95,1.62,0.198,0.124
MTR0001,2024-01-25 00:45:00,222.37,219.61,222.03,3.52,2.78,1.39,0.225,0.109
MTR0001,2024-01-25 01:00:00,221.32,222.73,219.75,3.6,2.66,1.82,0.254,0.119
MTR0001,2024-01-25 01:15:00,219.81,221.21,221.18,3.79,2.43,1.55,0.244,0.078
MTR0001,2024-01-25 01:30:00,220.31,223.39,219.71,3.9,2.44,1.76,0.212,0.137
MTR0001,2024-01-25 01:45:00,222.57,221.01,222.09,3.63,2.26,1.63,0.195,0.09
MTR0001,2024-01-25 02:00:00,219.45,223.26,222.34,3.59,2.6,1.85,0.234,0.12
MTR0001,2024-01-25 02:15:00,221.23,219.97,222.01,3.78,2.55,1.75,0.22,0.129
MTR0001,2024-01-25 02:30:00,219.65,222.28,221.96,3.91,2.59,1.37,0.202,0.1
MTR0001,2024-01-25 02:45:00,219.57,223.18,221.16,3.41,2.68,1.67,0.201,0.124
MTR0001,2024-01-25 03:00:00,220.32,223.95,219.98,3.85,2.62,1.82,0.251,0.083
MTR0001,2024-01-25 03:15:00,221.59,223.71,219.95,3.55,3.04,1.48,0.216,0.087
MTR0001,2024-01-25 03:30:00,217.31,222.76,220.57,3.61,2.67,1.56,0.235,0.104
MTR0001,2024-01-25 03:45:00,221.62,222.77,222.37,3.57,2.66,1.32,0.251,0.104
MTR0001,2024-01-25 04:00:00,220.0,221.9,224.52,3.6,2.44,1.46,0.212,0.122
MTR0001,2024-01-25 04:15:00,221.2,218.89,221.15,3.8,2.54,1.51,0.202,0.118
MTR0001,2024-01-25 04:30:00,221.58,222.5,219.27,3.67,2.45,1.7,0.221,0.128
MTR0001,2024-01-25 04:45:00,220.85,221.6,218.15,3.87,2.57,1.67,0.207,0.133
MTR0001,2024-01-25 05:00:00,219.09,218.77,221.83,3.68,2.51,1.44,0.239,0.126
MTR0001,2024-01-25 05:15:00,218.34,221.43,222.58,4.01,2.55,1.46,0.239,0.116
MTR0001,2024-01-25 05:30:00,221.48,221.99,221.4,3.58,2.68,1.86,0.2,0.124
MTR0001,2024-01-25 05:45:00,219.57,219.72,223.25,3.68,2.71,1.71,0.206,0.084
MTR0001,2024-01-25 06:00:00,220.92,221.38,222.28,7.33,5.39,3.22,0.463,0.236
MTR0001,2024-01-25 06:15:00,220.81,221.78,221.05,7.56,5.02,3.2,0.456,0.159
MTR0001,2024-01-25 06:30:00,220.17,223.1,223.3,7.31,5.16,3.16,0.495,0.168
MTR0001,2024-01-25 06:45:00,220.74,219.44,219.7,7.08,5.18,3.17,0.461,0.169
MTR0001,2024-01-25 07:00:00,219.15,222.69,222.82,7.92,5.42,3.53,0.485,0.221
MTR0001,2024-01-25 07:15:00,220.19,220.67,218.28,7.81,5.64,3.66,0.491,0.189
MTR0001,2024-01-25 07:30:00,222.76,221.38,219.95,7.68,5.49,3.46,0.446,0.265
MTR0001,2024-01-25 07:45:00,221.7,224.89,219.09,7.97,5.54,3.53,0.462,0.247
MTR0001,2024-01-25 08:00:00,219.56,220.53,221.19,8.37,6.29,3.68,0.545,0.229
MTR0001,2024-01-25 08:15:00,221.22,222.9,222.08,8.45,6.19,3.65,0.508,0.307
MTR0001,2024-01-25 08:30:00,220.45,221.51,220.67,8.5,5.95,3.79,0.514,0.284
MTR0001,2024-01-25 08:45:00,220.76,222.5,221.67,8.76,5.96,3.85,0.536,0.288
MTR0001,2024-01-25 09:00:00,217.47,221.55,219.86,8.93,6.54,4.08,0.575,0.227
MTR0001,2024-01-25 09:15:00,220.4,221.82,219.34,8.87,6.44,3.76,0.496,0.289
MTR0001,2024-01-25 09:30:00,222.67,222.35,219.83,8.67,6.22,4.06,0.567,0.307
MTR0001,2024-01-25 09:45:00,223.16,222.7,221.34,8.81,6.42,3.85,0.564,0.212
MTR0001,2024-01-25 10:00:00,220.13,221.18,222.13,8.96,6.54,4.17,0.54,0.306
MTR0001,2024-01-25 10:15:00,221.7,220.55,225.56,9.47,6.76,3.96,0.558,0.282
MTR0001,2024-01-25 10:30:00,220.5,222.22,218.57,9.14,6.64,3.98,0.574,0.291
MTR0001,2024-01-25 10:45:00,221.21,219.6,222.61,9.46,6.78,4.21,0.54,0.342
MTR0001,2024-01-25 11:00:00,218.51,222.24,221.39,9.67,6.88,4.3,0.61,0.23
MTR0001,2024-01-25 11:15:00,221.31,223.13,222.58,9.51,6.58,4.1,0.577,0.289
MTR0001,2024-01-25 11:30:00,219.68,224.77,223.26,9.54,6.79,4.08,0.571,0.24
MTR0001,2024-01-25 11:45:00,219.08,219.53,221.48,9.16,6.86,4.33,0.6,0.3
MTR0001,2024-01-25 12:00:00,219.95,221.17,221.97,9.66,6.68,4.28,0.636,0.24
MTR0001,2024-01-25 12:15:00,220.11,222.7,220.84,9.57,6.7,4.29,0.596,0.303
MTR0001,2024-01-25 12:30:00,220.95,221.2,221.6,9.59,6.66,4.07,0.621,0.2
MTR0001,2024-01-25 12:45:00,222.9,220.82,220.94,9.68,6.85,4.55,0.598,0.314
MTR0001,2024-01-25 13:00:00,221.34,221.0,220.29,9.43,6.34,4.13,0.574,0.233
MTR0001,2024-01-25 13:15:00,218.33,220.72,221.04,9.59,6.48,4.29,0.586,0.243
MTR0001,2024-01-25 13:30:00,222.54,223.15,224.56,9.67,6.59,4.24,0.556,0.257
MTR0001,2024-01-25 13:45:00,220.01,221.08,220.31,9.53,6.74,4.22,0.54,0.315
MTR0001,2024-01-25 14:00:00,222.16,222.29,221.23,9.07,6.38,3.97,0.546,0.214
MTR0001,2024-01-25 14:15:00,218.78,222.34,221.68,9.03,6.31,4.01,0.555,0.32
MTR0001,2024-01-25 14:30:00,220.15,222.46,223.09,9.3,6.65,4.1,0.591,0.215
MTR0001,2024-01-25 14:45:00,220.07,220.83,221.68,9.17,6.25,4.3,0.546,0.25
MTR0001,2024-01-25 15:00:00,221.0,217.39,220.62,9.12,6.45,3.89,0.562,0.213
MTR0001,2024-01-25 15:15:00,219.94,218.71,220.79,8.84,6.53,3.9,0.585,0.215
MTR0001,2024-01-25 15:30:00,217.82,222.3,220.5,8.78,6.11,3.92,0.561,0.199
MTR0001,2024-01-25 15:45:00,222.07,223.37,220.55,8.74,6.64,4.0,0.509,0.259
MTR0001,2024-01-25 16:00:00,216.53,221.49,222.99,8.47,6.19,3.89,0.557,0.254
MTR0001,2024-01-25 16:15:00,220.66,220.98,220.98,8.66,5.88,3.89,0.528,0.277
MTR0001,2024-01-25 16:30:00,220.5,223.59,221.94,8.44,5.97,3.61,0.509,0.26
MTR0001,2024-01-25 16:45:00,222.61,222.22,225.2,8.53,6.06,3.8,0.534,0.299
MTR0001,2024-01-25 17:00:00,219.08,222.38,219.49,7.88,5.72,3.74,0.455,0.28
MTR0001,2024-01-25 17:15:00,220.0,225.24,219.59,7.8,5.52,3.46,0.495,0.16
MTR0001,2024-01-25 17:30:00,221.31,222.94,222.69,7.88,5.48,3.64,0.499,0.225
MTR0001,2024-01-25 17:45:00,219.84,222.06,222.32,7.7,5.45,3.18,0.433,0.207
MTR0001,2024-01-25 18:00:00,221.05,220.5,222.1,7.47,5.06,3.22,0.466,0.186
MTR0001,2024-01-25 18:15:00,219.88,223.96,223.39,7.35,5.21,3.14,0.464,0.24
MTR0001,2024-01-25 18:30:00,220.91,221.04,222.93,7.17,5.26,3.17,0.478,0.21
MTR0001,2024-01-25 18:45:00,222.02,221.85,220.79,7.33,5.44,3.24,0.457,0.19
MTR0001,2024-01-25 19:00:00,221.76,221.34,220.41,6.62,4.92,3.15,0.448,0.146
MTR0001,2024-01-25 19:15:00,221.97,221.51,222.42,6.85,4.84,2.96,0.398,0.218
MTR0001,2024-01-25 19:30:00,221.39,222.53,221.01,6.58,4.94,3.06,0.429,0.211
MTR0001,2024-01-25 19:45:00,220.85,217.61,221.89,6.84,4.97,2.9,0.404,0.21
MTR0001,2024-01-25 20:00:00,220.07,221.18,220.88,6.36,4.56,2.86,0.425,0.146
MTR0001,2024-01-25 20:15:00,220.73,219.31,222.68,6.22,4.5,2.75,0.364,0.192
MTR0001,2024-01-25 20:30:00,222.15,219.39,225.27,6.43,4.42,2.66,0.423,0.17
MTR0001,2024-01-25 20:45:00,221.64,220.89,221.2,6.12,4.47,2.74,0.377,0.164
MTR0001,2024-01-25 21:00:00,222.99,223.34,221.81,5.46,4.47,2.57,0.395,0.128
MTR0001,2024-01-25 21:15:00,219.97,222.8,222.83,5.97,3.88,2.56,0.354,0.139
MTR0001,2024-01-25 21:30:00,222.35,222.91,221.11,5.85,4.35,2.74,0.389,0.187
MTR0001,2024-01-25 21:45:00,220.73,224.93,221.57,5.77,3.98,2.54,0.376,0.16
MTR0001,2024-01-25 22:00:00,222.73,223.09,223.58,5.42,3.77,2.43,0.318,0.132
MTR0001,2024-01-25 22:15:00,221.34,220.34,218.91,5.33,3.76,2.14,0.339,0.143
MTR0001,2024-01-25 22:30:00,216.64,224.29,222.53,5.33,3.84,2.25,0.338,0.166
MTR0001,2024-01-25 22:45:00,221.97,220.7,217.27,5.61,3.96,2.66,0.348,0.137
MTR0001,2024-01-25 23:00:00,222.84,221.88,223.87,5.4,3.71,2.37,0.349,0.176
MTR0001,2024-01-25 23:15:00,220.77,221.12,221.49,5.48,3.65,2.54,0.343,0.117
MTR0001,2024-01-25 23:30:00,222.87,218.13,219.64,5.11,3.53,2.55,0.339,0.149
MTR0001,2024-01-25 23:45:00,222.41,218.64,223.1,5.2,3.64,2.45,0.301,0.179
MTR0001,2024-01-26 00:00:00,223.69,222.78,223.32,3.49,2.63,1.71,0.243,0.138
MTR0001,2024-01-26 00:15:00,220.27,222.92,224.28,3.46,2.87,1.67,0.199,0.134
MTR0001,2024-01-26 00:30:00,222.47,219.7,220.78,3.55,2.75,1.83,0.2,0.134
MTR0001,2024-01-26 00:45:00,220.4,219.14,222.21,3.59,2.75,1.61,0.238,0.076
MTR0001,2024-01-26 01:00:00,221.04,220.72,219.48,3.73,2.51,1.67,0.201,0.127
MTR0001,2024-01-26 01:15:00,222.09,221.63,223.39,3.76,2.43,1.58,0.237,0.116
MTR0001,2024-01-26 01:30:00,219.85,220.81,220.85,3.64,2.32,1.61,0.193,0.112
MTR0001,2024-01-26 01:45:00,222.61,220.68,219.44,3.85,2.78,1.74,0.253,0.113
MTR0001,2024-01-26 02:00:00,220.09,221.93,223.35,3.72,2.41,1.57,0.258,0.109
MTR0001,2024-01-26 02:15:00,223.29,223.3,220.11,3.72,2.69,1.43,0.243,0.138
MTR0001,2024-01-26 02:30:00,221.61,219.45,218.97,3.71,2.73,1.62,0.221,0.116
MTR0001,2024-01-26 02:45:00,219.84,223.39,222.62,3.55,2.52,1.53,0.235,0.101
MTR0001,2024-01-26 03:00:00,219.19,219.17,221.81,3.7,2.89,1.77,0.246,0.12
MTR0001,2024-01-26 03:15:00,220.94,221.42,222.52,3.76,2.51,1.51,0.197,0.118
MTR0001,2024-01-26 03:30:00,219.03,220.96,222.85,3.52,2.52,1.65,0.231,0.13
MTR0001,2024-01-26 03:45:00,220.63,223.63,221.22,3.71,2.51,1.58,0.221,0.09
MTR0001,2024-01-26 04:00:00,219.77,221.9,219.38,3.72,2.7,1.55,0.219,0.12
MTR0001,2024-01-26 04:15:00,219.21,221.88,218.95,3.53,2.57,1.68,0.204,0.118
MTR0001,2024-01-26 04:30:00,223.27,222.73,223.46,3.82,2.72,1.58,0.221,0.137
MTR0001,2024-01-26 04:45:00,219.68,222.02,222.13,3.82,2.66,1.77,0.233,0.141
MTR0001,2024-01-26 05:00:00,218.52,219.98,223.16,3.67,2.54,1.6,0.234,0.077
MTR0001,2024-01-26 05:15:00,221.12,221.79,220.04,3.76,2.58,1.34,0.219,0.105
MTR0001,2024-01-26 05:30:00,223.19,220.78,220.0,3.49,2.84,1.48,0.157,0.124
MTR0001,2024-01-26 05:45:00,219.76,220.12,221.78,3.45,2.78,1.77,0.234,0.094
MTR0001,2024-01-26 06:00:00,221.17,221.85,220.65,7.37,5.09,3.24,0.442,0.179
MTR0001,2024-01-26 06:15:00,219.41,218.06,220.2,7.56,4.92,3.34,0.439,0.245
MTR0001,2024-01-26 06:30:00,221.49,224.14,221.12,7.55,5.51,3.25,0.487,0.249
MTR0001,2024-01-26 06:45:00,220.71,220.93,222.13,7.36,5.14,3.37,0.448,0.222
MTR0001,2024-01-26 07:00:00,221.57,222.48,222.1,8.01,5.61,3.37,0.505,0.241
MTR0001,2024-01-26 07:15:00,219.74,221.51,220.13,7.81,5.65,3.65,0.537,0.231
MTR0001,2024-01-26 07:30:00,221.31,223.97,221.28,8.02,5.43,3.48,0.465,0.258
MTR0001,2024-01-26 07:45:00,224.81,220.27,222.47,7.94,5.77,3.62,0.495,0.237
MTR0001,2024-01-26 08:00:00,222.42,223.42,218.11,8.36,5.83,3.78,0.552,0.244
MTR0001,2024-01-26 08:15:00,221.43,221.78,222.72,8.5,6.29,3.9,0.518,0.303
MTR0001,2024-01-26 08:30:00,222.72,220.93,223.03,8.47,6.23,3.6,0.533,0.275
MTR0001,2024-01-26 08:45:00,216.79,223.25,218.44,8.78,5.76,3.76,0.561,0.203
MTR0001,2024-01-26 09:00:00,220.74,221.73,221.61,8.79,6.37,3.93,0.54,0.275
MTR0001,2024-01-26 09:15:00,221.63,221.39,222.03,8.71,6.5,3.88,0.563,0.306
MTR0001,2024-01-26 09:30:00,219.86,221.4,221.54,9.19,6.54,4.06,0.54,0.323
MTR0001,2024-01-26 09:45:00,220.04,222.25,222.19,9.06,6.33,3.65,0.576,0.189
MTR0001,2024-01-26 10:00:00,219.33,222.1,220.71,9.23,6.54,4.02,0.529,0.325
MTR0001,2024-01-26 10:15:00,221.72,221.38,221.37,8.88,6.52,3.96,0.572,0.23
MTR0001,2024-01-26 10:30:00,218.14,223.11,220.07,9.22,6.64,4.34,0.577,0.292
MTR0001,2024-01-26 10:45:00,219.74,223.17,221.24,9.2,6.66,4.09,0.537,0.334
MTR0001,2024-01-26 11:00:00,220.89,223.66,221.77,9.37,6.9,4.25,0.605,0.213
MTR0001,2024-01-26 11:15:00,222.41,223.16,222.69,9.55,6.77,4.24,0.597,0.296
MTR0001,2024-01-26 11:30:00,222.32,220.63,219.77,9.47,6.66,4.34,0.6,0.247
MTR0001,2024-01-26 11:45:00,220.22,222.13,222.77,9.49,6.77,4.11,0.586,0.339
MTR0001,2024-01-26 12:00:00,218.82,221.98,222.74,9.55,6.98,4.37,0.578,0.309
MTR0001,2024-01-26 12:15:00,218.13,222.0,224.22,9.61,6.65,4.33,0.612,0.247
MTR0001,2024-01-26 12:30:00,219.25,221.09,222.55,9.56,6.98,4.37,0.564,0.32
MTR0001,2024-01-26 12:45:00,220.15,221.47,223.13,9.5,6.93,4.19,0.572,0.265
MTR0001,2024-01-26 13:00:00,222.25,223.86,219.18,9.43,6.86,4.19,0.609,0.237
MTR0001,2024-01-26 13:15:00,220.49,221.53,221.25,9.54,6.83,4.19,0.567,0.284
MTR0001,2024-01-26 13:30:00,222.07,221.6,219.08,9.54,6.7,4.19,0.593,0.272
MTR0001,2024-01-26 13:45:00,223.05,221.79,218.07,9.54,6.41,4.29,0.565,0.278
MTR0001,2024-01-26 14:00:00,222.59,223.75,221.15,9.28,6.7,3.92,0.544,0.323
MTR0001,2024-01-26 14:15:00,222.19,220.94,222.47,9.44,6.61,4.22,0.555,0.289
MTR0001,2024-01-26 14:30:00,220.37,222.46,221.01,9.15,6.62,4.28,0.556,0.327
MTR0001,2024-01-26 14:45:00,217.42,221.91,220.89,9.38,6.51,4.03,0.562,0.248
MTR0001,2024-01-26 15:00:00,221.28,220.44,219.86,9.12,6.36,3.76,0.508,0.33
MTR0001,2024-01-26 15:15:00,221.71,220.49,221.34,8.92,6.29,3.92,0.562,0.257
MTR0001,2024-01-26 15:30:00,222.8,222.14,225.02,9.0,6.46,3.97,0.535,0.303
MTR0001,2024-01-26 15:45:00,220.29,223.45,221.81,8.54,6.32,3.82,0.527,0.211
MTR0001,2024-01-26 16:00:00,221.68,221.26,221.39,8.36,6.06,3.72,0.464,0.288
MTR0001,2024-01-26 16:15:00,220.46,222.07,220.13,8.51,6.0,3.84,0.496,0.235
MTR0001,2024-01-26 16:30:00,221.52,219.62,221.3,8.52,5.95,3.84,0.554,0.267
MTR0001,2024-01-26 16:45:00,220.55,224.3,220.76,8.46,5.83,3.56,0.553,0.244
MTR0001,2024-01-26 17:00:00,219.37,222.77,220.67,7.97,5.63,3.79,0.507,0.242
MTR0001,2024-01-26 17:15:00,220.26,223.18,221.7,7.67,5.42,3.8,0.496,0.188
MTR0001,2024-01-26 17:30:00,220.4,219.36,220.0,8.03,5.55,3.53,0.497,0.19
MTR0001,2024-01-26 17:45:00,220.51,222.28,222.89,8.0,5.65,3.55,0.536,0.186
MTR0001,2024-01-26 18:00:00,221.18,224.17,221.35,7.42,5.32,3.12,0.481,0.167
MTR0001,2024-01-26 18:15:00,219.17,223.02,224.04,7.43,5.17,3.45,0.456,0.192
MTR0001,2024-01-26 18:30:00,220.04,219.92,223.44,7.55,5.17,3.21,0.445,0.205
MTR0001,2024-01-26 18:45:00,219.75,220.94,222.25,7.01,5.3,3.19,0.434,0.167
MTR0001,2024-01-26 19:00:00,219.59,223.12,221.0,6.7,4.71,3.0,0.415,0.211
MTR0001,2024-01-26 19:15:00,220.64,220.47,221.09,6.8,4.77,2.93,0.404,0.232
MTR0001,2024-01-26 19:30:00,222.31,220.03,220.07,6.73,4.9,2.83,0.377,0.235
MTR0001,2024-01-26 19:45:00,221.73,220.07,222.32,6.9,4.9,3.05,0.4,0.24
MTR0001,2024-01-26 20:00:00,219.03,218.84,220.81,6.19,4.54,2.78,0.361,0.192
MTR0001,2024-01-26 20:15:00,222.57,220.21,222.01,6.43,4.24,2.61,0.37,0.218
MTR0001,2024-01-26 20:30:00,221.47,221.53,220.86,6.31,4.4,3.05,0.391,0.227
MTR0001,2024-01-26 20:45:00,220.91,221.24,220.04,6.3,4.57,2.51,0.415,0.218
MTR0001,2024-01-26 21:00:00,218.41,220.51,220.56,5.67,4.04,2.63,0.34,0.152
MTR0001,2024-01-26 21:15:00,217.6,224.28,223.0,5.82,4.03,2.52,0.371,0.148
MTR0001,2024-01-26 21:30:00,220.67,221.55,221.45,5.99,3.93,2.84,0.374,0.186
MTR0001,2024-01-26 21:45:00,219.31,223.69,221.75,5.7,3.68,2.67,0.311,0.139
MTR0001,2024-01-26 22:00:00,221.34,221.03,220.22,5.46,3.71,2.7,0.356,0.142
MTR0001,2024-01-26 22:15:00,223.14,222.15,225.38,5.43,3.89,2.33,0.358,0.141
MTR0001,2024-01-26 22:30:00,221.58,222.89,221.74,5.4,3.77,2.32,0.305,0.162
MTR0001,2024-01-26 22:45:00,220.01,220.33,221.47,5.38,3.93,2.48,0.382,0.133
MTR0001,2024-01-26 23:00:00,220.47,221.44,223.2,5.42,3.76,2.51,0.331,0.192
MTR0001,2024-01-26 23:15:00,221.68,222.59,220.84,5.19,3.66,2.08,0.337,0.122
MTR0001,2024-01-26 23:30:00,219.63,222.18,223.52,5.08,3.76,2.2,0.31,0.181
MTR0001,2024-01-26 23:45:00,222.17,223.65,224.54,5.18,3.72,2.36,0.314,0.144
MTR0001,2024-01-27 00:00:00,221.37,221.0,222.2,3.86,2.54,1.63,0.217,0.107
MTR0001,2024-01-27 00:15:00,217.39,222.09,219.59,3.68,2.38,1.68,0.205,0.095
MTR0001,2024-01-27 00:30:00,220.54,221.07,221.5,3.54,2.75,1.76,0.194,0.128
MTR0001,2024-01-27 00:45:00,220.39,220.41,222.92,3.46,2.58,1.79,0.224,0.093
MTR0001,2024-01-27 01:00:00,220.32,220.61,221.91,3.68,2.52,1.82,0.255,0.11
MTR0001,2024-01-27 01:15:00,221.51,224.02,223.28,3.8,2.56,1.58,0.229,0.106
MTR0001,2024-01-27 01:30:00,218.06,219.72,221.24,3.73,2.4,1.62,0.213,0.11
MTR0001,2024-01-27 01:45:00,220.89,221.44,220.41,3.59,2.84,1.75,0.214,0.124
MTR0001,2024-01-27 02:00:00,220.08,221.6,221.94,3.36,2.38,1.65,0.232,0.08
MTR0001,2024-01-27 02:15:00,220.0,219.16,222.33,3.49,2.56,1.63,0.182,0.127
MTR0001,2024-01-27 02:30:00,218.21,224.0,222.1,3.7,2.82,1.66,0.21,0.094
MTR0001,2024-01-27 02:45:00,221.0,222.32,223.39,3.6,2.46,1.55,0.246,0.106
MTR0001,2024-01-27 03:00:00,222.8,221.33,222.56,3.41,2.52,1.44,0.234,0.081
MTR0001,2024-01-27 03:15:00,221.26,220.88,222.73,3.49,2.45,1.83,0.235,0.109
MTR0001,2024-01-27 03:30:00,219.33,220.77,223.65,3.5,2.67,1.67,0.227,0.078
MTR0001,2024-01-27 03:45:00,221.26,221.87,220.5,3.38,2.56,1.75,0.205,0.102
MTR0001,2024-01-27 04:00:00,221.83,221.23,221.08,3.67,2.47,1.87,0.225,0.116
MTR0001,2024-01-27 04:15:00,219.77,224.03,222.96,3.85,2.53,1.57,0.233,0.09
MTR0001,2024-01-27 04:30:00,221.52,219.32,220.1,3.86,2.78,1.69,0.208,0.141
MTR0001,2024-01-27 04:45:00,220.99,220.04,222.44,3.59,2.98,1.72,0.258,0.1
MTR0001,2024-01-27 05:00:00,220.8,222.54,221.73,3.92,2.57,1.56,0.193,0.136
MTR0001,2024-01-27 05:15:00,219.08,222.51,221.04,3.71,2.53,1.66,0.222,0.118
MTR0001,2024-01-27 05:30:00,219.45,220.51,218.66,3.84,2.62,1.46,0.213,0.117
MTR0001,2024-01-27 05:45:00,219.21,224.63,219.37,3.6,2.78,1.46,0.196,0.088
MTR0001,2024-01-27 06:00:00,221.14,221.42,223.2,7.54,5.37,3.23,0.491,0.193
MTR0001,2024-01-27 06:15:00,220.63,221.58,221.12,7.38,4.88,3.29,0.442,0.232
MTR0001,2024-01-27 06:30:00,218.95,221.07,219.45,7.44,5.19,3.21,0.46,0.224
MTR0001,2024-01-27 06:45:00,220.21,221.71,218.86,7.29,5.18,3.53,0.445,0.254
MTR0001,2024-01-27 07:00:00,219.99,221.01,223.62,7.92,5.46,3.38,0.507,0.187
MTR0001,2024-01-27 07:15:00,220.54,220.96,222.9,7.99,5.5,3.44,0.478,0.283
MTR0001,2024-01-27 07:30:00,220.18,219.62,222.29,8.12,5.99,3.58,0.489,0.288
MTR0001,2024-01-27 07:45:00,220.86,220.28,222.04,7.65,5.87,3.78,0.523,0.183
MTR0001,2024-01-27 08:00:00,221.94,220.73,220.45,8.4,5.93,3.65,0.46,0.299
MTR0001,2024-01-27 08:15:00,219.08,221.69,224.41,8.24,5.96,3.67,0.515,0.264
MTR0001,2024-01-27 08:30:00,223.47,223.41,220.76,8.33,6.01,3.54,0.537,0.252
MTR0001,2024-01-27 08:45:00,221.23,221.0,222.92,8.4,5.95,3.66,0.519,0.264
MTR0001,2024-01-27 09:00:00,219.0,221.79,219.92,8.89,6.2,3.83,0.531,0.251
MTR0001,2024-01-27 09:15:00,220.06,220.18,222.44,8.8,6.25,3.64,0.541,0.286
MTR0001,2024-01-27 09:30:00,219.34,220.39,219.99,9.0,6.19,4.0,0.535,0.25
MTR0001,2024-01-27 09:45:00,219.71,224.63,220.57,8.73,6.17,3.96,0.556,0.197
MTR0001,2024-01-27 10:00:00,220.0,223.05,219.16,9.36,6.69,4.26,0.57,0.271
MTR0001,2024-01-27 10:15:00,219.26,221.09,223.4,9.09,6.48,4.27,0.546,0.308
MTR0001,2024-01-27 10:30:00,222.31,222.64,221.58,9.22,6.28,4.31,0.624,0.238
MTR0001,2024-01-27 10:45:00,218.32,221.77,223.71,9.36,6.54,4.16,0.531,0.329
MTR0001,2024-01-27 11:00:00,218.75,221.61,221.86,9.33,7.0,4.23,0.571,0.31
MTR0001,2024-01-27 11:15:00,218.83,224.42,221.83,9.58,6.48,4.12,0.611,0.222
MTR0001,2024-01-27 11:30:00,218.66,221.84,220.82,9.56,6.6,4.13,0.561,0.325
MTR0001,2024-01-27 11:45:00,221.45,221.8,221.8,9.86,6.6,4.21,0.572,0.29
MTR0001,2024-01-27 12:00:00,219.78,219.91,219.47,9.4,6.81,4.26,0.601,0.194
MTR0001,2024-01-27 12:15:00,220.97,222.3,222.51,9.4,6.67,4.08,0.556,0.319
MTR0001,2024-01-27 12:30:00,221.06,221.63,224.33,9.28,6.6,4.09,0.583,0.288
MTR0001,2024-01-27 12:45:00,221.48,222.23,219.86,9.69,6.49,4.19,0.575,0.318
MTR0001,2024-01-27 13:00:00,220.12,223.23,220.83,9.16,6.9,4.33,0.54,0.313
MTR0001,2024-01-27 13:15:00,219.6,222.37,220.78,9.24,6.73,4.36,0.612,0.204
MTR0001,2024-01-27 13:30:00,223.52,219.4,222.12,9.54,6.88,4.43,0.652,0.216
MTR0001,2024-01-27 13:45:00,220.78,222.84,220.35,9.69,6.75,4.05,0.591,0.323
MTR0001,2024-01-27 14:00:00,218.37,223.13,218.84,9.03,6.52,4.16,0.559,0.277
MTR0001,2024-01-27 14:15:00,222.18,223.2,221.11,9.5,6.53,3.92,0.572,0.259
MTR0001,2024-01-27 14:30:00,220.1,220.41,220.78,9.47,6.53,3.92,0.591,0.267
MTR0001,2024-01-27 14:45:00,222.22,219.71,221.13,9.12,6.42,4.23,0.614,0.264
MTR0001,2024-01-27 15:00:00,220.18,221.15,220.73,8.84,5.94,3.95,0.542,0.193
MTR0001,2024-01-27 15:15:00,219.42,220.41,218.69,8.91,6.61,3.99,0.555,0.234
MTR0001,2024-01-27 15:30:00,220.97,220.09,218.47,8.96,6.18,4.13,0.636,0.197
MTR0001,2024-01-27 15:45:00,220.77,224.51,218.08,8.87,6.24,3.94,0.532,0.308
MTR0001,2024-01-27 16:00:00,221.75,222.46,221.8,8.65,5.93,3.72,0.55,0.236
MTR0001,2024-01-27 16:15:00,224.58,221.54,220.22,8.55,6.07,4.07,0.562,0.196
MTR0001,2024-01-27 16:30:00,219.44,222.01,223.68,8.35,5.94,4.11,0.498,0.297
MTR0001,2024-01-27 16:45:00,221.41,223.36,220.87,8.44,6.04,3.72,0.521,0.224
MTR0001,2024-01-27 17:00:00,220.07,224.8,219.45,8.07,5.68,3.65,0.49,0.267
MTR0001,2024-01-27 17:15:00,221.93,222.22,222.33,8.08,5.74,3.46,0.54,0.176
MTR0001,2024-01-27 17:30:00,220.11,221.71,223.56,7.95,5.68,3.48,0.473,0.272
MTR0001,2024-01-27 17:45:00,221.03,223.74,223.59,7.91,5.8,3.47,0.503,0.287
MTR0001,2024-01-27 18:00:00,220.5,222.03,219.59,7.65,5.07,3.23,0.449,0.26
MTR0001,2024-01-27 18:15:00,222.49,220.99,221.81,7.24,5.41,3.16,0.454,0.234
MTR0001,2024-01-27 18:30:00,220.63,221.71,223.34,7.68,5.43,3.4,0.485,0.181
MTR0001,2024-01-27 18:45:00,220.7,221.69,222.84,7.39,5.2,3.49,0.462,0.243
MTR0001,2024-01-27 19:00:00,221.34,219.59,220.34,6.93,4.8,3.07,0.428,0.197
MTR0001,2024-01-27 19:15:00,218.64,218.93,223.56,6.96,4.8,2.83,0.407,0.171
MTR0001,2024-01-27 19:30:00,219.26,220.6,221.04,6.64,4.68,3.03,0.405,0.193
MTR0001,2024-01-27 19:45:00,218.85,221.87,222.22,6.87,4.9,3.1,0.397,0.239
MTR0001,2024-01-27 20:00:00,219.6,222.13,221.22,6.09,4.56,2.69,0.418,0.187
MTR0001,2024-01-27 20:15:00,218.72,219.64,222.66,6.35,4.33,2.6,0.391,0.204
MTR0001,2024-01-27 20:30:00,221.21,219.6,221.65,5.9,4.55,2.82,0.372,0.205
MTR0001,2024-01-27 20:45:00,219.11,221.07,221.73,6.1,4.22,2.71,0.378,0.161
MTR0001,2024-01-27 21:00:00,216.53,220.0,220.58,5.89,4.11,2.59,0.34,0.182
MTR0001,2024-01-27 21:15:00,221.79,218.7,221.07,5.71,4.05,2.5,0.338,0.143
MTR0001,2024-01-27 21:30:00,221.2,222.09,222.44,5.86,4.1,2.94,0.373,0.183
MTR0001,2024-01-27 21:45:00,221.13,222.97,221.16,5.89,4.25,2.78,0.355,0.168
MTR0001,2024-01-27 22:00:00,220.74,220.69,218.67,5.29,3.96,2.54,0.377,0.117
MTR0001,2024-01-27 22:15:00,221.33,222.1,220.21,5.58,3.64,2.58,0.352,0.167
MTR0001,2024-01-27 22:30:00,221.45,219.39,223.6,5.26,3.97,2.44,0.335,0.186
MTR0001,2024-01-27 22:45:00,219.19,220.97,224.77,5.45,3.86,2.63,0.343,0.192
MTR0001,2024-01-27 23:00:00,221.56,220.9,221.01,5.52,3.66,2.44,0.341,0.19
MTR0001,2024-01-27 23:15:00,218.97,219.67,219.14,5.11,3.84,2.52,0.291,0.156
MTR0001,2024-01-27 23:30:00,220.11,221.24,220.16,5.05,3.92,2.36,0.349,0.173
MTR0001,2024-01-27 23:45:00,221.39,220.62,221.76,5.6,3.61,2.6,0.371,0.159
MTR0001,2024-01-28 00:00:00,220.44,222.26,221.27,3.7,2.84,1.58,0.272,0.101
MTR0001,2024-01-28 00:15:00,218.21,222.16,219.77,3.76,2.27,1.8,0.263,0.119
MTR0001,2024-01-28 00:30:00,220.54,224.32,220.91,3.66,2.75,1.57,0.193,0.116
MTR0001,2024-01-28 00:45:00,220.48,221.44,220.03,4.0,2.75,1.97,0.274,0.106
MTR0001,2024-01-28 01:00:00,217.47,221.58,221.11,3.51,2.67,1.89,0.244,0.099
MTR0001,2024-01-28 01:15:00,222.33,220.07,220.64,4.06,2.85,1.93,0.281,0.138
MTR0001,2024-01-28 01:30:00,223.21,221.26,220.59,3.69,2.55,1.73,0.225,0.126
MTR0001,2024-01-28 01:45:00,222.37,223.2,221.14,3.77,2.91,1.79,0.262,0.086
MTR0001,2024-01-28 02:00:00,221.45,220.74,223.19,3.75,2.62,1.53,0.229,0.109
MTR0001,2024-01-28 02:15:00,220.35,221.52,222.22,3.46,2.66,1.53,0.239,0.095
MTR0001,2024-01-28 02:30:00,219.21,220.78,224.43,3.72,2.92,1.62,0.276,0.118
MTR0001,2024-01-28 02:45:00,221.29,219.65,219.33,3.7,2.66,1.55,0.238,0.114
MTR0001,2024-01-28 03:00:00,219.45,223.03,222.07,3.79,2.47,1.35,0.221,0.086
MTR0001,2024-01-28 03:15:00,221.6,224.71,222.92,4.01,2.54,1.44,0.245,0.116
MTR0001,2024-01-28 03:30:00,221.4,221.51,221.24,3.64,2.42,1.53,0.242,0.094
MTR0001,2024-01-28 03:45:00,221.18,222.08,221.9,3.48,2.57,1.84,0.191,0.125
MTR0001,2024-01-28 04:00:00,220.38,217.9,222.3,3.65,2.78,1.67,0.237,0.108
MTR0001,2024-01-28 04:15:00,219.54,221.12,223.99,3.62,2.58,1.7,0.22,0.112
MTR0001,2024-01-28 04:30:00,220.14,220.52,220.88,3.37,2.71,1.62,0.185,0.123
MTR0001,2024-01-28 04:45:00,223.06,221.5,221.83,3.7,2.76,1.67,0.263,0.116
MTR0001,2024-01-28 05:00:00,219.68,221.4,223.36,3.45,2.54,1.58,0.202,0.114
MTR0001,2024-01-28 05:15:00,222.05,222.33,221.28,3.76,2.58,1.67,0.232,0.13
MTR0001,2024-01-28 05:30:00,220.07,222.42,223.87,3.49,2.65,1.76,0.273,0.089
MTR0001,2024-01-28 05:45:00,220.86,222.79,222.79,3.72,2.36,1.37,0.216,0.101
MTR0001,2024-01-28 06:00:00,221.4,221.31,221.37,7.22,5.31,3.52,0.436,0.244
MTR0001,2024-01-28 06:15:00,219.81,223.21,219.74,7.56,5.56,3.04,0.47,0.182
MTR0001,2024-01-28 06:30:00,218.95,222.22,219.84,7.37,5.51,3.22,0.475,0.203
MTR0001,2024-01-28 06:45:00,219.48,218.05,220.61,7.51,5.1,3.13,0.479,0.198
MTR0001,2024-01-28 07:00:00,220.04,219.97,221.67,7.76,5.76,3.36,0.455,0.28
MTR0001,2024-01-28 07:15:00,220.66,221.28,220.26,7.98,5.56,3.5,0.452,0.234
MTR0001,2024-01-28 07:30:00,223.26,221.97,221.82,7.88,5.6,3.46,0.496,0.23
MTR0001,2024-01-28 07:45:00,220.9,219.75,220.77,7.55,5.6,3.31,0.465,0.271
MTR0001,2024-01-28 08:00:00,218.49,223.06,221.7,8.38,6.09,3.73,0.477,0.306
MTR0001,2024-01-28 08:15:00,221.9,222.2,221.14,8.4,5.97,3.47,0.475,0.211
MTR0001,2024-01-28 08:30:00,220.85,221.25,222.0,8.38,6.11,3.59,0.499,0.237
MTR0001,2024-01-28 08:45:00,221.77,220.98,223.29,8.51,6.19,3.57,0.534,0.245
MTR0001,2024-01-28 09:00:00,220.88,221.37,221.3,8.91,6.16,4.01,0.525,0.274
MTR0001,2024-01-28 09:15:00,217.43,221.43,219.17,8.96,6.45,4.02,0.581,0.301
MTR0001,2024-01-28 09:30:00,217.83,223.03,221.15,8.92,6.39,3.63,0.557,0.316
MTR0001,2024-01-28 09:45:00,220.13,222.05,219.53,8.8,6.45,3.99,0.528,0.271
MTR0001,2024-01-28 10:00:00,218.53,220.41,220.09,9.47,6.48,3.95,0.573,0.229
MTR0001,2024-01-28 10:15:00,222.36,224.1,223.53,9.42,6.44,4.22,0.603,0.266
MTR0001,2024-01-28 10:30:00,222.7,222.81,222.33,9.01,6.54,4.04,0.55,0.323
MTR0001,2024-01-28 10:45:00,221.91,219.54,221.33,9.19,6.4,4.01,0.596,0.258
MTR0001,2024-01-28 11:00:00,220.4,226.1,223.36,9.34,6.82,4.23,0.552,0.314
MTR0001,2024-01-28 11:15:00,217.39,219.51,221.27,9.37,6.6,4.22,0.604,0.292
MTR0001,2024-01-28 11:30:00,220.26,219.02,221.68,9.45,7.0,4.47,0.609,0.311
MTR0001,2024-01-28 11:45:00,220.53,222.01,224.51,9.81,6.52,4.17,0.545,0.346
MTR0001,2024-01-28 12:00:00,218.18,222.78,219.92,9.25,7.03,4.12,0.612,0.242
MTR0001,2024-01-28 12:15:00,220.74,221.2,219.12,9.65,6.89,4.08,0.575,0.279
MTR0001,2024-01-28 12:30:00,219.74,222.1,219.59,9.54,6.74,4.2,0.593,0.333
MTR0001,2024-01-28 12:45:00,220.69,218.37,222.09,9.61,6.62,4.38,0.589,0.25
MTR0001,2024-01-28 13:00:00,223.69,222.36,222.19,9.53,6.51,4.51,0.629,0.243
MTR0001,2024-01-28 13:15:00,219.27,220.69,219.02,9.39,6.74,3.9,0.543,0.318
MTR0001,2024-01-28 13:30:00,223.31,221.41,218.13,9.44,6.89,4.2,0.646,0.209
MTR0001,2024-01-28 13:45:00,220.94,222.45,221.62,9.73,6.82,4.15,0.639,0.28
MTR0001,2024-01-28 14:00:00,221.46,222.61,221.25,9.04,6.56,4.17,0.608,0.214
MTR0001,2024-01-28 14:15:00,218.8,220.06,220.13,9.55,6.65,4.23,0.57,0.316
MTR0001,2024-01-28 14:30:00,219.52,219.0,221.08,9.38,6.41,3.92,0.522,0.308
MTR0001,2024-01-28 14:45:00,219.98,222.55,220.04,9.3,6.55,4.18,0.61,0.236
MTR0001,2024-01-28 15:00:00,219.06,222.92,219.36,8.7,6.6,4.13,0.561,0.274
MTR0001,2024-01-28 15:15:00,219.79,221.81,221.86,8.91,6.52,3.71,0.504,0.305
MTR0001,2024-01-28 15:30:00,221.39,221.46,222.91,8.85,6.22,4.03,0.524,0.289
MTR0001,2024-01-28 15:45:00,220.41,223.2,223.87,9.1,6.32,4.21,0.597,0.278
MTR0001,2024-01-28 16:00:00,218.83,219.82,222.04,8.2,6.07,3.44,0.538,0.265
MTR0001,2024-01-28 16:15:00,218.9,218.8,220.54,8.58,6.16,3.86,0.547,0.243
MTR0001,2024-01-28 16:30:00,219.66,220.88,222.72,8.23,6.15,3.72,0.497,0.279
MTR0001,2024-01-28 16:45:00,220.7,219.05,221.29,8.54,5.83,4.05,0.486,0.304
MTR0001,2024-01-28 17:00:00,221.28,222.33,223.76,7.73,5.65,3.43,0.492,0.199
MTR0001,2024-01-28 17:15:00,221.03,219.02,223.33,7.83,5.58,3.57,0.489,0.189
MTR0001,2024-01-28 17:30:00,220.85,219.47,221.65,8.1,5.55,3.44,0.527,0.239
MTR0001,2024-01-28 17:45:00,220.98,221.3,221.53,8.05,5.67,3.56,0.529,0.228
MTR0001,2024-01-28 18:00:00,221.61,219.26,220.77,7.47,5.24,3.39,0.431,0.24
MTR0001,2024-01-28 18:15:00,220.7,223.47,221.53,7.49,5.27,3.17,0.447,0.263
MTR0001,2024-01-28 18:30:00,221.47,225.31,221.33,7.34,5.11,3.28,0.485,0.179
MTR0001,2024-01-28 18:45:00,221.03,221.62,219.6,7.16,5.26,3.15,0.452,0.196
MTR0001,2024-01-28 19:00:00,220.68,224.74,223.0,6.86,4.94,3.25,0.448,0.175
MTR0001,2024-01-28 19:15:00,221.44,220.95,223.61,6.85,4.68,2.89,0.394,0.243
MTR0001,2024-01-28 19:30:00,222.59,223.27,222.04,6.9,5.06,3.09,0.444,0.18
MTR0001,2024-01-28 19:45:00,224.43,221.54,221.34,6.82,4.82,3.26,0.425,0.235
MTR0001,2024-01-28 20:00:00,220.83,220.0,221.29,6.2,4.58,2.84,0.418,0.166
MTR0001,2024-01-28 20:15:00,222.37,220.38,222.92,6.24,4.43,2.78,0.399,0.216
MTR0001,2024-01-28 20:30:00,220.84,224.15,222.81,6.18,4.21,2.72,0.379,0.155
MTR0001,2024-01-28 20:45:00,219.34,222.44,219.25,6.03,4.49,2.73,0.368,0.163
MTR0001,2024-01-28 21:00:00,218.13,221.92,220.4,6.04,4.16,2.55,0.322,0.188
MTR0001,2024-01-28 21:15:00,219.66,220.55,222.64,5.73,4.21,2.74,0.327,0.18
MTR0001,2024-01-28 21:30:00,220.47,220.77,220.45,5.79,4.06,2.52,0.331,0.181
MTR0001,2024-01-28 21:45:00,219.69,220.32,221.2,5.72,4.13,2.51,0.333,0.178
MTR0001,2024-01-28 22:00:00,219.71,220.49,221.54,5.43,3.78,2.38,0.336,0.139
MTR0001,2024-01-28 22:15:00,222.08,224.7,220.53,5.62,3.72,2.34,0.325,0.171
MTR0001,2024-01-28 22:30:00,220.95,222.94,223.7,5.41,3.88,2.38,0.342,0.174
MTR0001,2024-01-28 22:45:00,221.06,222.92,223.3,5.54,3.96,2.34,0.329,0.167
MTR0001,2024-01-28 23:00:00,219.61,220.48,220.24,5.13,3.82,2.59,0.359,0.145
MTR0001,2024-01-28 23:15:00,221.1,220.04,221.83,4.95,3.85,2.23,0.316,0.124
MTR0001,2024-01-28 23:30:00,221.39,221.29,222.51,5.21,3.77,2.3,0.356,0.12
MTR0001,2024-01-28 23:45:00,220.63,221.81,223.21,5.17,3.86,2.36,0.339,0.135
MTR0001,2024-01-29 00:00:00,220.52,220.92,223.16,3.6,2.73,1.8,0.221,0.136
MTR0001,2024-01-29 00:15:00,219.93,221.85,224.47,3.83,2.59,1.61,0.237,0.09
MTR0001,2024-01-29 00:30:00,222.55,221.21,219.65,3.44,2.65,1.52,0.187,0.121
MTR0001,2024-01-29 00:45:00,222.34,221.11,220.47,3.75,2.84,1.84,0.197,0.137
MTR0001,2024-01-29 01:00:00,223.08,221.33,219.27,3.58,2.51,1.96,0.252,0.076
MTR0001,2024-01-29 01:15:00,222.12,222.41,224.01,3.55,2.51,1.37,0.247,0.08
MTR0001,2024-01-29 01:30:00,218.9,223.07,221.37,3.77,2.87,1.53,0.212,0.097
MTR0001,2024-01-29 01:45:00,219.73,223.23,222.17,3.51,2.62,1.63,0.198,0.124
MTR0001,2024-01-29 02:00:00,217.72,221.82,223.26,3.46,2.67,1.54,0.218,0.106
MTR0001,2024-01-29 02:15:00,220.87,222.05,222.71,3.76,2.62,1.54,0.222,0.094
MTR0001,2024-01-29 02:30:00,220.25,221.84,220.87,3.57,2.63,1.64,0.208,0.122
MTR0001,2024-01-29 02:45:00,220.62,223.47,222.46,3.39,2.51,1.41,0.2,0.118
MTR0001,2024-01-29 03:00:00,219.19,221.62,222.37,3.9,2.72,1.8,0.247,0.13
MTR0001,2024-01-29 03:15:00,221.13,222.23,219.56,3.84,2.58,1.62,0.203,0.137
MTR0001,2024-01-29 03:30:00,220.7,221.12,219.58,3.66,2.51,1.67,0.219,0.104
MTR0001,2024-01-29 03:45:00,219.53,221.26,220.78,3.52,2.78,1.51,0.219,0.129
MTR0001,2024-01-29 04:00:00,219.66,223.19,220.84,3.74,2.58,1.69,0.25,0.085
MTR0001,2024-01-29 04:15:00,222.48,221.58,221.3,3.73,2.85,1.54,0.226,0.124
MTR0001,2024-01-29 04:30:00,219.22,221.7,219.97,3.54,2.54,1.7,0.23,0.098
MTR0001,2024-01-29 04:45:00,219.68,220.51,221.13,3.67,2.69,1.64,0.231,0.128
MTR0001,2024-01-29 05:00:00,219.98,222.99,218.17,3.67,2.34,1.5,0.229,0.127
MTR0001,2024-01-29 05:15:00,219.44,221.47,220.71,3.75,2.64,1.5,0.22,0.112
MTR0001,2024-01-29 05:30:00,221.65,223.6,219.78,3.6,2.73,1.68,0.236,0.11
MTR0001,2024-01-29 05:45:00,221.63,222.06,221.81,3.7,2.73,1.61,0.254,0.108
MTR0001,2024-01-29 06:00:00,221.55,220.08,220.67,7.48,5.41,2.98,0.451,0.216
MTR0001,2024-01-29 06:15:00,222.03,220.31,223.74,7.41,5.2,3.15,0.455,0.242
MTR0001,2024-01-29 06:30:00,221.28,224.24,221.54,7.55,5.1,3.28,0.486,0.202
MTR0001,2024-01-29 06:45:00,219.64,220.9,221.21,7.69,5.24,3.17,0.471,0.222
MTR0001,2024-01-29 07:00:00,218.38,224.62,222.41,7.91,5.58,3.36,0.46,0.214
MTR0001,2024-01-29 07:15:00,219.35,220.44,222.78,7.87,5.36,3.53,0.48,0.245
MTR0001,2024-01-29 07:30:00,222.3,220.92,221.11,7.9,5.62,3.47,0.504,0.255
MTR0001,2024-01-29 07:45:00,219.57,219.98,221.46,8.1,5.54,3.69,0.515,0.25
MTR0001,2024-01-29 08:00:00,218.98,218.21,220.91,8.51,5.88,3.6,0.5,0.205
MTR0001,2024-01-29 08:15:00,221.8,219.55,220.9,8.47,5.73,3.79,0.52,0.271
MTR0001,2024-01-29 08:30:00,221.27,221.83,222.16,8.41,5.91,3.64,0.486,0.262
MTR0001,2024-01-29 08:45:00,223.83,220.4,220.72,8.42,5.93,4.03,0.552,0.249
MTR0001,2024-01-29 09:00:00,221.98,221.76,218.69,8.92,6.35,3.63,0.523,0.263
MTR0001,2024-01-29 09:15:00,222.54,222.59,221.19,9.21,6.41,3.82,0.524,0.308
MTR0001,2024-01-29 09:30:00,221.72,220.54,222.48,8.99,6.26,4.14,0.533,0.228
MTR0001,2024-01-29 09:45:00,219.43,222.64,220.99,9.12,6.16,3.86,0.583,0.222
MTR0001,2024-01-29 10:00:00,223.58,222.39,223.17,9.32,6.6,4.29,0.605,0.258
MTR0001,2024-01-29 10:15:00,218.27,222.52,222.48,9.15,6.6,3.98,0.6,0.235
MTR0001,2024-01-29 10:30:00,220.44,222.09,221.88,9.13,6.6,4.31,0.619,0.212
MTR0001,2024-01-29 10:45:00,219.86,222.49,221.16,9.31,6.68,3.9,0.569,0.248
MTR0001,2024-01-29 11:00:00,221.05,220.52,223.16,9.55,6.44,4.14,0.584,0.3
MTR0001,2024-01-29 11:15:00,221.58,223.99,221.14,9.45,6.97,4.22,0.607,0.25
MTR0001,2024-01-29 11:30:00,221.89,221.3,218.6,9.55,6.58,4.16,0.554,0.285
MTR0001,2024-01-29 11:45:00,222.46,222.78,221.34,9.67,6.97,4.29,0.626,0.263
MTR0001,2024-01-29 12:00:00,223.3,218.31,220.48,9.73,6.7,4.49,0.596,0.307
MTR0001,2024-01-29 12:15:00,222.24,219.37,219.3,9.67,6.54,4.21,0.512,0.338
MTR0001,2024-01-29 12:30:00,221.78,221.69,221.39,9.43,6.86,4.5,0.571,0.285
MTR0001,2024-01-29 12:45:00,222.91,219.27,222.24,9.46,6.52,4.33,0.58,0.276
MTR0001,2024-01-29 13:00:00,218.99,222.47,221.79,9.57,6.65,4.34,0.584,0.233
MTR0001,2024-01-29 13:15:00,220.7,222.62,221.53,9.51,6.97,4.21,0.609,0.24
MTR0001,2024-01-29 13:30:00,219.45,221.32,223.52,9.44,6.62,3.95,0.607,0.205
MTR0001,2024-01-29 13:45:00,222.07,222.79,222.99,9.62,6.71,4.11,0.622,0.249
MTR0001,2024-01-29 14:00:00,221.76,221.41,221.45,9.38,6.67,4.29,0.596,0.239
MTR0001,2024-01-29 14:15:00,219.64,220.28,222.22,9.33,6.96,4.1,0.6,0.234
MTR0001,2024-01-29 14:30:00,222.1,221.55,220.66,9.44,6.58,4.03,0.582,0.239
MTR0001,2024-01-29 14:45:00,219.44,220.49,223.25,9.48,6.6,3.93,0.55,0.321
MTR0001,2024-01-29 15:00:00,223.28,226.16,219.05,9.06,6.28,4.12,0.559,0.247
MTR0001,2024-01-29 15:15:00,222.12,224.79,223.92,9.09,6.2,3.86,0.555,0.274
MTR0001,2024-01-29 15:30:00,218.43,220.43,219.96,8.81,6.1,3.9,0.559,0.239
MTR0001,2024-01-29 15:45:00,219.98,220.52,220.3,8.75,6.24,3.97,0.547,0.27
MTR0001,2024-01-29 16:00:00,220.82,222.11,218.64,8.29,5.97,3.84,0.492,0.278
MTR0001,2024-01-29 16:15:00,219.16,221.06,224.02,8.48,6.01,3.75,0.51,0.285
MTR0001,2024-01-29 16:30:00,219.75,222.53,221.82,8.27,5.69,4.04,0.549,0.179
MTR0001,2024-01-29 16:45:00,221.0,219.44,220.43,8.57,6.06,3.74,0.512,0.222
MTR0001,2024-01-29 17:00:00,222.98,221.01,220.67,8.03,5.5,3.57,0.436,0.287
MTR0001,2024-01-29 17:15:00,221.09,221.06,223.67,7.92,5.79,3.66,0.503,0.256
MTR0001,2024-01-29 17:30:00,221.61,220.83,219.18,7.94,5.68,3.55,0.46,0.27
MTR0001,2024-01-29 17:45:00,221.24,225.79,221.7,7.95,5.6,3.58,0.445,0.28
MTR0001,2024-01-29 18:00:00,220.73,219.27,222.26,7.21,4.98,3.11,0.414,0.217
MTR0001,2024-01-29 18:15:00,221.78,222.13,220.27,7.26,5.1,3.35,0.402,0.264
MTR0001,2024-01-29 18:30:00,221.63,221.17,222.16,7.28,5.08,3.27,0.453,0.2
MTR0001,2024-01-29 18:45:00,222.04,223.07,222.62,7.34,5.38,3.05,0.447,0.274
MTR0001,2024-01-29 19:00:00,221.58,222.02,220.83,6.68,4.94,3.16,0.42,0.184
MTR0001,2024-01-29 19:15:00,219.25,222.42,221.35,7.1,4.57,2.89,0.496,0.154
MTR0001,2024-01-29 19:30:00,221.02,222.24,220.84,6.92,4.85,3.06,0.447,0.224
MTR0001,2024-01-29 19:45:00,221.16,221.03,222.33,6.53,4.74,2.93,0.401,0.214
MTR0001,2024-01-29 20:00:00,218.61,221.78,222.7,6.59,4.35,2.68,0.386,0.219
MTR0001,2024-01-29 20:15:00,219.14,219.66,221.82,6.09,4.61,2.61,0.359,0.165
MTR0001,2024-01-29 20:30:00,218.29,221.69,221.81,6.29,4.5,2.78,0.378,0.183
MTR0001,2024-01-29 20:45:00,222.48,221.8,221.93,6.4,4.66,2.61,0.392,0.153
MTR0001,2024-01-29 21:00:00,221.95,222.15,220.94,5.96,4.22,2.6,0.372,0.141
MTR0001,2024-01-29 21:15:00,220.06,222.03,223.13,6.03,4.14,2.8,0.338,0.222
MTR0001,2024-01-29 21:30:00,223.23,222.64,223.83,5.81,4.21,2.76,0.428,0.127
MTR0001,2024-01-29 21:45:00,220.04,223.43,222.23,5.78,4.09,2.55,0.338,0.17
MTR0001,2024-01-29 22:00:00,219.95,222.83,223.06,5.52,3.94,2.52,0.325,0.194
MTR0001,2024-01-29 22:15:00,220.8,220.78,223.21,5.13,3.83,2.14,0.324,0.161
MTR0001,2024-01-29 22:30:00,222.24,222.36,222.07,5.55,3.8,2.44,0.314,0.196
MTR0001,2024-01-29 22:45:00,219.37,221.02,222.39,5.34,3.8,2.17,0.335,0.185
MTR0001,2024-01-29 23:00:00,222.62,220.71,222.68,5.06,3.65,2.3,0.291,0.161
MTR0001,2024-01-29 23:15:00,221.96,222.62,222.22,4.79,3.67,2.42,0.306,0.189
MTR0001,2024-01-29 23:30:00,218.74,222.59,223.19,5.0,3.67,2.16,0.327,0.163
MTR0001,2024-01-29 23:45:00,221.47,222.42,221.06,5.31,3.66,2.44,0.299,0.14
MTR0001,2024-01-30 00:00:00,217.68,222.61,222.33,3.86,2.44,1.75,0.221,0.085
MTR0001,2024-01-30 00:15:00,219.75,222.41,221.57,3.57,2.4,1.67,0.214,0.114
MTR0001,2024-01-30 00:30:00,222.4,219.85,221.93,3.45,2.67,1.62,0.233,0.112
MTR0001,2024-01-30 00:45:00,220.21,223.26,218.93,3.87,2.43,1.59,0.201,0.107
MTR0001,2024-01-30 01:00:00,221.48,221.66,221.26,3.95,2.62,1.76,0.204,0.135
MTR0001,2024-01-30 01:15:00,219.42,218.65,219.01,3.58,2.68,1.82,0.211,0.134
MTR0001,2024-01-30 01:30:00,220.72,221.9,220.45,3.7,2.77,1.55,0.233,0.117
MTR0001,2024-01-30 01:45:00,224.12,219.25,220.79,3.76,2.64,1.79,0.243,0.1
MTR0001,2024-01-30 02:00:00,222.27,220.69,218.83,3.69,2.78,1.87,0.241,0.109
MTR0001,2024-01-30 02:15:00,220.04,223.64,221.65,3.81,2.51,1.68,0.232,0.105
MTR0001,2024-01-30 02:30:00,219.62,221.16,221.25,3.68,2.34,1.61,0.219,0.107
MTR0001,2024-01-30 02:45:00,218.53,222.11,222.74,3.72,2.72,1.56,0.232,0.1
MTR0001,2024-01-30 03:00:00,223.43,221.69,219.97,3.9,2.38,1.11,0.202,0.092
MTR0001,2024-01-30 03:15:00,220.35,221.69,223.61,3.59,2.77,1.58,0.22,0.083
MTR0001,2024-01-30 03:30:00,222.59,222.17,223.36,3.76,2.66,1.69,0.236,0.13
MTR0001,2024-01-30 03:45:00,220.95,222.5,220.78,3.78,2.41,1.58,0.194,0.107
MTR0001,2024-01-30 04:00:00,219.65,222.12,221.26,3.58,2.34,1.51,0.188,0.112
MTR0001,2024-01-30 04:15:00,222.05,221.3,222.57,3.52,2.54,1.49,0.211,0.117
MTR0001,2024-01-30 04:30:00,222.1,224.02,220.94,3.66,2.45,1.45,0.178,0.13
MTR0001,2024-01-30 04:45:00,222.7,223.01,220.81,3.58,2.67,1.49,0.209,0.113
MTR0001,2024-01-30 05:00:00,220.5,221.93,220.58,3.64,2.66,1.51,0.24,0.108
MTR0001,2024-01-30 05:15:00,220.82,222.55,219.1,3.63,2.62,1.5,0.189,0.117
MTR0001,2024-01-30 05:30:00,222.16,220.9,223.32,3.56,2.69,1.44,0.211,0.1
MTR0001,2024-01-30 05:45:00,220.42,223.29,221.83,3.45,2.56,1.51,0.238,0.115
MTR0001,2024-01-30 06:00:00,218.95,218.95,220.56,7.07,5.18,3.64,0.469,0.185
MTR0001,2024-01-30 06:15:00,221.99,223.6,221.13,7.37,5.16,3.1,0.439,0.257
MTR0001,2024-01-30 06:30:00,219.87,221.32,220.08,7.38,5.32,3.36,0.47,0.216
MTR0001,2024-01-30 06:45:00,219.25,220.53,222.72,7.34,5.28,3.23,0.437,0.259
MTR0001,2024-01-30 07:00:00,219.92,220.12,220.91,7.79,5.75,3.39,0.517,0.216
MTR0001,2024-01-30 07:15:00,220.27,222.6,223.08,7.79,5.63,3.5,0.51,0.229
MTR0001,2024-01-30 07:30:00,220.85,221.58,221.01,7.84,5.78,3.53,0.496,0.272
MTR0001,2024-01-30 07:45:00,222.16,222.41,222.36,8.01,5.56,3.38,0.516,0.173
MTR0001,2024-01-30 08:00:00,220.99,221.69,219.84,8.43,6.02,3.78,0.528,0.235
MTR0001,2024-01-30 08:15:00,220.79,222.16,223.39,8.45,5.84,3.78,0.519,0.241
MTR0001,2024-01-30 08:30:00,218.38,219.58,221.52,8.6,6.18,3.73,0.507,0.314
MTR0001,2024-01-30 08:45:00,220.79,223.2,222.47,8.36,6.03,3.74,0.508,0.275
MTR0001,2024-01-30 09:00:00,218.55,221.57,217.87,8.83,6.34,3.81,0.534,0.242
MTR0001,2024-01-30 09:15:00,220.8,219.9,221.38,9.06,6.13,3.81,0.571,0.201
MTR0001,2024-01-30 09:30:00,219.67,223.93,221.58,9.05,6.34,4.16,0.59,0.21
MTR0001,2024-01-30 09:45:00,222.17,219.15,221.47,9.22,6.24,4.03,0.527,0.295
MTR0001,2024-01-30 10:00:00,221.57,221.5,222.26,9.28,6.7,4.26,0.59,0.264
MTR0001,2024-01-30 10:15:00,219.48,220.46,221.81,9.61,6.54,4.33,0.531,0.326
MTR0001,2024-01-30 10:30:00,220.14,221.4,220.66,9.03,6.5,4.26,0.525,0.27
MTR0001,2024-01-30 10:45:00,220.17,224.91,221.36,9.11,6.8,4.22,0.563,0.295
MTR0001,2024-01-30 11:00:00,222.35,222.33,221.79,9.62,6.57,4.14,0.549,0.305
MTR0001,2024-01-30 11:15:00,220.9,220.87,220.49,9.59,6.33,4.31,0.577,0.308
MTR0001,2024-01-30 11:30:00,221.98,221.06,221.16,9.52,6.75,4.11,0.621,0.301
MTR0001,2024-01-30 11:45:00,220.65,221.27,218.94,9.44,6.64,4.12,0.586,0.26
MTR0001,2024-01-30 12:00:00,220.83,223.35,221.42,9.62,6.75,4.34,0.612,0.289
MTR0001,2024-01-30 12:15:00,218.9,224.34,221.53,9.54,6.82,4.38,0.622,0.246
MTR0001,2024-01-30 12:30:00,221.18,222.04,221.26,9.52,7.02,4.32,0.582,0.313
MTR0001,2024-01-30 12:45:00,221.46,222.07,221.17,9.67,6.57,3.99,0.551,0.305
MTR0001,2024-01-30 13:00:00,220.73,221.06,219.33,9.46,6.45,4.16,0.582,0.265
MTR0001,2024-01-30 13:15:00,221.77,221.94,219.87,9.42,6.6,3.98,0.577,0.26
MTR0001,2024-01-30 13:30:00,219.4,222.58,221.04,9.58,6.79,4.18,0.552,0.337
MTR0001,2024-01-30 13:45:00,222.28,223.62,222.67,9.53,6.72,4.06,0.587,0.262
MTR0001,2024-01-30 14:00:00,220.3,220.38,221.22,9.11,6.63,4.03,0.595,0.207
MTR0001,2024-01-30 14:15:00,220.87,222.52,221.49,9.43,6.54,4.18,0.618,0.206
MTR0001,2024-01-30 14:30:00,219.89,220.5,220.65,9.45,6.66,3.96,0.545,0.319
MTR0001,2024-01-30 14:45:00,218.45,220.36,220.35,9.3,6.24,4.08,0.581,0.214
MTR0001,2024-01-30 15:00:00,221.25,221.62,221.44,8.83,6.07,3.8,0.513,0.284
MTR0001,2024-01-30 15:15:00,218.9,218.82,220.63,8.87,6.25,3.86,0.569,0.215
MTR0001,2024-01-30 15:30:00,221.76,221.07,219.65,8.87,6.58,4.23,0.538,0.289
MTR0001,2024-01-30 15:45:00,219.9,223.61,221.39,8.7,6.26,4.13,0.507,0.303
MTR0001,2024-01-30 16:00:00,222.61,220.97,220.39,8.7,6.1,3.7,0.561,0.201
MTR0001,2024-01-30 16:15:00,221.32,219.98,222.77,8.56,6.04,3.59,0.507,0.291
MTR0001,2024-01-30 16:30:00,220.35,224.73,220.15,8.6,5.83,3.84,0.531,0.252
MTR0001,2024-01-30 16:45:00,221.53,220.45,218.73,8.5,5.92,3.7,0.537,0.208
MTR0001,2024-01-30 17:00:00,216.57,220.7,218.89,7.74,5.96,3.61,0.484,0.245
MTR0001,2024-01-30 17:15:00,218.23,222.61,220.89,7.96,5.68,3.44,0.479,0.27
MTR0001,2024-01-30 17:30:00,218.76,221.75,222.94,7.84,5.8,3.39,0.535,0.203
MTR0001,2024-01-30 17:45:00,221.06,218.61,220.13,8.0,5.73,3.33,0.525,0.218
MTR0001,2024-01-30 18:00:00,222.36,221.53,220.18,7.52,5.45,3.12,0.484,0.169
MTR0001,2024-01-30 18:15:00,220.26,220.67,220.72,7.38,5.31,3.31,0.496,0.16
MTR0001,2024-01-30 18:30:00,221.96,221.36,220.09,7.36,4.91,3.19,0.41,0.25
MTR0001,2024-01-30 18:45:00,219.48,221.54,221.37,7.56,5.26,3.33,0.446,0.244
MTR0001,2024-01-30 19:00:00,220.84,220.89,221.94,6.9,4.77,2.95,0.388,0.215
MTR0001,2024-01-30 19:15:00,218.38,224.52,224.43,6.91,4.74,2.94,0.422,0.163
MTR0001,2024-01-30 19:30:00,221.86,221.77,219.89,6.7,4.79,3.12,0.426,0.209
MTR0001,2024-01-30 19:45:00,220.33,223.26,221.42,6.71,4.75,2.97,0.408,0.208
MTR0001,2024-01-30 20:00:00,221.54,220.27,221.63,6.13,4.33,2.82,0.347,0.221
MTR0001,2024-01-30 20:15:00,221.41,221.53,222.03,6.3,4.47,2.93,0.418,0.159
MTR0001,2024-01-30 20:30:00,219.91,221.1,218.6,6.38,4.64,3.09,0.402,0.186
MTR0001,2024-01-30 20:45:00,219.93,223.06,221.02,5.81,4.48,2.91,0.366,0.216
MTR0001,2024-01-30 21:00:00,220.47,224.03,221.3,6.03,4.18,2.63,0.409,0.141
MTR0001,2024-01-30 21:15:00,223.86,222.57,221.36,5.61,4.13,2.45,0.352,0.145
MTR0001,2024-01-30 21:30:00,221.62,223.13,218.1,5.84,4.22,2.83,0.358,0.158
MTR0001,2024-01-30 21:45:00,222.61,221.91,220.82,5.84,4.27,2.27,0.368,0.152
MTR0001,2024-01-30 22:00:00,219.28,223.26,221.27,5.61,3.8,2.32,0.333,0.193
MTR0001,2024-01-30 22:15:00,220.64,222.46,221.63,5.49,4.05,2.37,0.352,0.175
MTR0001,2024-01-30 22:30:00,219.3,221.15,220.2,5.7,3.82,2.55,0.394,0.15
MTR0001,2024-01-30 22:45:00,223.48,220.03,220.85,5.2,4.01,2.46,0.314,0.188
MTR0001,2024-01-30 23:00:00,219.32,222.35,221.54,5.12,3.89,2.14,0.311,0.172
MTR0001,2024-01-30 23:15:00,217.03,221.13,223.24,5.25,3.5,2.06,0.334,0.163
MTR0001,2024-01-30 23:30:00,220.31,223.47,222.17,5.26,3.73,2.39,0.306,0.149
MTR0001,2024-01-30 23:45:00,220.74,220.0,221.9,5.04,3.75,2.65,0.286,0.185
