idmeter,timestamp,vr,vs,vt,ir,is,it,wh,varh
MTR0001,2024-01-01 00:00:00,221.55,221.39,222.47,3.38,2.56,2.14,0.227,0.139
MTR0001,2024-01-01 00:15:00,219.93,220.81,220.64,3.01,2.21,2.32,0.191,0.116
MTR0001,2024-01-01 00:30:00,219.44,219.48,223.7,3.12,2.61,1.97,0.225,0.1
MTR0001,2024-01-01 00:45:00,219.9,223.02,221.94,3.05,2.45,2.16,0.237,0.101
MTR0001,2024-01-01 01:00:00,221.11,218.66,219.51,3.18,2.71,2.21,0.2,0.124
MTR0001,2024-01-01 01:15:00,221.96,220.79,219.48,3.02,2.43,2.2,0.213,0.092
MTR0001,2024-01-01 01:30:00,222.35,223.0,220.24,3.1,2.65,2.33,0.225,0.119
MTR0001,2024-01-01 01:45:00,222.57,220.25,222.75,3.19,2.44,2.17,0.238,0.105
MTR0001,2024-01-01 02:00:00,220.75,223.95,217.57,3.27,2.61,2.14,0.243,0.121
MTR0001,2024-01-01 02:15:00,220.0,219.36,220.32,3.26,2.57,2.12,0.237,0.128
MTR0001,2024-01-01 02:30:00,220.01,222.37,221.65,3.3,2.49,2.13,0.246,0.122
MTR0001,2024-01-01 02:45:00,216.82,222.12,220.91,3.11,2.67,2.16,0.26,0.119
MTR0001,2024-01-01 03:00:00,221.19,221.49,218.62,3.15,2.61,2.55,0.236,0.136
MTR0001,2024-01-01 03:15:00,219.94,220.97,222.01,3.15,2.72,2.01,0.248,0.09
MTR0001,2024-01-01 03:30:00,222.9,219.5,222.38,3.48,2.45,2.1,0.253,0.138
MTR0001,2024-01-01 03:45:00,220.81,221.05,222.47,2.97,2.68,2.04,0.203,0.111
MTR0001,2024-01-01 04:00:00,222.02,219.75,221.84,3.35,2.36,2.21,0.188,0.135
MTR0001,2024-01-01 04:15:00,222.75,220.3,222.43,3.33,2.63,2.31,0.231,0.136
MTR0001,2024-01-01 04:30:00,223.6,222.31,219.71,3.25,2.45,2.3,0.242,0.127
MTR0001,2024-01-01 04:45:00,221.44,223.01,220.2,3.17,2.39,2.06,0.212,0.12
MTR0001,2024-01-01 05:00:00,221.22,222.84,221.52,3.37,2.56,2.59,0.218,0.14
MTR0001,2024-01-01 05:15:00,220.86,221.39,221.31,3.26,2.53,2.3,0.221,0.123
MTR0001,2024-01-01 05:30:00,221.12,219.73,221.76,3.21,2.47,2.2,0.25,0.104
MTR0001,2024-01-01 05:45:00,222.11,223.2,220.06,3.36,2.74,2.09,0.254,0.115
MTR0001,2024-01-01 06:00:00,221.66,223.3,222.93,6.4,5.15,4.47,0.46,0.233
MTR0001,2024-01-01 06:15:00,220.74,220.8,218.82,6.35,5.14,4.37,0.421,0.268
MTR0001,2024-01-01 06:30:00,220.9,219.98,220.43,6.4,5.09,4.39,0.48,0.271
MTR0001,2024-01-01 06:45:00,222.85,222.84,221.52,6.37,5.36,4.27,0.434,0.246
MTR0001,2024-01-01 07:00:00,221.56,222.9,219.7,6.74,5.53,4.6,0.507,0.236
MTR0001,2024-01-01 07:15:00,221.37,224.08,219.51,7.07,5.49,4.51,0.514,0.21
MTR0001,2024-01-01 07:30:00,219.41,221.51,216.64,6.64,5.57,4.51,0.501,0.248
MTR0001,2024-01-01 07:45:00,220.61,220.9,221.59,7.14,5.66,4.83,0.492,0.278
MTR0001,2024-01-01 08:00:00,220.9,221.02,221.67,7.34,6.22,4.83,0.54,0.261
MTR0001,2024-01-01 08:15:00,221.46,221.44,220.77,7.28,6.11,4.94,0.487,0.31
MTR0001,2024-01-01 08:30:00,221.34,220.56,222.85,7.29,6.1,5.11,0.531,0.279
MTR0001,2024-01-01 08:45:00,218.12,219.77,220.5,7.42,6.21,4.95,0.571,0.223
MTR0001,2024-01-01 09:00:00,221.82,221.13,221.99,7.62,6.32,5.37,0.528,0.25
MTR0001,2024-01-01 09:15:00,222.61,219.81,222.66,7.74,6.2,5.28,0.576,0.261
MTR0001,2024-01-01 09:30:00,219.56,221.12,222.12,7.55,6.18,5.32,0.513,0.313
MTR0001,2024-01-01 09:45:00,221.64,222.91,223.23,7.56,6.2,5.49,0.537,0.325
MTR0001,2024-01-01 10:00:00,222.09,221.36,221.47,7.79,6.55,5.45,0.567,0.331
MTR0001,2024-01-01 10:15:00,221.54,221.73,219.33,7.81,6.5,5.56,0.604,0.205
MTR0001,2024-01-01 10:30:00,220.95,220.44,221.54,8.01,6.77,5.64,0.607,0.299
MTR0001,2024-01-01 10:45:00,220.63,223.06,219.32,8.05,6.53,5.29,0.546,0.295
MTR0001,2024-01-01 11:00:00,221.31,224.41,222.93,8.04,6.57,5.7,0.63,0.228
MTR0001,2024-01-01 11:15:00,221.85,221.4,221.39,8.08,6.75,5.46,0.574,0.304
MTR0001,2024-01-01 11:30:00,218.41,220.7,221.51,8.13,6.64,5.72,0.556,0.293
MTR0001,2024-01-01 11:45:00,222.39,223.91,220.26,8.08,6.74,5.93,0.641,0.25
MTR0001,2024-01-01 12:00:00,223.89,224.23,221.13,8.34,6.86,5.87,0.616,0.263
MTR0001,2024-01-01 12:15:00,218.2,223.77,222.83,8.17,6.79,5.34,0.635,0.234
MTR0001,2024-01-01 12:30:00,218.24,221.52,222.08,8.19,6.45,5.65,0.588,0.263
MTR0001,2024-01-01 12:45:00,219.15,222.33,222.62,8.15,7.07,5.62,0.567,0.327
MTR0001,2024-01-01 13:00:00,220.64,220.05,220.67,7.95,7.0,5.63,0.569,0.347
MTR0001,2024-01-01 13:15:00,222.08,220.67,220.4,8.21,6.62,5.44,0.551,0.291
MTR0001,2024-01-01 13:30:00,223.27,221.23,222.36,8.17,7.17,5.79,0.614,0.333
MTR0001,2024-01-01 13:45:00,219.58,220.24,221.22,8.12,6.55,5.53,0.601,0.306
MTR0001,2024-01-01 14:00:00,220.79,223.82,221.62,7.81,6.78,5.57,0.569,0.287
MTR0001,2024-01-01 14:15:00,222.89,219.64,218.63,8.08,6.56,5.51,0.547,0.309
MTR0001,2024-01-01 14:30:00,219.91,220.3,221.57,7.81,6.59,5.49,0.553,0.321
MTR0001,2024-01-01 14:45:00,221.16,222.01,220.41,7.86,6.63,5.52,0.545,0.274
MTR0001,2024-01-01 15:00:00,219.81,222.46,220.36,7.37,6.06,5.29,0.484,0.307
MTR0001,2024-01-01 15:15:00,219.09,222.0,225.68,7.39,6.28,5.22,0.544,0.303
MTR0001,2024-01-01 15:30:00,222.05,219.91,222.29,7.85,5.93,5.17,0.539,0.283
MTR0001,2024-01-01 15:45:00,221.53,223.97,221.32,7.65,6.21,5.37,0.543,0.306
MTR0001,2024-01-01 16:00:00,221.23,224.71,222.81,7.2,6.16,4.95,0.513,0.253
MTR0001,2024-01-01 16:15:00,222.38,220.33,219.13,7.25,5.94,5.14,0.533,0.253
MTR0001,2024-01-01 16:30:00,218.58,223.32,222.01,7.18,6.07,5.35,0.549,0.206
MTR0001,2024-01-01 16:45:00,219.16,220.37,223.76,7.31,5.93,5.14,0.541,0.207
MTR0001,2024-01-01 17:00:00,220.13,222.17,222.64,6.65,5.73,4.9,0.476,0.219
MTR0001,2024-01-01 17:15:00,219.21,220.83,221.76,6.91,5.47,4.35,0.509,0.169
MTR0001,2024-01-01 17:30:00,224.47,221.79,221.66,6.9,5.68,4.73,0.517,0.211
MTR0001,2024-01-01 17:45:00,218.79,224.43,221.78,6.8,5.59,4.82,0.475,0.285
MTR0001,2024-01-01 18:00:00,218.26,223.89,221.26,6.24,5.05,4.11,0.44,0.214
MTR0001,2024-01-01 18:15:00,222.71,220.37,219.25,6.26,5.03,4.34,0.378,0.247
MTR0001,2024-01-01 18:30:00,220.45,222.64,224.27,6.47,5.16,4.19,0.436,0.261
MTR0001,2024-01-01 18:45:00,219.78,221.82,220.33,6.4,5.18,4.38,0.441,0.249
MTR0001,2024-01-01 19:00:00,219.73,221.76,221.12,6.04,4.4,4.19,0.391,0.213
MTR0001,2024-01-01 19:15:00,221.23,221.22,221.28,5.89,4.92,3.82,0.435,0.219
MTR0001,2024-01-01 19:30:00,221.88,219.91,220.71,5.88,4.61,4.13,0.417,0.233
MTR0001,2024-01-01 19:45:00,221.15,221.98,223.97,5.66,4.7,3.88,0.436,0.15
MTR0001,2024-01-01 20:00:00,222.19,221.32,220.72,5.51,4.31,3.49,0.402,0.17
MTR0001,2024-01-01 20:15:00,222.67,218.35,218.87,5.27,4.57,3.7,0.393,0.158
MTR0001,2024-01-01 20:30:00,221.26,219.03,219.48,5.47,4.45,3.68,0.383,0.137
MTR0001,2024-01-01 20:45:00,218.36,222.43,224.51,5.46,4.35,3.79,0.376,0.233
MTR0001,2024-01-01 21:00:00,223.3,223.12,218.74,4.77,4.0,3.44,0.332,0.196
MTR0001,2024-01-01 21:15:00,218.65,222.47,219.21,4.84,4.3,3.3,0.329,0.201
MTR0001,2024-01-01 21:30:00,221.54,221.88,220.21,5.07,4.01,3.45,0.326,0.18
MTR0001,2024-01-01 21:45:00,220.27,221.96,221.77,4.91,4.39,3.43,0.378,0.18
MTR0001,2024-01-01 22:00:00,221.75,223.06,222.43,4.43,3.74,3.19,0.317,0.122
MTR0001,2024-01-01 22:15:00,222.4,221.78,222.73,4.76,4.04,3.39,0.364,0.13
MTR0001,2024-01-01 22:30:00,221.44,221.91,221.91,4.47,3.69,3.39,0.371,0.123
MTR0001,2024-01-01 22:45:00,220.1,222.93,219.39,4.74,3.69,3.42,0.345,0.144
MTR0001,2024-01-01 23:00:00,222.97,221.89,223.05,4.25,3.73,3.23,0.329,0.176
MTR0001,2024-01-01 23:15:00,222.63,220.57,220.74,4.1,3.83,3.14,0.327,0.119
MTR0001,2024-01-01 23:30:00,223.17,220.82,220.87,4.43,3.49,2.96,0.268,0.16
MTR0001,2024-01-01 23:45:00,219.19,222.62,221.25,4.35,4.04,3.0,0.318,0.184
MTR0001,2024-01-02 00:00:00,221.23,225.28,220.54,3.07,2.51,2.1,0.219,0.091
MTR0001,2024-01-02 00:15:00,220.24,219.84,222.69,3.31,2.65,2.12,0.229,0.118
MTR0001,2024-01-02 00:30:00,223.12,224.29,220.58,3.09,2.64,2.23,0.217,0.103
MTR0001,2024-01-02 00:45:00,218.18,219.71,222.83,3.01,2.47,2.18,0.202,0.12
MTR0001,2024-01-02 01:00:00,220.78,223.38,225.29,3.07,2.53,2.34,0.202,0.104
MTR0001,2024-01-02 01:15:00,221.16,222.06,222.9,3.21,2.66,2.29,0.266,0.099
MTR0001,2024-01-02 01:30:00,222.87,222.57,221.25,3.17,2.78,2.06,0.231,0.13
MTR0001,2024-01-02 01:45:00,220.46,221.61,222.73,2.93,2.6,2.19,0.229,0.13
MTR0001,2024-01-02 02:00:00,220.34,221.93,221.87,3.39,2.59,2.22,0.243,0.109
MTR0001,2024-01-02 02:15:00,220.52,220.99,220.96,3.18,2.33,2.32,0.216,0.104
MTR0001,2024-01-02 02:30:00,223.15,221.5,220.67,3.43,2.38,1.85,0.226,0.127
MTR0001,2024-01-02 02:45:00,222.48,223.57,221.17,2.98,2.58,2.27,0.199,0.099
MTR0001,2024-01-02 03:00:00,220.73,221.97,221.14,3.2,2.41,2.4,0.25,0.09
MTR0001,2024-01-02 03:15:00,221.2,221.25,222.56,3.26,2.67,2.27,0.243,0.111
MTR0001,2024-01-02 03:30:00,220.67,223.76,220.49,3.42,2.59,1.97,0.187,0.135
MTR0001,2024-01-02 03:45:00,219.85,223.09,221.08,3.15,2.57,2.08,0.192,0.113
MTR0001,2024-01-02 04:00:00,221.98,222.24,220.05,3.14,2.6,2.01,0.236,0.111
MTR0001,2024-01-02 04:15:00,219.49,221.66,221.1,3.14,2.57,2.07,0.25,0.128
MTR0001,2024-01-02 04:30:00,219.94,222.46,223.6,3.29,2.61,2.08,0.243,0.103
MTR0001,2024-01-02 04:45:00,219.93,223.23,221.67,3.29,2.57,2.38,0.276,0.108
MTR0001,2024-01-02 05:00:00,219.82,220.87,221.02,3.21,2.68,2.09,0.292,0.102
MTR0001,2024-01-02 05:15:00,219.4,222.73,219.81,3.23,2.52,2.21,0.211,0.124
MTR0001,2024-01-02 05:30:00,221.4,222.57,220.78,3.39,2.42,1.96,0.204,0.088
MTR0001,2024-01-02 05:45:00,220.64,224.27,219.05,3.06,2.72,2.21,0.252,0.132
MTR0001,2024-01-02 06:00:00,219.86,222.19,222.24,6.34,5.12,4.26,0.482,0.16
MTR0001,2024-01-02 06:15:00,218.32,221.52,221.26,6.46,4.86,4.4,0.447,0.202
MTR0001,2024-01-02 06:30:00,218.86,223.34,220.8,6.35,5.19,4.43,0.403,0.249
MTR0001,2024-01-02 06:45:00,220.41,223.45,222.47,6.09,5.07,4.44,0.427,0.26
MTR0001,2024-01-02 07:00:00,221.37,222.25,223.05,6.82,5.56,4.67,0.481,0.259
MTR0001,2024-01-02 07:15:00,220.6,220.05,221.22,6.86,5.52,4.7,0.488,0.275
MTR0001,2024-01-02 07:30:00,222.3,217.26,224.63,6.77,5.77,4.54,0.481,0.266
MTR0001,2024-01-02 07:45:00,222.41,221.35,222.32,6.65,5.6,5.0,0.508,0.232
MTR0001,2024-01-02 08:00:00,222.46,223.38,222.46,7.07,6.23,4.84,0.522,0.296
MTR0001,2024-01-02 08:15:00,221.31,223.75,222.35,7.3,5.73,4.87,0.539,0.233
MTR0001,2024-01-02 08:30:00,220.35,223.66,221.27,7.26,5.95,5.02,0.489,0.266
MTR0001,2024-01-02 08:45:00,219.47,223.93,219.17,7.2,5.79,4.92,0.522,0.299
MTR0001,2024-01-02 09:00:00,219.77,224.98,222.97,7.59,5.93,5.63,0.501,0.314
MTR0001,2024-01-02 09:15:00,222.97,218.86,224.99,7.75,6.41,5.37,0.593,0.244
MTR0001,2024-01-02 09:30:00,220.96,221.51,220.37,7.59,6.05,5.27,0.549,0.285
MTR0001,2024-01-02 09:45:00,217.93,222.2,223.77,7.75,6.21,5.05,0.535,0.303
MTR0001,2024-01-02 10:00:00,220.96,219.6,220.6,7.98,6.31,5.56,0.626,0.204
MTR0001,2024-01-02 10:15:00,219.93,221.7,222.21,7.96,6.73,5.55,0.593,0.22
MTR0001,2024-01-02 10:30:00,218.7,224.22,219.63,7.83,6.44,5.63,0.628,0.225
MTR0001,2024-01-02 10:45:00,221.16,220.43,224.83,7.75,6.63,5.38,0.59,0.222
MTR0001,2024-01-02 11:00:00,220.87,221.38,222.95,8.46,6.62,5.42,0.603,0.273
MTR0001,2024-01-02 11:15:00,221.42,220.44,219.35,7.84,6.85,5.79,0.63,0.213
MTR0001,2024-01-02 11:30:00,220.23,221.29,220.63,7.97,6.61,5.44,0.531,0.329
MTR0001,2024-01-02 11:45:00,219.87,222.65,223.05,8.14,6.78,5.94,0.614,0.308
MTR0001,2024-01-02 12:00:00,223.31,222.23,220.44,8.18,6.84,5.68,0.556,0.333
MTR0001,2024-01-02 12:15:00,219.43,221.72,223.88,8.14,6.96,5.49,0.59,0.241
MTR0001,2024-01-02 12:30:00,222.62,221.81,224.98,8.25,6.79,5.62,0.584,0.339
MTR0001,2024-01-02 12:45:00,219.19,220.27,220.44,8.15,6.77,5.77,0.557,0.301
MTR0001,2024-01-02 13:00:00,221.38,225.34,221.49,8.25,6.72,5.61,0.599,0.307
MTR0001,2024-01-02 13:15:00,220.04,221.25,219.72,8.07,6.55,5.82,0.638,0.21
MTR0001,2024-01-02 13:30:00,220.76,222.83,223.59,8.21,6.71,5.43,0.574,0.293
MTR0001,2024-01-02 13:45:00,221.56,221.68,218.8,8.03,6.27,5.67,0.523,0.327
MTR0001,2024-01-02 14:00:00,223.1,223.43,221.18,8.16,6.57,5.44,0.603,0.204
MTR0001,2024-01-02 14:15:00,220.25,220.54,221.95,7.84,6.55,5.38,0.608,0.204
MTR0001,2024-01-02 14:30:00,222.22,219.37,217.67,8.08,6.35,5.46,0.583,0.29
MTR0001,2024-01-02 14:45:00,222.12,222.74,221.46,7.91,6.49,5.49,0.548,0.31
MTR0001,2024-01-02 15:00:00,218.58,221.88,221.48,7.72,6.32,5.14,0.523,0.272
MTR0001,2024-01-02 15:15:00,222.55,220.31,218.05,7.57,6.17,4.94,0.538,0.226
MTR0001,2024-01-02 15:30:00,219.89,224.34,222.52,7.56,6.63,5.19,0.575,0.254
MTR0001,2024-01-02 15:45:00,219.84,221.85,219.71,7.65,6.32,5.54,0.563,0.247
MTR0001,2024-01-02 16:00:00,218.78,220.14,223.3,7.15,5.82,5.09,0.505,0.283
MTR0001,2024-01-02 16:15:00,219.63,222.92,222.41,7.44,5.79,4.94,0.528,0.297
MTR0001,2024-01-02 16:30:00,221.48,224.85,220.53,7.38,5.99,5.05,0.552,0.25
MTR0001,2024-01-02 16:45:00,219.52,222.14,222.34,7.21,5.89,4.82,0.553,0.252
MTR0001,2024-01-02 17:00:00,220.47,221.18,221.96,6.91,5.73,4.61,0.533,0.19
MTR0001,2024-01-02 17:15:00,222.62,221.39,222.83,6.9,5.45,4.77,0.505,0.231
MTR0001,2024-01-02 17:30:00,220.01,222.48,223.36,6.79,5.65,4.95,0.469,0.233
MTR0001,2024-01-02 17:45:00,223.52,222.54,221.99,6.92,5.51,4.77,0.491,0.241
MTR0001,2024-01-02 18:00:00,219.93,222.48,224.0,6.36,5.02,4.43,0.454,0.243
MTR0001,2024-01-02 18:15:00,218.63,219.94,220.82,6.18,5.08,4.05,0.452,0.192
MTR0001,2024-01-02 18:30:00,218.67,218.96,219.21,6.49,5.12,4.74,0.475,0.206
MTR0001,2024-01-02 18:45:00,223.59,224.43,223.95,6.44,5.11,4.48,0.467,0.187
MTR0001,2024-01-02 19:00:00,220.54,220.92,222.54,5.95,4.81,4.24,0.42,0.21
MTR0001,2024-01-02 19:15:00,219.54,221.4,222.22,5.61,4.82,4.11,0.438,0.212
MTR0001,2024-01-02 19:30:00,220.46,220.16,220.94,5.97,5.08,4.25,0.395,0.236
MTR0001,2024-01-02 19:45:00,220.01,222.76,218.66,5.84,4.95,3.99,0.45,0.165
MTR0001,2024-01-02 20:00:00,219.05,217.29,221.46,5.62,4.67,3.64,0.416,0.16
MTR0001,2024-01-02 20:15:00,221.39,220.74,222.03,5.37,4.27,3.57,0.365,0.207
MTR0001,2024-01-02 20:30:00,222.17,220.4,223.74,5.31,4.42,3.59,0.367,0.217
MTR0001,2024-01-02 20:45:00,218.16,220.06,221.87,5.37,4.53,3.72,0.339,0.221
MTR0001,2024-01-02 21:00:00,221.99,219.72,221.94,4.76,4.17,3.43,0.343,0.161
MTR0001,2024-01-02 21:15:00,220.16,220.79,222.45,4.9,4.25,3.83,0.365,0.214
MTR0001,2024-01-02 21:30:00,221.06,221.05,220.26,4.98,3.94,3.0,0.32,0.199
MTR0001,2024-01-02 21:45:00,223.45,220.05,220.43,4.97,4.31,3.44,0.351,0.177
MTR0001,2024-01-02 22:00:00,220.08,220.17,221.68,4.91,3.9,3.19,0.351,0.135
MTR0001,2024-01-02 22:15:00,221.28,221.55,221.41,4.55,3.86,3.36,0.345,0.16
MTR0001,2024-01-02 22:30:00,220.16,223.32,221.67,4.45,3.99,3.13,0.36,0.158
MTR0001,2024-01-02 22:45:00,221.95,221.31,219.67,4.68,4.0,3.33,0.331,0.179
MTR0001,2024-01-02 23:00:00,219.37,222.24,224.59,4.31,3.7,3.31,0.349,0.117
MTR0001,2024-01-02 23:15:00,222.52,223.75,219.72,4.44,3.7,3.06,0.335,0.156
MTR0001,2024-01-02 23:30:00,221.09,221.07,222.01,4.43,3.72,3.29,0.331,0.133
MTR0001,2024-01-02 23:45:00,220.55,223.56,221.36,4.14,3.62,3.25,0.322,0.178
MTR0001,2024-01-03 00:00:00,220.44,221.05,220.91,3.01,2.84,2.13,0.203,0.109
MTR0001,2024-01-03 00:15:00,220.65,223.44,221.56,3.17,2.66,2.06,0.214,0.12
MTR0001,2024-01-03 00:30:00,221.22,221.21,222.38,3.08,2.73,1.98,0.19,0.099
MTR0001,2024-01-03 00:45:00,222.34,219.62,222.59,3.25,2.42,2.31,0.253,0.096
MTR0001,2024-01-03 01:00:00,220.6,220.14,223.16,3.13,2.27,2.31,0.23,0.074
MTR0001,2024-01-03 01:15:00,220.47,222.23,220.85,3.26,2.63,2.23,0.222,0.1
MTR0001,2024-01-03 01:30:00,220.0,222.81,222.05,3.43,2.57,2.13,0.183,0.135
MTR0001,2024-01-03 01:45:00,218.39,222.77,223.08,3.02,2.66,2.31,0.23,0.106
MTR0001,2024-01-03 02:00:00,220.91,223.34,220.11,3.19,2.75,2.26,0.259,0.104
MTR0001,2024-01-03 02:15:00,218.08,220.57,223.71,3.1,2.73,2.21,0.262,0.121
MTR0001,2024-01-03 02:30:00,223.26,222.71,221.61,2.91,2.56,2.05,0.226,0.107
MTR0001,2024-01-03 02:45:00,223.02,222.52,224.94,3.17,2.58,2.15,0.214,0.118
MTR0001,2024-01-03 03:00:00,220.16,220.56,219.39,3.14,2.37,2.29,0.212,0.122
MTR0001,2024-01-03 03:15:00,222.43,220.73,222.22,3.56,2.66,2.15,0.243,0.119
MTR0001,2024-01-03 03:30:00,220.32,220.41,223.11,3.15,2.89,2.17,0.241,0.079
MTR0001,2024-01-03 03:45:00,218.73,218.81,222.75,3.12,2.72,2.41,0.221,0.125
MTR0001,2024-01-03 04:00:00,223.22,222.95,221.1,3.02,2.28,2.07,0.234,0.117
MTR0001,2024-01-03 04:15:00,221.57,221.35,223.34,3.32,2.78,1.92,0.233,0.136
MTR0001,2024-01-03 04:30:00,222.23,222.03,220.58,3.2,2.43,2.2,0.179,0.128
MTR0001,2024-01-03 04:45:00,224.82,220.87,218.56,3.26,2.73,2.37,0.237,0.104
MTR0001,2024-01-03 05:00:00,219.01,222.98,223.0,3.05,2.81,2.14,0.202,0.089
MTR0001,2024-01-03 05:15:00,218.05,223.36,223.88,3.27,2.45,2.4,0.203,0.129
MTR0001,2024-01-03 05:30:00,220.34,222.77,223.47,3.36,2.52,2.15,0.251,0.111
MTR0001,2024-01-03 05:45:00,218.36,223.51,224.34,3.08,2.59,2.01,0.221,0.129
MTR0001,2024-01-03 06:00:00,220.15,221.44,221.37,6.24,5.16,4.6,0.447,0.245
MTR0001,2024-01-03 06:15:00,221.16,222.96,219.19,6.08,5.28,4.05,0.46,0.258
MTR0001,2024-01-03 06:30:00,221.76,222.35,218.8,6.22,5.08,4.27,0.4,0.253
MTR0001,2024-01-03 06:45:00,220.89,222.34,222.94,6.03,5.17,4.19,0.4,0.2
MTR0001,2024-01-03 07:00:00,222.45,224.54,219.66,6.86,5.53,4.68,0.461,0.243
MTR0001,2024-01-03 07:15:00,221.2,224.25,220.96,6.83,5.5,4.83,0.524,0.191
MTR0001,2024-01-03 07:30:00,222.49,221.52,218.84,6.98,5.47,4.6,0.508,0.193
MTR0001,2024-01-03 07:45:00,224.87,221.2,223.29,6.74,5.67,4.92,0.524,0.181
MTR0001,2024-01-03 08:00:00,220.51,223.3,222.39,6.8,6.08,5.04,0.529,0.3
MTR0001,2024-01-03 08:15:00,222.23,223.25,220.89,7.13,6.15,4.93,0.532,0.282
MTR0001,2024-01-03 08:30:00,221.89,222.37,220.54,7.31,6.1,5.13,0.555,0.24
MTR0001,2024-01-03 08:45:00,219.65,221.92,220.27,7.24,5.73,4.77,0.468,0.29
MTR0001,2024-01-03 09:00:00,217.96,221.92,221.5,7.51,6.4,5.43,0.523,0.316
MTR0001,2024-01-03 09:15:00,219.3,220.45,222.81,7.54,6.28,5.39,0.571,0.198
MTR0001,2024-01-03 09:30:00,221.75,219.74,221.59,7.68,6.51,5.09,0.53,0.316
MTR0001,2024-01-03 09:45:00,224.08,219.66,220.53,7.66,6.14,5.4,0.575,0.241
MTR0001,2024-01-03 10:00:00,222.39,225.74,222.09,7.86,6.55,5.23,0.563,0.298
MTR0001,2024-01-03 10:15:00,219.86,221.62,222.93,7.78,6.42,5.66,0.519,0.32
MTR0001,2024-01-03 10:30:00,220.09,222.91,221.89,7.97,6.68,5.47,0.57,0.306
MTR0001,2024-01-03 10:45:00,223.15,219.61,222.28,7.81,6.58,5.5,0.591,0.241
MTR0001,2024-01-03 11:00:00,219.87,221.13,222.42,8.31,6.69,5.56,0.564,0.213
MTR0001,2024-01-03 11:15:00,218.64,221.29,219.39,7.91,6.89,5.58,0.617,0.224
MTR0001,2024-01-03 11:30:00,222.36,221.49,222.51,7.96,6.47,5.75,0.584,0.33
MTR0001,2024-01-03 11:45:00,222.41,219.55,223.82,8.01,6.74,5.6,0.562,0.31
MTR0001,2024-01-03 12:00:00,220.86,220.1,222.61,8.11,6.73,5.52,0.6,0.272
MTR0001,2024-01-03 12:15:00,220.68,221.62,222.31,8.18,7.06,5.7,0.605,0.32
MTR0001,2024-01-03 12:30:00,221.46,221.63,222.51,8.28,6.71,5.58,0.581,0.341
MTR0001,2024-01-03 12:45:00,217.56,221.98,222.98,7.99,6.86,5.77,0.557,0.288
MTR0001,2024-01-03 13:00:00,220.65,219.14,221.24,8.37,6.71,5.66,0.62,0.21
MTR0001,2024-01-03 13:15:00,219.81,220.7,222.01,7.98,6.77,5.84,0.577,0.335
MTR0001,2024-01-03 13:30:00,223.17,220.08,220.28,7.94,6.67,5.69,0.588,0.29
MTR0001,2024-01-03 13:45:00,219.17,221.37,221.56,8.21,6.71,5.38,0.59,0.255
MTR0001,2024-01-03 14:00:00,220.53,223.66,218.18,8.17,6.34,5.45,0.553,0.332
MTR0001,2024-01-03 14:15:00,220.87,222.1,220.86,7.69,6.44,5.52,0.581,0.257
MTR0001,2024-01-03 14:30:00,219.84,222.33,224.21,7.91,6.66,5.3,0.588,0.249
MTR0001,2024-01-03 14:45:00,220.79,223.94,222.43,7.91,6.65,5.3,0.573,0.309
MTR0001,2024-01-03 15:00:00,220.09,222.0,220.84,7.63,6.62,5.25,0.521,0.307
MTR0001,2024-01-03 15:15:00,218.78,219.2,221.87,7.66,6.32,5.37,0.53,0.289
MTR0001,2024-01-03 15:30:00,217.84,222.94,219.68,7.75,6.31,5.14,0.536,0.298
MTR0001,2024-01-03 15:45:00,218.49,224.58,222.32,8.03,6.18,5.43,0.553,0.297
MTR0001,2024-01-03 16:00:00,220.61,223.87,219.32,7.24,5.79,5.07,0.503,0.273
MTR0001,2024-01-03 16:15:00,220.82,222.66,223.4,7.19,5.91,5.16,0.552,0.236
MTR0001,2024-01-03 16:30:00,218.13,222.08,220.74,7.23,6.03,4.94,0.506,0.292
MTR0001,2024-01-03 16:45:00,219.7,220.07,219.96,7.13,6.16,5.14,0.512,0.204
MTR0001,2024-01-03 17:00:00,222.59,220.13,220.8,6.86,5.72,4.66,0.541,0.193
MTR0001,2024-01-03 17:15:00,219.9,221.94,224.2,6.85,5.68,4.61,0.512,0.222
MTR0001,2024-01-03 17:30:00,222.38,220.1,220.92,6.83,5.9,5.17,0.528,0.269
MTR0001,2024-01-03 17:45:00,222.02,221.49,223.13,6.93,5.54,4.8,0.504,0.197
MTR0001,2024-01-03 18:00:00,221.46,222.77,222.19,6.55,5.2,4.46,0.471,0.236
MTR0001,2024-01-03 18:15:00,219.73,223.77,221.41,6.37,5.32,4.21,0.484,0.185
MTR0001,2024-01-03 18:30:00,220.81,220.61,222.55,6.36,5.27,4.28,0.44,0.215
MTR0001,2024-01-03 18:45:00,219.12,220.08,222.06,6.42,5.1,4.48,0.489,0.21
MTR0001,2024-01-03 19:00:00,220.25,221.82,218.84,5.87,4.64,3.82,0.44,0.182
MTR0001,2024-01-03 19:15:00,219.77,221.37,220.44,5.95,5.07,3.92,0.417,0.22
MTR0001,2024-01-03 19:30:00,221.04,222.35,223.18,6.03,4.74,3.82,0.427,0.175
MTR0001,2024-01-03 19:45:00,220.04,219.1,219.51,5.82,5.02,3.93,0.394,0.178
MTR0001,2024-01-03 20:00:00,218.56,220.62,221.37,5.14,4.28,3.56,0.379,0.168
MTR0001,2024-01-03 20:15:00,220.67,221.88,221.8,5.23,4.64,3.89,0.402,0.206
MTR0001,2024-01-03 20:30:00,222.03,223.91,219.82,5.22,4.57,3.75,0.405,0.144
MTR0001,2024-01-03 20:45:00,223.3,222.69,220.2,5.61,4.43,3.67,0.396,0.212
MTR0001,2024-01-03 21:00:00,222.49,221.1,222.35,4.81,4.09,3.41,0.345,0.203
MTR0001,2024-01-03 21:15:00,218.39,220.94,224.02,4.89,4.1,3.42,0.335,0.167
MTR0001,2024-01-03 21:30:00,220.05,222.0,221.94,4.93,3.98,3.33,0.377,0.186
MTR0001,2024-01-03 21:45:00,223.22,223.1,222.11,5.03,3.89,3.47,0.38,0.168
MTR0001,2024-01-03 22:00:00,219.66,221.66,222.52,4.63,4.01,3.58,0.359,0.186
MTR0001,2024-01-03 22:15:00,222.46,222.56,224.71,4.55,3.97,3.07,0.374,0.165
MTR0001,2024-01-03 22:30:00,219.98,222.89,220.92,4.66,3.85,2.94,0.329,0.189
MTR0001,2024-01-03 22:45:00,221.18,221.04,224.12,4.51,3.74,3.15,0.333,0.185
MTR0001,2024-01-03 23:00:00,221.66,223.05,221.0,4.38,3.53,2.97,0.271,0.154
MTR0001,2024-01-03 23:15:00,222.37,220.9,220.5,4.63,3.52,2.89,0.313,0.149
MTR0001,2024-01-03 23:30:00,221.06,226.08,222.05,4.43,3.83,3.17,0.337,0.138
MTR0001,2024-01-03 23:45:00,219.15,222.14,220.02,4.55,3.54,3.21,0.329,0.187
MTR0001,2024-01-04 00:00:00,218.93,221.68,220.44,2.96,2.57,2.13,0.191,0.108
MTR0001,2024-01-04 00:15:00,220.58,220.71,220.39,3.05,2.62,2.25,0.196,0.097
MTR0001,2024-01-04 00:30:00,223.61,222.18,220.2,3.23,2.2,2.18,0.24,0.096
MTR0001,2024-01-04 00:45:00,221.18,220.22,221.0,3.03,2.67,2.06,0.232,0.12
MTR0001,2024-01-04 01:00:00,220.86,219.43,221.05,3.14,2.99,2.01,0.215,0.11
MTR0001,2024-01-04 01:15:00,222.67,221.8,222.04,3.2,2.29,2.15,0.201,0.09
MTR0001,2024-01-04 01:30:00,219.6,221.5,223.36,3.08,2.59,2.19,0.21,0.134
MTR0001,2024-01-04 01:45:00,221.54,221.67,221.79,3.07,2.57,2.08,0.192,0.094
MTR0001,2024-01-04 02:00:00,219.85,219.82,220.56,3.12,2.51,1.85,0.245,0.097
MTR0001,2024-01-04 02:15:00,220.49,224.77,221.9,3.38,2.81,2.24,0.252,0.11
MTR0001,2024-01-04 02:30:00,221.41,220.31,223.61,3.25,2.53,2.11,0.244,0.088
MTR0001,2024-01-04 02:45:00,221.61,223.76,222.68,3.2,2.88,2.35,0.271,0.134
MTR0001,2024-01-04 03:00:00,219.53,220.62,219.87,3.03,2.54,1.97,0.198,0.081
MTR0001,2024-01-04 03:15:00,221.13,220.88,223.23,3.09,2.77,2.27,0.206,0.129
MTR0001,2024-01-04 03:30:00,221.06,222.43,219.74,3.02,2.69,2.04,0.185,0.124
MTR0001,2024-01-04 03:45:00,222.37,222.41,222.57,3.26,2.46,2.4,0.24,0.109
MTR0001,2024-01-04 04:00:00,220.94,221.2,222.52,3.1,2.55,2.29,0.229,0.09
MTR0001,2024-01-04 04:15:00,219.74,221.79,223.24,3.03,2.66,2.23,0.22,0.078
MTR0001,2024-01-04 04:30:00,220.74,221.4,222.0,3.36,2.76,1.98,0.253,0.129
MTR0001,2024-01-04 04:45:00,222.41,224.63,222.95,3.2,2.85,2.44,0.253,0.094
MTR0001,2024-01-04 05:00:00,219.57,223.9,222.25,2.94,2.66,1.86,0.231,0.12
MTR0001,2024-01-04 05:15:00,221.84,224.0,221.4,3.05,2.78,2.36,0.272,0.121
MTR0001,2024-01-04 05:30:00,222.32,223.61,220.39,3.08,2.78,2.43,0.223,0.141
MTR0001,2024-01-04 05:45:00,222.23,222.31,222.28,3.35,2.73,2.25,0.25,0.101
MTR0001,2024-01-04 06:00:00,217.01,221.16,221.86,6.13,5.26,4.33,0.418,0.214
MTR0001,2024-01-04 06:15:00,219.59,221.38,222.9,6.34,5.25,4.48,0.46,0.248
MTR0001,2024-01-04 06:30:00,222.14,220.65,221.88,6.42,5.19,4.43,0.476,0.18
MTR0001,2024-01-04 06:45:00,221.31,222.06,220.5,6.27,5.1,4.25,0.438,0.219
MTR0001,2024-01-04 07:00:00,220.42,221.24,221.41,6.86,5.73,4.6,0.464,0.254
MTR0001,2024-01-04 07:15:00,220.23,220.73,223.55,6.62,5.55,4.75,0.478,0.248
MTR0001,2024-01-04 07:30:00,221.66,218.92,220.96,6.83,5.63,5.1,0.455,0.285
MTR0001,2024-01-04 07:45:00,219.53,221.56,218.67,6.73,5.43,4.35,0.52,0.206
MTR0001,2024-01-04 08:00:00,221.52,222.15,222.09,6.96,5.94,5.14,0.536,0.285
MTR0001,2024-01-04 08:15:00,215.81,219.4,220.86,7.4,5.94,5.17,0.547,0.273
MTR0001,2024-01-04 08:30:00,220.43,221.15,224.36,7.49,6.31,4.99,0.484,0.298
MTR0001,2024-01-04 08:45:00,219.46,222.2,219.56,7.29,5.84,4.91,0.487,0.289
MTR0001,2024-01-04 09:00:00,219.14,221.93,223.33,7.56,6.2,5.25,0.558,0.26
MTR0001,2024-01-04 09:15:00,221.58,220.13,220.48,7.53,6.25,5.37,0.545,0.3
MTR0001,2024-01-04 09:30:00,219.84,222.29,218.37,7.55,6.3,5.15,0.556,0.199
MTR0001,2024-01-04 09:45:00,220.7,222.93,223.89,7.61,6.3,5.1,0.535,0.282
MTR0001,2024-01-04 10:00:00,220.22,222.17,221.71,7.62,6.67,5.53,0.557,0.275
MTR0001,2024-01-04 10:15:00,220.88,220.83,223.3,7.9,6.32,5.45,0.527,0.328
MTR0001,2024-01-04 10:30:00,218.52,222.73,220.88,7.77,6.48,5.68,0.594,0.239
MTR0001,2024-01-04 10:45:00,221.93,219.92,222.61,7.95,6.46,5.47,0.543,0.339
MTR0001,2024-01-04 11:00:00,219.72,222.72,221.21,8.12,6.72,5.66,0.631,0.21
MTR0001,2024-01-04 11:15:00,219.04,223.32,222.0,8.21,6.56,5.48,0.63,0.216
MTR0001,2024-01-04 11:30:00,219.89,221.26,219.04,8.07,6.86,5.55,0.604,0.21
MTR0001,2024-01-04 11:45:00,219.16,222.05,221.42,8.2,6.46,5.62,0.604,0.29
MTR0001,2024-01-04 12:00:00,221.5,223.88,220.08,8.45,6.9,5.63,0.626,0.233
MTR0001,2024-01-04 12:15:00,219.14,222.99,220.75,8.12,6.63,5.39,0.606,0.228
MTR0001,2024-01-04 12:30:00,218.07,222.01,218.63,8.18,6.55,5.97,0.571,0.323
MTR0001,2024-01-04 12:45:00,220.38,222.67,222.78,8.38,7.05,5.79,0.606,0.227
MTR0001,2024-01-04 13:00:00,220.62,221.74,219.8,8.49,6.93,5.71,0.583,0.362
MTR0001,2024-01-04 13:15:00,218.18,222.47,221.4,8.19,6.64,5.6,0.548,0.347
MTR0001,2024-01-04 13:30:00,221.63,219.6,222.23,7.89,6.87,5.55,0.561,0.233
MTR0001,2024-01-04 13:45:00,222.53,220.82,219.88,8.03,6.7,5.5,0.571,0.286
MTR0001,2024-01-04 14:00:00,222.6,220.91,220.88,8.11,6.27,5.43,0.604,0.22
MTR0001,2024-01-04 14:15:00,220.76,220.83,219.78,7.89,6.58,5.5,0.569,0.269
MTR0001,2024-01-04 14:30:00,219.36,221.29,222.42,7.96,6.46,5.53,0.52,0.301
MTR0001,2024-01-04 14:45:00,221.4,222.24,219.16,8.14,6.48,5.45,0.602,0.293
MTR0001,2024-01-04 15:00:00,219.97,221.91,219.7,7.58,6.35,5.23,0.497,0.316
MTR0001,2024-01-04 15:15:00,221.03,223.13,221.52,7.4,6.36,5.25,0.579,0.205
MTR0001,2024-01-04 15:30:00,218.9,224.15,221.8,7.88,6.19,5.56,0.574,0.243
MTR0001,2024-01-04 15:45:00,221.03,223.48,221.15,7.81,6.41,5.25,0.545,0.308
MTR0001,2024-01-04 16:00:00,217.87,221.82,218.77,7.36,5.97,5.08,0.564,0.219
MTR0001,2024-01-04 16:15:00,222.82,220.89,221.61,7.19,6.17,5.18,0.486,0.304
MTR0001,2024-01-04 16:30:00,221.48,218.8,219.76,7.2,5.93,4.83,0.511,0.215
MTR0001,2024-01-04 16:45:00,219.1,222.12,220.94,7.17,5.89,5.0,0.453,0.306
MTR0001,2024-01-04 17:00:00,220.91,220.98,221.37,6.78,5.34,4.92,0.481,0.176
MTR0001,2024-01-04 17:15:00,219.27,223.0,221.14,6.91,5.51,4.71,0.497,0.249
MTR0001,2024-01-04 17:30:00,219.74,220.53,221.33,6.65,5.73,4.64,0.479,0.274
MTR0001,2024-01-04 17:45:00,220.78,220.61,218.6,6.69,5.7,4.34,0.487,0.267
MTR0001,2024-01-04 18:00:00,219.89,222.28,220.81,6.2,5.03,4.1,0.48,0.19
MTR0001,2024-01-04 18:15:00,221.59,219.89,222.29,6.25,5.15,4.45,0.413,0.244
MTR0001,2024-01-04 18:30:00,222.26,222.37,222.97,6.38,5.03,4.31,0.495,0.188
MTR0001,2024-01-04 18:45:00,220.23,221.29,222.41,6.47,5.36,4.39,0.501,0.244
MTR0001,2024-01-04 19:00:00,218.5,218.78,222.57,5.53,4.74,4.09,0.449,0.154
MTR0001,2024-01-04 19:15:00,223.0,222.04,222.5,5.7,4.88,3.96,0.42,0.24
MTR0001,2024-01-04 19:30:00,222.58,219.83,224.0,6.04,4.91,4.29,0.455,0.216
MTR0001,2024-01-04 19:45:00,221.89,220.04,222.43,5.61,4.68,4.13,0.4,0.233
MTR0001,2024-01-04 20:00:00,219.53,223.47,222.67,5.35,4.36,3.4,0.354,0.219
MTR0001,2024-01-04 20:15:00,220.91,221.19,223.66,5.02,4.34,3.58,0.383,0.171
MTR0001,2024-01-04 20:30:00,220.82,225.9,219.0,5.51,4.39,3.82,0.36,0.226
MTR0001,2024-01-04 20:45:00,223.65,221.97,221.67,5.38,4.6,3.88,0.403,0.142
MTR0001,2024-01-04 21:00:00,222.58,223.75,221.14,4.97,3.96,3.61,0.33,0.165
MTR0001,2024-01-04 21:15:00,219.66,222.03,223.8,4.87,4.04,3.48,0.319,0.216
MTR0001,2024-01-04 21:30:00,222.56,221.8,221.62,5.05,3.97,3.44,0.389,0.162
MTR0001,2024-01-04 21:45:00,218.72,220.71,221.08,4.87,4.09,3.48,0.383,0.171
MTR0001,2024-01-04 22:00:00,218.99,219.99,224.01,4.52,3.68,3.4,0.301,0.188
MTR0001,2024-01-04 22:15:00,223.4,222.65,223.05,4.79,3.85,3.39,0.334,0.151
MTR0001,2024-01-04 22:30:00,223.93,220.08,220.96,4.73,3.84,3.08,0.321,0.156
MTR0001,2024-01-04 22:45:00,222.57,225.02,222.49,4.47,4.14,3.22,0.352,0.177
MTR0001,2024-01-04 23:00:00,223.18,222.46,223.6,4.27,3.49,3.07,0.281,0.141
MTR0001,2024-01-04 23:15:00,220.24,221.37,222.65,4.63,3.88,2.92,0.319,0.175
MTR0001,2024-01-04 23:30:00,221.82,221.39,220.72,4.42,3.76,3.11,0.317,0.164
MTR0001,2024-01-04 23:45:00,218.92,221.63,218.4,4.37,3.55,3.06,0.291,0.114
MTR0001,2024-01-05 00:00:00,219.74,224.53,220.71,3.18,2.66,2.2,0.271,0.126
MTR0001,2024-01-05 00:15:00,218.1,223.84,220.25,3.1,2.43,2.13,0.268,0.1
MTR0001,2024-01-05 00:30:00,221.12,223.14,223.16,3.07,2.48,2.19,0.221,0.109
MTR0001,2024-01-05 00:45:00,219.64,220.94,221.17,2.98,2.49,2.21,0.241,0.088
MTR0001,2024-01-05 01:00:00,224.21,220.99,222.24,3.24,2.63,2.17,0.234,0.126
MTR0001,2024-01-05 01:15:00,220.65,220.86,225.45,3.23,2.63,2.25,0.22,0.112
MTR0001,2024-01-05 01:30:00,223.79,220.35,220.67,3.13,2.73,2.21,0.223,0.111
MTR0001,2024-01-05 01:45:00,221.29,223.41,223.21,3.07,2.79,2.21,0.246,0.112
MTR0001,2024-01-05 02:00:00,221.58,221.45,224.91,3.28,2.69,1.99,0.26,0.11
MTR0001,2024-01-05 02:15:00,218.48,221.8,220.61,3.19,2.42,2.15,0.204,0.116
MTR0001,2024-01-05 02:30:00,220.61,220.76,217.11,3.46,2.76,2.12,0.214,0.133
MTR0001,2024-01-05 02:45:00,220.99,220.5,223.02,3.18,2.68,2.19,0.223,0.127
MTR0001,2024-01-05 03:00:00,220.18,221.8,220.82,3.12,2.59,2.17,0.184,0.128
MTR0001,2024-01-05 03:15:00,221.28,221.8,221.0,3.0,2.48,2.2,0.232,0.136
MTR0001,2024-01-05 03:30:00,220.35,217.7,220.96,3.14,2.45,2.1,0.212,0.127
MTR0001,2024-01-05 03:45:00,219.43,223.3,219.41,3.07,2.69,2.34,0.25,0.11
MTR0001,2024-01-05 04:00:00,220.53,221.06,223.27,3.06,2.61,2.19,0.189,0.114
MTR0001,2024-01-05 04:15:00,219.9,223.22,220.67,3.39,2.78,2.22,0.233,0.1
MTR0001,2024-01-05 04:30:00,222.72,218.27,222.25,2.78,2.46,2.42,0.238,0.117
MTR0001,2024-01-05 04:45:00,216.86,220.82,223.21,2.89,2.42,2.22,0.257,0.114
MTR0001,2024-01-05 05:00:00,221.82,220.38,221.43,3.13,2.65,2.4,0.241,0.135
MTR0001,2024-01-05 05:15:00,221.79,222.84,221.11,3.52,2.54,2.09,0.24,0.131
MTR0001,2024-01-05 05:30:00,218.04,221.55,222.46,3.17,2.58,1.99,0.229,0.137
MTR0001,2024-01-05 05:45:00,221.67,217.83,221.44,3.16,2.74,2.21,0.229,0.114
MTR0001,2024-01-05 06:00:00,221.28,221.89,219.59,6.34,5.08,4.26,0.448,0.233
MTR0001,2024-01-05 06:15:00,218.47,224.39,220.41,6.33,4.98,4.37,0.464,0.237
MTR0001,2024-01-05 06:30:00,222.4,222.51,224.96,6.08,5.39,4.53,0.499,0.17
MTR0001,2024-01-05 06:45:00,220.39,222.28,220.79,6.25,5.2,4.53,0.484,0.199
MTR0001,2024-01-05 07:00:00,219.63,223.22,219.48,6.73,5.61,4.72,0.533,0.177
MTR0001,2024-01-05 07:15:00,221.94,223.18,221.36,6.85,5.66,4.58,0.478,0.213
MTR0001,2024-01-05 07:30:00,217.83,221.67,224.35,6.65,5.48,4.81,0.465,0.243
MTR0001,2024-01-05 07:45:00,220.96,221.71,223.51,6.69,5.38,4.52,0.435,0.274
MTR0001,2024-01-05 08:00:00,219.58,219.93,221.89,7.28,6.1,4.95,0.534,0.208
MTR0001,2024-01-05 08:15:00,221.3,221.81,219.8,7.43,6.31,5.02,0.532,0.256
MTR0001,2024-01-05 08:30:00,221.36,222.07,223.29,7.06,6.09,5.1,0.569,0.19
MTR0001,2024-01-05 08:45:00,221.4,220.52,222.77,7.42,6.06,4.96,0.513,0.293
MTR0001,2024-01-05 09:00:00,222.59,221.47,219.82,7.58,6.33,5.47,0.54,0.315
MTR0001,2024-01-05 09:15:00,219.51,225.04,222.07,7.69,6.21,5.33,0.601,0.226
MTR0001,2024-01-05 09:30:00,222.11,221.13,220.64,7.69,6.44,5.25,0.531,0.322
MTR0001,2024-01-05 09:45:00,218.72,222.79,222.99,7.53,6.15,5.24,0.523,0.318
MTR0001,2024-01-05 10:00:00,218.65,219.63,221.92,7.62,6.7,5.47,0.543,0.273
MTR0001,2024-01-05 10:15:00,221.12,220.76,219.17,8.2,6.76,5.44,0.574,0.326
MTR0001,2024-01-05 10:30:00,219.0,218.13,222.79,7.81,6.25,5.51,0.565,0.258
MTR0001,2024-01-05 10:45:00,220.46,222.53,219.39,7.88,6.62,5.59,0.561,0.32
MTR0001,2024-01-05 11:00:00,219.31,221.33,218.23,8.15,6.92,5.4,0.596,0.249
MTR0001,2024-01-05 11:15:00,219.94,223.24,224.36,8.03,6.88,5.63,0.623,0.231
MTR0001,2024-01-05 11:30:00,221.28,221.58,220.28,8.25,6.74,5.63,0.621,0.229
MTR0001,2024-01-05 11:45:00,218.67,220.82,220.71,8.28,6.55,5.5,0.529,0.317
MTR0001,2024-01-05 12:00:00,218.05,219.76,218.39,8.18,6.74,5.62,0.552,0.306
MTR0001,2024-01-05 12:15:00,220.22,222.03,220.16,8.24,6.83,5.6,0.608,0.279
MTR0001,2024-01-05 12:30:00,221.19,221.24,221.51,8.14,6.74,5.7,0.56,0.307
MTR0001,2024-01-05 12:45:00,222.2,218.25,222.23,8.06,6.68,5.53,0.595,0.285
MTR0001,2024-01-05 13:00:00,219.31,222.23,220.22,8.14,6.52,5.35,0.541,0.334
MTR0001,2024-01-05 13:15:00,221.64,221.4,222.11,8.04,6.9,5.54,0.556,0.309
MTR0001,2024-01-05 13:30:00,222.57,222.32,221.2,8.05,6.86,5.41,0.583,0.297
MTR0001,2024-01-05 13:45:00,220.14,223.37,221.08,8.08,6.59,5.47,0.621,0.265
MTR0001,2024-01-05 14:00:00,222.44,220.91,221.28,7.72,6.47,5.57,0.537,0.325
MTR0001,2024-01-05 14:15:00,219.14,223.32,221.71,7.85,6.46,5.29,0.528,0.318
MTR0001,2024-01-05 14:30:00,220.79,221.28,220.94,7.83,6.6,5.74,0.635,0.234
MTR0001,2024-01-05 14:45:00,220.09,220.96,221.13,8.03,6.75,5.39,0.587,0.302
MTR0001,2024-01-05 15:00:00,218.5,221.31,221.95,7.66,6.03,5.15,0.556,0.18
MTR0001,2024-01-05 15:15:00,221.85,221.22,223.77,7.7,6.22,5.44,0.547,0.284
MTR0001,2024-01-05 15:30:00,222.89,222.67,222.14,7.69,6.22,5.27,0.537,0.29
MTR0001,2024-01-05 15:45:00,219.69,223.54,219.8,7.71,6.35,5.53,0.564,0.303
MTR0001,2024-01-05 16:00:00,218.55,221.46,221.37,7.33,6.12,5.01,0.51,0.257
MTR0001,2024-01-05 16:15:00,219.25,221.38,222.63,7.07,6.01,5.2,0.518,0.3
MTR0001,2024-01-05 16:30:00,222.13,222.74,221.59,7.3,6.17,4.81,0.523,0.3
MTR0001,2024-01-05 16:45:00,218.33,223.86,223.25,7.23,6.11,4.96,0.514,0.302
MTR0001,2024-01-05 17:00:00,220.38,219.68,222.27,6.66,5.93,4.78,0.494,0.264
MTR0001,2024-01-05 17:15:00,221.42,222.92,222.38,6.78,5.65,4.72,0.485,0.239
MTR0001,2024-01-05 17:30:00,221.27,218.77,224.52,6.98,5.54,4.53,0.499,0.225
MTR0001,2024-01-05 17:45:00,218.89,222.17,223.17,7.02,5.57,5.07,0.514,0.232
MTR0001,2024-01-05 18:00:00,221.63,220.78,224.39,6.18,4.95,4.29,0.459,0.209
MTR0001,2024-01-05 18:15:00,220.81,222.83,223.27,6.17,5.2,4.28,0.476,0.237
MTR0001,2024-01-05 18:30:00,219.5,221.55,221.53,6.37,4.99,4.45,0.438,0.221
MTR0001,2024-01-05 18:45:00,219.73,220.69,223.86,6.3,5.22,4.26,0.433,0.253
MTR0001,2024-01-05 19:00:00,220.08,222.64,220.72,5.8,5.12,3.81,0.402,0.192
MTR0001,2024-01-05 19:15:00,220.39,220.38,221.83,5.76,4.84,4.17,0.451,0.177
MTR0001,2024-01-05 19:30:00,219.07,217.34,220.29,5.95,4.87,3.99,0.418,0.242
MTR0001,2024-01-05 19:45:00,222.19,224.91,220.34,5.63,4.83,4.19,0.422,0.206
MTR0001,2024-01-05 20:00:00,219.69,221.87,222.19,5.38,4.27,3.74,0.378,0.186
MTR0001,2024-01-05 20:15:00,221.29,222.86,221.88,5.48,4.36,3.59,0.378,0.214
MTR0001,2024-01-05 20:30:00,219.02,223.18,222.36,5.25,4.19,3.68,0.381,0.171
MTR0001,2024-01-05 20:45:00,219.04,221.44,221.06,5.3,4.36,3.93,0.418,0.181
MTR0001,2024-01-05 21:00:00,222.09,221.72,223.21,4.91,3.93,3.65,0.36,0.126
MTR0001,2024-01-05 21:15:00,222.33,222.76,222.47,5.09,4.07,3.34,0.38,0.196
MTR0001,2024-01-05 21:30:00,220.71,221.96,221.06,5.17,4.07,3.47,0.37,0.127
MTR0001,2024-01-05 21:45:00,219.92,223.73,219.87,5.28,3.97,3.55,0.345,0.202
MTR0001,2024-01-05 22:00:00,220.12,220.04,220.59,4.64,3.99,3.26,0.361,0.195
MTR0001,2024-01-05 22:15:00,223.35,220.58,221.7,4.27,3.81,3.24,0.32,0.169
MTR0001,2024-01-05 22:30:00,222.14,221.61,222.43,4.91,3.91,3.27,0.3,0.17
MTR0001,2024-01-05 22:45:00,219.65,221.55,218.2,4.86,3.81,3.28,0.341,0.137
MTR0001,2024-01-05 23:00:00,220.82,222.32,221.1,4.2,3.63,3.22,0.299,0.171
MTR0001,2024-01-05 23:15:00,220.57,223.86,220.6,4.4,3.76,3.07,0.318,0.169
MTR0001,2024-01-05 23:30:00,223.52,221.09,221.92,4.4,3.57,3.01,0.299,0.178
MTR0001,2024-01-05 23:45:00,218.84,224.5,221.26,4.61,3.44,3.49,0.35,0.161
MTR0001,2024-01-06 00:00:00,216.29,222.46,221.87,2.99,2.45,2.03,0.196,0.109
MTR0001,2024-01-06 00:15:00,220.49,219.84,218.94,3.16,2.51,2.14,0.234,0.108
MTR0001,2024-01-06 00:30:00,220.87,222.44,224.28,3.08,2.65,1.91,0.198,0.104
MTR0001,2024-01-06 00:45:00,224.57,221.54,221.87,2.92,2.62,2.47,0.213,0.088
MTR0001,2024-01-06 01:00:00,219.88,222.36,219.16,2.97,2.82,2.13,0.233,0.117
MTR0001,2024-01-06 01:15:00,222.41,220.78,220.36,3.04,2.34,2.18,0.209,0.138
MTR0001,2024-01-06 01:30:00,221.54,221.51,223.11,3.18,2.63,2.02,0.268,0.091
MTR0001,2024-01-06 01:45:00,219.66,221.24,218.11,3.01,2.54,2.26,0.25,0.078
MTR0001,2024-01-06 02:00:00,220.71,222.34,221.94,2.85,2.43,2.32,0.193,0.087
MTR0001,2024-01-06 02:15:00,220.65,218.61,219.99,3.06,2.4,1.86,0.234,0.102
MTR0001,2024-01-06 02:30:00,219.63,221.9,220.81,3.18,2.83,2.27,0.227,0.136
MTR0001,2024-01-06 02:45:00,220.14,221.09,220.65,2.98,2.72,2.51,0.206,0.128
MTR0001,2024-01-06 03:00:00,220.16,219.55,220.04,3.26,2.4,1.94,0.206,0.073
MTR0001,2024-01-06 03:15:00,223.1,221.65,221.65,3.17,2.81,2.02,0.229,0.12
MTR0001,2024-01-06 03:30:00,220.77,221.44,223.33,2.99,2.49,2.34,0.224,0.082
MTR0001,2024-01-06 03:45:00,222.2,223.24,223.13,3.39,2.66,2.41,0.198,0.129
MTR0001,2024-01-06 04:00:00,222.21,221.89,224.42,3.3,2.5,2.18,0.185,0.125
MTR0001,2024-01-06 04:15:00,220.83,219.58,219.77,3.02,2.44,2.16,0.236,0.084
MTR0001,2024-01-06 04:30:00,221.14,221.11,222.39,3.25,2.65,2.06,0.275,0.096
MTR0001,2024-01-06 04:45:00,223.38,217.86,221.65,3.1,2.58,2.06,0.195,0.118
MTR0001,2024-01-06 05:00:00,222.29,222.57,217.94,3.46,2.64,2.06,0.252,0.097
MTR0001,2024-01-06 05:15:00,220.19,220.67,222.36,3.13,2.77,2.24,0.245,0.098
MTR0001,2024-01-06 05:30:00,222.06,219.56,220.15,3.01,2.76,2.32,0.267,0.099
MTR0001,2024-01-06 05:45:00,221.33,220.29,220.69,3.14,2.76,2.11,0.222,0.1
MTR0001,2024-01-06 06:00:00,219.21,217.85,221.8,6.39,5.24,4.07,0.425,0.258
MTR0001,2024-01-06 06:15:00,217.51,221.1,223.19,6.49,5.05,4.5,0.457,0.237
MTR0001,2024-01-06 06:30:00,220.95,220.88,218.83,5.97,5.23,4.28,0.449,0.171
MTR0001,2024-01-06 06:45:00,221.27,219.23,221.18,6.48,5.29,4.06,0.442,0.265
MTR0001,2024-01-06 07:00:00,220.06,220.85,223.22,6.83,5.79,4.74,0.512,0.252
MTR0001,2024-01-06 07:15:00,221.92,223.7,223.84,6.87,5.45,4.79,0.505,0.258
MTR0001,2024-01-06 07:30:00,220.96,222.18,221.98,6.98,5.8,4.78,0.53,0.222
MTR0001,2024-01-06 07:45:00,222.15,219.55,221.8,6.78,5.62,4.63,0.454,0.274
MTR0001,2024-01-06 08:00:00,220.75,219.21,222.13,7.16,6.11,5.01,0.479,0.296
MTR0001,2024-01-06 08:15:00,221.51,220.28,223.7,7.33,5.9,4.74,0.493,0.255
MTR0001,2024-01-06 08:30:00,218.42,222.22,221.18,7.3,6.08,5.05,0.508,0.295
MTR0001,2024-01-06 08:45:00,221.03,222.17,220.11,7.16,5.89,4.97,0.494,0.285
MTR0001,2024-01-06 09:00:00,220.17,222.12,222.02,7.5,6.23,5.45,0.601,0.249
MTR0001,2024-01-06 09:15:00,222.35,223.8,222.96,7.62,6.49,5.32,0.604,0.192
MTR0001,2024-01-06 09:30:00,221.91,220.64,221.83,7.59,6.27,5.4,0.528,0.241
MTR0001,2024-01-06 09:45:00,222.4,220.44,221.7,7.62,6.17,5.41,0.534,0.315
MTR0001,2024-01-06 10:00:00,222.89,222.86,222.81,7.79,6.54,5.45,0.586,0.258
MTR0001,2024-01-06 10:15:00,221.85,219.78,223.94,7.7,6.51,5.56,0.607,0.223
MTR0001,2024-01-06 10:30:00,222.98,221.62,220.61,7.89,6.67,5.41,0.562,0.291
MTR0001,2024-01-06 10:45:00,220.84,221.76,219.72,7.89,6.5,5.47,0.546,0.323
MTR0001,2024-01-06 11:00:00,220.79,222.78,221.22,8.3,6.86,5.76,0.608,0.326
MTR0001,2024-01-06 11:15:00,220.5,220.68,221.71,8.13,6.91,5.61,0.597,0.303
MTR0001,2024-01-06 11:30:00,220.48,223.01,223.95,8.32,6.54,5.59,0.55,0.332
MTR0001,2024-01-06 11:45:00,219.49,223.32,219.62,8.13,6.67,5.78,0.608,0.246
MTR0001,2024-01-06 12:00:00,222.52,217.34,221.48,8.17,6.69,5.93,0.624,0.251
MTR0001,2024-01-06 12:15:00,218.77,222.22,222.46,7.99,6.71,5.85,0.582,0.321
MTR0001,2024-01-06 12:30:00,219.78,217.23,222.28,8.01,6.46,5.24,0.602,0.262
MTR0001,2024-01-06 12:45:00,220.45,225.56,221.26,7.98,6.8,5.64,0.58,0.31
MTR0001,2024-01-06 13:00:00,221.86,224.83,221.03,7.98,6.74,5.5,0.568,0.294
MTR0001,2024-01-06 13:15:00,220.31,219.86,221.8,8.19,6.79,5.23,0.565,0.322
MTR0001,2024-01-06 13:30:00,221.52,220.02,222.73,7.98,6.81,5.79,0.576,0.267
MTR0001,2024-01-06 13:45:00,222.15,223.3,220.49,8.01,6.61,5.38,0.558,0.313
MTR0001,2024-01-06 14:00:00,222.23,222.39,221.21,7.91,6.63,5.68,0.524,0.341
MTR0001,2024-01-06 14:15:00,222.73,220.66,220.9,8.12,6.53,5.58,0.619,0.242
MTR0001,2024-01-06 14:30:00,219.89,222.49,222.11,7.99,6.56,5.49,0.55,0.326
MTR0001,2024-01-06 14:45:00,223.61,223.07,221.56,7.9,6.58,5.57,0.601,0.232
MTR0001,2024-01-06 15:00:00,220.68,216.84,221.82,7.56,6.54,5.29,0.561,0.265
MTR0001,2024-01-06 15:15:00,221.0,221.42,219.87,7.69,6.31,5.37,0.502,0.321
MTR0001,2024-01-06 15:30:00,221.58,222.34,221.5,7.7,6.54,5.24,0.578,0.325
MTR0001,2024-01-06 15:45:00,220.55,220.36,222.38,7.58,6.36,5.19,0.495,0.318
MTR0001,2024-01-06 16:00:00,219.8,222.68,219.6,7.35,6.08,5.07,0.514,0.303
MTR0001,2024-01-06 16:15:00,220.5,220.06,222.25,7.12,5.92,5.05,0.533,0.251
MTR0001,2024-01-06 16:30:00,217.32,222.77,221.46,7.43,5.82,4.54,0.522,0.207
MTR0001,2024-01-06 16:45:00,220.65,218.46,219.24,7.31,5.97,5.23,0.513,0.273
MTR0001,2024-01-06 17:00:00,220.63,222.0,221.27,6.6,5.68,4.41,0.467,0.216
MTR0001,2024-01-06 17:15:00,220.65,222.16,220.21,6.67,5.84,4.66,0.505,0.267
MTR0001,2024-01-06 17:30:00,221.93,218.73,222.49,6.67,5.65,4.66,0.461,0.258
MTR0001,2024-01-06 17:45:00,220.76,219.61,222.52,6.76,5.35,4.75,0.512,0.204
MTR0001,2024-01-06 18:00:00,221.68,222.53,218.63,6.31,5.13,4.25,0.449,0.238
MTR0001,2024-01-06 18:15:00,220.5,220.28,221.78,6.39,5.18,4.57,0.445,0.241
MTR0001,2024-01-06 18:30:00,216.86,225.42,222.3,6.32,5.38,4.71,0.435,0.274
MTR0001,2024-01-06 18:45:00,220.39,222.0,219.93,6.18,5.0,4.25,0.446,0.215
MTR0001,2024-01-06 19:00:00,221.02,220.82,226.12,6.01,4.61,4.06,0.428,0.224
MTR0001,2024-01-06 19:15:00,220.33,221.24,222.38,5.9,4.68,3.96,0.422,0.24
MTR0001,2024-01-06 19:30:00,219.52,222.31,222.45,5.74,4.68,4.26,0.428,0.159
MTR0001,2024-01-06 19:45:00,219.28,219.07,221.49,5.71,4.76,3.88,0.417,0.215
MTR0001,2024-01-06 20:00:00,220.21,220.07,219.96,5.3,4.52,3.85,0.361,0.213
MTR0001,2024-01-06 20:15:00,219.46,222.06,223.5,5.08,4.44,3.83,0.392,0.211
MTR0001,2024-01-06 20:30:00,222.83,223.54,224.0,5.4,4.51,3.92,0.4,0.227
MTR0001,2024-01-06 20:45:00,220.69,220.31,220.75,5.2,4.41,3.67,0.413,0.186
MTR0001,2024-01-06 21:00:00,220.11,222.42,221.5,5.15,4.24,3.23,0.401,0.194
MTR0001,2024-01-06 21:15:00,218.91,222.78,223.04,4.9,4.17,3.37,0.376,0.173
MTR0001,2024-01-06 21:30:00,221.29,219.52,221.21,5.12,4.09,3.51,0.361,0.203
MTR0001,2024-01-06 21:45:00,222.0,221.01,221.01,5.09,4.13,3.37,0.349,0.197
MTR0001,2024-01-06 22:00:00,223.09,221.48,219.99,4.35,3.63,3.02,0.307,0.157
MTR0001,2024-01-06 22:15:00,223.86,222.04,220.11,4.52,3.87,3.27,0.335,0.157
MTR0001,2024-01-06 22:30:00,221.09,225.19,218.35,4.77,3.83,3.31,0.348,0.178
MTR0001,2024-01-06 22:45:00,218.35,221.68,220.44,4.74,3.82,3.02,0.338,0.169
MTR0001,2024-01-06 23:00:00,222.37,222.33,220.4,4.45,3.93,3.21,0.304,0.195
MTR0001,2024-01-06 23:15:00,221.98,221.79,221.56,4.55,3.79,3.09,0.334,0.142
MTR0001,2024-01-06 23:30:00,220.52,219.2,224.92,4.29,3.54,3.03,0.322,0.156
MTR0001,2024-01-06 23:45:00,221.56,221.32,221.85,4.61,3.62,3.1,0.361,0.172
MTR0001,2024-01-07 00:00:00,223.24,222.17,222.25,2.9,2.57,2.06,0.223,0.083
MTR0001,2024-01-07 00:15:00,219.8,218.74,222.14,3.27,2.57,2.22,0.216,0.084
MTR0001,2024-01-07 00:30:00,221.86,221.63,221.29,3.09,2.55,2.34,0.184,0.12
MTR0001,2024-01-07 00:45:00,221.01,221.94,221.96,3.15,2.5,2.17,0.196,0.119
MTR0001,2024-01-07 01:00:00,221.71,219.27,221.8,3.17,2.61,2.34,0.275,0.107
MTR0001,2024-01-07 01:15:00,218.2,221.93,221.63,3.09,2.67,2.19,0.229,0.108
MTR0001,2024-01-07 01:30:00,218.07,220.54,219.41,3.41,2.58,2.13,0.231,0.124
MTR0001,2024-01-07 01:45:00,222.01,220.7,221.59,3.05,2.71,2.36,0.247,0.094
MTR0001,2024-01-07 02:00:00,221.4,221.9,219.96,3.16,2.44,2.19,0.273,0.102
MTR0001,2024-01-07 02:15:00,221.77,221.58,219.65,2.87,2.71,2.41,0.197,0.119
MTR0001,2024-01-07 02:30:00,220.41,221.5,222.53,3.05,2.56,2.18,0.225,0.131
MTR0001,2024-01-07 02:45:00,220.29,221.81,222.28,3.21,2.61,2.39,0.239,0.132
MTR0001,2024-01-07 03:00:00,219.76,220.61,220.64,3.23,2.76,2.12,0.249,0.104
MTR0001,2024-01-07 03:15:00,220.65,223.08,219.67,3.21,2.59,1.92,0.214,0.141
MTR0001,2024-01-07 03:30:00,220.52,219.9,221.91,2.84,2.59,2.18,0.207,0.098
MTR0001,2024-01-07 03:45:00,219.31,220.77,219.78,3.19,2.81,2.03,0.205,0.099
MTR0001,2024-01-07 04:00:00,220.61,221.62,221.83,3.08,2.57,2.24,0.243,0.117
MTR0001,2024-01-07 04:15:00,221.18,220.67,220.3,2.78,2.57,2.4,0.238,0.115
MTR0001,2024-01-07 04:30:00,219.53,222.99,221.0,3.07,2.62,2.3,0.196,0.116
MTR0001,2024-01-07 04:45:00,220.96,223.68,222.59,3.16,2.71,2.12,0.244,0.094
MTR0001,2024-01-07 05:00:00,220.03,219.8,224.18,3.15,2.57,2.04,0.249,0.11
MTR0001,2024-01-07 05:15:00,221.47,220.89,222.3,3.43,2.49,2.43,0.237,0.145
MTR0001,2024-01-07 05:30:00,218.7,223.4,221.77,3.28,2.58,2.05,0.233,0.103
MTR0001,2024-01-07 05:45:00,220.35,222.37,222.82,3.12,2.65,2.28,0.222,0.088
MTR0001,2024-01-07 06:00:00,220.1,219.38,220.27,6.13,5.14,4.25,0.407,0.203
MTR0001,2024-01-07 06:15:00,221.49,222.03,220.35,6.48,5.1,4.43,0.463,0.256
MTR0001,2024-01-07 06:30:00,218.8,222.69,223.44,6.69,5.02,4.46,0.507,0.176
MTR0001,2024-01-07 06:45:00,221.71,218.48,222.52,6.14,5.24,4.56,0.445,0.201
MTR0001,2024-01-07 07:00:00,219.89,222.97,223.86,6.86,5.38,4.56,0.523,0.242
MTR0001,2024-01-07 07:15:00,221.95,220.13,221.93,6.83,5.48,4.67,0.47,0.238
MTR0001,2024-01-07 07:30:00,220.39,223.45,220.29,6.82,5.51,4.66,0.51,0.183
MTR0001,2024-01-07 07:45:00,219.32,220.92,222.48,6.8,5.63,4.55,0.511,0.19
MTR0001,2024-01-07 08:00:00,220.02,221.93,222.21,6.98,5.9,4.98,0.51,0.3
MTR0001,2024-01-07 08:15:00,219.29,220.14,221.05,7.2,6.12,4.91,0.538,0.201
MTR0001,2024-01-07 08:30:00,219.22,222.24,218.95,7.16,5.93,5.27,0.55,0.182
MTR0001,2024-01-07 08:45:00,221.73,216.23,223.2,7.11,6.04,5.07,0.514,0.251
MTR0001,2024-01-07 09:00:00,218.35,220.24,218.79,7.6,6.3,5.3,0.508,0.31
MTR0001,2024-01-07 09:15:00,220.45,221.11,217.86,7.44,6.4,5.41,0.52,0.27
MTR0001,2024-01-07 09:30:00,219.16,221.5,222.15,7.75,6.69,4.95,0.575,0.2
MTR0001,2024-01-07 09:45:00,221.79,219.99,222.53,7.61,6.31,5.15,0.601,0.197
MTR0001,2024-01-07 10:00:00,218.8,218.33,220.45,7.96,6.57,5.52,0.562,0.325
MTR0001,2024-01-07 10:15:00,221.48,221.22,220.56,7.97,6.56,5.37,0.535,0.299
MTR0001,2024-01-07 10:30:00,221.6,221.74,220.22,7.94,6.32,5.67,0.568,0.223
MTR0001,2024-01-07 10:45:00,221.68,220.59,222.82,7.82,6.46,5.34,0.551,0.272
MTR0001,2024-01-07 11:00:00,220.85,219.81,222.89,8.11,6.68,5.72,0.56,0.284
MTR0001,2024-01-07 11:15:00,218.83,222.79,222.13,8.18,6.32,5.54,0.595,0.201
MTR0001,2024-01-07 11:30:00,219.52,220.79,222.63,8.09,6.5,5.89,0.656,0.222
MTR0001,2024-01-07 11:45:00,220.65,220.88,223.51,8.28,6.5,5.79,0.545,0.335
MTR0001,2024-01-07 12:00:00,220.75,222.59,223.14,8.08,6.46,5.66,0.611,0.24
MTR0001,2024-01-07 12:15:00,220.93,220.72,220.7,8.25,6.82,5.62,0.558,0.353
MTR0001,2024-01-07 12:30:00,220.53,221.57,220.78,8.35,7.05,5.74,0.621,0.267
MTR0001,2024-01-07 12:45:00,221.59,221.42,219.44,8.34,6.97,5.49,0.603,0.286
MTR0001,2024-01-07 13:00:00,220.61,220.62,218.21,8.37,6.81,5.7,0.629,0.249
MTR0001,2024-01-07 13:15:00,221.24,222.03,220.55,7.86,6.52,5.61,0.54,0.332
MTR0001,2024-01-07 13:30:00,221.0,222.69,222.46,8.16,6.89,5.4,0.568,0.339
MTR0001,2024-01-07 13:45:00,219.77,223.44,222.42,7.79,6.61,5.51,0.576,0.23
MTR0001,2024-01-07 14:00:00,222.48,221.62,221.23,7.92,6.74,5.38,0.59,0.279
MTR0001,2024-01-07 14:15:00,219.93,221.59,221.46,7.95,6.62,5.35,0.592,0.312
MTR0001,2024-01-07 14:30:00,222.64,221.3,220.95,7.69,6.86,5.56,0.63,0.233
MTR0001,2024-01-07 14:45:00,222.98,220.49,223.08,7.93,6.67,5.5,0.558,0.283
MTR0001,2024-01-07 15:00:00,219.86,222.72,221.55,7.74,6.47,5.39,0.532,0.317
MTR0001,2024-01-07 15:15:00,218.97,221.59,220.78,7.47,6.6,5.12,0.497,0.314
MTR0001,2024-01-07 15:30:00,223.65,223.13,223.97,7.7,6.48,5.18,0.602,0.28
MTR0001,2024-01-07 15:45:00,218.52,223.02,221.84,7.71,6.25,5.15,0.563,0.253
MTR0001,2024-01-07 16:00:00,220.97,222.29,221.22,7.23,5.95,5.16,0.537,0.231
MTR0001,2024-01-07 16:15:00,220.92,219.52,221.78,7.18,6.11,5.04,0.524,0.296
MTR0001,2024-01-07 16:30:00,220.03,217.77,221.25,7.2,6.04,4.99,0.547,0.274
MTR0001,2024-01-07 16:45:00,220.72,219.72,222.42,7.3,6.2,5.18,0.499,0.306
MTR0001,2024-01-07 17:00:00,221.03,222.05,220.33,6.9,5.92,4.55,0.507,0.211
MTR0001,2024-01-07 17:15:00,220.91,223.58,218.61,6.73,5.84,4.78,0.522,0.256
MTR0001,2024-01-07 17:30:00,220.54,221.72,221.3,6.96,5.47,4.58,0.482,0.243
MTR0001,2024-01-07 17:45:00,220.21,221.96,221.87,6.79,5.5,4.8,0.482,0.231
MTR0001,2024-01-07 18:00:00,221.84,222.67,218.9,6.5,5.57,4.37,0.501,0.204
MTR0001,2024-01-07 18:15:00,221.48,220.9,219.87,6.32,5.18,4.44,0.418,0.256
MTR0001,2024-01-07 18:30:00,219.95,219.36,223.38,6.23,5.01,4.33,0.412,0.239
MTR0001,2024-01-07 18:45:00,222.57,224.6,221.93,6.32,5.12,4.3,0.444,0.244
MTR0001,2024-01-07 19:00:00,220.76,221.27,221.59,5.72,4.74,3.71,0.42,0.191
MTR0001,2024-01-07 19:15:00,222.72,221.2,218.8,5.85,4.82,3.97,0.445,0.162
MTR0001,2024-01-07 19:30:00,221.48,221.21,222.33,5.53,4.73,4.28,0.419,0.219
MTR0001,2024-01-07 19:45:00,220.32,217.99,219.45,5.64,4.81,4.07,0.412,0.239
MTR0001,2024-01-07 20:00:00,219.94,221.18,222.37,5.57,4.33,3.72,0.351,0.221
MTR0001,2024-01-07 20:15:00,225.43,222.02,221.67,5.35,4.49,3.82,0.377,0.221
MTR0001,2024-01-07 20:30:00,220.73,219.75,223.59,5.15,4.39,3.55,0.386,0.197
MTR0001,2024-01-07 20:45:00,217.94,221.99,220.62,5.33,4.31,4.0,0.414,0.134
MTR0001,2024-01-07 21:00:00,223.63,221.35,222.55,4.84,4.14,3.24,0.298,0.194
MTR0001,2024-01-07 21:15:00,222.07,219.69,222.52,4.97,4.34,3.31,0.327,0.177
MTR0001,2024-01-07 21:30:00,218.36,217.84,221.95,4.98,4.05,3.42,0.33,0.173
MTR0001,2024-01-07 21:45:00,221.37,222.64,224.37,4.64,4.09,3.61,0.406,0.182
MTR0001,2024-01-07 22:00:00,222.45,223.76,221.83,4.54,3.48,3.33,0.329,0.148
MTR0001,2024-01-07 22:15:00,223.55,222.5,220.53,4.62,4.13,3.09,0.327,0.205
MTR0001,2024-01-07 22:30:00,220.45,221.42,219.85,4.79,3.88,3.16,0.307,0.152
MTR0001,2024-01-07 22:45:00,221.79,219.94,219.32,4.94,3.61,3.17,0.406,0.13
MTR0001,2024-01-07 23:00:00,219.42,220.75,221.86,4.4,3.79,2.95,0.297,0.15
MTR0001,2024-01-07 23:15:00,219.62,221.21,223.12,4.29,3.51,3.24,0.304,0.154
MTR0001,2024-01-07 23:30:00,219.81,220.55,220.52,4.42,3.6,3.13,0.279,0.185
MTR0001,2024-01-07 23:45:00,221.53,224.25,222.68,4.28,3.71,2.94,0.328,0.15
MTR0001,2024-01-08 00:00:00,218.58,224.11,220.39,3.02,2.26,2.13,0.195,0.073
MTR0001,2024-01-08 00:15:00,222.45,221.03,223.29,3.39,2.75,2.1,0.226,0.143
MTR0001,2024-01-08 00:30:00,220.69,217.82,221.27,3.31,2.47,2.12,0.173,0.112
MTR0001,2024-01-08 00:45:00,219.62,224.26,221.65,3.22,2.58,2.19,0.244,0.108
MTR0001,2024-01-08 01:00:00,221.77,219.95,223.38,3.17,2.7,2.19,0.25,0.109
MTR0001,2024-01-08 01:15:00,221.18,220.25,220.65,3.28,2.71,2.08,0.222,0.121
MTR0001,2024-01-08 01:30:00,223.31,222.26,223.34,2.91,2.79,2.51,0.235,0.106
MTR0001,2024-01-08 01:45:00,220.36,220.99,223.36,3.15,2.75,2.28,0.198,0.114
MTR0001,2024-01-08 02:00:00,221.0,221.64,220.43,3.27,2.68,2.31,0.284,0.082
MTR0001,2024-01-08 02:15:00,224.11,220.71,219.49,3.12,3.09,2.31,0.27,0.105
MTR0001,2024-01-08 02:30:00,221.31,220.71,222.96,3.15,2.7,1.86,0.219,0.118
MTR0001,2024-01-08 02:45:00,221.48,221.95,223.02,3.33,2.61,2.02,0.266,0.099
MTR0001,2024-01-08 03:00:00,219.6,221.66,222.15,3.09,2.68,2.23,0.239,0.123
MTR0001,2024-01-08 03:15:00,221.26,219.74,221.07,3.25,2.45,2.26,0.209,0.101
MTR0001,2024-01-08 03:30:00,219.39,220.78,221.18,3.28,2.55,1.94,0.24,0.116
MTR0001,2024-01-08 03:45:00,219.03,221.94,221.71,3.44,2.72,2.23,0.244,0.122
MTR0001,2024-01-08 04:00:00,224.54,221.19,221.02,3.17,2.76,1.95,0.215,0.129
MTR0001,2024-01-08 04:15:00,219.75,218.74,220.41,3.07,2.62,2.47,0.243,0.119
MTR0001,2024-01-08 04:30:00,222.03,222.83,222.93,3.33,2.93,2.13,0.256,0.143
MTR0001,2024-01-08 04:45:00,217.44,221.61,222.79,2.95,2.71,2.24,0.229,0.125
MTR0001,2024-01-08 05:00:00,220.91,223.14,225.46,3.24,2.61,2.29,0.221,0.108
MTR0001,2024-01-08 05:15:00,221.94,222.84,219.81,2.99,2.55,2.26,0.23,0.106
MTR0001,2024-01-08 05:30:00,223.36,220.44,219.58,3.02,2.4,2.38,0.214,0.127
MTR0001,2024-01-08 05:45:00,221.14,223.97,219.55,3.05,2.49,2.17,0.238,0.08
MTR0001,2024-01-08 06:00:00,221.92,221.74,221.26,6.17,5.21,4.47,0.472,0.219
MTR0001,2024-01-08 06:15:00,221.74,219.95,221.77,6.19,5.28,4.25,0.488,0.234
MTR0001,2024-01-08 06:30:00,221.6,220.51,223.06,6.11,5.27,4.23,0.4,0.25
MTR0001,2024-01-08 06:45:00,219.53,222.92,222.19,6.12,5.17,4.24,0.481,0.201
MTR0001,2024-01-08 07:00:00,219.58,219.42,221.95,6.71,5.88,4.7,0.458,0.26
MTR0001,2024-01-08 07:15:00,220.84,221.63,217.25,6.96,5.28,4.68,0.507,0.178
MTR0001,2024-01-08 07:30:00,218.58,221.99,224.34,6.66,5.49,4.57,0.442,0.277
MTR0001,2024-01-08 07:45:00,221.27,220.75,220.84,6.89,5.38,4.64,0.489,0.238
MTR0001,2024-01-08 08:00:00,218.92,219.3,223.87,7.15,6.15,4.99,0.565,0.182
MTR0001,2024-01-08 08:15:00,218.79,221.01,224.86,7.1,5.84,5.24,0.51,0.213
MTR0001,2024-01-08 08:30:00,220.71,220.48,222.13,7.42,5.98,5.21,0.531,0.304
MTR0001,2024-01-08 08:45:00,220.74,218.76,218.81,7.01,5.9,4.96,0.481,0.274
MTR0001,2024-01-08 09:00:00,224.24,224.4,219.76,7.87,6.24,5.3,0.577,0.314
MTR0001,2024-01-08 09:15:00,220.04,222.44,219.09,7.5,6.14,5.24,0.536,0.268
MTR0001,2024-01-08 09:30:00,222.6,221.55,221.37,7.92,6.38,5.24,0.553,0.258
MTR0001,2024-01-08 09:45:00,220.12,223.53,223.07,7.63,6.46,4.93,0.506,0.318
MTR0001,2024-01-08 10:00:00,220.48,220.19,223.5,8.08,6.46,5.57,0.609,0.24
MTR0001,2024-01-08 10:15:00,218.96,220.34,221.54,7.78,6.28,5.66,0.59,0.27
MTR0001,2024-01-08 10:30:00,219.29,221.1,223.62,8.05,6.53,5.54,0.61,0.207
MTR0001,2024-01-08 10:45:00,223.85,222.14,221.08,7.98,6.43,5.43,0.563,0.282
MTR0001,2024-01-08 11:00:00,222.17,221.32,219.69,8.13,6.72,5.65,0.586,0.255
MTR0001,2024-01-08 11:15:00,221.8,220.07,221.02,7.91,6.81,5.72,0.594,0.293
MTR0001,2024-01-08 11:30:00,219.01,222.62,220.11,7.96,6.65,5.54,0.576,0.315
MTR0001,2024-01-08 11:45:00,221.26,220.77,220.58,8.17,6.73,5.74,0.567,0.309
MTR0001,2024-01-08 12:00:00,220.7,221.64,221.22,8.37,6.57,5.76,0.604,0.27
MTR0001,2024-01-08 12:15:00,219.57,224.91,221.49,8.34,6.82,5.74,0.587,0.297
MTR0001,2024-01-08 12:30:00,220.02,222.53,223.59,8.21,6.96,5.46,0.582,0.319
MTR0001,2024-01-08 12:45:00,220.38,220.86,220.9,8.33,6.7,5.94,0.572,0.34
MTR0001,2024-01-08 13:00:00,220.85,221.71,220.85,8.32,6.53,5.52,0.626,0.29
MTR0001,2024-01-08 13:15:00,220.78,221.09,220.6,7.83,6.45,5.91,0.592,0.297
MTR0001,2024-01-08 13:30:00,220.03,222.62,223.59,8.39,6.67,5.28,0.567,0.306
MTR0001,2024-01-08 13:45:00,221.27,220.58,222.09,8.15,7.02,5.42,0.641,0.21
MTR0001,2024-01-08 14:00:00,223.89,219.44,220.73,7.92,6.62,5.68,0.596,0.318
MTR0001,2024-01-08 14:15:00,220.8,223.95,220.04,8.2,6.7,5.35,0.568,0.308
MTR0001,2024-01-08 14:30:00,222.12,219.45,222.0,7.81,6.5,5.57,0.596,0.237
MTR0001,2024-01-08 14:45:00,223.02,220.05,221.27,7.84,6.56,5.57,0.568,0.301
MTR0001,2024-01-08 15:00:00,218.87,223.81,222.24,7.6,6.13,5.16,0.558,0.255
MTR0001,2024-01-08 15:15:00,218.67,219.1,221.18,7.48,5.95,5.23,0.527,0.272
MTR0001,2024-01-08 15:30:00,218.78,221.18,222.26,7.72,6.02,5.27,0.534,0.242
MTR0001,2024-01-08 15:45:00,220.14,220.71,221.55,7.75,6.44,5.24,0.529,0.28
MTR0001,2024-01-08 16:00:00,218.54,220.09,219.73,7.39,5.88,5.03,0.517,0.286
MTR0001,2024-01-08 16:15:00,223.07,219.9,220.65,7.19,5.96,4.96,0.511,0.286
MTR0001,2024-01-08 16:30:00,220.86,221.13,221.69,6.89,5.71,5.11,0.509,0.271
MTR0001,2024-01-08 16:45:00,220.37,222.73,218.4,7.36,6.02,4.86,0.519,0.243
MTR0001,2024-01-08 17:00:00,221.4,223.58,221.66,6.65,5.75,4.8,0.513,0.221
MTR0001,2024-01-08 17:15:00,218.18,220.22,219.84,6.89,5.72,4.72,0.532,0.201
MTR0001,2024-01-08 17:30:00,222.7,222.34,219.67,7.0,5.84,4.83,0.511,0.277
MTR0001,2024-01-08 17:45:00,220.9,224.15,218.71,6.58,5.74,4.44,0.493,0.19
MTR0001,2024-01-08 18:00:00,220.83,220.4,222.37,6.37,5.43,4.55,0.455,0.275
MTR0001,2024-01-08 18:15:00,222.12,220.08,220.71,6.23,5.06,4.09,0.407,0.212
MTR0001,2024-01-08 18:30:00,220.92,221.05,219.13,6.18,5.26,4.45,0.451,0.178
MTR0001,2024-01-08 18:45:00,219.33,222.58,220.43,6.29,5.18,4.38,0.473,0.177
MTR0001,2024-01-08 19:00:00,221.83,223.7,221.05,6.01,4.77,4.24,0.395,0.153
MTR0001,2024-01-08 19:15:00,221.67,222.37,219.56,5.84,4.87,4.02,0.478,0.176
MTR0001,2024-01-08 19:30:00,221.04,223.33,220.59,5.66,4.83,3.75,0.397,0.234
MTR0001,2024-01-08 19:45:00,220.25,220.85,223.07,5.38,4.75,4.25,0.409,0.171
MTR0001,2024-01-08 20:00:00,220.48,219.83,223.7,5.26,4.14,3.91,0.377,0.205
MTR0001,2024-01-08 20:15:00,221.58,217.59,222.24,5.21,4.35,3.8,0.366,0.187
MTR0001,2024-01-08 20:30:00,219.62,221.91,222.52,5.5,4.24,4.04,0.412,0.158
MTR0001,2024-01-08 20:45:00,221.0,222.66,218.15,5.64,4.43,3.46,0.39,0.198
MTR0001,2024-01-08 21:00:00,219.82,218.53,222.06,5.18,4.01,3.5,0.349,0.166
MTR0001,2024-01-08 21:15:00,219.74,221.07,221.09,4.91,4.0,3.46,0.361,0.138
MTR0001,2024-01-08 21:30:00,219.15,224.29,220.22,4.86,3.95,3.7,0.359,0.208
MTR0001,2024-01-08 21:45:00,221.79,223.23,222.02,4.86,4.19,3.42,0.321,0.209
MTR0001,2024-01-08 22:00:00,220.63,222.05,222.75,4.57,3.98,2.82,0.311,0.165
MTR0001,2024-01-08 22:15:00,220.96,221.46,220.75,4.7,4.05,3.42,0.386,0.13
MTR0001,2024-01-08 22:30:00,220.85,220.25,220.52,4.58,3.8,3.27,0.308,0.165
MTR0001,2024-01-08 22:45:00,219.71,218.93,219.83,4.52,3.97,3.25,0.337,0.172
MTR0001,2024-01-08 23:00:00,222.3,223.29,219.81,4.35,3.87,3.07,0.301,0.16
MTR0001,2024-01-08 23:15:00,222.62,218.01,221.43,4.42,3.8,3.26,0.362,0.15
MTR0001,2024-01-08 23:30:00,217.86,222.29,223.07,4.46,3.95,3.23,0.324,0.144
MTR0001,2024-01-08 23:45:00,222.92,221.7,219.43,4.24,3.73,2.99,0.346,0.154
MTR0001,2024-01-09 00:00:00,221.02,220.58,222.42,3.23,2.72,2.23,0.251,0.115
MTR0001,2024-01-09 00:15:00,220.62,222.98,220.43,2.92,2.37,2.06,0.187,0.116
MTR0001,2024-01-09 00:30:00,220.04,221.33,222.84,3.04,2.56,2.23,0.246,0.111
MTR0001,2024-01-09 00:45:00,220.92,224.0,222.86,3.22,2.6,2.18,0.248,0.095
MTR0001,2024-01-09 01:00:00,217.61,222.22,224.7,3.19,2.85,2.09,0.24,0.085
MTR0001,2024-01-09 01:15:00,223.32,220.37,222.59,2.95,2.57,2.33,0.261,0.085
MTR0001,2024-01-09 01:30:00,220.89,221.2,222.53,3.09,2.75,2.01,0.198,0.096
MTR0001,2024-01-09 01:45:00,221.61,222.43,224.87,3.01,2.78,2.24,0.212,0.112
MTR0001,2024-01-09 02:00:00,217.27,224.11,220.2,3.13,2.46,2.28,0.19,0.122
MTR0001,2024-01-09 02:15:00,218.07,223.38,224.04,2.8,2.53,2.12,0.184,0.075
MTR0001,2024-01-09 02:30:00,220.8,220.78,224.49,3.43,2.47,2.26,0.229,0.121
MTR0001,2024-01-09 02:45:00,219.5,220.97,221.94,3.42,2.53,2.25,0.257,0.099
MTR0001,2024-01-09 03:00:00,219.93,221.21,220.55,3.07,2.88,2.05,0.223,0.121
MTR0001,2024-01-09 03:15:00,221.47,221.75,220.31,3.52,2.71,2.2,0.229,0.093
MTR0001,2024-01-09 03:30:00,220.85,219.01,221.53,3.4,2.62,2.14,0.261,0.089
MTR0001,2024-01-09 03:45:00,222.22,221.33,221.63,3.33,2.71,2.23,0.26,0.112
MTR0001,2024-01-09 04:00:00,220.01,219.62,222.11,3.25,2.4,2.11,0.202,0.112
MTR0001,2024-01-09 04:15:00,219.51,222.87,218.2,3.02,2.59,2.21,0.217,0.124
MTR0001,2024-01-09 04:30:00,218.59,224.31,220.55,3.14,2.75,2.71,0.242,0.134
MTR0001,2024-01-09 04:45:00,219.86,220.46,220.88,3.23,2.44,2.08,0.241,0.108
MTR0001,2024-01-09 05:00:00,221.43,220.9,220.95,3.19,2.43,2.13,0.224,0.111
MTR0001,2024-01-09 05:15:00,221.69,221.42,222.6,3.04,2.46,2.12,0.25,0.08
MTR0001,2024-01-09 05:30:00,219.17,225.44,224.13,3.15,2.64,2.09,0.228,0.095
MTR0001,2024-01-09 05:45:00,219.25,221.19,219.88,3.15,2.84,2.16,0.232,0.125
MTR0001,2024-01-09 06:00:00,222.12,222.32,223.67,6.23,5.14,4.16,0.492,0.171
MTR0001,2024-01-09 06:15:00,221.82,224.07,223.01,6.02,5.1,4.32,0.465,0.16
MTR0001,2024-01-09 06:30:00,218.8,223.36,219.3,6.2,5.05,4.1,0.464,0.189
MTR0001,2024-01-09 06:45:00,220.81,220.71,222.66,6.32,5.21,4.27,0.482,0.177
MTR0001,2024-01-09 07:00:00,221.09,222.41,220.63,6.78,5.59,4.82,0.465,0.297
MTR0001,2024-01-09 07:15:00,220.36,221.03,221.68,6.69,5.62,5.05,0.522,0.206
MTR0001,2024-01-09 07:30:00,223.14,218.67,219.53,6.99,5.56,4.6,0.492,0.245
MTR0001,2024-01-09 07:45:00,220.05,221.51,222.99,6.7,5.77,4.84,0.497,0.216
MTR0001,2024-01-09 08:00:00,221.95,220.81,221.49,7.3,6.1,4.75,0.494,0.301
MTR0001,2024-01-09 08:15:00,220.88,221.72,222.39,7.46,6.2,5.22,0.557,0.247
MTR0001,2024-01-09 08:30:00,222.11,222.7,221.04,7.31,5.97,4.89,0.52,0.258
MTR0001,2024-01-09 08:45:00,222.27,225.45,221.66,7.18,5.93,5.06,0.509,0.245
MTR0001,2024-01-09 09:00:00,218.75,220.8,222.25,7.49,6.54,5.47,0.528,0.322
MTR0001,2024-01-09 09:15:00,220.22,218.71,223.01,7.59,6.27,5.35,0.582,0.207
MTR0001,2024-01-09 09:30:00,222.0,220.77,221.52,7.62,6.11,5.11,0.557,0.249
MTR0001,2024-01-09 09:45:00,220.13,222.61,217.32,7.8,6.31,5.25,0.594,0.249
MTR0001,2024-01-09 10:00:00,219.73,221.78,221.85,7.8,6.49,5.46,0.524,0.287
MTR0001,2024-01-09 10:15:00,222.11,223.61,223.26,7.82,6.74,5.7,0.602,0.276
MTR0001,2024-01-09 10:30:00,221.31,223.47,220.33,7.84,6.5,5.18,0.524,0.297
MTR0001,2024-01-09 10:45:00,223.45,221.9,224.5,7.79,6.36,5.34,0.624,0.263
MTR0001,2024-01-09 11:00:00,219.48,219.49,221.17,8.11,6.72,5.58,0.568,0.317
MTR0001,2024-01-09 11:15:00,221.06,218.7,223.14,7.82,6.43,5.49,0.601,0.243
MTR0001,2024-01-09 11:30:00,223.43,221.05,220.24,8.23,6.64,5.5,0.611,0.2
MTR0001,2024-01-09 11:45:00,220.67,221.02,222.37,8.14,6.91,5.63,0.596,0.281
MTR0001,2024-01-09 12:00:00,221.69,221.75,220.91,8.27,6.66,5.58,0.626,0.222
MTR0001,2024-01-09 12:15:00,220.95,217.88,219.02,8.15,6.68,5.67,0.566,0.33
MTR0001,2024-01-09 12:30:00,221.68,217.62,223.55,8.08,6.86,5.78,0.597,0.25
MTR0001,2024-01-09 12:45:00,217.75,221.06,220.33,8.36,6.72,5.51,0.63,0.201
MTR0001,2024-01-09 13:00:00,219.69,221.43,224.35,8.11,6.87,5.63,0.604,0.305
MTR0001,2024-01-09 13:15:00,219.84,223.19,220.45,8.19,6.59,5.56,0.619,0.232
MTR0001,2024-01-09 13:30:00,220.86,222.63,218.4,8.44,6.66,5.32,0.634,0.267
MTR0001,2024-01-09 13:45:00,220.45,222.9,221.36,8.2,6.94,5.74,0.647,0.214
MTR0001,2024-01-09 14:00:00,218.18,221.84,221.92,8.16,6.36,5.67,0.55,0.291
MTR0001,2024-01-09 14:15:00,223.41,221.73,218.84,7.77,6.31,5.24,0.554,0.279
MTR0001,2024-01-09 14:30:00,220.78,219.92,221.41,7.93,6.58,5.59,0.603,0.256
MTR0001,2024-01-09 14:45:00,222.69,222.57,222.11,7.92,6.6,5.54,0.54,0.316
MTR0001,2024-01-09 15:00:00,221.83,220.93,220.22,7.54,6.41,5.19,0.553,0.258
MTR0001,2024-01-09 15:15:00,219.4,221.27,223.29,7.79,6.45,5.43,0.548,0.34
MTR0001,2024-01-09 15:30:00,220.68,222.57,220.62,8.0,6.6,5.29,0.607,0.236
MTR0001,2024-01-09 15:45:00,220.31,221.5,222.15,7.34,6.43,5.65,0.562,0.297
MTR0001,2024-01-09 16:00:00,222.95,220.54,219.92,7.23,5.97,5.13,0.539,0.224
MTR0001,2024-01-09 16:15:00,220.79,220.18,219.87,7.43,6.14,5.17,0.566,0.233
MTR0001,2024-01-09 16:30:00,216.37,220.64,220.56,7.1,6.0,4.95,0.52,0.273
MTR0001,2024-01-09 16:45:00,219.08,220.45,222.24,7.16,5.96,4.85,0.536,0.256
MTR0001,2024-01-09 17:00:00,219.22,220.14,220.82,6.68,5.64,4.41,0.516,0.209
MTR0001,2024-01-09 17:15:00,218.92,220.13,220.87,6.79,5.58,4.58,0.499,0.178
MTR0001,2024-01-09 17:30:00,221.51,222.66,223.27,6.85,5.4,4.63,0.524,0.246
MTR0001,2024-01-09 17:45:00,221.73,221.73,221.09,6.72,5.79,4.7,0.483,0.241
MTR0001,2024-01-09 18:00:00,222.08,220.24,220.82,6.15,5.08,4.17,0.469,0.181
MTR0001,2024-01-09 18:15:00,222.98,219.69,220.19,6.4,5.24,4.49,0.444,0.235
MTR0001,2024-01-09 18:30:00,222.39,220.77,223.06,6.41,5.46,4.29,0.472,0.231
MTR0001,2024-01-09 18:45:00,223.77,220.93,223.31,6.32,5.26,4.5,0.477,0.178
MTR0001,2024-01-09 19:00:00,220.43,222.07,221.03,5.86,4.86,4.15,0.422,0.211
MTR0001,2024-01-09 19:15:00,219.87,220.28,226.41,5.89,4.88,4.11,0.421,0.203
MTR0001,2024-01-09 19:30:00,220.64,221.32,220.34,6.06,4.74,4.13,0.418,0.241
MTR0001,2024-01-09 19:45:00,221.75,218.24,221.09,5.55,4.89,4.03,0.453,0.139
MTR0001,2024-01-09 20:00:00,220.77,221.23,220.86,5.35,4.25,3.86,0.372,0.179
MTR0001,2024-01-09 20:15:00,218.66,220.86,219.39,5.38,4.24,3.71,0.378,0.17
MTR0001,2024-01-09 20:30:00,219.64,221.51,219.23,5.45,4.68,4.12,0.471,0.158
MTR0001,2024-01-09 20:45:00,221.65,221.41,220.41,5.5,4.39,3.88,0.401,0.161
MTR0001,2024-01-09 21:00:00,219.2,223.13,219.92,4.81,3.96,3.55,0.317,0.209
MTR0001,2024-01-09 21:15:00,220.42,221.03,220.8,4.61,3.95,3.61,0.384,0.179
MTR0001,2024-01-09 21:30:00,220.32,221.05,220.87,5.06,4.24,3.39,0.396,0.156
MTR0001,2024-01-09 21:45:00,222.85,221.52,221.54,5.1,4.02,3.11,0.355,0.156
MTR0001,2024-01-09 22:00:00,219.96,221.13,220.99,4.57,4.03,3.3,0.357,0.118
MTR0001,2024-01-09 22:15:00,220.61,221.04,222.24,4.5,3.79,2.74,0.349,0.159
MTR0001,2024-01-09 22:30:00,221.93,221.75,220.5,4.33,3.88,3.11,0.321,0.166
MTR0001,2024-01-09 22:45:00,219.6,221.69,222.89,4.89,3.83,3.02,0.298,0.149
MTR0001,2024-01-09 23:00:00,222.28,219.22,221.76,4.54,3.68,2.98,0.332,0.126
MTR0001,2024-01-09 23:15:00,220.39,223.31,224.54,4.34,3.51,3.15,0.304,0.154
MTR0001,2024-01-09 23:30:00,219.7,221.13,222.41,4.47,3.81,3.3,0.377,0.15
MTR0001,2024-01-09 23:45:00,222.58,222.06,221.81,4.4,3.35,3.19,0.327,0.165
MTR0001,2024-01-10 00:00:00,222.77,221.58,220.2,3.12,2.37,2.01,0.207,0.088
MTR0001,2024-01-10 00:15:00,219.09,221.83,220.73,3.22,2.34,2.01,0.202,0.089
MTR0001,2024-01-10 00:30:00,219.84,223.83,220.4,2.94,2.28,2.18,0.201,0.114
MTR0001,2024-01-10 00:45:00,219.88,222.36,221.69,3.09,2.7,2.26,0.245,0.108
MTR0001,2024-01-10 01:00:00,219.24,222.83,222.09,3.18,2.47,2.27,0.223,0.11
MTR0001,2024-01-10 01:15:00,219.79,223.75,222.93,2.9,2.44,2.13,0.226,0.09
MTR0001,2024-01-10 01:30:00,219.45,220.64,220.94,3.14,2.64,1.63,0.201,0.106
MTR0001,2024-01-10 01:45:00,222.45,222.6,225.16,3.28,2.5,2.04,0.202,0.122
MTR0001,2024-01-10 02:00:00,224.88,222.87,223.15,3.22,2.36,2.24,0.235,0.117
MTR0001,2024-01-10 02:15:00,220.45,223.81,220.19,3.38,2.55,2.01,0.189,0.107
MTR0001,2024-01-10 02:30:00,220.14,221.61,222.92,3.07,2.32,2.49,0.204,0.113
MTR0001,2024-01-10 02:45:00,217.72,219.83,221.14,3.32,2.37,2.22,0.259,0.096
MTR0001,2024-01-10 03:00:00,219.79,222.59,222.84,3.25,2.45,2.11,0.171,0.128
MTR0001,2024-01-10 03:15:00,218.8,221.95,220.87,3.24,2.58,1.95,0.209,0.104
MTR0001,2024-01-10 03:30:00,221.6,220.39,221.18,3.38,2.75,2.32,0.222,0.133
MTR0001,2024-01-10 03:45:00,220.5,224.08,222.56,3.27,2.84,2.32,0.251,0.135
MTR0001,2024-01-10 04:00:00,221.47,222.88,222.84,2.98,2.5,2.33,0.21,0.133
MTR0001,2024-01-10 04:15:00,220.77,220.13,220.41,3.26,2.46,2.06,0.242,0.071
MTR0001,2024-01-10 04:30:00,220.43,222.1,223.45,3.25,2.49,2.36,0.252,0.127
MTR0001,2024-01-10 04:45:00,224.1,218.51,219.18,3.35,2.84,2.05,0.278,0.088
MTR0001,2024-01-10 05:00:00,220.19,221.6,221.68,2.9,3.01,2.26,0.225,0.096
MTR0001,2024-01-10 05:15:00,220.28,221.18,222.46,3.43,2.7,2.3,0.246,0.112
MTR0001,2024-01-10 05:30:00,222.02,220.51,221.58,3.17,2.46,2.53,0.257,0.114
MTR0001,2024-01-10 05:45:00,222.01,223.3,221.46,2.94,2.58,2.4,0.243,0.115
MTR0001,2024-01-10 06:00:00,222.14,221.29,221.06,6.37,5.32,4.45,0.47,0.184
MTR0001,2024-01-10 06:15:00,222.46,221.16,223.31,6.04,5.53,4.37,0.487,0.161
MTR0001,2024-01-10 06:30:00,220.71,223.29,221.67,6.18,5.06,4.29,0.48,0.177
MTR0001,2024-01-10 06:45:00,221.71,223.04,220.68,6.17,4.94,4.38,0.416,0.245
MTR0001,2024-01-10 07:00:00,220.56,220.77,222.14,7.05,5.85,4.41,0.504,0.257
MTR0001,2024-01-10 07:15:00,220.02,222.35,223.07,6.64,5.75,4.84,0.494,0.287
MTR0001,2024-01-10 07:30:00,220.71,221.27,221.79,6.62,5.57,4.81,0.487,0.204
MTR0001,2024-01-10 07:45:00,218.28,220.85,221.92,6.94,5.7,5.05,0.47,0.286
MTR0001,2024-01-10 08:00:00,223.8,221.14,222.04,7.33,5.83,4.89,0.513,0.263
MTR0001,2024-01-10 08:15:00,221.68,217.34,219.96,7.48,5.88,4.94,0.531,0.274
MTR0001,2024-01-10 08:30:00,219.07,222.69,223.79,7.53,6.41,4.88,0.576,0.266
MTR0001,2024-01-10 08:45:00,221.25,220.9,221.37,7.14,5.97,4.81,0.537,0.208
MTR0001,2024-01-10 09:00:00,222.56,219.12,222.38,7.6,6.33,5.44,0.542,0.298
MTR0001,2024-01-10 09:15:00,220.3,218.59,221.22,7.66,6.28,5.37,0.505,0.295
MTR0001,2024-01-10 09:30:00,221.38,219.84,223.17,7.63,6.32,5.24,0.577,0.233
MTR0001,2024-01-10 09:45:00,221.26,221.84,221.56,7.32,6.25,5.25,0.513,0.293
MTR0001,2024-01-10 10:00:00,222.77,223.36,219.62,8.13,6.5,5.58,0.579,0.271
MTR0001,2024-01-10 10:15:00,223.1,222.11,219.5,8.03,6.69,5.48,0.531,0.305
MTR0001,2024-01-10 10:30:00,223.04,221.17,218.54,7.98,6.33,5.56,0.574,0.324
MTR0001,2024-01-10 10:45:00,220.84,224.08,222.26,8.11,6.42,5.39,0.599,0.297
MTR0001,2024-01-10 11:00:00,220.74,224.84,221.64,8.07,6.61,5.87,0.596,0.246
MTR0001,2024-01-10 11:15:00,220.2,220.01,221.94,8.17,6.91,5.36,0.587,0.249
MTR0001,2024-01-10 11:30:00,220.92,222.08,220.02,8.23,6.72,5.37,0.561,0.302
MTR0001,2024-01-10 11:45:00,219.43,221.57,220.3,8.16,6.78,5.58,0.626,0.253
MTR0001,2024-01-10 12:00:00,223.26,222.96,220.44,8.52,6.81,5.54,0.597,0.283
MTR0001,2024-01-10 12:15:00,222.0,221.51,223.97,7.99,6.86,5.77,0.591,0.291
MTR0001,2024-01-10 12:30:00,220.37,222.25,221.33,8.18,6.7,5.87,0.585,0.322
MTR0001,2024-01-10 12:45:00,221.1,223.45,220.72,8.54,6.87,5.64,0.545,0.336
MTR0001,2024-01-10 13:00:00,216.09,221.39,219.79,8.13,6.46,5.64,0.594,0.312
MTR0001,2024-01-10 13:15:00,222.17,223.34,217.99,8.03,6.93,5.43,0.581,0.283
MTR0001,2024-01-10 13:30:00,218.64,223.02,222.93,8.24,6.61,5.52,0.577,0.277
MTR0001,2024-01-10 13:45:00,219.44,220.89,222.42,8.03,6.74,5.63,0.578,0.3
MTR0001,2024-01-10 14:00:00,220.96,221.83,219.25,8.09,6.42,5.51,0.621,0.255
MTR0001,2024-01-10 14:15:00,219.9,222.45,221.64,7.68,6.68,5.43,0.575,0.286
MTR0001,2024-01-10 14:30:00,219.75,223.31,220.71,8.05,6.33,5.53,0.548,0.276
MTR0001,2024-01-10 14:45:00,221.79,221.38,221.55,7.91,6.71,5.49,0.575,0.336
MTR0001,2024-01-10 15:00:00,221.45,221.85,217.91,7.53,6.23,5.0,0.538,0.274
MTR0001,2024-01-10 15:15:00,224.28,221.04,220.83,7.8,6.01,5.06,0.519,0.278
MTR0001,2024-01-10 15:30:00,219.28,222.11,221.15,7.64,6.47,5.11,0.542,0.268
MTR0001,2024-01-10 15:45:00,220.5,221.86,222.2,7.68,6.34,5.26,0.549,0.301
MTR0001,2024-01-10 16:00:00,218.5,221.42,220.14,7.34,5.74,5.07,0.535,0.18
MTR0001,2024-01-10 16:15:00,220.72,219.23,222.08,7.35,5.86,5.04,0.544,0.226
MTR0001,2024-01-10 16:30:00,220.04,219.32,222.89,7.19,6.01,4.86,0.508,0.291
MTR0001,2024-01-10 16:45:00,220.04,217.41,221.56,7.36,6.38,4.95,0.53,0.233
MTR0001,2024-01-10 17:00:00,219.98,223.5,221.89,6.67,5.53,4.87,0.465,0.233
MTR0001,2024-01-10 17:15:00,220.81,222.98,221.65,6.79,5.4,4.69,0.498,0.237
MTR0001,2024-01-10 17:30:00,221.82,223.02,222.41,6.73,5.59,4.71,0.514,0.279
MTR0001,2024-01-10 17:45:00,219.84,221.7,221.55,7.04,5.61,5.03,0.496,0.243
MTR0001,2024-01-10 18:00:00,220.2,220.93,222.42,6.07,5.04,4.41,0.447,0.187
MTR0001,2024-01-10 18:15:00,221.25,221.38,222.31,6.43,5.18,4.24,0.455,0.208
MTR0001,2024-01-10 18:30:00,218.32,223.05,222.32,6.37,5.34,4.29,0.434,0.262
MTR0001,2024-01-10 18:45:00,221.14,220.59,222.84,6.29,4.99,4.23,0.405,0.213
MTR0001,2024-01-10 19:00:00,222.38,222.78,222.87,5.66,5.04,3.88,0.388,0.205
MTR0001,2024-01-10 19:15:00,220.57,221.54,222.57,6.32,4.86,4.03,0.45,0.159
MTR0001,2024-01-10 19:30:00,217.98,220.06,221.67,6.02,4.96,4.06,0.452,0.171
MTR0001,2024-01-10 19:45:00,218.17,220.77,221.47,5.71,4.6,3.91,0.401,0.182
MTR0001,2024-01-10 20:00:00,218.59,223.19,220.7,5.3,4.25,3.76,0.35,0.186
MTR0001,2024-01-10 20:15:00,222.34,220.65,219.22,5.02,4.7,3.72,0.379,0.2
MTR0001,2024-01-10 20:30:00,219.85,218.74,221.37,5.69,4.54,4.03,0.425,0.182
MTR0001,2024-01-10 20:45:00,221.97,222.16,218.59,5.13,4.49,3.93,0.387,0.226
MTR0001,2024-01-10 21:00:00,218.66,224.47,220.54,4.92,3.96,3.84,0.379,0.21
MTR0001,2024-01-10 21:15:00,221.23,221.88,222.33,4.95,4.04,3.55,0.307,0.194
MTR0001,2024-01-10 21:30:00,223.51,224.06,221.6,5.21,4.07,3.4,0.365,0.214
MTR0001,2024-01-10 21:45:00,221.92,221.43,224.14,5.15,4.03,3.56,0.365,0.189
MTR0001,2024-01-10 22:00:00,220.93,221.58,225.38,4.46,3.55,3.28,0.313,0.187
MTR0001,2024-01-10 22:15:00,221.36,220.86,219.6,4.93,3.94,3.16,0.396,0.155
MTR0001,2024-01-10 22:30:00,220.71,220.26,220.65,4.57,3.95,3.27,0.346,0.165
MTR0001,2024-01-10 22:45:00,221.36,222.44,221.66,4.83,3.76,3.29,0.341,0.165
MTR0001,2024-01-10 23:00:00,220.52,221.29,219.45,4.34,3.81,3.13,0.359,0.118
MTR0001,2024-01-10 23:15:00,218.61,221.79,225.48,4.65,3.57,3.2,0.333,0.169
MTR0001,2024-01-10 23:30:00,223.16,221.08,220.24,4.61,3.83,3.12,0.341,0.164
MTR0001,2024-01-10 23:45:00,221.29,222.07,218.55,4.65,3.68,3.2,0.373,0.149
MTR0001,2024-01-11 00:00:00,219.86,221.54,221.28,3.3,2.44,2.22,0.232,0.128
MTR0001,2024-01-11 00:15:00,219.84,220.67,222.17,3.2,2.42,2.25,0.233,0.12
MTR0001,2024-01-11 00:30:00,222.05,220.24,218.83,3.07,2.49,2.17,0.245,0.086
MTR0001,2024-01-11 00:45:00,221.12,221.34,224.14,3.12,2.43,2.11,0.224,0.106
MTR0001,2024-01-11 01:00:00,221.8,224.91,220.32,3.2,2.34,2.25,0.251,0.077
MTR0001,2024-01-11 01:15:00,220.88,219.24,222.01,3.25,2.36,1.98,0.226,0.102
MTR0001,2024-01-11 01:30:00,222.28,221.03,222.41,3.36,2.42,2.1,0.203,0.094
MTR0001,2024-01-11 01:45:00,220.1,220.96,220.44,3.26,2.21,2.39,0.221,0.105
MTR0001,2024-01-11 02:00:00,223.67,219.61,224.48,3.26,2.66,2.03,0.206,0.133
MTR0001,2024-01-11 02:15:00,220.65,221.67,223.95,3.04,2.7,2.08,0.194,0.108
MTR0001,2024-01-11 02:30:00,224.56,220.92,224.34,3.11,2.39,2.13,0.23,0.124
MTR0001,2024-01-11 02:45:00,222.08,221.61,223.05,3.29,2.77,2.09,0.226,0.123
MTR0001,2024-01-11 03:00:00,220.06,220.08,218.88,2.99,2.55,2.21,0.213,0.112
MTR0001,2024-01-11 03:15:00,222.72,220.71,224.07,3.32,2.53,2.23,0.255,0.102
MTR0001,2024-01-11 03:30:00,221.3,222.57,221.02,2.95,2.5,2.18,0.238,0.076
MTR0001,2024-01-11 03:45:00,220.11,221.61,219.17,3.17,2.55,2.05,0.227,0.119
MTR0001,2024-01-11 04:00:00,222.21,221.87,220.97,3.47,2.59,2.35,0.238,0.092
MTR0001,2024-01-11 04:15:00,221.2,223.23,221.5,3.05,2.82,1.96,0.242,0.084
MTR0001,2024-01-11 04:30:00,219.72,222.22,222.12,3.33,2.58,2.24,0.207,0.133
MTR0001,2024-01-11 04:45:00,221.04,224.05,220.6,3.12,2.79,2.45,0.23,0.131
MTR0001,2024-01-11 05:00:00,223.6,218.39,220.45,3.12,2.82,1.93,0.22,0.109
MTR0001,2024-01-11 05:15:00,222.07,220.74,223.41,2.91,2.54,2.13,0.266,0.117
MTR0001,2024-01-11 05:30:00,221.72,223.31,219.37,3.41,2.22,2.06,0.207,0.091
MTR0001,2024-01-11 05:45:00,224.5,221.44,222.93,3.0,2.35,2.32,0.195,0.132
MTR0001,2024-01-11 06:00:00,220.37,223.39,223.03,6.33,5.15,4.5,0.439,0.259
MTR0001,2024-01-11 06:15:00,220.87,221.31,219.59,6.46,5.03,4.17,0.468,0.195
MTR0001,2024-01-11 06:30:00,223.23,220.44,223.22,6.33,5.24,4.06,0.466,0.219
MTR0001,2024-01-11 06:45:00,220.41,221.23,224.26,6.43,5.13,4.17,0.492,0.16
MTR0001,2024-01-11 07:00:00,220.27,224.07,221.6,6.81,5.95,4.49,0.527,0.219
MTR0001,2024-01-11 07:15:00,218.75,220.13,223.22,6.98,5.76,4.75,0.494,0.25
MTR0001,2024-01-11 07:30:00,221.11,222.27,222.14,6.55,5.44,4.71,0.479,0.222
MTR0001,2024-01-11 07:45:00,221.02,222.31,222.04,6.91,5.63,4.36,0.507,0.216
MTR0001,2024-01-11 08:00:00,221.6,221.42,221.45,7.38,6.33,4.8,0.537,0.297
MTR0001,2024-01-11 08:15:00,222.07,222.57,221.71,7.33,6.02,4.99,0.58,0.223
MTR0001,2024-01-11 08:30:00,221.11,222.21,223.62,7.11,5.96,4.95,0.523,0.259
MTR0001,2024-01-11 08:45:00,222.43,219.07,222.94,7.37,6.0,4.7,0.53,0.247
MTR0001,2024-01-11 09:00:00,220.12,221.4,221.94,7.35,6.07,5.19,0.491,0.292
MTR0001,2024-01-11 09:15:00,223.01,222.79,222.72,7.6,6.04,5.6,0.564,0.249
MTR0001,2024-01-11 09:30:00,217.87,221.13,222.82,7.72,6.4,5.23,0.598,0.228
MTR0001,2024-01-11 09:45:00,221.05,221.26,218.74,7.68,6.49,5.49,0.543,0.305
MTR0001,2024-01-11 10:00:00,222.32,221.88,221.58,8.05,6.49,5.73,0.59,0.241
MTR0001,2024-01-11 10:15:00,221.96,222.37,219.82,7.61,6.61,5.57,0.58,0.296
MTR0001,2024-01-11 10:30:00,218.99,221.94,222.44,7.89,6.65,5.39,0.535,0.343
MTR0001,2024-01-11 10:45:00,222.15,221.03,219.11,8.13,6.73,5.45,0.595,0.312
MTR0001,2024-01-11 11:00:00,219.58,219.87,222.24,8.22,6.77,5.32,0.552,0.327
MTR0001,2024-01-11 11:15:00,221.09,221.74,222.04,8.15,7.03,5.8,0.63,0.215
MTR0001,2024-01-11 11:30:00,221.53,222.0,222.07,8.33,6.75,5.53,0.604,0.323
MTR0001,2024-01-11 11:45:00,220.2,220.89,220.09,8.17,6.82,5.55,0.591,0.307
MTR0001,2024-01-11 12:00:00,219.98,219.58,223.63,8.28,6.65,5.78,0.543,0.344
MTR0001,2024-01-11 12:15:00,222.25,223.5,220.87,7.96,6.64,5.95,0.586,0.292
MTR0001,2024-01-11 12:30:00,221.11,221.8,219.1,7.92,6.8,5.69,0.598,0.311
MTR0001,2024-01-11 12:45:00,219.47,221.97,219.76,8.26,7.23,5.83,0.601,0.234
MTR0001,2024-01-11 13:00:00,221.49,221.1,221.09,7.94,6.79,5.53,0.555,0.278
MTR0001,2024-01-11 13:15:00,221.06,223.33,222.33,8.17,6.66,5.72,0.622,0.214
MTR0001,2024-01-11 13:30:00,220.35,222.4,220.1,7.96,6.54,5.93,0.607,0.255
MTR0001,2024-01-11 13:45:00,219.77,220.91,221.7,8.0,6.55,5.48,0.592,0.267
MTR0001,2024-01-11 14:00:00,219.48,220.37,221.17,7.98,6.53,5.56,0.584,0.294
MTR0001,2024-01-11 14:15:00,221.64,218.77,221.46,7.9,6.61,5.37,0.524,0.309
MTR0001,2024-01-11 14:30:00,219.29,221.79,220.95,7.96,6.55,5.34,0.577,0.287
MTR0001,2024-01-11 14:45:00,217.66,220.62,221.7,8.02,6.33,5.56,0.537,0.33
MTR0001,2024-01-11 15:00:00,219.32,221.38,221.2,7.66,6.35,5.37,0.499,0.311
MTR0001,2024-01-11 15:15:00,221.23,221.22,219.05,7.4,6.24,5.12,0.569,0.208
MTR0001,2024-01-11 15:30:00,221.19,221.26,222.5,7.4,6.25,5.33,0.526,0.31
MTR0001,2024-01-11 15:45:00,222.94,222.31,223.78,7.57,6.1,5.18,0.566,0.234
MTR0001,2024-01-11 16:00:00,221.74,221.27,221.04,7.45,5.97,5.14,0.517,0.225
MTR0001,2024-01-11 16:15:00,220.3,219.59,222.38,7.46,5.81,5.16,0.527,0.259
MTR0001,2024-01-11 16:30:00,222.55,223.98,220.47,7.37,6.09,5.18,0.504,0.282
MTR0001,2024-01-11 16:45:00,222.33,221.41,223.26,7.2,5.79,5.07,0.476,0.243
MTR0001,2024-01-11 17:00:00,220.48,220.13,218.95,6.68,5.57,4.8,0.538,0.206
MTR0001,2024-01-11 17:15:00,222.71,221.77,220.33,6.75,5.4,4.68,0.491,0.222
MTR0001,2024-01-11 17:30:00,220.85,223.62,222.66,6.79,5.64,4.74,0.455,0.263
MTR0001,2024-01-11 17:45:00,219.61,217.37,221.08,6.78,5.57,4.74,0.492,0.22
MTR0001,2024-01-11 18:00:00,218.18,220.56,221.22,6.28,4.98,4.53,0.439,0.203
MTR0001,2024-01-11 18:15:00,223.43,220.73,222.12,6.12,5.06,4.53,0.438,0.189
MTR0001,2024-01-11 18:30:00,223.88,223.91,221.0,6.13,5.04,4.11,0.469,0.185
MTR0001,2024-01-11 18:45:00,219.78,219.1,221.85,6.52,5.1,4.37,0.466,0.23
MTR0001,2024-01-11 19:00:00,219.07,223.52,223.32,5.83,4.61,3.84,0.412,0.239
MTR0001,2024-01-11 19:15:00,222.93,220.55,219.37,6.03,4.86,3.91,0.472,0.169
MTR0001,2024-01-11 19:30:00,223.57,222.41,223.09,5.76,4.8,4.16,0.448,0.2
MTR0001,2024-01-11 19:45:00,221.08,221.26,217.29,5.65,4.85,3.61,0.435,0.147
MTR0001,2024-01-11 20:00:00,221.66,220.38,222.36,5.5,4.6,4.01,0.42,0.159
MTR0001,2024-01-11 20:15:00,220.39,223.28,222.36,5.3,4.62,3.66,0.381,0.209
MTR0001,2024-01-11 20:30:00,221.17,221.01,220.86,5.1,4.38,3.63,0.397,0.151
MTR0001,2024-01-11 20:45:00,221.17,222.45,221.44,5.36,4.49,3.66,0.426,0.174
MTR0001,2024-01-11 21:00:00,219.99,221.45,222.51,5.12,4.24,3.43,0.375,0.189
MTR0001,2024-01-11 21:15:00,220.91,223.76,221.02,4.9,3.92,3.67,0.399,0.141
MTR0001,2024-01-11 21:30:00,219.26,220.91,221.36,4.91,4.06,3.49,0.332,0.2
MTR0001,2024-01-11 21:45:00,221.04,219.93,221.12,4.94,3.78,3.41,0.357,0.176
MTR0001,2024-01-11 22:00:00,219.29,219.31,223.81,4.88,3.48,3.16,0.343,0.122
MTR0001,2024-01-11 22:15:00,219.39,222.99,221.08,4.55,3.81,3.22,0.366,0.125
MTR0001,2024-01-11 22:30:00,221.17,222.93,219.32,4.52,4.03,3.31,0.371,0.131
MTR0001,2024-01-11 22:45:00,221.56,222.95,220.88,4.58,3.74,3.07,0.303,0.151
MTR0001,2024-01-11 23:00:00,220.06,220.66,218.85,4.48,3.69,3.19,0.291,0.192
MTR0001,2024-01-11 23:15:00,218.86,222.95,223.7,4.53,3.67,3.13,0.336,0.17
MTR0001,2024-01-11 23:30:00,220.78,219.94,221.05,4.36,3.75,2.95,0.354,0.117
MTR0001,2024-01-11 23:45:00,221.33,220.53,219.5,4.41,3.58,3.07,0.307,0.133
MTR0001,2024-01-12 00:00:00,224.95,221.22,218.61,3.37,2.69,2.07,0.231,0.129
MTR0001,2024-01-12 00:15:00,219.81,220.1,217.52,2.96,2.73,2.4,0.214,0.109
MTR0001,2024-01-12 00:30:00,219.82,218.8,220.86,3.21,2.53,2.13,0.234,0.11
MTR0001,2024-01-12 00:45:00,220.09,219.59,223.57,3.16,2.89,2.19,0.195,0.136
MTR0001,2024-01-12 01:00:00,223.73,220.11,220.36,3.04,2.62,2.02,0.206,0.092
MTR0001,2024-01-12 01:15:00,223.39,222.34,222.84,3.33,2.35,2.46,0.261,0.106
MTR0001,2024-01-12 01:30:00,220.61,219.3,221.07,3.0,2.53,2.02,0.22,0.108
MTR0001,2024-01-12 01:45:00,220.07,220.65,225.58,3.24,2.71,2.06,0.231,0.125
MTR0001,2024-01-12 02:00:00,222.92,221.14,220.64,3.28,2.68,2.15,0.224,0.127
MTR0001,2024-01-12 02:15:00,221.72,222.62,221.6,3.27,2.63,2.05,0.237,0.094
MTR0001,2024-01-12 02:30:00,221.3,222.72,222.41,3.1,2.65,2.25,0.234,0.103
MTR0001,2024-01-12 02:45:00,222.57,220.73,221.94,3.18,2.61,2.15,0.231,0.104
MTR0001,2024-01-12 03:00:00,222.47,219.35,221.02,3.35,2.75,2.24,0.228,0.114
MTR0001,2024-01-12 03:15:00,220.36,220.93,222.3,2.88,2.85,2.04,0.212,0.123
MTR0001,2024-01-12 03:30:00,218.91,220.09,220.42,3.2,2.48,2.44,0.253,0.104
MTR0001,2024-01-12 03:45:00,216.84,220.35,219.57,3.22,2.65,2.23,0.238,0.123
MTR0001,2024-01-12 04:00:00,218.42,221.29,222.44,3.42,2.42,2.12,0.219,0.093
MTR0001,2024-01-12 04:15:00,219.46,221.55,220.96,3.07,2.52,2.33,0.256,0.123
MTR0001,2024-01-12 04:30:00,220.96,221.23,221.94,3.19,2.64,2.2,0.222,0.116
MTR0001,2024-01-12 04:45:00,221.13,219.53,223.05,3.13,2.56,2.11,0.225,0.091
MTR0001,2024-01-12 05:00:00,223.11,219.47,221.67,3.13,2.72,2.16,0.216,0.111
MTR0001,2024-01-12 05:15:00,220.81,221.38,221.14,3.02,2.36,2.27,0.204,0.125
MTR0001,2024-01-12 05:30:00,220.54,222.22,220.56,3.18,2.72,2.07,0.227,0.113
MTR0001,2024-01-12 05:45:00,220.58,223.21,222.63,3.1,2.54,2.25,0.26,0.094
MTR0001,2024-01-12 06:00:00,219.77,221.46,222.12,6.54,4.92,4.28,0.476,0.215
MTR0001,2024-01-12 06:15:00,222.37,221.78,219.14,6.34,5.23,4.53,0.418,0.259
MTR0001,2024-01-12 06:30:00,220.56,223.39,220.78,6.34,5.23,4.35,0.464,0.182
MTR0001,2024-01-12 06:45:00,222.56,219.6,222.71,6.42,5.41,4.37,0.467,0.227
MTR0001,2024-01-12 07:00:00,223.57,223.09,221.32,6.9,5.54,4.82,0.475,0.245
MTR0001,2024-01-12 07:15:00,220.64,222.36,221.19,6.83,5.54,4.7,0.542,0.211
MTR0001,2024-01-12 07:30:00,220.5,220.99,223.04,7.09,5.75,5.02,0.49,0.272
MTR0001,2024-01-12 07:45:00,221.33,223.18,220.8,6.72,5.66,4.78,0.473,0.218
MTR0001,2024-01-12 08:00:00,222.03,220.9,220.3,7.4,5.79,4.97,0.48,0.299
MTR0001,2024-01-12 08:15:00,220.72,220.39,222.38,7.34,5.87,5.2,0.533,0.262
MTR0001,2024-01-12 08:30:00,221.63,221.26,220.85,7.55,5.76,5.12,0.541,0.279
MTR0001,2024-01-12 08:45:00,219.52,221.95,221.96,7.41,5.99,5.05,0.554,0.291
MTR0001,2024-01-12 09:00:00,220.24,220.76,220.77,7.22,6.36,5.16,0.539,0.244
MTR0001,2024-01-12 09:15:00,220.24,220.03,222.68,7.96,6.2,5.11,0.568,0.256
MTR0001,2024-01-12 09:30:00,217.71,222.8,222.81,7.59,6.49,5.46,0.525,0.337
MTR0001,2024-01-12 09:45:00,220.33,220.77,221.69,7.78,6.19,5.26,0.582,0.246
MTR0001,2024-01-12 10:00:00,216.6,222.25,219.36,8.01,6.57,5.59,0.59,0.301
MTR0001,2024-01-12 10:15:00,220.05,220.37,219.75,8.11,6.49,5.54,0.596,0.246
MTR0001,2024-01-12 10:30:00,218.96,220.58,221.78,8.3,6.42,5.8,0.574,0.287
MTR0001,2024-01-12 10:45:00,219.98,221.27,223.75,7.93,6.24,5.47,0.505,0.324
MTR0001,2024-01-12 11:00:00,221.2,221.7,221.17,8.08,6.78,5.62,0.601,0.249
MTR0001,2024-01-12 11:15:00,220.56,221.27,221.54,8.14,6.81,5.73,0.605,0.289
MTR0001,2024-01-12 11:30:00,221.71,218.84,223.46,8.15,6.7,5.67,0.611,0.245
MTR0001,2024-01-12 11:45:00,220.19,221.43,223.43,7.89,6.56,5.81,0.589,0.304
MTR0001,2024-01-12 12:00:00,219.26,223.98,221.93,8.19,6.7,5.46,0.588,0.314
MTR0001,2024-01-12 12:15:00,220.1,221.25,221.45,8.16,6.78,5.66,0.599,0.289
MTR0001,2024-01-12 12:30:00,224.6,221.26,221.15,8.07,6.78,5.76,0.6,0.31
MTR0001,2024-01-12 12:45:00,220.86,218.93,222.66,8.41,6.59,5.87,0.565,0.318
MTR0001,2024-01-12 13:00:00,218.87,221.1,222.18,8.12,6.75,5.46,0.576,0.322
MTR0001,2024-01-12 13:15:00,221.48,219.76,221.32,8.18,6.93,5.62,0.546,0.337
MTR0001,2024-01-12 13:30:00,222.7,219.73,223.54,8.1,6.77,5.55,0.572,0.332
MTR0001,2024-01-12 13:45:00,220.15,222.54,222.14,7.83,6.8,5.54,0.596,0.236
MTR0001,2024-01-12 14:00:00,219.78,223.33,220.77,7.96,6.39,5.54,0.566,0.224
MTR0001,2024-01-12 14:15:00,218.34,219.64,222.22,7.9,6.59,5.77,0.619,0.21
MTR0001,2024-01-12 14:30:00,214.92,222.03,219.36,7.9,6.51,5.73,0.619,0.201
MTR0001,2024-01-12 14:45:00,221.06,222.3,221.7,7.96,6.73,5.24,0.521,0.32
MTR0001,2024-01-12 15:00:00,221.09,224.11,219.15,7.55,6.43,5.34,0.566,0.305
MTR0001,2024-01-12 15:15:00,221.05,221.53,219.78,7.6,6.6,5.23,0.624,0.217
MTR0001,2024-01-12 15:30:00,222.03,219.63,221.74,7.78,5.99,5.25,0.541,0.299
MTR0001,2024-01-12 15:45:00,221.93,221.91,220.83,7.59,6.3,5.25,0.56,0.197
MTR0001,2024-01-12 16:00:00,221.24,222.19,220.29,7.18,5.95,4.78,0.494,0.255
MTR0001,2024-01-12 16:15:00,219.72,223.07,220.34,7.14,6.0,4.85,0.543,0.243
MTR0001,2024-01-12 16:30:00,219.3,219.77,219.84,7.45,5.9,4.83,0.497,0.279
MTR0001,2024-01-12 16:45:00,220.92,221.38,220.78,7.05,6.07,5.1,0.489,0.284
MTR0001,2024-01-12 17:00:00,221.63,224.68,222.41,6.86,5.68,4.54,0.48,0.257
MTR0001,2024-01-12 17:15:00,222.99,221.72,219.73,6.42,5.6,4.74,0.465,0.23
MTR0001,2024-01-12 17:30:00,220.87,221.24,219.7,6.86,5.69,4.53,0.448,0.279
MTR0001,2024-01-12 17:45:00,223.51,222.94,220.06,6.92,5.7,4.68,0.475,0.27
MTR0001,2024-01-12 18:00:00,223.22,223.02,222.9,6.36,5.03,4.35,0.467,0.25
MTR0001,2024-01-12 18:15:00,223.74,222.1,222.79,6.35,5.41,4.42,0.469,0.254
MTR0001,2024-01-12 18:30:00,222.77,220.79,221.22,6.31,5.05,4.39,0.476,0.162
MTR0001,2024-01-12 18:45:00,221.16,220.15,221.1,6.29,4.86,4.48,0.442,0.257
MTR0001,2024-01-12 19:00:00,219.74,220.33,222.49,5.7,4.81,4.04,0.41,0.168
MTR0001,2024-01-12 19:15:00,219.66,221.4,224.12,5.5,4.54,4.09,0.359,0.196
MTR0001,2024-01-12 19:30:00,220.5,223.55,222.8,5.84,4.66,3.88,0.421,0.157
MTR0001,2024-01-12 19:45:00,222.87,222.74,220.55,5.66,4.69,3.83,0.46,0.156
MTR0001,2024-01-12 20:00:00,220.07,221.58,221.6,5.25,4.28,3.81,0.385,0.171
MTR0001,2024-01-12 20:15:00,219.93,223.83,223.17,5.47,4.24,3.66,0.384,0.212
MTR0001,2024-01-12 20:30:00,219.01,221.01,220.94,5.09,4.27,3.59,0.381,0.157
MTR0001,2024-01-12 20:45:00,219.8,222.86,223.96,5.51,4.32,4.0,0.402,0.21
MTR0001,2024-01-12 21:00:00,219.78,221.14,220.6,4.98,4.28,3.32,0.368,0.195
MTR0001,2024-01-12 21:15:00,222.04,220.23,220.59,5.18,4.11,3.21,0.354,0.136
MTR0001,2024-01-12 21:30:00,219.73,224.29,223.82,5.05,4.3,3.44,0.358,0.161
MTR0001,2024-01-12 21:45:00,220.75,219.9,222.8,4.84,3.99,3.5,0.379,0.134
MTR0001,2024-01-12 22:00:00,217.83,220.86,221.04,4.62,3.94,3.53,0.348,0.199
MTR0001,2024-01-12 22:15:00,220.94,220.59,221.91,4.75,3.89,3.41,0.325,0.177
MTR0001,2024-01-12 22:30:00,219.14,222.25,221.17,4.41,3.92,3.01,0.357,0.127
MTR0001,2024-01-12 22:45:00,220.22,225.57,220.98,4.63,3.74,3.31,0.352,0.175
MTR0001,2024-01-12 23:00:00,222.18,221.13,220.51,4.31,3.75,2.94,0.341,0.162
MTR0001,2024-01-12 23:15:00,224.03,222.76,221.24,4.53,3.9,2.96,0.325,0.145
MTR0001,2024-01-12 23:30:00,217.11,220.13,221.33,4.71,3.79,3.14,0.324,0.178
MTR0001,2024-01-12 23:45:00,220.75,222.1,219.44,4.33,3.77,3.01,0.346,0.115
MTR0001,2024-01-13 00:00:00,220.68,223.57,220.46,3.43,2.5,2.19,0.228,0.105
MTR0001,2024-01-13 00:15:00,220.48,218.56,219.12,3.26,2.35,2.29,0.224,0.116
MTR0001,2024-01-13 00:30:00,221.05,219.88,221.99,2.99,2.47,2.14,0.206,0.107
MTR0001,2024-01-13 00:45:00,218.26,220.55,222.44,3.19,2.41,2.12,0.22,0.124
MTR0001,2024-01-13 01:00:00,219.05,221.37,218.9,3.09,2.61,2.05,0.234,0.119
MTR0001,2024-01-13 01:15:00,217.71,222.11,222.4,3.06,2.51,2.52,0.23,0.126
MTR0001,2024-01-13 01:30:00,217.08,222.35,223.78,3.17,2.45,2.1,0.249,0.108
MTR0001,2024-01-13 01:45:00,220.36,222.92,224.5,2.99,2.68,2.48,0.243,0.132
MTR0001,2024-01-13 02:00:00,219.86,225.97,219.58,2.99,2.64,2.5,0.224,0.131
MTR0001,2024-01-13 02:15:00,220.78,220.13,223.68,3.43,2.68,2.27,0.262,0.092
MTR0001,2024-01-13 02:30:00,220.8,223.39,223.77,2.92,2.6,2.08,0.222,0.078
MTR0001,2024-01-13 02:45:00,220.64,222.61,220.24,2.85,2.94,2.23,0.264,0.093
MTR0001,2024-01-13 03:00:00,217.71,222.25,223.41,3.29,2.5,2.19,0.201,0.122
MTR0001,2024-01-13 03:15:00,219.57,222.94,221.93,2.86,2.65,2.14,0.233,0.125
MTR0001,2024-01-13 03:30:00,218.54,222.86,224.03,3.05,2.53,2.26,0.206,0.122
MTR0001,2024-01-13 03:45:00,221.94,223.72,221.53,2.91,2.55,2.2,0.221,0.124
MTR0001,2024-01-13 04:00:00,220.87,219.57,222.53,3.11,2.53,2.18,0.219,0.085
MTR0001,2024-01-13 04:15:00,220.41,220.29,221.74,3.2,2.55,2.32,0.217,0.136
MTR0001,2024-01-13 04:30:00,220.25,221.01,224.45,3.29,2.49,2.27,0.264,0.086
MTR0001,2024-01-13 04:45:00,217.29,223.24,221.59,3.2,2.68,2.47,0.215,0.136
MTR0001,2024-01-13 05:00:00,219.3,219.51,220.18,3.12,2.62,2.14,0.267,0.103
MTR0001,2024-01-13 05:15:00,220.39,223.45,222.15,3.17,2.56,2.36,0.242,0.099
MTR0001,2024-01-13 05:30:00,220.82,222.18,221.27,3.26,2.61,2.1,0.241,0.119
MTR0001,2024-01-13 05:45:00,219.46,220.67,221.41,3.18,2.84,2.4,0.248,0.117
MTR0001,2024-01-13 06:00:00,222.36,221.19,221.77,6.1,5.22,4.43,0.49,0.185
MTR0001,2024-01-13 06:15:00,220.74,221.71,221.41,6.11,5.05,4.47,0.428,0.262
MTR0001,2024-01-13 06:30:00,219.57,224.04,220.71,6.13,5.13,4.06,0.407,0.238
MTR0001,2024-01-13 06:45:00,221.91,223.03,219.53,6.54,5.12,4.27,0.457,0.215
MTR0001,2024-01-13 07:00:00,221.84,225.46,222.25,6.49,5.55,4.72,0.444,0.279
MTR0001,2024-01-13 07:15:00,223.44,222.44,222.41,6.63,5.67,4.52,0.466,0.244
MTR0001,2024-01-13 07:30:00,221.3,220.75,221.72,6.88,5.75,4.82,0.463,0.265
MTR0001,2024-01-13 07:45:00,220.98,219.9,223.1,7.13,5.56,4.6,0.448,0.284
MTR0001,2024-01-13 08:00:00,223.52,222.47,217.76,7.43,6.14,4.96,0.534,0.294
MTR0001,2024-01-13 08:15:00,218.26,220.59,220.15,7.24,5.98,4.81,0.526,0.208
MTR0001,2024-01-13 08:30:00,220.98,220.47,223.23,7.27,5.98,5.04,0.576,0.275
MTR0001,2024-01-13 08:45:00,220.83,223.57,221.83,7.35,5.95,5.04,0.531,0.21
MTR0001,2024-01-13 09:00:00,220.74,220.85,223.16,7.45,6.24,5.44,0.543,0.28
MTR0001,2024-01-13 09:15:00,220.08,219.43,220.62,7.69,6.49,5.25,0.536,0.323
MTR0001,2024-01-13 09:30:00,221.96,220.02,220.99,7.6,6.37,5.17,0.54,0.242
MTR0001,2024-01-13 09:45:00,221.24,219.79,224.14,7.62,6.01,5.18,0.516,0.282
MTR0001,2024-01-13 10:00:00,220.4,220.54,220.27,8.11,6.73,5.64,0.588,0.274
MTR0001,2024-01-13 10:15:00,219.35,220.83,223.85,8.05,6.61,5.2,0.605,0.249
MTR0001,2024-01-13 10:30:00,218.79,222.52,222.35,7.95,6.51,5.64,0.568,0.298
MTR0001,2024-01-13 10:45:00,220.99,220.11,220.21,8.13,6.56,5.36,0.581,0.314
MTR0001,2024-01-13 11:00:00,223.11,223.6,222.67,8.14,6.71,5.74,0.557,0.313
MTR0001,2024-01-13 11:15:00,220.8,225.02,221.41,8.11,6.86,5.62,0.577,0.285
MTR0001,2024-01-13 11:30:00,218.46,224.78,220.88,8.15,6.42,5.61,0.571,0.293
MTR0001,2024-01-13 11:45:00,220.44,223.19,222.45,8.19,6.57,5.39,0.594,0.294
MTR0001,2024-01-13 12:00:00,218.07,224.4,219.41,8.22,6.77,5.25,0.618,0.218
MTR0001,2024-01-13 12:15:00,219.24,220.3,219.2,8.0,6.54,5.51,0.585,0.259
MTR0001,2024-01-13 12:30:00,220.65,223.65,220.84,8.28,6.77,5.65,0.611,0.295
MTR0001,2024-01-13 12:45:00,220.92,222.03,221.2,8.21,6.83,5.56,0.551,0.294
MTR0001,2024-01-13 13:00:00,218.99,222.22,219.83,8.19,6.68,5.55,0.571,0.31
MTR0001,2024-01-13 13:15:00,219.87,221.56,219.68,8.34,6.45,5.59,0.59,0.304
MTR0001,2024-01-13 13:30:00,221.4,221.04,221.08,8.07,6.69,5.75,0.573,0.334
MTR0001,2024-01-13 13:45:00,221.95,222.19,220.63,8.29,6.6,5.75,0.587,0.301
MTR0001,2024-01-13 14:00:00,221.49,221.44,223.2,7.84,6.52,5.66,0.576,0.296
MTR0001,2024-01-13 14:15:00,219.62,222.71,221.12,8.07,6.73,5.53,0.573,0.328
MTR0001,2024-01-13 14:30:00,222.6,221.17,223.45,7.83,6.69,5.76,0.579,0.283
MTR0001,2024-01-13 14:45:00,219.03,221.3,219.28,8.02,6.5,5.18,0.539,0.324
MTR0001,2024-01-13 15:00:00,222.4,221.29,220.32,7.67,6.6,5.34,0.57,0.304
MTR0001,2024-01-13 15:15:00,220.02,220.49,224.14,7.57,6.4,5.26,0.557,0.31
MTR0001,2024-01-13 15:30:00,221.81,219.83,223.61,7.67,6.45,5.03,0.519,0.28
MTR0001,2024-01-13 15:45:00,220.61,221.93,220.59,7.4,6.22,5.23,0.585,0.213
MTR0001,2024-01-13 16:00:00,220.01,222.81,220.25,7.26,5.95,5.13,0.513,0.258
MTR0001,2024-01-13 16:15:00,219.77,219.55,222.23,7.31,5.93,4.73,0.55,0.194
MTR0001,2024-01-13 16:30:00,222.87,224.82,222.28,6.93,5.9,5.11,0.513,0.21
MTR0001,2024-01-13 16:45:00,220.35,221.89,220.39,7.25,6.16,4.76,0.496,0.236
MTR0001,2024-01-13 17:00:00,220.43,219.32,221.57,6.9,5.83,4.73,0.5,0.262
MTR0001,2024-01-13 17:15:00,219.44,222.28,221.04,6.73,5.49,4.85,0.455,0.277
MTR0001,2024-01-13 17:30:00,217.36,219.94,219.14,6.84,5.53,4.62,0.474,0.237
MTR0001,2024-01-13 17:45:00,220.27,220.06,219.89,6.9,5.83,4.39,0.494,0.185
MTR0001,2024-01-13 18:00:00,223.32,221.49,221.23,6.16,4.92,4.34,0.441,0.187
MTR0001,2024-01-13 18:15:00,220.68,217.7,223.38,6.49,5.27,4.45,0.493,0.235
MTR0001,2024-01-13 18:30:00,216.27,223.97,222.69,6.6,5.39,4.6,0.494,0.216
MTR0001,2024-01-13 18:45:00,220.01,224.45,224.59,6.5,5.19,4.4,0.446,0.241
MTR0001,2024-01-13 19:00:00,223.17,222.97,223.09,5.8,4.53,3.95,0.429,0.158
MTR0001,2024-01-13 19:15:00,217.72,223.02,221.32,5.96,4.85,4.0,0.442,0.173
MTR0001,2024-01-13 19:30:00,219.95,222.37,221.94,5.82,4.94,3.92,0.43,0.2
MTR0001,2024-01-13 19:45:00,219.34,220.49,223.0,5.94,4.28,4.01,0.359,0.233
MTR0001,2024-01-13 20:00:00,219.13,221.18,220.94,5.4,4.34,3.62,0.371,0.185
MTR0001,2024-01-13 20:15:00,220.69,220.33,220.29,5.46,4.34,3.78,0.351,0.207
MTR0001,2024-01-13 20:30:00,219.56,222.49,220.93,5.32,4.61,3.9,0.403,0.23
MTR0001,2024-01-13 20:45:00,219.39,220.34,220.46,5.27,4.15,3.82,0.389,0.146
MTR0001,2024-01-13 21:00:00,220.78,221.11,221.42,5.18,4.12,3.32,0.379,0.146
MTR0001,2024-01-13 21:15:00,221.65,222.6,221.9,5.0,4.08,3.53,0.38,0.175
MTR0001,2024-01-13 21:30:00,218.79,220.27,220.22,4.85,4.02,3.47,0.341,0.154
MTR0001,2024-01-13 21:45:00,221.86,219.57,222.22,5.01,4.22,3.46,0.377,0.151
MTR0001,2024-01-13 22:00:00,220.3,222.0,219.23,4.56,3.75,3.17,0.347,0.128
MTR0001,2024-01-13 22:15:00,219.52,220.29,224.75,4.64,3.84,3.22,0.326,0.183
MTR0001,2024-01-13 22:30:00,218.65,222.43,220.3,4.66,3.84,3.15,0.338,0.165
MTR0001,2024-01-13 22:45:00,221.39,221.76,221.29,4.85,3.76,3.28,0.327,0.162
MTR0001,2024-01-13 23:00:00,219.23,221.29,220.89,4.75,3.52,3.11,0.318,0.183
MTR0001,2024-01-13 23:15:00,220.38,220.81,221.6,4.63,3.44,2.98,0.324,0.166
MTR0001,2024-01-13 23:30:00,222.18,223.42,220.53,4.59,3.58,3.43,0.366,0.131
MTR0001,2024-01-13 23:45:00,220.44,223.01,221.54,4.36,3.89,2.92,0.278,0.11
MTR0001,2024-01-14 00:00:00,219.68,222.04,221.93,3.12,2.7,2.03,0.222,0.098
MTR0001,2024-01-14 00:15:00,220.94,222.72,222.7,3.39,2.55,2.1,0.262,0.096
MTR0001,2024-01-14 00:30:00,217.29,222.05,220.89,3.23,2.74,2.21,0.249,0.118
MTR0001,2024-01-14 00:45:00,221.23,221.84,219.6,3.12,2.63,2.01,0.221,0.129
MTR0001,2024-01-14 01:00:00,221.99,221.17,219.73,3.21,2.77,2.29,0.226,0.117
MTR0001,2024-01-14 01:15:00,219.8,220.49,223.16,2.78,2.53,2.21,0.187,0.116
MTR0001,2024-01-14 01:30:00,221.63,219.16,222.64,3.29,2.62,2.42,0.262,0.132
MTR0001,2024-01-14 01:45:00,221.05,221.94,222.12,2.96,2.57,2.15,0.212,0.083
MTR0001,2024-01-14 02:00:00,220.63,222.25,221.75,3.04,2.52,2.01,0.243,0.084
MTR0001,2024-01-14 02:15:00,217.01,221.52,221.24,3.17,2.64,2.08,0.254,0.101
MTR0001,2024-01-14 02:30:00,221.38,221.6,222.74,3.04,2.47,2.08,0.236,0.078
MTR0001,2024-01-14 02:45:00,219.49,219.64,222.13,2.94,2.8,1.99,0.235,0.127
MTR0001,2024-01-14 03:00:00,220.35,222.28,223.71,3.21,2.5,1.94,0.229,0.1
MTR0001,2024-01-14 03:15:00,219.91,221.26,223.84,2.99,2.39,2.25,0.255,0.087
MTR0001,2024-01-14 03:30:00,221.13,221.54,217.08,3.39,2.67,2.23,0.27,0.082
MTR0001,2024-01-14 03:45:00,221.14,219.43,220.74,2.99,2.78,2.44,0.239,0.123
MTR0001,2024-01-14 04:00:00,221.58,220.79,221.21,2.95,2.47,2.32,0.222,0.13
MTR0001,2024-01-14 04:15:00,218.77,218.83,222.23,3.41,2.65,2.27,0.224,0.096
MTR0001,2024-01-14 04:30:00,219.75,223.06,219.14,3.21,2.65,2.35,0.192,0.131
MTR0001,2024-01-14 04:45:00,219.1,219.58,221.59,3.12,2.82,1.99,0.247,0.121
MTR0001,2024-01-14 05:00:00,219.76,222.11,219.58,3.29,2.59,2.12,0.264,0.113
MTR0001,2024-01-14 05:15:00,219.14,219.89,221.75,3.09,2.31,2.31,0.187,0.108
MTR0001,2024-01-14 05:30:00,224.2,221.88,219.59,3.29,2.58,2.16,0.231,0.11
MTR0001,2024-01-14 05:45:00,221.58,220.6,223.03,3.2,2.64,2.1,0.15,0.129
MTR0001,2024-01-14 06:00:00,221.95,221.01,220.8,6.14,5.35,4.44,0.473,0.173
MTR0001,2024-01-14 06:15:00,219.67,221.83,220.89,6.26,5.31,4.3,0.41,0.245
MTR0001,2024-01-14 06:30:00,221.53,221.54,222.86,6.08,5.1,4.34,0.463,0.223
MTR0001,2024-01-14 06:45:00,218.97,225.35,221.91,6.36,5.27,4.43,0.493,0.208
MTR0001,2024-01-14 07:00:00,221.76,221.03,220.12,6.75,5.59,4.45,0.492,0.211
MTR0001,2024-01-14 07:15:00,224.7,224.85,223.43,7.22,5.46,4.8,0.53,0.195
MTR0001,2024-01-14 07:30:00,218.83,221.66,221.75,6.81,5.57,4.87,0.5,0.215
MTR0001,2024-01-14 07:45:00,220.7,223.34,222.14,6.85,5.57,4.77,0.546,0.179
MTR0001,2024-01-14 08:00:00,222.73,221.44,220.21,7.35,5.93,5.11,0.505,0.255
MTR0001,2024-01-14 08:15:00,219.1,220.81,220.66,7.17,6.2,5.01,0.535,0.25
MTR0001,2024-01-14 08:30:00,222.44,223.45,224.31,7.17,5.87,5.13,0.557,0.223
MTR0001,2024-01-14 08:45:00,220.8,221.32,220.29,7.32,5.88,5.05,0.548,0.287
MTR0001,2024-01-14 09:00:00,220.34,221.08,220.53,7.53,6.22,5.08,0.578,0.24
MTR0001,2024-01-14 09:15:00,219.82,222.18,221.58,7.61,6.34,5.29,0.541,0.206
MTR0001,2024-01-14 09:30:00,219.59,220.9,221.05,7.57,6.34,5.29,0.503,0.279
MTR0001,2024-01-14 09:45:00,220.32,221.17,219.57,7.59,6.17,5.23,0.524,0.262
MTR0001,2024-01-14 10:00:00,220.57,220.3,222.86,8.0,6.54,5.37,0.612,0.202
MTR0001,2024-01-14 10:15:00,222.3,222.79,222.71,7.94,6.6,5.54,0.595,0.26
MTR0001,2024-01-14 10:30:00,219.6,220.91,222.02,7.99,6.63,5.66,0.574,0.31
MTR0001,2024-01-14 10:45:00,221.98,221.67,220.46,7.92,6.57,5.71,0.553,0.335
MTR0001,2024-01-14 11:00:00,220.39,223.62,223.58,8.16,6.51,5.7,0.624,0.273
MTR0001,2024-01-14 11:15:00,221.31,221.73,224.49,8.19,6.67,5.5,0.589,0.246
MTR0001,2024-01-14 11:30:00,220.46,222.57,220.82,8.38,6.51,5.81,0.561,0.31
MTR0001,2024-01-14 11:45:00,220.1,223.14,222.82,8.09,7.17,5.59,0.641,0.217
MTR0001,2024-01-14 12:00:00,218.66,219.47,221.2,8.17,6.89,5.78,0.611,0.216
MTR0001,2024-01-14 12:15:00,218.88,219.97,221.77,8.32,6.81,5.63,0.637,0.195
MTR0001,2024-01-14 12:30:00,219.55,220.56,221.68,8.07,6.75,5.64,0.549,0.335
MTR0001,2024-01-14 12:45:00,220.12,222.39,222.73,8.13,6.64,5.77,0.548,0.346
MTR0001,2024-01-14 13:00:00,220.33,223.9,220.54,7.82,6.77,5.66,0.543,0.336
MTR0001,2024-01-14 13:15:00,222.32,221.48,222.39,8.1,6.8,5.65,0.605,0.247
MTR0001,2024-01-14 13:30:00,219.07,221.04,216.52,8.04,6.69,5.71,0.599,0.232
MTR0001,2024-01-14 13:45:00,219.14,219.08,223.12,8.06,6.91,5.22,0.609,0.2
MTR0001,2024-01-14 14:00:00,219.98,222.24,219.42,8.03,6.49,5.62,0.541,0.303
MTR0001,2024-01-14 14:15:00,219.85,219.14,222.05,7.61,6.75,5.79,0.572,0.256
MTR0001,2024-01-14 14:30:00,221.68,222.26,220.63,7.71,7.04,5.47,0.591,0.256
MTR0001,2024-01-14 14:45:00,220.52,223.5,221.89,7.99,6.36,5.44,0.622,0.21
MTR0001,2024-01-14 15:00:00,218.88,219.76,221.52,7.69,6.25,5.21,0.545,0.264
MTR0001,2024-01-14 15:15:00,222.92,220.98,222.03,7.45,6.34,5.22,0.583,0.198
MTR0001,2024-01-14 15:30:00,222.69,221.51,220.79,7.54,6.27,5.22,0.572,0.231
MTR0001,2024-01-14 15:45:00,221.17,225.04,220.29,7.87,6.37,5.42,0.6,0.248
MTR0001,2024-01-14 16:00:00,219.8,219.51,221.44,7.47,5.93,5.13,0.521,0.277
MTR0001,2024-01-14 16:15:00,217.68,221.9,222.84,7.05,5.88,5.1,0.504,0.228
MTR0001,2024-01-14 16:30:00,219.85,219.24,222.96,7.45,6.21,5.04,0.577,0.228
MTR0001,2024-01-14 16:45:00,221.98,221.09,223.24,7.31,5.76,5.05,0.554,0.243
MTR0001,2024-01-14 17:00:00,222.68,221.46,223.26,6.96,5.67,4.77,0.471,0.263
MTR0001,2024-01-14 17:15:00,219.06,221.79,224.53,6.9,5.6,4.33,0.509,0.186
MTR0001,2024-01-14 17:30:00,221.65,220.59,222.99,6.75,5.54,4.7,0.505,0.21
MTR0001,2024-01-14 17:45:00,220.09,220.08,223.14,6.72,5.68,4.62,0.485,0.214
MTR0001,2024-01-14 18:00:00,220.34,220.15,222.35,6.13,5.55,4.55,0.549,0.177
MTR0001,2024-01-14 18:15:00,218.2,221.28,221.31,6.21,5.21,4.26,0.417,0.237
MTR0001,2024-01-14 18:30:00,219.98,219.98,220.29,6.33,5.01,4.25,0.471,0.172
MTR0001,2024-01-14 18:45:00,221.95,221.65,222.19,6.59,5.32,4.32,0.467,0.223
MTR0001,2024-01-14 19:00:00,220.55,220.14,224.77,5.54,4.69,3.93,0.361,0.202
MTR0001,2024-01-14 19:15:00,220.94,223.93,223.75,5.92,4.81,3.96,0.442,0.162
MTR0001,2024-01-14 19:30:00,220.49,222.51,222.05,5.81,5.02,3.58,0.413,0.17
MTR0001,2024-01-14 19:45:00,220.78,221.05,219.32,6.13,4.91,4.15,0.394,0.203
MTR0001,2024-01-14 20:00:00,223.0,223.24,222.28,5.29,4.29,3.62,0.343,0.195
MTR0001,2024-01-14 20:15:00,221.56,223.06,221.99,4.79,4.5,3.49,0.325,0.179
MTR0001,2024-01-14 20:30:00,220.83,221.05,219.84,5.21,4.27,3.66,0.397,0.189
MTR0001,2024-01-14 20:45:00,220.47,223.67,223.56,5.37,4.68,3.61,0.422,0.195
MTR0001,2024-01-14 21:00:00,220.05,220.08,220.56,4.78,4.16,3.22,0.348,0.148
MTR0001,2024-01-14 21:15:00,220.84,221.8,223.21,4.91,4.23,3.56,0.377,0.201
MTR0001,2024-01-14 21:30:00,223.8,221.67,223.21,5.01,4.18,3.18,0.365,0.206
MTR0001,2024-01-14 21:45:00,220.95,221.2,220.01,4.93,3.9,3.38,0.376,0.173
MTR0001,2024-01-14 22:00:00,221.59,223.63,220.75,4.74,3.69,3.59,0.341,0.179
MTR0001,2024-01-14 22:15:00,221.15,222.4,220.15,4.65,3.86,3.11,0.321,0.185
MTR0001,2024-01-14 22:30:00,220.64,221.43,222.81,4.75,3.91,2.77,0.31,0.19
MTR0001,2024-01-14 22:45:00,223.3,222.06,219.14,4.89,3.89,3.17,0.341,0.186
MTR0001,2024-01-14 23:00:00,221.42,221.96,221.6,4.6,3.43,3.11,0.315,0.117
MTR0001,2024-01-14 23:15:00,219.25,221.32,225.84,4.49,3.61,3.07,0.35,0.12
MTR0001,2024-01-14 23:30:00,222.75,220.6,219.35,4.46,3.64,2.97,0.27,0.167
MTR0001,2024-01-14 23:45:00,221.74,218.98,222.11,4.4,3.83,2.84,0.294,0.145
MTR0001,2024-01-15 00:00:00,223.16,221.63,223.48,3.07,2.32,2.07,0.184,0.109
MTR0001,2024-01-15 00:15:00,223.31,224.91,222.48,3.0,2.47,2.31,0.216,0.125
MTR0001,2024-01-15 00:30:00,221.77,222.66,222.83,3.21,2.62,2.28,0.256,0.124
MTR0001,2024-01-15 00:45:00,219.22,222.34,221.7,3.1,2.6,1.93,0.209,0.093
MTR0001,2024-01-15 01:00:00,219.97,220.67,222.15,2.91,2.38,2.18,0.226,0.122
MTR0001,2024-01-15 01:15:00,220.86,223.4,220.14,3.24,2.43,2.32,0.24,0.091
MTR0001,2024-01-15 01:30:00,222.35,219.64,218.08,3.12,2.67,2.2,0.221,0.136
MTR0001,2024-01-15 01:45:00,220.11,223.42,223.14,3.14,2.75,1.82,0.219,0.124
MTR0001,2024-01-15 02:00:00,221.73,224.06,221.24,2.98,2.59,1.85,0.222,0.083
MTR0001,2024-01-15 02:15:00,220.69,223.08,220.57,3.21,2.43,2.29,0.223,0.112
MTR0001,2024-01-15 02:30:00,221.25,220.66,221.63,3.1,2.55,2.19,0.224,0.083
MTR0001,2024-01-15 02:45:00,219.9,221.27,223.92,3.0,2.25,2.09,0.195,0.118
MTR0001,2024-01-15 03:00:00,220.3,222.02,218.93,3.31,2.69,1.99,0.259,0.105
MTR0001,2024-01-15 03:15:00,217.91,221.47,224.37,3.25,2.6,2.11,0.223,0.125
MTR0001,2024-01-15 03:30:00,220.6,220.52,219.84,3.19,2.72,2.31,0.256,0.094
MTR0001,2024-01-15 03:45:00,222.88,224.53,221.52,3.07,2.42,2.25,0.208,0.13
MTR0001,2024-01-15 04:00:00,220.2,222.96,220.94,3.19,2.72,2.09,0.269,0.096
MTR0001,2024-01-15 04:15:00,221.31,220.63,221.53,2.93,2.43,2.3,0.206,0.095
MTR0001,2024-01-15 04:30:00,222.71,217.77,220.9,2.7,2.48,2.11,0.205,0.114
MTR0001,2024-01-15 04:45:00,219.97,222.32,221.94,3.08,2.64,2.16,0.208,0.093
MTR0001,2024-01-15 05:00:00,219.56,221.67,221.62,3.38,2.66,1.77,0.225,0.122
MTR0001,2024-01-15 05:15:00,220.51,221.03,220.3,3.03,2.77,2.11,0.241,0.078
MTR0001,2024-01-15 05:30:00,221.34,224.96,219.51,3.11,2.22,2.13,0.212,0.09
MTR0001,2024-01-15 05:45:00,222.51,221.77,221.56,3.05,2.77,2.2,0.21,0.124
MTR0001,2024-01-15 06:00:00,220.19,220.18,222.18,6.12,5.19,4.49,0.389,0.253
MTR0001,2024-01-15 06:15:00,218.43,224.6,219.15,6.69,5.28,4.28,0.441,0.254
MTR0001,2024-01-15 06:30:00,220.83,220.82,222.43,6.19,5.3,4.39,0.481,0.186
MTR0001,2024-01-15 06:45:00,222.88,223.34,221.9,6.48,5.53,4.28,0.469,0.243
MTR0001,2024-01-15 07:00:00,220.61,221.48,223.46,6.68,5.56,4.35,0.447,0.248
MTR0001,2024-01-15 07:15:00,223.32,218.08,222.8,6.95,5.65,4.79,0.548,0.172
MTR0001,2024-01-15 07:30:00,222.41,223.27,223.12,6.69,5.58,4.73,0.468,0.223
MTR0001,2024-01-15 07:45:00,223.12,219.82,221.76,6.68,5.48,4.77,0.468,0.282
MTR0001,2024-01-15 08:00:00,221.54,223.82,222.56,7.37,6.02,4.79,0.52,0.236
MTR0001,2024-01-15 08:15:00,221.0,222.6,221.86,7.53,5.95,4.75,0.484,0.308
MTR0001,2024-01-15 08:30:00,221.99,222.38,223.35,6.94,6.07,4.82,0.532,0.3
MTR0001,2024-01-15 08:45:00,220.49,222.68,222.28,7.46,5.95,5.12,0.52,0.285
MTR0001,2024-01-15 09:00:00,221.5,219.85,221.29,7.94,6.32,5.24,0.597,0.224
MTR0001,2024-01-15 09:15:00,221.12,221.35,219.71,7.74,6.27,5.04,0.576,0.206
MTR0001,2024-01-15 09:30:00,222.15,220.69,221.3,7.75,6.48,5.21,0.581,0.274
MTR0001,2024-01-15 09:45:00,221.11,221.29,222.76,7.5,6.16,5.11,0.537,0.292
MTR0001,2024-01-15 10:00:00,220.27,222.65,223.11,8.06,6.5,5.33,0.545,0.275
MTR0001,2024-01-15 10:15:00,219.24,222.62,222.01,7.96,6.85,5.67,0.552,0.341
MTR0001,2024-01-15 10:30:00,221.15,221.68,223.84,8.04,6.45,5.48,0.596,0.23
MTR0001,2024-01-15 10:45:00,219.3,225.02,220.87,7.63,6.46,5.22,0.517,0.289
MTR0001,2024-01-15 11:00:00,220.8,222.05,221.34,7.92,6.78,5.91,0.562,0.334
MTR0001,2024-01-15 11:15:00,222.08,220.79,222.67,8.17,6.91,5.73,0.609,0.24
MTR0001,2024-01-15 11:30:00,219.53,221.63,222.0,8.38,6.51,5.7,0.618,0.275
MTR0001,2024-01-15 11:45:00,221.32,222.07,221.16,8.04,6.7,5.92,0.531,0.333
MTR0001,2024-01-15 12:00:00,222.63,220.95,220.94,8.18,6.77,5.69,0.588,0.308
MTR0001,2024-01-15 12:15:00,221.48,222.49,220.88,7.84,6.67,5.53,0.601,0.242
MTR0001,2024-01-15 12:30:00,219.51,221.49,221.27,8.11,7.11,5.55,0.565,0.354
MTR0001,2024-01-15 12:45:00,221.23,221.07,221.86,8.47,6.63,5.67,0.617,0.266
MTR0001,2024-01-15 13:00:00,222.19,219.65,225.05,8.25,6.45,5.52,0.572,0.341
MTR0001,2024-01-15 13:15:00,222.53,223.66,221.44,8.33,6.61,5.58,0.587,0.338
MTR0001,2024-01-15 13:30:00,218.54,221.82,220.59,8.22,6.57,5.51,0.564,0.277
MTR0001,2024-01-15 13:45:00,222.38,221.4,223.01,8.15,6.64,5.56,0.634,0.272
MTR0001,2024-01-15 14:00:00,221.78,222.75,221.29,8.03,6.59,5.28,0.53,0.321
MTR0001,2024-01-15 14:15:00,219.45,221.24,221.61,7.9,6.78,5.61,0.586,0.256
MTR0001,2024-01-15 14:30:00,219.63,222.57,221.84,7.93,6.75,5.55,0.579,0.308
MTR0001,2024-01-15 14:45:00,222.5,223.34,224.6,8.19,6.42,5.63,0.57,0.307
MTR0001,2024-01-15 15:00:00,223.54,222.23,223.25,7.6,6.4,5.41,0.58,0.269
MTR0001,2024-01-15 15:15:00,220.54,220.19,222.12,7.63,6.17,5.54,0.508,0.323
MTR0001,2024-01-15 15:30:00,221.56,222.61,217.97,7.44,6.26,5.37,0.522,0.297
MTR0001,2024-01-15 15:45:00,221.93,220.51,222.7,7.5,6.21,5.07,0.557,0.184
MTR0001,2024-01-15 16:00:00,219.83,221.1,217.95,7.22,6.12,5.1,0.53,0.247
MTR0001,2024-01-15 16:15:00,221.02,220.76,220.0,7.34,5.89,5.15,0.527,0.247
MTR0001,2024-01-15 16:30:00,221.91,222.6,221.94,7.22,6.06,4.87,0.521,0.248
MTR0001,2024-01-15 16:45:00,222.57,221.7,222.8,7.47,5.69,5.01,0.495,0.295
MTR0001,2024-01-15 17:00:00,220.31,219.49,220.68,6.77,5.79,5.03,0.466,0.294
MTR0001,2024-01-15 17:15:00,219.87,223.86,221.45,6.69,5.5,4.93,0.493,0.272
MTR0001,2024-01-15 17:30:00,220.5,222.63,218.09,6.8,5.73,4.57,0.443,0.247
MTR0001,2024-01-15 17:45:00,221.48,221.95,220.98,7.1,5.7,4.88,0.509,0.291
MTR0001,2024-01-15 18:00:00,219.37,219.29,219.67,6.43,5.15,4.27,0.464,0.208
MTR0001,2024-01-15 18:15:00,222.21,224.82,220.45,6.1,5.17,4.32,0.475,0.175
MTR0001,2024-01-15 18:30:00,221.24,220.63,220.56,6.08,5.07,4.65,0.417,0.238
MTR0001,2024-01-15 18:45:00,218.7,221.31,220.88,6.36,5.12,4.18,0.431,0.172
MTR0001,2024-01-15 19:00:00,218.49,224.88,220.05,5.79,4.83,3.98,0.429,0.159
MTR0001,2024-01-15 19:15:00,221.01,220.75,220.23,6.03,4.97,4.17,0.463,0.167
MTR0001,2024-01-15 19:30:00,220.47,220.99,222.3,5.54,4.76,4.0,0.413,0.167
MTR0001,2024-01-15 19:45:00,221.18,221.13,222.84,5.83,4.9,4.02,0.457,0.163
MTR0001,2024-01-15 20:00:00,219.17,219.45,221.66,5.27,4.56,3.82,0.349,0.216
MTR0001,2024-01-15 20:15:00,219.37,222.28,221.22,5.4,4.54,3.64,0.388,0.19
MTR0001,2024-01-15 20:30:00,218.51,222.43,220.33,5.37,4.37,3.83,0.383,0.202
MTR0001,2024-01-15 20:45:00,217.4,224.52,218.52,5.36,4.5,3.6,0.351,0.217
MTR0001,2024-01-15 21:00:00,221.93,221.63,221.5,4.88,4.14,3.6,0.387,0.189
MTR0001,2024-01-15 21:15:00,220.48,220.83,220.34,4.83,4.0,3.35,0.322,0.192
MTR0001,2024-01-15 21:30:00,220.46,221.85,221.03,5.14,4.17,3.2,0.379,0.146
MTR0001,2024-01-15 21:45:00,220.41,221.54,220.89,5.09,4.04,3.42,0.345,0.188
MTR0001,2024-01-15 22:00:00,219.15,220.95,222.3,4.61,3.6,3.16,0.321,0.148
MTR0001,2024-01-15 22:15:00,218.46,222.01,221.36,4.97,3.8,3.11,0.34,0.176
MTR0001,2024-01-15 22:30:00,220.66,224.02,220.45,4.67,4.06,3.27,0.366,0.155
MTR0001,2024-01-15 22:45:00,221.83,218.43,217.93,4.63,3.94,3.28,0.319,0.201
MTR0001,2024-01-15 23:00:00,221.98,222.26,223.38,4.46,3.64,3.04,0.335,0.155
MTR0001,2024-01-15 23:15:00,222.5,220.34,225.01,4.58,3.76,3.08,0.366,0.157
MTR0001,2024-01-15 23:30:00,221.4,221.96,220.77,4.47,3.59,3.09,0.312,0.153
MTR0001,2024-01-15 23:45:00,219.21,219.18,221.94,4.48,3.69,3.17,0.328,0.137
MTR0001,2024-01-16 00:00:00,220.84,223.68,223.05,3.28,2.68,2.13,0.241,0.114
MTR0001,2024-01-16 00:15:00,223.08,220.85,218.25,3.28,2.65,2.37,0.262,0.114
MTR0001,2024-01-16 00:30:00,223.06,222.17,221.74,3.39,2.8,2.28,0.24,0.103
MTR0001,2024-01-16 00:45:00,220.72,221.31,221.3,3.14,2.53,2.21,0.229,0.116
MTR0001,2024-01-16 01:00:00,220.63,221.8,221.03,3.12,2.36,2.23,0.221,0.126
MTR0001,2024-01-16 01:15:00,221.32,222.93,221.4,3.17,2.85,2.3,0.188,0.121
MTR0001,2024-01-16 01:30:00,222.56,221.46,220.89,3.17,2.55,2.18,0.228,0.084
MTR0001,2024-01-16 01:45:00,220.3,219.93,220.45,2.98,2.41,2.03,0.216,0.119
MTR0001,2024-01-16 02:00:00,219.87,219.6,226.43,3.27,2.56,2.31,0.277,0.086
MTR0001,2024-01-16 02:15:00,216.85,220.27,222.25,3.17,2.58,2.03,0.196,0.122
MTR0001,2024-01-16 02:30:00,221.83,223.09,222.72,3.1,2.61,2.24,0.246,0.099
MTR0001,2024-01-16 02:45:00,218.1,220.78,221.42,3.14,2.63,1.97,0.193,0.109
MTR0001,2024-01-16 03:00:00,222.59,221.18,221.96,3.15,2.9,2.06,0.241,0.137
MTR0001,2024-01-16 03:15:00,221.66,219.11,224.71,2.9,2.62,2.16,0.197,0.081
MTR0001,2024-01-16 03:30:00,221.43,220.36,222.38,3.11,2.77,2.38,0.276,0.113
MTR0001,2024-01-16 03:45:00,221.04,220.8,222.62,3.26,2.49,2.29,0.24,0.084
MTR0001,2024-01-16 04:00:00,219.17,223.5,217.33,3.14,2.77,1.98,0.223,0.128
MTR0001,2024-01-16 04:15:00,218.7,219.92,220.57,3.15,2.55,2.23,0.195,0.136
MTR0001,2024-01-16 04:30:00,221.47,224.22,224.02,3.1,2.98,2.18,0.238,0.119
MTR0001,2024-01-16 04:45:00,217.7,219.91,223.31,3.31,2.58,2.13,0.223,0.114
MTR0001,2024-01-16 05:00:00,220.22,221.93,223.64,3.1,2.63,2.29,0.258,0.131
MTR0001,2024-01-16 05:15:00,219.11,219.29,221.91,3.17,2.78,2.26,0.23,0.123
MTR0001,2024-01-16 05:30:00,221.49,219.95,222.91,3.05,2.58,2.39,0.214,0.128
MTR0001,2024-01-16 05:45:00,221.59,220.83,220.79,3.25,2.43,2.07,0.276,0.084
MTR0001,2024-01-16 06:00:00,223.52,219.84,219.14,6.13,5.38,4.62,0.445,0.24
MTR0001,2024-01-16 06:15:00,223.52,219.81,220.41,6.21,4.78,4.37,0.463,0.182
MTR0001,2024-01-16 06:30:00,220.51,222.04,221.99,6.32,5.27,4.19,0.471,0.195
MTR0001,2024-01-16 06:45:00,220.71,221.88,222.39,5.99,5.34,4.49,0.474,0.182
MTR0001,2024-01-16 07:00:00,219.26,221.86,221.7,6.76,5.66,4.7,0.431,0.287
MTR0001,2024-01-16 07:15:00,220.18,223.12,222.47,6.72,5.59,4.7,0.459,0.253
MTR0001,2024-01-16 07:30:00,219.82,221.45,223.72,6.87,5.36,4.43,0.449,0.271
MTR0001,2024-01-16 07:45:00,224.96,219.0,222.47,7.15,5.77,4.71,0.494,0.277
MTR0001,2024-01-16 08:00:00,219.55,219.97,219.8,7.31,5.9,4.63,0.509,0.254
MTR0001,2024-01-16 08:15:00,220.31,223.66,223.04,7.23,5.94,5.07,0.528,0.289
MTR0001,2024-01-16 08:30:00,222.5,219.61,222.95,7.35,5.68,5.21,0.582,0.192
MTR0001,2024-01-16 08:45:00,222.75,219.82,220.21,7.12,6.01,5.29,0.552,0.225
MTR0001,2024-01-16 09:00:00,223.98,219.76,223.04,7.49,6.21,5.4,0.565,0.296
MTR0001,2024-01-16 09:15:00,222.35,223.33,219.2,7.4,6.2,5.21,0.559,0.238
MTR0001,2024-01-16 09:30:00,220.52,222.85,221.16,7.67,6.48,5.4,0.541,0.304
MTR0001,2024-01-16 09:45:00,220.3,222.11,219.98,7.75,6.3,5.17,0.513,0.309
MTR0001,2024-01-16 10:00:00,222.02,218.75,220.26,7.72,6.48,5.56,0.523,0.314
MTR0001,2024-01-16 10:15:00,217.54,222.69,218.54,7.77,6.59,5.51,0.535,0.268
MTR0001,2024-01-16 10:30:00,220.58,220.27,220.28,7.88,6.65,5.44,0.575,0.309
MTR0001,2024-01-16 10:45:00,218.54,220.97,223.34,7.67,6.37,5.4,0.531,0.32
MTR0001,2024-01-16 11:00:00,220.53,225.12,221.7,8.28,6.83,5.62,0.624,0.26
MTR0001,2024-01-16 11:15:00,224.03,224.28,220.1,8.43,6.6,5.67,0.644,0.222
MTR0001,2024-01-16 11:30:00,219.46,220.87,224.11,7.98,6.51,5.85,0.624,0.266
MTR0001,2024-01-16 11:45:00,223.88,222.54,221.88,8.13,6.7,5.52,0.555,0.329
MTR0001,2024-01-16 12:00:00,220.57,222.23,222.29,8.52,6.83,5.84,0.592,0.361
MTR0001,2024-01-16 12:15:00,222.19,221.63,221.58,8.32,6.6,5.49,0.573,0.327
MTR0001,2024-01-16 12:30:00,221.85,222.29,221.51,8.09,6.82,5.95,0.603,0.273
MTR0001,2024-01-16 12:45:00,220.44,221.98,219.5,7.96,6.84,5.83,0.578,0.296
MTR0001,2024-01-16 13:00:00,221.48,219.89,223.35,8.22,6.94,5.52,0.651,0.267
MTR0001,2024-01-16 13:15:00,217.59,222.08,219.15,8.15,6.72,5.54,0.561,0.298
MTR0001,2024-01-16 13:30:00,222.71,222.09,222.81,8.1,7.11,5.53,0.608,0.3
MTR0001,2024-01-16 13:45:00,219.76,220.93,221.12,8.5,6.67,5.5,0.614,0.282
MTR0001,2024-01-16 14:00:00,218.8,223.01,221.46,8.12,6.62,5.49,0.591,0.21
MTR0001,2024-01-16 14:15:00,220.71,221.19,225.7,8.01,6.37,5.59,0.571,0.322
MTR0001,2024-01-16 14:30:00,219.44,223.56,218.95,8.05,6.36,5.78,0.583,0.264
MTR0001,2024-01-16 14:45:00,221.81,221.35,220.43,7.97,6.5,5.58,0.573,0.302
MTR0001,2024-01-16 15:00:00,219.92,226.16,220.05,7.81,6.22,5.36,0.602,0.237
MTR0001,2024-01-16 15:15:00,223.91,221.26,223.87,7.71,6.31,5.34,0.543,0.28
MTR0001,2024-01-16 15:30:00,222.08,221.58,220.2,7.52,6.23,5.02,0.557,0.276
MTR0001,2024-01-16 15:45:00,221.98,222.92,225.18,7.79,6.45,5.34,0.656,0.213
MTR0001,2024-01-16 16:00:00,221.01,223.49,222.87,7.25,6.0,4.79,0.545,0.205
MTR0001,2024-01-16 16:15:00,221.53,220.85,219.66,7.31,6.28,4.97,0.558,0.24
MTR0001,2024-01-16 16:30:00,222.37,226.74,221.67,7.05,5.89,5.11,0.542,0.247
MTR0001,2024-01-16 16:45:00,222.48,221.9,221.94,7.36,6.04,5.27,0.546,0.276
MTR0001,2024-01-16 17:00:00,218.2,220.43,219.75,6.49,5.6,4.58,0.439,0.237
MTR0001,2024-01-16 17:15:00,222.2,222.02,221.65,6.87,5.45,4.89,0.472,0.276
MTR0001,2024-01-16 17:30:00,223.58,222.17,222.22,6.87,5.7,4.69,0.515,0.212
MTR0001,2024-01-16 17:45:00,221.71,222.02,223.31,6.52,5.61,4.59,0.503,0.188
MTR0001,2024-01-16 18:00:00,220.34,221.24,220.26,6.3,5.14,4.37,0.477,0.262
MTR0001,2024-01-16 18:15:00,220.9,220.95,222.26,6.42,5.24,4.21,0.476,0.206
MTR0001,2024-01-16 18:30:00,222.96,223.21,222.35,6.46,5.04,4.13,0.473,0.172
MTR0001,2024-01-16 18:45:00,220.14,218.98,219.83,6.16,4.9,4.19,0.43,0.202
MTR0001,2024-01-16 19:00:00,221.77,219.94,222.52,5.85,5.15,4.08,0.385,0.245
MTR0001,2024-01-16 19:15:00,220.84,219.07,222.39,5.92,4.95,4.37,0.435,0.221
MTR0001,2024-01-16 19:30:00,219.56,220.47,222.23,6.17,4.95,4.21,0.43,0.251
MTR0001,2024-01-16 19:45:00,220.17,222.67,221.23,5.63,5.0,3.86,0.427,0.148
MTR0001,2024-01-16 20:00:00,221.0,222.14,221.48,5.27,4.13,3.62,0.404,0.14
MTR0001,2024-01-16 20:15:00,221.56,220.51,220.69,5.6,4.39,3.69,0.375,0.166
MTR0001,2024-01-16 20:30:00,220.54,219.73,220.26,5.22,4.43,3.87,0.394,0.164
MTR0001,2024-01-16 20:45:00,218.76,221.46,222.04,5.34,4.45,3.61,0.404,0.139
MTR0001,2024-01-16 21:00:00,220.16,220.87,223.57,5.05,4.22,3.62,0.391,0.158
MTR0001,2024-01-16 21:15:00,221.98,220.33,218.71,4.93,4.19,3.58,0.39,0.128
MTR0001,2024-01-16 21:30:00,221.34,221.26,221.92,4.85,4.01,3.61,0.368,0.134
MTR0001,2024-01-16 21:45:00,221.68,221.11,225.31,4.74,4.06,3.32,0.385,0.186
MTR0001,2024-01-16 22:00:00,219.68,222.23,222.35,4.81,3.83,3.37,0.357,0.137
MTR0001,2024-01-16 22:15:00,221.75,221.34,222.05,4.69,3.92,3.42,0.319,0.194
MTR0001,2024-01-16 22:30:00,222.34,222.96,220.0,4.5,3.79,3.22,0.359,0.134
MTR0001,2024-01-16 22:45:00,221.67,223.23,221.78,4.36,3.55,3.13,0.356,0.125
MTR0001,2024-01-16 23:00:00,220.89,222.11,226.28,4.68,3.8,2.96,0.351,0.198
MTR0001,2024-01-16 23:15:00,220.88,222.89,221.82,4.31,3.7,3.02,0.318,0.181
MTR0001,2024-01-16 23:30:00,220.21,221.9,222.55,4.31,3.73,3.29,0.32,0.159
MTR0001,2024-01-16 23:45:00,223.97,223.09,222.58,4.2,3.61,3.03,0.317,0.162
MTR0001,2024-01-17 00:00:00,223.97,220.66,223.66,3.2,2.5,2.3,0.235,0.111
MTR0001,2024-01-17 00:15:00,221.95,220.97,221.56,3.16,2.49,2.01,0.215,0.129
MTR0001,2024-01-17 00:30:00,218.66,223.53,221.68,3.12,2.66,2.22,0.246,0.102
MTR0001,2024-01-17 00:45:00,219.19,224.48,221.91,3.26,2.49,2.15,0.188,0.122
MTR0001,2024-01-17 01:00:00,221.02,219.33,222.18,3.08,3.0,2.09,0.208,0.122
MTR0001,2024-01-17 01:15:00,221.68,222.61,222.33,2.95,2.61,2.27,0.244,0.103
MTR0001,2024-01-17 01:30:00,223.36,223.41,222.16,3.29,2.47,2.3,0.23,0.114
MTR0001,2024-01-17 01:45:00,220.92,221.59,223.45,3.23,2.75,2.11,0.214,0.112
MTR0001,2024-01-17 02:00:00,223.96,222.75,222.69,3.18,2.52,2.29,0.219,0.124
MTR0001,2024-01-17 02:15:00,222.42,220.44,220.63,3.47,2.45,2.07,0.234,0.121
MTR0001,2024-01-17 02:30:00,219.89,218.47,221.06,2.99,2.61,2.04,0.215,0.131
MTR0001,2024-01-17 02:45:00,219.92,224.03,220.29,3.11,2.86,2.62,0.261,0.124
MTR0001,2024-01-17 03:00:00,219.89,222.24,220.44,3.18,2.46,2.41,0.228,0.135
MTR0001,2024-01-17 03:15:00,220.42,221.48,222.71,3.16,2.66,2.19,0.249,0.131
MTR0001,2024-01-17 03:30:00,219.46,221.68,224.23,3.35,2.74,2.3,0.226,0.104
MTR0001,2024-01-17 03:45:00,222.88,220.88,218.61,3.2,2.6,1.95,0.232,0.096
MTR0001,2024-01-17 04:00:00,218.03,220.37,223.66,3.2,2.69,2.29,0.27,0.095
MTR0001,2024-01-17 04:15:00,222.05,221.25,220.67,3.02,2.31,2.26,0.24,0.109
MTR0001,2024-01-17 04:30:00,217.46,222.16,220.69,2.93,2.85,2.2,0.207,0.122
MTR0001,2024-01-17 04:45:00,218.92,219.18,220.55,3.31,2.95,2.19,0.241,0.139
MTR0001,2024-01-17 05:00:00,222.81,221.25,222.21,3.1,2.91,2.35,0.259,0.099
MTR0001,2024-01-17 05:15:00,220.19,223.93,220.44,3.16,2.69,1.94,0.227,0.111
MTR0001,2024-01-17 05:30:00,223.47,221.71,225.21,3.15,2.57,2.31,0.23,0.116
MTR0001,2024-01-17 05:45:00,221.14,223.66,222.8,3.05,2.74,2.04,0.247,0.109
MTR0001,2024-01-17 06:00:00,219.8,222.81,224.45,6.2,5.47,4.28,0.473,0.207
MTR0001,2024-01-17 06:15:00,222.16,223.52,220.78,6.19,4.97,4.25,0.442,0.247
MTR0001,2024-01-17 06:30:00,218.59,222.13,219.73,6.39,5.11,4.2,0.402,0.267
MTR0001,2024-01-17 06:45:00,220.06,223.27,222.29,6.3,5.32,4.22,0.469,0.184
MTR0001,2024-01-17 07:00:00,222.61,220.6,220.82,7.14,5.5,4.81,0.507,0.218
MTR0001,2024-01-17 07:15:00,220.74,221.84,219.95,6.85,5.72,4.81,0.506,0.211
MTR0001,2024-01-17 07:30:00,220.69,220.11,220.4,6.6,5.53,4.61,0.458,0.278
MTR0001,2024-01-17 07:45:00,221.99,218.09,222.52,6.82,5.52,4.57,0.507,0.172
MTR0001,2024-01-17 08:00:00,220.17,221.74,221.44,7.12,6.23,4.79,0.519,0.263
MTR0001,2024-01-17 08:15:00,221.75,222.07,220.88,7.16,5.68,5.04,0.492,0.259
MTR0001,2024-01-17 08:30:00,221.25,218.63,221.29,7.33,5.96,4.92,0.512,0.284
MTR0001,2024-01-17 08:45:00,220.71,220.48,219.5,7.52,6.17,4.92,0.475,0.276
MTR0001,2024-01-17 09:00:00,222.03,221.16,220.27,7.7,6.44,5.32,0.563,0.234
MTR0001,2024-01-17 09:15:00,222.58,221.73,217.34,7.95,6.23,5.65,0.579,0.205
MTR0001,2024-01-17 09:30:00,223.18,223.03,224.42,7.64,6.35,5.24,0.522,0.312
MTR0001,2024-01-17 09:45:00,223.76,222.39,222.62,7.65,6.71,5.14,0.594,0.259
MTR0001,2024-01-17 10:00:00,221.14,219.62,222.25,7.98,6.55,5.65,0.574,0.249
MTR0001,2024-01-17 10:15:00,221.25,218.25,221.99,8.16,6.55,5.52,0.592,0.257
MTR0001,2024-01-17 10:30:00,221.02,223.31,220.13,7.91,6.77,5.39,0.59,0.209
MTR0001,2024-01-17 10:45:00,221.5,220.33,221.67,7.99,6.7,5.81,0.576,0.343
MTR0001,2024-01-17 11:00:00,221.88,222.04,222.5,8.23,6.57,5.65,0.588,0.3
MTR0001,2024-01-17 11:15:00,219.58,221.19,220.16,8.3,6.83,5.43,0.62,0.27
MTR0001,2024-01-17 11:30:00,222.08,220.61,220.63,8.06,6.81,5.77,0.558,0.332
MTR0001,2024-01-17 11:45:00,219.55,222.13,220.91,8.13,6.6,5.6,0.552,0.275
MTR0001,2024-01-17 12:00:00,220.6,220.95,220.49,8.39,6.63,5.88,0.606,0.301
MTR0001,2024-01-17 12:15:00,221.62,221.8,221.49,8.23,7.08,5.6,0.624,0.285
MTR0001,2024-01-17 12:30:00,220.77,224.12,224.72,8.1,6.46,5.35,0.545,0.33
MTR0001,2024-01-17 12:45:00,219.96,222.83,218.3,8.24,6.62,5.86,0.605,0.203
MTR0001,2024-01-17 13:00:00,222.61,221.97,222.42,7.99,6.26,5.54,0.602,0.198
MTR0001,2024-01-17 13:15:00,223.0,226.04,221.0,8.13,6.86,5.77,0.612,0.349
MTR0001,2024-01-17 13:30:00,219.94,221.98,219.36,8.25,6.94,5.63,0.614,0.254
MTR0001,2024-01-17 13:45:00,221.48,222.78,220.39,8.27,6.79,5.58,0.588,0.303
MTR0001,2024-01-17 14:00:00,221.19,221.1,222.82,7.99,6.5,5.53,0.56,0.302
MTR0001,2024-01-17 14:15:00,221.75,222.21,218.78,7.98,6.35,5.3,0.565,0.287
MTR0001,2024-01-17 14:30:00,220.35,222.53,222.12,7.88,6.58,5.51,0.556,0.313
MTR0001,2024-01-17 14:45:00,220.18,225.17,219.68,7.99,6.87,5.45,0.57,0.302
MTR0001,2024-01-17 15:00:00,218.93,220.02,220.99,7.63,6.44,5.35,0.534,0.285
MTR0001,2024-01-17 15:15:00,222.86,220.48,222.43,7.38,6.16,5.25,0.546,0.29
MTR0001,2024-01-17 15:30:00,222.48,222.35,223.13,7.38,6.22,5.15,0.503,0.322
MTR0001,2024-01-17 15:45:00,221.67,222.92,220.69,7.76,6.42,5.36,0.558,0.324
MTR0001,2024-01-17 16:00:00,220.99,220.43,221.03,7.24,5.86,4.87,0.467,0.294
MTR0001,2024-01-17 16:15:00,221.59,221.16,218.0,7.14,6.05,5.05,0.537,0.298
MTR0001,2024-01-17 16:30:00,222.43,220.52,220.19,7.13,5.97,5.1,0.485,0.291
MTR0001,2024-01-17 16:45:00,221.67,221.06,222.54,7.02,5.97,4.86,0.513,0.236
MTR0001,2024-01-17 17:00:00,219.96,222.6,220.42,7.06,5.66,4.61,0.472,0.265
MTR0001,2024-01-17 17:15:00,218.98,222.65,217.68,6.64,5.81,4.65,0.498,0.212
MTR0001,2024-01-17 17:30:00,217.56,220.97,223.01,6.73,5.49,5.04,0.472,0.282
MTR0001,2024-01-17 17:45:00,219.66,224.06,222.52,6.8,5.53,4.57,0.464,0.269
MTR0001,2024-01-17 18:00:00,216.97,222.18,222.32,6.54,5.08,4.23,0.42,0.218
MTR0001,2024-01-17 18:15:00,220.67,223.68,219.88,6.38,4.91,4.41,0.467,0.22
MTR0001,2024-01-17 18:30:00,222.84,220.07,221.74,6.38,5.27,4.23,0.438,0.264
MTR0001,2024-01-17 18:45:00,219.94,221.38,222.7,6.26,5.2,4.3,0.448,0.158
MTR0001,2024-01-17 19:00:00,219.11,225.19,222.58,5.84,4.77,3.98,0.403,0.22
MTR0001,2024-01-17 19:15:00,220.94,222.61,219.69,6.03,4.71,4.09,0.426,0.244
MTR0001,2024-01-17 19:30:00,220.97,224.05,219.94,5.84,4.86,4.1,0.444,0.19
MTR0001,2024-01-17 19:45:00,221.29,222.88,223.59,5.58,4.51,4.22,0.435,0.209
MTR0001,2024-01-17 20:00:00,218.39,220.87,221.79,5.59,4.39,3.61,0.39,0.155
MTR0001,2024-01-17 20:15:00,220.76,221.31,222.39,5.03,4.49,3.77,0.356,0.193
MTR0001,2024-01-17 20:30:00,221.01,220.94,221.65,5.33,4.21,3.73,0.378,0.175
MTR0001,2024-01-17 20:45:00,220.53,223.71,222.19,5.25,4.51,3.59,0.407,0.188
MTR0001,2024-01-17 21:00:00,221.87,221.01,221.55,4.91,4.21,3.65,0.397,0.16
MTR0001,2024-01-17 21:15:00,221.53,223.21,220.45,4.6,4.19,3.49,0.356,0.188
MTR0001,2024-01-17 21:30:00,218.92,222.06,222.33,5.07,4.15,3.39,0.357,0.177
MTR0001,2024-01-17 21:45:00,220.74,220.52,222.89,4.81,4.11,3.46,0.402,0.135
MTR0001,2024-01-17 22:00:00,221.53,222.79,225.01,4.68,3.69,3.35,0.351,0.141
MTR0001,2024-01-17 22:15:00,222.38,222.94,222.37,4.96,3.83,3.38,0.344,0.207
MTR0001,2024-01-17 22:30:00,221.3,221.03,222.33,4.79,3.91,3.1,0.317,0.122
MTR0001,2024-01-17 22:45:00,219.57,221.43,220.35,4.76,4.03,3.43,0.334,0.14
MTR0001,2024-01-17 23:00:00,221.04,221.01,220.93,4.17,3.78,3.14,0.286,0.123
MTR0001,2024-01-17 23:15:00,219.82,219.61,219.95,4.51,3.79,2.79,0.321,0.147
MTR0001,2024-01-17 23:30:00,223.01,219.43,221.0,4.37,3.52,3.05,0.282,0.152
MTR0001,2024-01-17 23:45:00,220.56,220.3,221.84,4.54,3.73,3.13,0.356,0.123
MTR0001,2024-01-18 00:00:00,219.12,220.89,224.14,3.11,2.18,2.15,0.166,0.108
MTR0001,2024-01-18 00:15:00,221.62,222.14,221.07,3.21,2.56,2.29,0.208,0.127
MTR0001,2024-01-18 00:30:00,220.58,220.82,220.1,3.33,2.82,2.36,0.247,0.109
MTR0001,2024-01-18 00:45:00,220.05,220.22,224.06,3.07,2.7,2.35,0.251,0.103
MTR0001,2024-01-18 01:00:00,219.88,224.39,221.56,3.2,2.5,2.04,0.223,0.1
MTR0001,2024-01-18 01:15:00,223.07,219.86,222.69,3.1,2.5,2.04,0.24,0.119
MTR0001,2024-01-18 01:30:00,219.71,220.45,223.93,3.45,2.71,2.3,0.267,0.107
MTR0001,2024-01-18 01:45:00,221.89,218.88,222.09,3.41,2.5,2.32,0.23,0.127
MTR0001,2024-01-18 02:00:00,219.14,223.4,220.68,3.17,2.64,2.09,0.243,0.119
MTR0001,2024-01-18 02:15:00,220.4,222.03,224.11,3.13,2.7,2.28,0.235,0.121
MTR0001,2024-01-18 02:30:00,219.52,223.31,221.96,3.07,2.47,2.1,0.228,0.114
MTR0001,2024-01-18 02:45:00,220.74,221.58,221.07,3.07,2.49,2.22,0.22,0.103
MTR0001,2024-01-18 03:00:00,220.16,224.6,220.84,3.03,2.49,2.34,0.214,0.113
MTR0001,2024-01-18 03:15:00,220.92,222.65,222.44,3.32,2.47,2.18,0.228,0.098
MTR0001,2024-01-18 03:30:00,222.68,222.46,223.19,3.33,2.54,2.04,0.209,0.131
MTR0001,2024-01-18 03:45:00,222.53,221.48,220.6,3.16,2.28,2.06,0.224,0.111
MTR0001,2024-01-18 04:00:00,221.47,220.64,219.8,3.22,2.62,2.16,0.229,0.126
MTR0001,2024-01-18 04:15:00,220.56,224.25,220.16,2.94,2.58,2.35,0.202,0.126
MTR0001,2024-01-18 04:30:00,221.96,220.02,220.44,3.26,2.47,2.02,0.246,0.106
MTR0001,2024-01-18 04:45:00,217.38,221.62,218.53,2.97,2.52,1.99,0.201,0.113
MTR0001,2024-01-18 05:00:00,221.68,222.61,223.26,3.15,2.72,2.29,0.23,0.081
MTR0001,2024-01-18 05:15:00,221.19,222.16,220.0,3.2,2.42,2.18,0.199,0.124
MTR0001,2024-01-18 05:30:00,219.38,220.84,221.25,3.21,2.74,2.11,0.253,0.111
MTR0001,2024-01-18 05:45:00,223.42,223.04,220.75,3.18,2.26,2.28,0.223,0.093
MTR0001,2024-01-18 06:00:00,222.15,222.97,221.15,6.07,5.24,4.22,0.463,0.227
MTR0001,2024-01-18 06:15:00,221.19,221.66,220.58,6.32,5.13,4.51,0.475,0.209
MTR0001,2024-01-18 06:30:00,221.65,220.87,220.27,6.32,5.45,4.49,0.482,0.246
MTR0001,2024-01-18 06:45:00,218.65,219.43,222.66,6.43,5.05,4.69,0.454,0.191
MTR0001,2024-01-18 07:00:00,219.72,222.26,220.53,6.5,5.57,4.5,0.496,0.268
MTR0001,2024-01-18 07:15:00,219.96,220.64,220.9,7.1,5.44,4.7,0.491,0.202
MTR0001,2024-01-18 07:30:00,222.56,220.89,220.08,6.81,5.4,4.6,0.48,0.238
MTR0001,2024-01-18 07:45:00,222.11,221.38,223.99,7.08,5.7,4.48,0.51,0.235
MTR0001,2024-01-18 08:00:00,217.6,224.75,220.64,7.1,5.94,5.24,0.548,0.196
MTR0001,2024-01-18 08:15:00,221.18,224.89,222.08,7.13,6.19,4.9,0.547,0.269
MTR0001,2024-01-18 08:30:00,223.54,224.95,221.24,7.12,5.7,5.35,0.579,0.196
MTR0001,2024-01-18 08:45:00,218.72,220.79,220.65,7.21,5.91,4.71,0.548,0.183
MTR0001,2024-01-18 09:00:00,219.8,220.72,224.57,7.67,6.01,5.21,0.532,0.235
MTR0001,2024-01-18 09:15:00,220.33,222.5,222.81,7.74,6.3,5.37,0.592,0.25
MTR0001,2024-01-18 09:30:00,217.2,219.49,216.62,7.95,6.34,5.15,0.544,0.244
MTR0001,2024-01-18 09:45:00,219.33,221.09,222.0,7.71,6.41,5.47,0.554,0.267
MTR0001,2024-01-18 10:00:00,221.43,220.59,222.24,7.81,6.49,5.78,0.531,0.318
MTR0001,2024-01-18 10:15:00,219.81,222.11,222.28,8.03,6.64,5.37,0.572,0.259
MTR0001,2024-01-18 10:30:00,220.1,220.69,223.3,7.85,6.59,5.52,0.527,0.324
MTR0001,2024-01-18 10:45:00,219.4,221.77,219.43,8.11,6.71,5.56,0.563,0.326
MTR0001,2024-01-18 11:00:00,218.52,224.08,222.29,8.33,6.84,5.62,0.601,0.3
MTR0001,2024-01-18 11:15:00,219.3,224.65,222.37,8.12,6.63,5.67,0.565,0.324
MTR0001,2024-01-18 11:30:00,222.11,223.09,222.17,7.86,6.66,5.97,0.619,0.238
MTR0001,2024-01-18 11:45:00,220.72,223.72,223.17,8.07,6.46,5.61,0.591,0.277
MTR0001,2024-01-18 12:00:00,218.97,220.35,222.31,8.38,6.83,5.76,0.605,0.28
MTR0001,2024-01-18 12:15:00,219.22,221.72,224.89,8.31,6.75,5.71,0.655,0.209
MTR0001,2024-01-18 12:30:00,220.85,219.34,223.03,8.28,6.84,5.55,0.608,0.268
MTR0001,2024-01-18 12:45:00,220.65,219.89,222.59,7.88,6.91,5.84,0.547,0.281
MTR0001,2024-01-18 13:00:00,220.2,222.89,222.81,8.0,6.86,5.56,0.575,0.308
MTR0001,2024-01-18 13:15:00,218.44,219.88,223.44,8.1,6.75,5.89,0.568,0.346
MTR0001,2024-01-18 13:30:00,220.83,219.32,222.5,8.15,6.86,5.62,0.597,0.292
MTR0001,2024-01-18 13:45:00,220.91,217.93,223.29,7.94,6.55,5.56,0.593,0.238
MTR0001,2024-01-18 14:00:00,219.71,220.99,220.43,8.04,6.44,5.36,0.565,0.256
MTR0001,2024-01-18 14:15:00,221.95,221.1,222.32,8.12,6.74,5.34,0.631,0.233
MTR0001,2024-01-18 14:30:00,221.47,223.94,223.15,7.81,6.65,5.39,0.592,0.241
MTR0001,2024-01-18 14:45:00,221.57,222.08,220.1,8.0,6.85,5.28,0.6,0.235
MTR0001,2024-01-18 15:00:00,221.81,222.1,223.43,7.64,6.03,5.03,0.535,0.296
MTR0001,2024-01-18 15:15:00,220.78,220.43,221.18,7.58,6.25,5.22,0.541,0.309
MTR0001,2024-01-18 15:30:00,222.34,223.91,222.78,7.72,6.35,5.41,0.554,0.217
MTR0001,2024-01-18 15:45:00,220.97,223.14,222.35,7.62,6.6,5.41,0.602,0.226
MTR0001,2024-01-18 16:00:00,220.58,219.93,223.45,7.17,5.88,4.74,0.486,0.273
MTR0001,2024-01-18 16:15:00,221.48,220.63,220.64,7.14,5.92,5.01,0.499,0.27
MTR0001,2024-01-18 16:30:00,220.05,221.23,219.3,7.41,6.06,5.13,0.525,0.275
MTR0001,2024-01-18 16:45:00,220.38,220.73,221.23,6.76,5.7,5.07,0.532,0.233
MTR0001,2024-01-18 17:00:00,220.71,220.08,221.29,6.46,5.6,4.82,0.483,0.281
MTR0001,2024-01-18 17:15:00,220.91,223.88,221.16,6.54,5.81,4.85,0.518,0.239
MTR0001,2024-01-18 17:30:00,221.11,221.6,220.38,6.78,5.56,4.72,0.502,0.259
MTR0001,2024-01-18 17:45:00,220.07,221.59,219.49,7.05,5.6,4.82,0.526,0.213
MTR0001,2024-01-18 18:00:00,221.55,222.01,221.42,6.22,5.1,4.4,0.447,0.232
MTR0001,2024-01-18 18:15:00,221.72,224.06,222.24,6.3,5.04,4.49,0.504,0.172
MTR0001,2024-01-18 18:30:00,222.38,221.1,220.06,6.35,5.03,4.44,0.454,0.222
MTR0001,2024-01-18 18:45:00,221.24,216.17,222.71,6.13,5.06,4.57,0.497,0.178
MTR0001,2024-01-18 19:00:00,221.12,221.96,221.04,5.67,4.98,4.22,0.441,0.162
MTR0001,2024-01-18 19:15:00,220.46,220.37,223.28,5.82,4.69,3.81,0.401,0.165
MTR0001,2024-01-18 19:30:00,220.3,223.93,222.89,5.98,4.92,4.16,0.421,0.215
MTR0001,2024-01-18 19:45:00,221.09,222.94,221.21,5.89,4.64,4.12,0.429,0.196
MTR0001,2024-01-18 20:00:00,220.48,222.43,220.06,5.11,4.5,3.97,0.388,0.142
MTR0001,2024-01-18 20:15:00,223.35,226.83,221.02,5.3,4.17,3.46,0.372,0.197
MTR0001,2024-01-18 20:30:00,220.05,221.9,223.06,5.41,4.4,3.85,0.366,0.22
MTR0001,2024-01-18 20:45:00,217.84,220.6,217.78,5.19,4.5,3.73,0.396,0.216
MTR0001,2024-01-18 21:00:00,221.65,220.87,221.81,5.06,4.2,3.55,0.342,0.215
MTR0001,2024-01-18 21:15:00,221.4,219.45,222.77,4.78,3.97,3.47,0.323,0.162
MTR0001,2024-01-18 21:30:00,218.11,221.09,221.16,4.95,4.1,3.46,0.373,0.162
MTR0001,2024-01-18 21:45:00,218.52,219.65,218.87,4.92,4.13,3.24,0.37,0.144
MTR0001,2024-01-18 22:00:00,220.66,222.73,222.53,4.47,4.07,3.01,0.297,0.179
MTR0001,2024-01-18 22:15:00,222.26,223.33,219.94,4.69,3.76,3.09,0.383,0.128
MTR0001,2024-01-18 22:30:00,220.32,220.79,220.1,4.57,3.8,3.15,0.378,0.14
MTR0001,2024-01-18 22:45:00,221.14,221.17,220.53,4.64,3.95,3.35,0.353,0.122
MTR0001,2024-01-18 23:00:00,220.1,219.88,220.5,4.48,3.75,3.36,0.353,0.131
MTR0001,2024-01-18 23:15:00,221.75,222.44,219.54,4.52,3.87,3.24,0.318,0.119
MTR0001,2024-01-18 23:30:00,220.01,220.13,219.6,4.5,3.92,3.04,0.343,0.12
MTR0001,2024-01-18 23:45:00,221.93,223.55,221.57,4.23,3.89,2.88,0.289,0.174
MTR0001,2024-01-19 00:00:00,215.35,224.74,222.33,3.03,2.43,2.11,0.247,0.116
MTR0001,2024-01-19 00:15:00,224.88,218.72,221.81,3.22,2.6,2.13,0.235,0.106
MTR0001,2024-01-19 00:30:00,220.2,223.55,220.9,2.86,2.54,2.03,0.217,0.079
MTR0001,2024-01-19 00:45:00,221.94,223.45,221.45,3.39,2.52,1.97,0.228,0.117
MTR0001,2024-01-19 01:00:00,220.64,220.8,222.2,3.14,2.85,2.36,0.258,0.11
MTR0001,2024-01-19 01:15:00,221.53,221.08,222.87,3.28,2.6,2.0,0.248,0.103
MTR0001,2024-01-19 01:30:00,221.99,223.01,222.05,3.4,2.47,2.11,0.264,0.089
MTR0001,2024-01-19 01:45:00,218.57,221.96,219.81,2.92,2.6,2.2,0.225,0.079
MTR0001,2024-01-19 02:00:00,220.84,221.14,221.2,3.09,2.73,2.21,0.236,0.104
MTR0001,2024-01-19 02:15:00,222.35,224.42,223.32,3.14,2.77,2.26,0.255,0.092
MTR0001,2024-01-19 02:30:00,221.35,219.61,221.24,3.04,2.65,2.23,0.227,0.1
MTR0001,2024-01-19 02:45:00,221.48,222.64,219.95,3.34,2.67,2.16,0.209,0.14
MTR0001,2024-01-19 03:00:00,222.62,220.21,221.96,3.43,2.66,2.39,0.25,0.137
MTR0001,2024-01-19 03:15:00,222.42,221.8,221.28,3.3,2.2,2.22,0.225,0.111
MTR0001,2024-01-19 03:30:00,221.22,220.16,222.51,3.26,2.41,1.96,0.281,0.094
MTR0001,2024-01-19 03:45:00,222.22,222.69,220.45,3.08,2.61,1.9,0.202,0.114
MTR0001,2024-01-19 04:00:00,217.35,221.85,217.85,3.31,2.68,2.14,0.234,0.129
MTR0001,2024-01-19 04:15:00,222.38,221.76,221.47,2.99,2.57,2.18,0.251,0.105
MTR0001,2024-01-19 04:30:00,219.87,218.73,223.77,3.11,2.53,2.17,0.23,0.102
MTR0001,2024-01-19 04:45:00,219.03,222.02,220.44,3.04,2.71,2.16,0.215,0.105
MTR0001,2024-01-19 05:00:00,223.07,219.46,218.4,2.98,2.37,2.24,0.202,0.121
MTR0001,2024-01-19 05:15:00,221.92,223.01,223.07,3.2,2.69,2.13,0.198,0.109
MTR0001,2024-01-19 05:30:00,220.21,220.27,220.72,3.12,2.71,2.12,0.23,0.114
MTR0001,2024-01-19 05:45:00,220.87,219.61,220.2,2.9,2.66,2.14,0.267,0.078
MTR0001,2024-01-19 06:00:00,220.45,219.78,219.48,6.53,5.23,4.38,0.493,0.173
MTR0001,2024-01-19 06:15:00,223.36,222.87,222.82,6.37,5.31,4.41,0.44,0.199
MTR0001,2024-01-19 06:30:00,222.13,222.91,219.18,6.42,5.21,4.48,0.466,0.185
MTR0001,2024-01-19 06:45:00,216.4,224.56,220.24,6.44,5.06,4.39,0.413,0.259
MTR0001,2024-01-19 07:00:00,221.26,222.3,221.35,6.79,5.58,4.85,0.559,0.183
MTR0001,2024-01-19 07:15:00,220.94,221.35,219.66,6.59,5.52,4.55,0.526,0.178
MTR0001,2024-01-19 07:30:00,221.05,220.44,222.13,6.79,5.58,4.88,0.516,0.199
MTR0001,2024-01-19 07:45:00,220.48,220.7,222.61,6.65,5.85,4.69,0.499,0.236
MTR0001,2024-01-19 08:00:00,223.11,222.26,220.54,7.32,5.94,4.72,0.58,0.178
MTR0001,2024-01-19 08:15:00,219.32,222.57,221.61,7.14,6.1,4.97,0.533,0.275
MTR0001,2024-01-19 08:30:00,220.73,221.35,220.43,7.33,5.75,5.13,0.552,0.217
MTR0001,2024-01-19 08:45:00,218.08,221.91,220.74,7.32,5.85,4.93,0.549,0.236
MTR0001,2024-01-19 09:00:00,219.48,221.32,221.52,7.77,6.54,5.03,0.531,0.3
MTR0001,2024-01-19 09:15:00,219.69,220.42,221.61,7.78,6.6,5.26,0.569,0.206
MTR0001,2024-01-19 09:30:00,220.55,218.77,219.89,7.76,6.59,5.34,0.568,0.279
MTR0001,2024-01-19 09:45:00,222.89,219.13,220.88,7.98,6.3,5.28,0.591,0.225
MTR0001,2024-01-19 10:00:00,222.3,224.13,221.01,7.73,6.6,5.78,0.564,0.331
MTR0001,2024-01-19 10:15:00,216.13,221.92,223.25,7.89,6.46,5.47,0.538,0.323
MTR0001,2024-01-19 10:30:00,219.46,222.59,223.54,8.1,6.64,5.27,0.547,0.251
MTR0001,2024-01-19 10:45:00,221.16,221.69,218.62,7.74,6.43,5.48,0.551,0.264
MTR0001,2024-01-19 11:00:00,220.6,221.59,220.17,8.09,6.44,5.67,0.546,0.279
MTR0001,2024-01-19 11:15:00,219.73,222.18,221.47,8.44,6.67,5.13,0.577,0.277
MTR0001,2024-01-19 11:30:00,223.69,222.03,220.23,8.35,6.44,5.44,0.605,0.277
MTR0001,2024-01-19 11:45:00,221.72,222.06,222.04,8.14,6.75,5.63,0.588,0.29
MTR0001,2024-01-19 12:00:00,218.78,223.22,221.04,8.28,6.6,5.45,0.581,0.294
MTR0001,2024-01-19 12:15:00,222.11,221.13,217.9,8.26,6.46,5.7,0.597,0.262
MTR0001,2024-01-19 12:30:00,224.01,223.76,220.39,8.17,6.8,5.8,0.556,0.358
MTR0001,2024-01-19 12:45:00,221.02,220.68,222.41,8.3,6.82,5.62,0.637,0.308
MTR0001,2024-01-19 13:00:00,222.0,220.48,221.33,8.13,6.68,5.99,0.585,0.319
MTR0001,2024-01-19 13:15:00,222.4,220.53,221.21,8.22,6.71,5.83,0.59,0.306
MTR0001,2024-01-19 13:30:00,223.82,221.03,220.22,7.95,6.74,5.7,0.615,0.227
MTR0001,2024-01-19 13:45:00,220.86,219.74,219.86,8.07,6.93,5.68,0.613,0.232
MTR0001,2024-01-19 14:00:00,218.69,220.72,221.58,7.83,6.68,5.39,0.558,0.337
MTR0001,2024-01-19 14:15:00,219.55,223.63,224.56,8.03,6.77,5.62,0.545,0.327
MTR0001,2024-01-19 14:30:00,219.69,220.79,220.97,7.79,6.44,5.49,0.609,0.21
MTR0001,2024-01-19 14:45:00,221.36,219.85,222.05,7.94,6.62,5.73,0.593,0.231
MTR0001,2024-01-19 15:00:00,221.29,220.83,222.68,7.43,6.27,5.37,0.495,0.295
MTR0001,2024-01-19 15:15:00,221.86,222.19,221.74,7.86,6.35,5.2,0.528,0.285
MTR0001,2024-01-19 15:30:00,218.96,219.56,223.89,7.72,6.32,5.19,0.587,0.199
MTR0001,2024-01-19 15:45:00,219.59,222.78,222.72,7.73,6.43,5.14,0.554,0.223
MTR0001,2024-01-19 16:00:00,221.04,220.33,223.56,6.88,5.86,4.94,0.541,0.235
MTR0001,2024-01-19 16:15:00,220.98,222.39,220.04,7.29,5.95,5.16,0.501,0.256
MTR0001,2024-01-19 16:30:00,221.72,222.03,220.16,7.39,6.2,5.15,0.532,0.289
MTR0001,2024-01-19 16:45:00,221.35,222.36,221.04,7.22,6.12,4.99,0.517,0.264
MTR0001,2024-01-19 17:00:00,221.91,221.15,223.58,6.74,5.83,4.76,0.496,0.285
MTR0001,2024-01-19 17:15:00,220.01,218.87,222.31,6.67,5.53,4.54,0.522,0.213
MTR0001,2024-01-19 17:30:00,219.34,222.74,220.83,6.78,5.54,4.58,0.482,0.254
MTR0001,2024-01-19 17:45:00,220.92,222.15,220.35,6.62,5.43,4.52,0.439,0.214
MTR0001,2024-01-19 18:00:00,220.34,221.27,221.03,6.33,5.09,4.58,0.444,0.269
MTR0001,2024-01-19 18:15:00,221.36,221.22,222.75,6.45,5.15,4.34,0.458,0.177
MTR0001,2024-01-19 18:30:00,222.13,221.65,218.8,6.56,5.12,4.3,0.466,0.181
MTR0001,2024-01-19 18:45:00,223.15,222.3,218.93,6.21,5.04,4.63,0.439,0.21
MTR0001,2024-01-19 19:00:00,223.69,221.14,221.45,6.03,4.75,3.84,0.469,0.17
MTR0001,2024-01-19 19:15:00,218.37,221.67,219.31,5.83,4.8,3.91,0.435,0.205
MTR0001,2024-01-19 19:30:00,219.87,223.95,223.15,6.09,5.07,3.8,0.451,0.156
MTR0001,2024-01-19 19:45:00,222.09,219.43,222.22,5.97,4.91,4.01,0.482,0.171
MTR0001,2024-01-19 20:00:00,223.73,223.83,220.82,5.05,4.39,3.61,0.428,0.17
MTR0001,2024-01-19 20:15:00,221.67,220.2,221.23,5.3,4.24,3.87,0.355,0.226
MTR0001,2024-01-19 20:30:00,219.72,220.77,220.44,5.52,4.35,3.78,0.411,0.196
MTR0001,2024-01-19 20:45:00,221.87,221.86,221.45,5.12,4.22,3.82,0.411,0.204
MTR0001,2024-01-19 21:00:00,219.56,220.03,222.34,4.98,4.26,3.54,0.354,0.18
MTR0001,2024-01-19 21:15:00,220.51,223.65,220.98,4.81,4.19,3.47,0.346,0.128
MTR0001,2024-01-19 21:30:00,219.92,220.63,221.7,4.88,4.3,3.61,0.365,0.195
MTR0001,2024-01-19 21:45:00,221.0,221.33,221.08,4.6,4.24,3.33,0.331,0.157
MTR0001,2024-01-19 22:00:00,219.71,219.77,220.86,4.82,3.79,3.46,0.363,0.147
MTR0001,2024-01-19 22:15:00,221.57,223.21,219.32,4.6,3.86,3.11,0.334,0.122
MTR0001,2024-01-19 22:30:00,221.58,222.54,220.74,4.79,3.99,3.13,0.369,0.133
MTR0001,2024-01-19 22:45:00,221.04,219.18,222.53,4.57,4.02,3.17,0.323,0.177
MTR0001,2024-01-19 23:00:00,223.89,220.0,221.94,4.89,3.7,3.11,0.343,0.157
MTR0001,2024-01-19 23:15:00,220.02,218.41,220.09,4.22,3.75,3.28,0.324,0.116
MTR0001,2024-01-19 23:30:00,219.52,219.77,221.91,4.45,3.51,3.19,0.299,0.166
MTR0001,2024-01-19 23:45:00,221.53,222.5,221.62,4.68,3.65,3.19,0.326,0.194
MTR0001,2024-01-20 00:00:00,220.07,222.81,221.01,3.17,2.83,2.29,0.239,0.115
MTR0001,2024-01-20 00:15:00,220.05,223.01,220.22,3.01,2.58,2.25,0.227,0.137
MTR0001,2024-01-20 00:30:00,220.83,225.31,222.74,3.11,2.48,2.03,0.222,0.132
MTR0001,2024-01-20 00:45:00,218.81,222.37,223.33,3.25,2.77,2.1,0.239,0.121
MTR0001,2024-01-20 01:00:00,219.75,221.46,221.78,3.3,2.47,2.14,0.202,0.084
MTR0001,2024-01-20 01:15:00,218.85,220.33,222.53,3.17,2.58,2.35,0.21,0.091
MTR0001,2024-01-20 01:30:00,221.37,220.8,221.53,3.26,2.57,2.04,0.195,0.084
MTR0001,2024-01-20 01:45:00,223.93,223.78,220.85,3.27,2.64,2.37,0.216,0.12
MTR0001,2024-01-20 02:00:00,218.82,222.5,221.71,3.27,2.7,2.12,0.2,0.133
MTR0001,2024-01-20 02:15:00,222.55,221.17,223.61,3.26,2.67,2.16,0.205,0.092
MTR0001,2024-01-20 02:30:00,221.02,222.78,220.49,3.4,2.71,2.04,0.285,0.108
MTR0001,2024-01-20 02:45:00,221.72,220.68,220.17,2.9,2.66,2.37,0.23,0.112
MTR0001,2024-01-20 03:00:00,219.91,221.63,221.23,3.27,2.78,2.16,0.208,0.112
MTR0001,2024-01-20 03:15:00,220.29,222.11,220.12,3.0,2.43,2.28,0.242,0.098
MTR0001,2024-01-20 03:30:00,222.8,223.31,223.65,3.37,2.62,2.01,0.251,0.105
MTR0001,2024-01-20 03:45:00,220.29,220.25,220.99,3.07,2.59,2.33,0.202,0.127
MTR0001,2024-01-20 04:00:00,222.81,221.19,224.16,3.36,2.51,2.01,0.262,0.09
MTR0001,2024-01-20 04:15:00,219.11,219.69,222.68,3.25,2.83,2.28,0.245,0.086
MTR0001,2024-01-20 04:30:00,218.45,222.75,220.78,2.73,2.6,2.07,0.229,0.113
MTR0001,2024-01-20 04:45:00,220.01,220.75,220.42,3.07,2.77,2.42,0.246,0.118
MTR0001,2024-01-20 05:00:00,220.79,222.36,222.96,3.04,2.65,2.1,0.2,0.09
MTR0001,2024-01-20 05:15:00,218.26,224.21,220.97,2.95,2.52,2.21,0.205,0.116
MTR0001,2024-01-20 05:30:00,222.9,222.28,220.29,3.56,2.61,2.09,0.226,0.127
MTR0001,2024-01-20 05:45:00,219.82,222.05,221.58,3.06,2.67,2.37,0.212,0.115
MTR0001,2024-01-20 06:00:00,218.69,220.03,220.29,6.38,5.2,4.33,0.503,0.169
MTR0001,2024-01-20 06:15:00,220.75,224.69,222.73,6.38,5.1,4.19,0.459,0.246
MTR0001,2024-01-20 06:30:00,218.99,219.37,221.57,6.47,5.37,4.38,0.451,0.227
MTR0001,2024-01-20 06:45:00,220.26,219.78,222.3,6.3,5.21,4.36,0.496,0.195
MTR0001,2024-01-20 07:00:00,221.49,223.17,221.52,6.45,5.64,4.81,0.475,0.244
MTR0001,2024-01-20 07:15:00,220.73,222.16,221.25,6.28,5.64,4.84,0.485,0.21
MTR0001,2024-01-20 07:30:00,221.65,223.05,221.98,6.96,5.56,4.55,0.536,0.174
MTR0001,2024-01-20 07:45:00,220.39,220.6,220.82,6.77,5.58,4.66,0.502,0.192
MTR0001,2024-01-20 08:00:00,223.08,223.49,219.64,7.17,6.11,5.1,0.476,0.296
MTR0001,2024-01-20 08:15:00,221.59,220.48,219.28,7.27,6.31,4.91,0.519,0.267
MTR0001,2024-01-20 08:30:00,218.4,222.66,221.24,7.27,5.84,4.97,0.502,0.25
MTR0001,2024-01-20 08:45:00,218.2,222.11,223.39,7.73,6.12,4.94,0.551,0.255
MTR0001,2024-01-20 09:00:00,219.38,223.85,222.89,7.45,6.31,5.31,0.555,0.203
MTR0001,2024-01-20 09:15:00,221.12,222.1,223.76,7.26,6.32,5.42,0.548,0.281
MTR0001,2024-01-20 09:30:00,221.18,220.97,221.17,7.5,6.28,5.49,0.581,0.219
MTR0001,2024-01-20 09:45:00,221.35,222.41,222.46,7.64,5.8,5.37,0.548,0.259
MTR0001,2024-01-20 10:00:00,220.0,221.52,220.26,7.83,6.59,5.64,0.594,0.243
MTR0001,2024-01-20 10:15:00,220.23,219.74,222.94,7.93,6.29,5.57,0.558,0.241
MTR0001,2024-01-20 10:30:00,222.04,221.83,221.93,8.11,6.44,5.46,0.56,0.29
MTR0001,2024-01-20 10:45:00,221.51,223.25,221.87,7.81,6.82,5.43,0.618,0.209
MTR0001,2024-01-20 11:00:00,219.63,222.2,223.78,8.13,6.77,5.58,0.571,0.346
MTR0001,2024-01-20 11:15:00,222.51,220.17,223.67,7.97,6.8,5.99,0.599,0.23
MTR0001,2024-01-20 11:30:00,221.18,222.66,223.53,8.11,7.02,5.36,0.54,0.345
MTR0001,2024-01-20 11:45:00,220.48,224.53,221.04,7.84,7.06,5.66,0.582,0.318
MTR0001,2024-01-20 12:00:00,220.15,219.6,219.67,8.0,6.83,5.89,0.554,0.346
MTR0001,2024-01-20 12:15:00,221.06,219.34,220.4,8.06,6.69,5.68,0.611,0.212
MTR0001,2024-01-20 12:30:00,216.4,223.6,222.03,8.3,6.7,5.41,0.623,0.293
MTR0001,2024-01-20 12:45:00,219.69,221.76,221.23,8.2,6.83,5.64,0.6,0.305
MTR0001,2024-01-20 13:00:00,220.81,224.01,221.14,8.27,6.78,5.77,0.576,0.333
MTR0001,2024-01-20 13:15:00,221.87,220.73,221.17,8.08,6.9,5.63,0.605,0.332
MTR0001,2024-01-20 13:30:00,221.74,223.35,220.05,8.1,7.07,5.61,0.62,0.271
MTR0001,2024-01-20 13:45:00,219.24,222.76,222.32,8.09,6.67,5.76,0.584,0.351
MTR0001,2024-01-20 14:00:00,222.89,222.89,219.99,7.88,6.58,5.4,0.607,0.234
MTR0001,2024-01-20 14:15:00,222.62,222.88,220.7,7.85,6.6,5.84,0.622,0.209
MTR0001,2024-01-20 14:30:00,219.11,219.74,221.38,7.95,6.55,5.59,0.627,0.208
MTR0001,2024-01-20 14:45:00,224.27,221.13,222.28,7.94,6.39,5.62,0.585,0.21
MTR0001,2024-01-20 15:00:00,219.31,220.28,222.09,7.56,6.33,5.48,0.604,0.246
MTR0001,2024-01-20 15:15:00,220.73,220.84,221.95,7.59,6.23,5.0,0.534,0.278
MTR0001,2024-01-20 15:30:00,221.14,219.57,219.7,7.89,6.21,5.14,0.543,0.252
MTR0001,2024-01-20 15:45:00,220.55,222.29,221.81,7.91,6.38,5.22,0.611,0.218
MTR0001,2024-01-20 16:00:00,222.09,219.96,222.78,7.17,5.86,4.92,0.53,0.246
MTR0001,2024-01-20 16:15:00,222.0,220.1,221.86,7.25,5.89,5.22,0.513,0.223
MTR0001,2024-01-20 16:30:00,218.67,225.28,223.68,7.57,5.99,5.1,0.547,0.204
MTR0001,2024-01-20 16:45:00,218.13,221.24,223.56,6.99,6.26,5.18,0.539,0.266
MTR0001,2024-01-20 17:00:00,220.21,220.73,222.62,6.6,5.59,4.6,0.491,0.186
MTR0001,2024-01-20 17:15:00,220.47,222.43,221.35,6.95,5.79,4.88,0.487,0.271
MTR0001,2024-01-20 17:30:00,224.15,221.07,220.93,6.81,5.86,4.45,0.478,0.279
MTR0001,2024-01-20 17:45:00,218.93,221.72,222.8,6.8,5.57,4.53,0.518,0.191
MTR0001,2024-01-20 18:00:00,218.63,220.88,223.66,6.31,5.24,4.4,0.438,0.241
MTR0001,2024-01-20 18:15:00,220.75,221.17,223.51,6.45,5.03,4.42,0.438,0.261
MTR0001,2024-01-20 18:30:00,223.22,222.94,223.54,6.22,5.26,4.39,0.448,0.206
MTR0001,2024-01-20 18:45:00,224.44,223.65,221.74,6.26,5.25,4.21,0.418,0.237
MTR0001,2024-01-20 19:00:00,221.17,223.16,221.66,5.91,4.79,4.02,0.433,0.157
MTR0001,2024-01-20 19:15:00,219.53,220.89,219.98,5.65,4.8,3.83,0.394,0.237
MTR0001,2024-01-20 19:30:00,219.26,219.5,225.4,5.64,4.72,4.1,0.449,0.166
MTR0001,2024-01-20 19:45:00,222.36,222.0,219.44,5.87,4.84,3.94,0.463,0.172
MTR0001,2024-01-20 20:00:00,222.16,222.5,220.17,5.39,4.58,3.58,0.383,0.158
MTR0001,2024-01-20 20:15:00,220.7,222.5,220.25,5.65,4.46,3.64,0.391,0.165
MTR0001,2024-01-20 20:30:00,219.55,219.18,220.95,5.52,4.52,3.71,0.403,0.141
MTR0001,2024-01-20 20:45:00,221.48,220.81,219.07,5.39,4.38,3.6,0.382,0.204
MTR0001,2024-01-20 21:00:00,220.34,220.23,223.87,4.84,4.13,3.36,0.371,0.142
MTR0001,2024-01-20 21:15:00,221.53,219.89,224.13,5.12,4.1,3.37,0.354,0.165
MTR0001,2024-01-20 21:30:00,222.23,220.08,223.13,5.01,4.17,3.4,0.356,0.153
MTR0001,2024-01-20 21:45:00,219.16,219.77,222.28,4.88,3.96,3.25,0.304,0.167
MTR0001,2024-01-20 22:00:00,222.84,221.62,222.25,4.74,3.86,3.22,0.331,0.199
MTR0001,2024-01-20 22:15:00,223.1,223.85,220.3,4.78,3.92,3.13,0.328,0.173
MTR0001,2024-01-20 22:30:00,221.28,221.45,221.94,4.95,3.99,3.23,0.332,0.173
MTR0001,2024-01-20 22:45:00,220.82,224.78,223.43,4.83,3.64,3.25,0.388,0.16
MTR0001,2024-01-20 23:00:00,222.28,219.51,221.81,4.66,3.78,2.95,0.329,0.116
MTR0001,2024-01-20 23:15:00,221.48,220.59,220.52,4.45,3.72,3.25,0.296,0.166
MTR0001,2024-01-20 23:30:00,217.79,220.78,223.77,4.51,3.51,3.25,0.327,0.151
MTR0001,2024-01-20 23:45:00,219.0,222.47,222.65,4.67,3.65,3.12,0.288,0.159
MTR0001,2024-01-21 00:00:00,218.55,221.76,222.0,3.2,2.56,2.22,0.237,0.113
MTR0001,2024-01-21 00:15:00,220.11,221.99,218.74,3.19,2.63,2.2,0.22,0.122
MTR0001,2024-01-21 00:30:00,222.17,222.95,221.68,2.99,2.51,2.27,0.202,0.111
MTR0001,2024-01-21 00:45:00,219.72,223.09,221.93,2.94,2.71,2.16,0.19,0.085
MTR0001,2024-01-21 01:00:00,219.03,220.27,223.56,3.18,2.46,2.09,0.225,0.107
MTR0001,2024-01-21 01:15:00,219.75,226.93,222.36,3.11,2.73,2.14,0.244,0.094
MTR0001,2024-01-21 01:30:00,222.62,222.8,222.87,3.34,2.66,2.4,0.264,0.126
MTR0001,2024-01-21 01:45:00,220.21,221.51,221.79,3.07,2.61,2.26,0.205,0.106
MTR0001,2024-01-21 02:00:00,218.73,221.25,221.87,3.08,2.52,2.2,0.236,0.091
MTR0001,2024-01-21 02:15:00,221.88,222.94,219.87,3.28,2.56,2.27,0.213,0.135
MTR0001,2024-01-21 02:30:00,221.32,222.65,219.76,3.36,2.54,2.01,0.202,0.104
MTR0001,2024-01-21 02:45:00,221.08,220.19,221.77,3.04,2.53,2.37,0.208,0.127
MTR0001,2024-01-21 03:00:00,222.8,221.38,221.37,3.42,2.73,2.27,0.257,0.124
MTR0001,2024-01-21 03:15:00,222.18,218.71,220.9,2.91,2.5,2.12,0.205,0.118
MTR0001,2024-01-21 03:30:00,219.73,222.42,220.05,3.12,2.65,2.03,0.224,0.095
MTR0001,2024-01-21 03:45:00,220.49,221.95,220.55,3.5,2.87,1.92,0.231,0.139
MTR0001,2024-01-21 04:00:00,221.19,219.65,223.67,3.34,2.41,2.23,0.235,0.103
MTR0001,2024-01-21 04:15:00,223.79,222.64,222.1,3.25,2.59,2.37,0.228,0.088
MTR0001,2024-01-21 04:30:00,221.57,221.97,220.53,3.3,2.54,2.16,0.199,0.134
MTR0001,2024-01-21 04:45:00,221.43,221.05,224.4,3.3,2.67,2.12,0.261,0.091
MTR0001,2024-01-21 05:00:00,221.52,222.67,220.74,3.19,2.56,2.16,0.187,0.136
MTR0001,2024-01-21 05:15:00,218.52,221.58,220.87,3.18,2.77,2.38,0.226,0.131
MTR0001,2024-01-21 05:30:00,220.38,221.59,220.83,3.0,2.67,2.09,0.191,0.131
MTR0001,2024-01-21 05:45:00,220.26,218.28,223.95,3.3,2.3,2.29,0.235,0.082
MTR0001,2024-01-21 06:00:00,222.12,222.45,220.73,6.14,5.0,4.51,0.455,0.172
MTR0001,2024-01-21 06:15:00,218.97,220.86,221.53,6.37,5.16,4.47,0.472,0.183
MTR0001,2024-01-21 06:30:00,221.9,222.8,221.06,6.39,5.37,4.34,0.5,0.191
MTR0001,2024-01-21 06:45:00,219.8,220.23,217.0,6.24,5.61,4.55,0.469,0.24
MTR0001,2024-01-21 07:00:00,221.02,217.8,222.56,6.83,5.6,4.7,0.509,0.196
MTR0001,2024-01-21 07:15:00,220.87,222.32,218.5,6.72,5.43,4.8,0.486,0.264
MTR0001,2024-01-21 07:30:00,220.05,218.96,221.07,6.72,5.62,4.61,0.488,0.198
MTR0001,2024-01-21 07:45:00,221.45,221.41,222.37,6.43,5.77,4.44,0.502,0.157
MTR0001,2024-01-21 08:00:00,220.14,224.28,221.52,7.2,5.98,5.07,0.507,0.29
MTR0001,2024-01-21 08:15:00,223.93,223.61,224.24,7.3,6.25,4.89,0.528,0.299
MTR0001,2024-01-21 08:30:00,220.93,222.97,220.43,7.5,5.77,5.3,0.515,0.261
MTR0001,2024-01-21 08:45:00,219.75,219.89,221.63,7.19,5.85,5.04,0.512,0.238
MTR0001,2024-01-21 09:00:00,219.25,219.83,224.65,7.68,6.18,5.41,0.523,0.283
MTR0001,2024-01-21 09:15:00,218.25,219.44,217.53,7.58,6.28,5.48,0.547,0.292
MTR0001,2024-01-21 09:30:00,223.5,220.32,221.57,7.53,6.07,5.42,0.565,0.241
MTR0001,2024-01-21 09:45:00,221.27,220.41,222.02,8.0,6.31,5.4,0.577,0.198
MTR0001,2024-01-21 10:00:00,218.8,221.41,223.95,8.06,6.41,5.48,0.577,0.279
MTR0001,2024-01-21 10:15:00,220.96,219.84,222.67,7.96,6.4,5.55,0.594,0.29
MTR0001,2024-01-21 10:30:00,220.44,222.01,223.36,8.06,6.33,5.53,0.634,0.222
MTR0001,2024-01-21 10:45:00,218.82,223.28,220.38,7.75,6.61,5.69,0.549,0.318
MTR0001,2024-01-21 11:00:00,221.24,221.84,220.95,8.36,6.76,5.56,0.596,0.291
MTR0001,2024-01-21 11:15:00,220.58,221.5,221.44,8.26,6.85,5.47,0.603,0.23
MTR0001,2024-01-21 11:30:00,219.47,221.57,222.48,8.2,6.61,5.8,0.647,0.264
MTR0001,2024-01-21 11:45:00,221.87,224.47,221.98,8.28,6.73,5.75,0.584,0.335
MTR0001,2024-01-21 12:00:00,220.61,220.46,222.48,7.99,6.98,5.63,0.597,0.225
MTR0001,2024-01-21 12:15:00,221.36,221.73,221.23,8.22,6.72,5.62,0.621,0.304
MTR0001,2024-01-21 12:30:00,221.48,221.26,221.2,8.3,7.02,5.58,0.586,0.259
MTR0001,2024-01-21 12:45:00,218.97,220.55,224.37,8.13,6.88,5.78,0.618,0.305
MTR0001,2024-01-21 13:00:00,220.12,224.99,222.58,8.16,6.91,5.67,0.644,0.221
MTR0001,2024-01-21 13:15:00,220.64,221.0,223.56,8.17,6.79,5.61,0.567,0.324
MTR0001,2024-01-21 13:30:00,222.92,221.5,220.65,8.08,7.11,5.9,0.661,0.253
MTR0001,2024-01-21 13:45:00,221.08,224.35,220.94,7.96,6.95,5.71,0.593,0.277
MTR0001,2024-01-21 14:00:00,219.76,222.26,221.04,7.89,6.46,5.6,0.574,0.285
MTR0001,2024-01-21 14:15:00,219.78,220.23,221.3,8.05,6.39,5.84,0.587,0.292
MTR0001,2024-01-21 14:30:00,219.33,223.03,222.19,7.99,6.67,5.43,0.542,0.308
MTR0001,2024-01-21 14:45:00,222.55,221.33,222.62,7.89,6.63,5.84,0.589,0.3
MTR0001,2024-01-21 15:00:00,222.09,221.43,226.11,7.31,6.51,5.23,0.561,0.275
MTR0001,2024-01-21 15:15:00,223.17,224.11,223.76,7.75,6.26,5.32,0.571,0.238
MTR0001,2024-01-21 15:30:00,220.86,220.51,219.96,7.71,6.4,5.26,0.554,0.275
MTR0001,2024-01-21 15:45:00,221.44,222.19,222.56,7.75,6.29,5.26,0.535,0.2
MTR0001,2024-01-21 16:00:00,218.06,219.77,219.5,7.09,5.9,4.94,0.519,0.234
MTR0001,2024-01-21 16:15:00,219.56,220.86,219.52,7.1,6.19,5.09,0.551,0.264
MTR0001,2024-01-21 16:30:00,221.61,224.08,224.38,7.23,5.83,4.97,0.494,0.255
MTR0001,2024-01-21 16:45:00,219.11,221.16,218.64,7.3,5.75,5.0,0.502,0.303
MTR0001,2024-01-21 17:00:00,220.22,221.4,221.25,6.82,5.6,4.81,0.497,0.259
MTR0001,2024-01-21 17:15:00,218.93,218.99,222.67,6.77,5.44,4.82,0.455,0.264
MTR0001,2024-01-21 17:30:00,221.84,219.83,221.1,6.65,5.39,4.83,0.47,0.283
MTR0001,2024-01-21 17:45:00,220.56,220.64,222.37,6.54,5.28,5.09,0.484,0.252
MTR0001,2024-01-21 18:00:00,222.07,220.3,221.73,6.22,5.38,4.26,0.483,0.167
MTR0001,2024-01-21 18:15:00,220.49,220.15,219.83,6.23,5.32,4.4,0.466,0.174
MTR0001,2024-01-21 18:30:00,219.93,222.83,221.82,6.37,5.39,4.41,0.486,0.179
MTR0001,2024-01-21 18:45:00,219.82,222.08,220.21,6.26,5.29,4.43,0.472,0.222
MTR0001,2024-01-21 19:00:00,222.43,222.38,219.96,5.78,4.81,4.13,0.394,0.197
MTR0001,2024-01-21 19:15:00,222.82,218.5,222.91,5.78,4.99,4.01,0.452,0.173
MTR0001,2024-01-21 19:30:00,220.31,223.15,219.87,5.81,4.92,4.17,0.404,0.238
MTR0001,2024-01-21 19:45:00,220.72,223.79,220.39,6.03,4.94,3.96,0.408,0.249
MTR0001,2024-01-21 20:00:00,223.75,220.04,221.56,5.2,4.35,3.96,0.393,0.167
MTR0001,2024-01-21 20:15:00,222.37,224.43,224.51,5.53,4.36,3.71,0.405,0.152
MTR0001,2024-01-21 20:30:00,222.95,220.91,219.43,5.11,4.73,3.63,0.342,0.205
MTR0001,2024-01-21 20:45:00,220.22,221.99,221.85,5.42,4.4,3.56,0.397,0.218
MTR0001,2024-01-21 21:00:00,221.0,221.92,220.92,5.26,3.98,3.47,0.37,0.14
MTR0001,2024-01-21 21:15:00,220.77,222.85,222.28,4.91,4.08,3.58,0.348,0.178
MTR0001,2024-01-21 21:30:00,219.0,222.72,221.5,4.93,3.91,3.43,0.371,0.17
MTR0001,2024-01-21 21:45:00,219.25,222.15,221.58,4.87,3.98,3.28,0.353,0.198
MTR0001,2024-01-21 22:00:00,220.88,220.37,221.78,4.8,3.94,3.64,0.34,0.209
MTR0001,2024-01-21 22:15:00,221.0,220.78,221.49,5.03,3.9,2.94,0.355,0.162
MTR0001,2024-01-21 22:30:00,219.29,224.93,222.59,4.54,3.82,3.27,0.307,0.19
MTR0001,2024-01-21 22:45:00,218.02,219.68,222.13,4.74,3.61,3.32,0.354,0.123
MTR0001,2024-01-21 23:00:00,222.67,222.07,220.68,4.63,3.88,2.9,0.341,0.156
MTR0001,2024-01-21 23:15:00,222.62,222.19,219.91,4.36,3.97,2.99,0.296,0.187
MTR0001,2024-01-21 23:30:00,222.58,223.6,221.69,4.51,3.51,3.25,0.33,0.134
MTR0001,2024-01-21 23:45:00,221.86,222.21,220.3,4.21,3.65,3.03,0.353,0.113
MTR0001,2024-01-22 00:00:00,222.48,222.59,220.65,3.01,2.29,2.06,0.222,0.081
MTR0001,2024-01-22 00:15:00,220.3,222.85,220.5,3.25,2.56,2.41,0.213,0.126
MTR0001,2024-01-22 00:30:00,220.53,221.76,223.4,3.29,2.78,2.29,0.245,0.134
MTR0001,2024-01-22 00:45:00,223.09,223.88,220.22,3.33,2.68,2.22,0.218,0.141
MTR0001,2024-01-22 01:00:00,222.54,221.38,221.38,3.25,2.43,2.42,0.261,0.119
MTR0001,2024-01-22 01:15:00,222.85,221.61,220.04,3.45,2.8,2.15,0.25,0.118
MTR0001,2024-01-22 01:30:00,223.18,222.09,221.32,3.03,2.9,2.26,0.207,0.12
MTR0001,2024-01-22 01:45:00,220.42,224.44,225.31,3.22,2.56,2.2,0.277,0.1
MTR0001,2024-01-22 02:00:00,219.45,219.02,221.77,3.15,2.37,2.17,0.232,0.11
MTR0001,2024-01-22 02:15:00,222.81,224.37,222.12,3.36,2.6,1.96,0.203,0.1
MTR0001,2024-01-22 02:30:00,218.98,222.9,222.29,3.12,2.55,2.15,0.259,0.129
MTR0001,2024-01-22 02:45:00,222.61,219.95,221.23,3.23,2.82,2.09,0.21,0.129
MTR0001,2024-01-22 03:00:00,223.99,218.83,220.37,3.43,2.59,2.07,0.242,0.115
MTR0001,2024-01-22 03:15:00,219.73,221.08,222.0,3.15,2.85,2.2,0.232,0.106
MTR0001,2024-01-22 03:30:00,221.54,222.09,220.78,3.0,2.68,1.92,0.172,0.11
MTR0001,2024-01-22 03:45:00,222.21,219.82,222.14,3.2,2.65,2.13,0.241,0.122
MTR0001,2024-01-22 04:00:00,218.72,221.29,221.35,2.97,2.66,2.22,0.227,0.098
MTR0001,2024-01-22 04:15:00,222.28,222.96,223.02,2.84,2.42,2.1,0.212,0.107
MTR0001,2024-01-22 04:30:00,219.58,220.33,221.17,3.03,2.84,2.45,0.265,0.108
MTR0001,2024-01-22 04:45:00,220.07,223.15,221.13,3.07,2.58,2.01,0.182,0.122
MTR0001,2024-01-22 05:00:00,218.93,221.91,220.48,3.19,2.76,2.42,0.258,0.117
MTR0001,2024-01-22 05:15:00,219.94,219.44,223.19,3.04,2.76,2.3,0.252,0.083
MTR0001,2024-01-22 05:30:00,220.88,222.6,218.14,3.38,2.27,2.02,0.249,0.08
MTR0001,2024-01-22 05:45:00,220.8,222.99,223.83,3.1,2.45,2.36,0.206,0.128
MTR0001,2024-01-22 06:00:00,219.25,220.27,222.15,6.32,5.27,4.39,0.46,0.197
MTR0001,2024-01-22 06:15:00,222.15,220.92,221.34,6.43,5.21,4.57,0.478,0.209
MTR0001,2024-01-22 06:30:00,218.0,221.64,222.97,6.2,5.02,4.33,0.377,0.244
MTR0001,2024-01-22 06:45:00,220.2,224.78,221.54,6.13,5.32,4.61,0.497,0.198
MTR0001,2024-01-22 07:00:00,222.04,220.29,220.76,6.99,5.84,4.53,0.487,0.278
MTR0001,2024-01-22 07:15:00,221.29,223.02,222.5,6.72,5.55,4.5,0.503,0.22
MTR0001,2024-01-22 07:30:00,222.64,220.64,219.67,6.89,5.66,4.55,0.478,0.238
MTR0001,2024-01-22 07:45:00,219.83,221.11,223.83,6.83,5.79,4.74,0.519,0.275
MTR0001,2024-01-22 08:00:00,222.59,223.21,222.78,7.44,6.02,4.93,0.549,0.238
MTR0001,2024-01-22 08:15:00,221.6,223.58,221.8,7.19,6.13,5.12,0.484,0.304
MTR0001,2024-01-22 08:30:00,219.63,222.78,219.78,7.4,6.03,4.9,0.54,0.201
MTR0001,2024-01-22 08:45:00,221.01,221.89,221.26,7.14,6.15,4.92,0.536,0.272
MTR0001,2024-01-22 09:00:00,223.28,220.8,221.22,7.57,6.2,5.01,0.564,0.299
MTR0001,2024-01-22 09:15:00,223.95,221.55,221.74,7.73,6.26,5.32,0.569,0.273
MTR0001,2024-01-22 09:30:00,222.26,219.49,222.94,7.58,6.12,5.37,0.532,0.291
MTR0001,2024-01-22 09:45:00,223.97,222.36,219.53,7.49,6.08,5.27,0.527,0.287
MTR0001,2024-01-22 10:00:00,221.07,221.5,223.54,8.0,6.62,5.67,0.584,0.31
MTR0001,2024-01-22 10:15:00,223.16,222.65,222.93,7.78,6.67,5.63,0.605,0.233
MTR0001,2024-01-22 10:30:00,222.62,221.04,222.05,7.82,6.45,5.46,0.598,0.228
MTR0001,2024-01-22 10:45:00,221.02,219.17,220.62,7.81,6.81,5.51,0.559,0.326
MTR0001,2024-01-22 11:00:00,221.82,221.44,221.52,8.16,6.85,5.52,0.585,0.325
MTR0001,2024-01-22 11:15:00,218.75,221.14,223.43,8.25,6.65,5.53,0.596,0.316
MTR0001,2024-01-22 11:30:00,222.23,223.48,220.4,7.99,6.67,5.46,0.569,0.335
MTR0001,2024-01-22 11:45:00,219.54,221.83,222.47,7.98,6.73,5.81,0.613,0.293
MTR0001,2024-01-22 12:00:00,221.83,221.36,220.23,8.31,7.02,5.78,0.597,0.338
MTR0001,2024-01-22 12:15:00,218.65,222.11,221.58,8.03,6.46,5.75,0.575,0.264
MTR0001,2024-01-22 12:30:00,219.3,224.0,223.62,8.11,7.03,5.67,0.63,0.293
MTR0001,2024-01-22 12:45:00,223.16,223.79,223.27,7.91,6.72,5.56,0.581,0.302
MTR0001,2024-01-22 13:00:00,222.19,221.48,224.12,8.04,6.42,5.3,0.599,0.249
MTR0001,2024-01-22 13:15:00,220.31,219.97,223.03,8.2,6.81,5.76,0.581,0.305
MTR0001,2024-01-22 13:30:00,223.97,222.38,222.89,8.33,6.61,5.81,0.566,0.331
MTR0001,2024-01-22 13:45:00,222.39,219.39,220.62,8.07,6.51,5.65,0.619,0.229
MTR0001,2024-01-22 14:00:00,219.82,219.4,222.97,7.94,6.58,5.65,0.567,0.314
MTR0001,2024-01-22 14:15:00,222.8,222.36,223.86,7.57,6.81,5.4,0.529,0.232
MTR0001,2024-01-22 14:30:00,219.26,220.84,221.24,8.0,6.65,5.63,0.603,0.242
MTR0001,2024-01-22 14:45:00,222.74,222.5,222.89,7.8,6.64,5.57,0.544,0.309
MTR0001,2024-01-22 15:00:00,220.41,224.13,219.22,7.9,6.25,5.23,0.552,0.32
MTR0001,2024-01-22 15:15:00,223.32,221.15,220.77,7.53,6.22,5.08,0.552,0.29
MTR0001,2024-01-22 15:30:00,219.7,221.89,220.94,7.97,6.28,5.34,0.558,0.244
MTR0001,2024-01-22 15:45:00,220.77,222.99,220.21,7.7,6.39,5.05,0.492,0.288
MTR0001,2024-01-22 16:00:00,220.49,224.96,218.75,7.11,5.96,4.98,0.501,0.286
MTR0001,2024-01-22 16:15:00,221.04,220.46,221.49,7.04,6.16,4.94,0.545,0.271
MTR0001,2024-01-22 16:30:00,222.89,221.13,220.05,7.51,6.06,5.01,0.562,0.238
MTR0001,2024-01-22 16:45:00,219.64,221.45,220.99,7.32,5.97,4.87,0.492,0.289
MTR0001,2024-01-22 17:00:00,219.72,220.68,223.08,6.81,5.5,4.7,0.485,0.231
MTR0001,2024-01-22 17:15:00,221.64,223.86,219.06,6.83,5.63,4.69,0.483,0.271
MTR0001,2024-01-22 17:30:00,220.66,220.02,221.34,6.88,5.54,4.79,0.542,0.23
MTR0001,2024-01-22 17:45:00,220.07,221.2,220.08,6.61,5.61,4.72,0.525,0.241
MTR0001,2024-01-22 18:00:00,220.94,221.32,223.16,6.5,4.93,4.43,0.441,0.207
MTR0001,2024-01-22 18:15:00,219.66,222.19,222.24,6.23,5.38,4.58,0.493,0.23
MTR0001,2024-01-22 18:30:00,220.91,224.17,223.35,6.25,5.32,4.81,0.468,0.274
MTR0001,2024-01-22 18:45:00,221.81,222.59,220.86,6.15,5.09,4.2,0.467,0.197
MTR0001,2024-01-22 19:00:00,218.2,220.85,221.93,6.01,4.8,3.98,0.385,0.249
MTR0001,2024-01-22 19:15:00,219.56,221.72,222.19,6.03,4.92,4.03,0.418,0.161
MTR0001,2024-01-22 19:30:00,219.66,222.9,222.63,5.89,4.69,4.15,0.414,0.202
MTR0001,2024-01-22 19:45:00,220.53,219.73,226.17,5.97,4.81,4.22,0.442,0.237
MTR0001,2024-01-22 20:00:00,222.45,219.55,220.88,5.22,4.68,3.8,0.408,0.157
MTR0001,2024-01-22 20:15:00,217.77,223.81,221.3,5.24,4.51,3.79,0.407,0.145
MTR0001,2024-01-22 20:30:00,220.59,221.33,221.49,5.5,4.68,3.58,0.37,0.221
MTR0001,2024-01-22 20:45:00,221.1,221.7,221.7,5.37,4.51,4.1,0.389,0.206
MTR0001,2024-01-22 21:00:00,219.46,223.39,222.87,5.05,4.22,3.32,0.363,0.145
MTR0001,2024-01-22 21:15:00,221.0,221.22,222.83,4.92,4.05,3.19,0.357,0.163
MTR0001,2024-01-22 21:30:00,222.23,221.11,220.72,4.93,4.31,3.39,0.379,0.219
MTR0001,2024-01-22 21:45:00,220.52,222.16,220.81,4.71,4.29,3.32,0.373,0.162
MTR0001,2024-01-22 22:00:00,220.61,222.76,221.93,4.93,3.83,3.43,0.365,0.146
MTR0001,2024-01-22 22:15:00,221.66,224.32,220.84,4.64,3.85,2.88,0.318,0.173
MTR0001,2024-01-22 22:30:00,218.59,222.33,222.81,4.69,4.02,3.21,0.409,0.124
MTR0001,2024-01-22 22:45:00,218.08,220.44,220.34,4.55,3.99,3.28,0.352,0.149
MTR0001,2024-01-22 23:00:00,220.56,223.01,222.2,4.49,3.69,3.15,0.32,0.122
MTR0001,2024-01-22 23:15:00,220.12,220.82,221.72,4.8,3.62,2.89,0.335,0.165
MTR0001,2024-01-22 23:30:00,222.73,219.79,221.36,4.53,3.52,3.25,0.323,0.174
MTR0001,2024-01-22 23:45:00,221.87,221.49,221.21,4.52,3.95,2.92,0.321,0.165
MTR0001,2024-01-23 00:00:00,219.67,221.92,222.66,3.15,2.56,2.29,0.21,0.116
MTR0001,2024-01-23 00:15:00,220.81,220.48,221.43,3.14,2.68,1.87,0.229,0.115
MTR0001,2024-01-23 00:30:00,220.78,219.84,221.7,3.22,2.52,2.43,0.248,0.144
MTR0001,2024-01-23 00:45:00,220.66,220.12,218.35,2.83,2.67,2.25,0.215,0.092
MTR0001,2024-01-23 01:00:00,222.8,219.92,224.69,3.04,2.42,2.2,0.233,0.109
MTR0001,2024-01-23 01:15:00,220.97,221.55,219.11,3.19,2.55,2.13,0.223,0.11
MTR0001,2024-01-23 01:30:00,220.09,222.08,218.77,3.12,2.95,2.02,0.221,0.114
MTR0001,2024-01-23 01:45:00,222.67,220.82,217.86,3.25,2.61,2.23,0.209,0.091
MTR0001,2024-01-23 02:00:00,223.07,221.54,217.39,3.21,2.57,1.91,0.207,0.082
MTR0001,2024-01-23 02:15:00,219.76,221.54,220.25,3.36,2.63,1.97,0.239,0.091
MTR0001,2024-01-23 02:30:00,221.9,222.88,221.25,3.18,2.54,2.3,0.25,0.084
MTR0001,2024-01-23 02:45:00,220.36,219.41,221.49,3.18,2.88,2.25,0.237,0.089
MTR0001,2024-01-23 03:00:00,219.91,221.16,219.87,3.22,2.68,2.13,0.186,0.127
MTR0001,2024-01-23 03:15:00,220.49,220.65,222.83,3.12,2.44,1.95,0.237,0.092
MTR0001,2024-01-23 03:30:00,222.63,221.07,218.8,3.16,2.45,2.07,0.235,0.125
MTR0001,2024-01-23 03:45:00,219.66,221.62,220.86,3.03,2.59,2.15,0.196,0.124
MTR0001,2024-01-23 04:00:00,221.96,219.98,221.02,3.3,2.55,2.3,0.247,0.12
MTR0001,2024-01-23 04:15:00,222.97,219.93,222.67,3.0,2.51,1.87,0.192,0.104
MTR0001,2024-01-23 04:30:00,221.57,222.77,220.64,3.45,2.62,2.0,0.185,0.121
MTR0001,2024-01-23 04:45:00,219.51,222.52,220.7,3.3,2.83,2.13,0.222,0.1
MTR0001,2024-01-23 05:00:00,222.0,219.13,223.33,3.01,2.43,2.22,0.205,0.109
MTR0001,2024-01-23 05:15:00,222.94,226.66,220.41,3.24,2.58,2.25,0.249,0.126
MTR0001,2024-01-23 05:30:00,222.88,220.58,221.94,3.21,2.7,2.35,0.244,0.102
MTR0001,2024-01-23 05:45:00,220.7,220.48,221.42,3.13,2.35,2.3,0.222,0.104
MTR0001,2024-01-23 06:00:00,221.29,222.11,219.73,6.14,5.34,4.27,0.488,0.172
MTR0001,2024-01-23 06:15:00,220.65,219.9,222.78,6.5,5.28,4.28,0.446,0.238
MTR0001,2024-01-23 06:30:00,220.44,220.98,223.01,6.24,5.16,4.57,0.433,0.201
MTR0001,2024-01-23 06:45:00,222.19,223.31,223.71,6.52,5.05,4.59,0.471,0.18
MTR0001,2024-01-23 07:00:00,218.3,223.61,221.08,6.98,5.42,4.86,0.509,0.263
MTR0001,2024-01-23 07:15:00,222.17,224.35,221.25,6.73,5.62,4.53,0.52,0.237
MTR0001,2024-01-23 07:30:00,220.29,220.4,220.4,6.71,5.93,4.97,0.509,0.278
MTR0001,2024-01-23 07:45:00,220.71,221.19,221.58,6.94,5.42,4.58,0.468,0.26
MTR0001,2024-01-23 08:00:00,220.75,221.48,218.69,7.47,5.83,4.87,0.537,0.213
MTR0001,2024-01-23 08:15:00,221.27,223.95,222.54,7.39,5.96,5.24,0.549,0.303
MTR0001,2024-01-23 08:30:00,218.99,222.23,220.64,7.55,5.78,5.11,0.532,0.262
MTR0001,2024-01-23 08:45:00,218.48,221.5,221.64,7.21,5.71,5.06,0.54,0.227
MTR0001,2024-01-23 09:00:00,222.44,222.1,221.19,7.55,6.43,5.47,0.515,0.304
MTR0001,2024-01-23 09:15:00,218.43,223.33,220.0,7.54,6.11,5.23,0.53,0.189
MTR0001,2024-01-23 09:30:00,221.76,219.69,220.99,7.93,6.3,5.34,0.53,0.254
MTR0001,2024-01-23 09:45:00,220.67,220.4,222.97,7.67,6.21,5.2,0.55,0.225
MTR0001,2024-01-23 10:00:00,218.7,219.21,221.95,8.08,6.68,5.14,0.593,0.204
MTR0001,2024-01-23 10:15:00,220.35,221.19,220.62,7.92,6.46,5.53,0.555,0.328
MTR0001,2024-01-23 10:30:00,217.96,220.15,221.51,7.95,6.34,5.26,0.483,0.309
MTR0001,2024-01-23 10:45:00,219.69,220.85,221.64,7.64,6.56,5.59,0.532,0.326
MTR0001,2024-01-23 11:00:00,222.12,222.86,223.43,8.25,6.74,5.56,0.58,0.332
MTR0001,2024-01-23 11:15:00,221.58,221.6,221.43,7.99,6.73,5.54,0.545,0.329
MTR0001,2024-01-23 11:30:00,219.78,222.35,221.35,8.06,6.75,5.56,0.555,0.311
MTR0001,2024-01-23 11:45:00,218.25,221.17,223.79,8.08,6.72,5.86,0.604,0.216
MTR0001,2024-01-23 12:00:00,223.1,223.75,221.68,8.11,6.97,5.56,0.644,0.246
MTR0001,2024-01-23 12:15:00,220.46,219.15,220.48,8.09,6.85,5.68,0.616,0.263
MTR0001,2024-01-23 12:30:00,222.77,224.14,222.12,8.03,6.71,5.66,0.583,0.283
MTR0001,2024-01-23 12:45:00,221.57,219.13,223.6,8.26,6.97,5.92,0.606,0.227
MTR0001,2024-01-23 13:00:00,220.3,219.9,219.27,8.2,6.76,5.45,0.616,0.235
MTR0001,2024-01-23 13:15:00,220.85,221.03,222.24,8.49,6.35,5.68,0.6,0.291
MTR0001,2024-01-23 13:30:00,222.39,222.03,221.59,8.29,6.9,5.42,0.587,0.292
MTR0001,2024-01-23 13:45:00,222.07,222.33,222.84,8.41,6.62,5.88,0.575,0.346
MTR0001,2024-01-23 14:00:00,221.38,224.68,220.81,7.99,6.9,5.4,0.545,0.332
MTR0001,2024-01-23 14:15:00,224.01,224.33,222.07,8.03,6.62,5.45,0.565,0.274
MTR0001,2024-01-23 14:30:00,221.96,220.96,219.61,7.93,6.74,5.66,0.546,0.308
MTR0001,2024-01-23 14:45:00,220.14,219.74,221.97,7.92,6.46,5.81,0.548,0.282
MTR0001,2024-01-23 15:00:00,221.66,218.09,223.89,7.66,6.51,5.15,0.558,0.261
MTR0001,2024-01-23 15:15:00,222.9,223.47,221.73,7.5,6.19,5.01,0.546,0.252
MTR0001,2024-01-23 15:30:00,220.85,221.85,220.91,7.57,6.29,5.29,0.545,0.263
MTR0001,2024-01-23 15:45:00,220.4,224.04,220.75,7.53,6.21,5.26,0.54,0.255
MTR0001,2024-01-23 16:00:00,218.5,218.99,222.51,6.96,5.83,4.74,0.525,0.2
MTR0001,2024-01-23 16:15:00,217.89,221.68,222.08,7.5,6.29,4.97,0.557,0.221
MTR0001,2024-01-23 16:30:00,218.58,221.84,221.61,7.11,5.9,5.24,0.476,0.23
MTR0001,2024-01-23 16:45:00,219.55,219.36,223.45,7.04,6.07,5.32,0.519,0.259
MTR0001,2024-01-23 17:00:00,221.21,221.91,221.02,6.81,5.43,4.81,0.492,0.254
MTR0001,2024-01-23 17:15:00,222.59,223.98,219.76,6.9,5.91,4.57,0.496,0.231
MTR0001,2024-01-23 17:30:00,220.3,223.85,220.73,7.09,5.72,4.97,0.486,0.281
MTR0001,2024-01-23 17:45:00,221.62,219.36,223.31,6.81,5.72,4.78,0.474,0.272
MTR0001,2024-01-23 18:00:00,221.06,221.07,221.59,6.24,5.14,4.52,0.441,0.265
MTR0001,2024-01-23 18:15:00,221.7,224.08,219.95,6.41,5.18,4.53,0.482,0.225
MTR0001,2024-01-23 18:30:00,221.61,221.86,222.33,6.43,5.09,4.4,0.425,0.244
MTR0001,2024-01-23 18:45:00,220.67,221.38,222.24,6.38,5.19,4.41,0.431,0.252
MTR0001,2024-01-23 19:00:00,221.03,223.67,220.5,5.94,5.22,4.07,0.464,0.16
MTR0001,2024-01-23 19:15:00,221.74,222.84,222.23,6.01,4.69,3.93,0.422,0.168
MTR0001,2024-01-23 19:30:00,219.34,224.8,221.67,5.63,4.72,3.98,0.4,0.204
MTR0001,2024-01-23 19:45:00,218.56,220.69,221.1,5.77,4.76,4.23,0.399,0.232
MTR0001,2024-01-23 20:00:00,219.99,223.38,221.02,5.18,4.35,3.71,0.411,0.178
MTR0001,2024-01-23 20:15:00,218.6,223.39,218.0,5.45,4.53,3.96,0.407,0.232
MTR0001,2024-01-23 20:30:00,222.16,221.13,221.01,5.41,4.4,3.84,0.403,0.175
MTR0001,2024-01-23 20:45:00,221.95,221.32,220.36,5.23,4.56,3.65,0.414,0.14
MTR0001,2024-01-23 21:00:00,221.66,220.59,223.62,5.11,4.14,3.4,0.379,0.163
MTR0001,2024-01-23 21:15:00,218.07,223.31,219.52,5.12,4.09,3.19,0.356,0.193
MTR0001,2024-01-23 21:30:00,220.0,223.29,221.71,5.02,4.27,3.42,0.356,0.172
MTR0001,2024-01-23 21:45:00,219.16,222.25,220.51,5.16,3.92,3.59,0.409,0.144
MTR0001,2024-01-23 22:00:00,218.78,223.03,220.61,4.66,3.8,3.03,0.393,0.128
MTR0001,2024-01-23 22:15:00,220.23,222.72,222.64,4.73,3.77,3.05,0.348,0.116
MTR0001,2024-01-23 22:30:00,219.0,218.48,222.73,4.7,3.98,3.16,0.323,0.189
MTR0001,2024-01-23 22:45:00,220.58,220.69,221.12,4.72,3.69,3.39,0.346,0.196
MTR0001,2024-01-23 23:00:00,223.42,219.58,221.69,4.5,3.79,2.97,0.323,0.165
MTR0001,2024-01-23 23:15:00,221.09,220.04,226.45,4.26,3.4,2.79,0.315,0.145
MTR0001,2024-01-23 23:30:00,218.83,222.92,224.87,4.56,3.86,3.37,0.326,0.187
MTR0001,2024-01-23 23:45:00,219.78,221.43,220.71,4.63,3.69,2.99,0.328,0.178
MTR0001,2024-01-24 00:00:00,219.62,221.26,221.47,2.86,2.58,1.98,0.211,0.081
MTR0001,2024-01-24 00:15:00,218.21,223.36,222.23,3.27,2.64,2.06,0.204,0.126
MTR0001,2024-01-24 00:30:00,221.41,219.89,219.6,3.19,2.6,2.21,0.223,0.125
MTR0001,2024-01-24 00:45:00,220.88,222.13,221.38,3.24,2.6,1.75,0.242,0.094
MTR0001,2024-01-24 01:00:00,220.71,220.92,225.2,3.19,2.52,1.93,0.241,0.111
MTR0001,2024-01-24 01:15:00,219.56,223.47,220.31,3.06,2.53,1.9,0.234,0.087
MTR0001,2024-01-24 01:30:00,221.76,219.27,220.62,3.1,2.48,2.24,0.25,0.102
MTR0001,2024-01-24 01:45:00,221.35,220.91,222.66,3.33,2.84,2.1,0.268,0.105
MTR0001,2024-01-24 02:00:00,219.26,221.39,219.02,3.21,2.57,2.17,0.228,0.123
MTR0001,2024-01-24 02:15:00,220.78,221.2,221.2,2.87,2.7,2.16,0.228,0.131
MTR0001,2024-01-24 02:30:00,219.91,221.66,219.89,3.15,3.04,2.46,0.235,0.093
MTR0001,2024-01-24 02:45:00,220.03,221.06,222.7,3.31,2.53,2.2,0.244,0.097
MTR0001,2024-01-24 03:00:00,218.28,222.72,219.78,3.09,2.74,2.33,0.223,0.129
MTR0001,2024-01-24 03:15:00,218.88,220.23,223.95,3.05,2.57,2.22,0.206,0.099
MTR0001,2024-01-24 03:30:00,220.9,221.38,221.07,3.41,2.66,2.48,0.283,0.116
MTR0001,2024-01-24 03:45:00,219.84,220.35,218.79,2.85,2.51,2.37,0.196,0.119
MTR0001,2024-01-24 04:00:00,220.47,224.2,220.5,3.4,2.73,2.24,0.246,0.124
MTR0001,2024-01-24 04:15:00,219.63,219.65,218.88,3.34,2.74,2.14,0.213,0.095
MTR0001,2024-01-24 04:30:00,217.06,220.6,220.35,3.11,2.32,2.24,0.209,0.088
MTR0001,2024-01-24 04:45:00,220.13,221.61,223.12,3.17,2.71,2.33,0.251,0.136
MTR0001,2024-01-24 05:00:00,222.2,221.86,220.1,3.03,2.65,2.32,0.236,0.133
MTR0001,2024-01-24 05:15:00,221.48,221.24,221.57,3.29,2.31,2.27,0.266,0.121
MTR0001,2024-01-24 05:30:00,220.87,220.16,223.85,3.23,2.48,2.03,0.218,0.104
MTR0001,2024-01-24 05:45:00,220.98,221.55,221.72,3.01,2.55,2.14,0.21,0.116
MTR0001,2024-01-24 06:00:00,220.92,222.23,222.85,6.5,5.24,4.2,0.468,0.248
MTR0001,2024-01-24 06:15:00,219.29,221.83,220.91,6.33,5.19,4.11,0.417,0.244
MTR0001,2024-01-24 06:30:00,220.71,224.52,222.87,6.34,5.16,4.61,0.471,0.164
MTR0001,2024-01-24 06:45:00,218.0,222.33,225.88,6.33,5.25,4.13,0.452,0.183
MTR0001,2024-01-24 07:00:00,221.98,220.75,222.46,6.85,5.68,4.7,0.487,0.246
MTR0001,2024-01-24 07:15:00,223.1,219.96,221.61,6.84,5.54,4.74,0.519,0.223
MTR0001,2024-01-24 07:30:00,223.16,220.13,220.38,6.66,5.38,4.56,0.466,0.271
MTR0001,2024-01-24 07:45:00,224.9,221.12,222.94,6.6,5.29,4.7,0.484,0.2
MTR0001,2024-01-24 08:00:00,218.59,221.89,221.3,7.19,6.03,5.04,0.534,0.233
MTR0001,2024-01-24 08:15:00,220.8,222.39,220.36,7.07,6.29,5.04,0.506,0.3
MTR0001,2024-01-24 08:30:00,220.91,223.1,221.78,7.28,5.87,5.31,0.491,0.271
MTR0001,2024-01-24 08:45:00,221.25,218.95,222.92,7.46,5.76,5.06,0.539,0.263
MTR0001,2024-01-24 09:00:00,220.96,222.31,220.94,7.64,6.28,5.2,0.551,0.297
MTR0001,2024-01-24 09:15:00,219.73,225.25,221.7,7.34,6.54,5.22,0.503,0.297
MTR0001,2024-01-24 09:30:00,222.0,221.27,221.58,7.81,6.2,5.19,0.592,0.197
MTR0001,2024-01-24 09:45:00,218.64,219.69,222.06,7.65,6.36,5.52,0.574,0.241
MTR0001,2024-01-24 10:00:00,221.85,224.97,222.94,7.96,6.37,5.41,0.57,0.276
MTR0001,2024-01-24 10:15:00,221.15,222.8,221.17,7.97,6.58,5.62,0.56,0.337
MTR0001,2024-01-24 10:30:00,221.03,220.45,220.85,8.28,6.74,5.27,0.554,0.325
MTR0001,2024-01-24 10:45:00,218.56,220.17,221.6,8.1,6.31,5.39,0.554,0.321
MTR0001,2024-01-24 11:00:00,223.66,222.64,222.44,8.12,6.84,5.58,0.598,0.343
MTR0001,2024-01-24 11:15:00,219.95,220.66,221.56,8.04,6.89,5.64,0.635,0.215
MTR0001,2024-01-24 11:30:00,219.38,222.96,221.82,8.21,6.97,5.5,0.595,0.298
MTR0001,2024-01-24 11:45:00,221.63,222.78,224.08,7.93,6.69,5.83,0.604,0.26
MTR0001,2024-01-24 12:00:00,220.66,223.84,222.31,7.84,6.94,5.8,0.602,0.307
MTR0001,2024-01-24 12:15:00,221.68,220.07,220.96,8.18,6.92,5.59,0.547,0.24
MTR0001,2024-01-24 12:30:00,218.68,222.2,221.07,8.19,6.45,5.62,0.566,0.264
MTR0001,2024-01-24 12:45:00,219.85,221.9,221.94,8.07,6.64,5.84,0.609,0.284
MTR0001,2024-01-24 13:00:00,221.32,221.7,223.81,8.11,6.7,5.86,0.605,0.243
MTR0001,2024-01-24 13:15:00,221.76,221.44,224.93,8.13,6.56,5.67,0.576,0.294
MTR0001,2024-01-24 13:30:00,220.47,221.09,222.59,7.79,6.6,5.51,0.589,0.238
MTR0001,2024-01-24 13:45:00,219.14,222.89,221.82,8.2,6.81,5.99,0.6,0.312
MTR0001,2024-01-24 14:00:00,218.95,221.98,222.01,7.79,6.46,5.22,0.542,0.299
MTR0001,2024-01-24 14:15:00,220.65,222.07,220.18,8.07,6.99,5.57,0.545,0.308
MTR0001,2024-01-24 14:30:00,222.32,222.72,220.5,7.7,6.63,5.69,0.573,0.313
MTR0001,2024-01-24 14:45:00,219.86,219.95,222.57,8.22,6.69,5.48,0.553,0.321
MTR0001,2024-01-24 15:00:00,222.24,222.05,224.11,7.59,6.26,5.32,0.57,0.245
MTR0001,2024-01-24 15:15:00,220.44,221.29,220.79,7.59,6.19,5.29,0.508,0.284
MTR0001,2024-01-24 15:30:00,223.42,222.43,221.32,7.54,5.87,5.18,0.569,0.23
MTR0001,2024-01-24 15:45:00,220.61,222.64,220.8,7.82,6.23,5.39,0.524,0.299
MTR0001,2024-01-24 16:00:00,219.69,220.05,222.57,7.29,6.12,5.09,0.495,0.255
MTR0001,2024-01-24 16:15:00,220.53,219.34,219.88,7.48,6.07,5.13,0.567,0.23
MTR0001,2024-01-24 16:30:00,222.87,222.17,224.07,7.0,6.03,5.06,0.53,0.234
MTR0001,2024-01-24 16:45:00,221.44,219.14,224.25,7.1,6.27,4.99,0.538,0.203
MTR0001,2024-01-24 17:00:00,221.58,221.49,219.49,6.56,5.46,4.97,0.513,0.182
MTR0001,2024-01-24 17:15:00,220.03,221.85,223.13,6.94,5.42,4.61,0.549,0.179
MTR0001,2024-01-24 17:30:00,220.68,220.93,220.87,6.97,5.41,4.77,0.49,0.251
MTR0001,2024-01-24 17:45:00,220.56,220.89,219.46,7.04,5.6,4.63,0.475,0.251
MTR0001,2024-01-24 18:00:00,219.74,220.37,222.73,6.06,4.89,4.31,0.437,0.224
MTR0001,2024-01-24 18:15:00,221.79,220.77,220.2,6.55,4.96,4.41,0.442,0.262
MTR0001,2024-01-24 18:30:00,219.68,222.44,218.9,6.04,5.3,4.43,0.462,0.258
MTR0001,2024-01-24 18:45:00,220.07,222.19,223.23,6.31,5.09,4.09,0.457,0.181
MTR0001,2024-01-24 19:00:00,221.21,220.73,217.16,5.99,5.07,3.93,0.41,0.211
MTR0001,2024-01-24 19:15:00,224.03,222.24,222.79,5.71,4.97,4.22,0.393,0.22
MTR0001,2024-01-24 19:30:00,217.94,220.41,223.84,5.94,4.71,3.94,0.405,0.158
MTR0001,2024-01-24 19:45:00,220.98,223.72,220.38,5.71,4.95,3.98,0.407,0.241
MTR0001,2024-01-24 20:00:00,221.26,220.26,222.23,5.16,4.3,3.67,0.404,0.181
MTR0001,2024-01-24 20:15:00,220.81,225.01,224.88,5.4,4.58,3.9,0.399,0.185
MTR0001,2024-01-24 20:30:00,221.28,221.33,221.98,5.59,4.35,3.66,0.404,0.155
MTR0001,2024-01-24 20:45:00,222.54,220.32,223.47,5.44,4.39,3.63,0.381,0.193
MTR0001,2024-01-24 21:00:00,220.13,219.0,223.55,4.85,4.34,3.6,0.349,0.198
MTR0001,2024-01-24 21:15:00,221.03,220.62,221.37,4.97,4.27,3.64,0.38,0.136
MTR0001,2024-01-24 21:30:00,220.52,220.37,221.59,4.98,4.14,3.7,0.36,0.14
MTR0001,2024-01-24 21:45:00,220.04,222.77,223.79,5.2,4.23,3.29,0.381,0.156
MTR0001,2024-01-24 22:00:00,221.87,222.78,220.21,4.5,3.79,3.22,0.304,0.175
MTR0001,2024-01-24 22:15:00,220.64,220.0,222.63,4.74,3.63,3.62,0.332,0.174
MTR0001,2024-01-24 22:30:00,220.54,223.77,222.51,4.81,3.86,3.02,0.361,0.156
MTR0001,2024-01-24 22:45:00,220.19,219.13,221.52,5.0,3.88,3.19,0.374,0.168
MTR0001,2024-01-24 23:00:00,222.0,222.15,221.51,4.51,3.59,3.05,0.315,0.133
MTR0001,2024-01-24 23:15:00,216.95,218.82,226.25,4.37,3.91,3.09,0.305,0.13
MTR0001,2024-01-24 23:30:00,220.07,220.42,220.3,4.2,3.5,3.23,0.317,0.178
MTR0001,2024-01-24 23:45:00,221.61,221.6,218.81,4.48,3.78,2.95,0.351,0.156
MTR0001,2024-01-25 00:00:00,221.03,223.7,222.69,2.81,2.44,2.23,0.19,0.102
MTR0001,2024-01-25 00:15:00,220.2,220.0,221.27,3.18,2.34,2.07,0.203,0.091
MTR0001,2024-01-25 00:30:00,219.65,220.81,221.89,3.1,2.95,2.17,0.199,0.125
MTR0001,2024-01-25 00:45:00,222.37,219.61,222.03,2.99,2.78,1.94,0.226,0.109
MTR0001,2024-01-25 01:00:00,221.32,222.73,219.75,3.08,2.66,2.36,0.254,0.119
MTR0001,2024-01-25 01:15:00,219.81,221.21,221.18,3.27,2.43,2.09,0.245,0.079
MTR0001,2024-01-25 01:30:00,220.31,223.39,219.71,3.37,2.44,2.31,0.213,0.138
MTR0001,2024-01-25 01:45:00,222.57,221.01,222.09,3.1,2.26,2.17,0.196,0.09
MTR0001,2024-01-25 02:00:00,219.45,223.26,222.34,3.07,2.6,2.39,0.235,0.121
MTR0001,2024-01-25 02:15:00,221.23,219.97,222.01,3.26,2.55,2.3,0.22,0.129
MTR0001,2024-01-25 02:30:00,219.65,222.28,221.96,3.39,2.59,1.92,0.202,0.1
MTR0001,2024-01-25 02:45:00,219.57,223.18,221.16,2.88,2.68,2.21,0.201,0.124
MTR0001,2024-01-25 03:00:00,220.32,223.95,219.98,3.33,2.62,2.36,0.251,0.083
MTR0001,2024-01-25 03:15:00,221.59,223.71,219.95,3.03,3.04,2.03,0.217,0.087
MTR0001,2024-01-25 03:30:00,217.31,222.76,220.57,3.08,2.67,2.1,0.235,0.105
MTR0001,2024-01-25 03:45:00,221.62,222.77,222.37,3.05,2.66,1.86,0.251,0.104
MTR0001,2024-01-25 04:00:00,220.0,221.9,224.52,3.07,2.44,2.01,0.213,0.122
MTR0001,2024-01-25 04:15:00,221.2,218.89,221.15,3.27,2.54,2.05,0.203,0.118
MTR0001,2024-01-25 04:30:00,221.58,222.5,219.27,3.15,2.45,2.24,0.222,0.128
MTR0001,2024-01-25 04:45:00,220.85,221.6,218.15,3.35,2.57,2.22,0.207,0.133
MTR0001,2024-01-25 05:00:00,219.09,218.77,221.83,3.15,2.51,1.99,0.24,0.126
MTR0001,2024-01-25 05:15:00,218.34,221.43,222.58,3.48,2.55,2.0,0.239,0.117
MTR0001,2024-01-25 05:30:00,221.48,221.99,221.4,3.05,2.68,2.41,0.2,0.124
MTR0001,2024-01-25 05:45:00,219.57,219.72,223.25,3.16,2.71,2.26,0.207,0.085
MTR0001,2024-01-25 06:00:00,220.92,221.38,222.28,6.28,5.39,4.31,0.464,0.236
MTR0001,2024-01-25 06:15:00,220.81,221.78,221.05,6.51,5.02,4.29,0.458,0.159
MTR0001,2024-01-25 06:30:00,220.17,223.1,223.3,6.26,5.16,4.25,0.496,0.168
MTR0001,2024-01-25 06:45:00,220.74,219.44,219.7,6.03,5.18,4.26,0.462,0.17
MTR0001,2024-01-25 07:00:00,219.15,222.69,222.82,6.79,5.42,4.71,0.486,0.221
MTR0001,2024-01-25 07:15:00,220.19,220.67,218.28,6.67,5.64,4.83,0.492,0.189
MTR0001,2024-01-25 07:30:00,222.76,221.38,219.95,6.55,5.49,4.64,0.447,0.266
MTR0001,2024-01-25 07:45:00,221.7,224.89,219.09,6.84,5.54,4.7,0.463,0.247
MTR0001,2024-01-25 08:00:00,219.56,220.53,221.19,7.16,6.29,4.93,0.547,0.229
MTR0001,2024-01-25 08:15:00,221.22,222.9,222.08,7.24,6.19,4.91,0.509,0.308
MTR0001,2024-01-25 08:30:00,220.45,221.51,220.67,7.29,5.95,5.04,0.516,0.284
MTR0001,2024-01-25 08:45:00,220.76,222.5,221.67,7.55,5.96,5.1,0.537,0.288
MTR0001,2024-01-25 09:00:00,217.47,221.55,219.86,7.66,6.54,5.4,0.576,0.228
MTR0001,2024-01-25 09:15:00,220.4,221.82,219.34,7.6,6.44,5.09,0.497,0.289
MTR0001,2024-01-25 09:30:00,222.67,222.35,219.83,7.4,6.22,5.38,0.568,0.308
MTR0001,2024-01-25 09:45:00,223.16,222.7,221.34,7.54,6.42,5.17,0.565,0.213
MTR0001,2024-01-25 10:00:00,220.13,221.18,222.13,7.64,6.54,5.55,0.542,0.306
MTR0001,2024-01-25 10:15:00,221.7,220.55,225.56,8.14,6.76,5.34,0.56,0.283
MTR0001,2024-01-25 10:30:00,220.5,222.22,218.57,7.81,6.64,5.35,0.575,0.291
MTR0001,2024-01-25 10:45:00,221.21,219.6,222.61,8.14,6.78,5.59,0.541,0.343
MTR0001,2024-01-25 11:00:00,218.51,222.24,221.39,8.31,6.88,5.71,0.612,0.23
MTR0001,2024-01-25 11:15:00,221.31,223.13,222.58,8.15,6.58,5.5,0.579,0.289
MTR0001,2024-01-25 11:30:00,219.68,224.77,223.26,8.19,6.79,5.49,0.572,0.241
MTR0001,2024-01-25 11:45:00,219.08,219.53,221.48,7.81,6.86,5.74,0.601,0.301
MTR0001,2024-01-25 12:00:00,219.95,221.17,221.97,8.29,6.68,5.69,0.638,0.24
MTR0001,2024-01-25 12:15:00,220.11,222.7,220.84,8.21,6.7,5.71,0.598,0.303
MTR0001,2024-01-25 12:30:00,220.95,221.2,221.6,8.22,6.66,5.49,0.623,0.2
MTR0001,2024-01-25 12:45:00,222.9,220.82,220.94,8.32,6.85,5.97,0.599,0.315
MTR0001,2024-01-25 13:00:00,221.34,221.0,220.29,8.08,6.34,5.53,0.575,0.234
MTR0001,2024-01-25 13:15:00,218.33,220.72,221.04,8.23,6.48,5.69,0.588,0.244
MTR0001,2024-01-25 13:30:00,222.54,223.15,224.56,8.32,6.59,5.64,0.557,0.258
MTR0001,2024-01-25 13:45:00,220.01,221.08,220.31,8.18,6.74,5.63,0.541,0.315
MTR0001,2024-01-25 14:00:00,222.16,222.29,221.23,7.75,6.38,5.35,0.547,0.215
MTR0001,2024-01-25 14:15:00,218.78,222.34,221.68,7.7,6.31,5.38,0.556,0.321
MTR0001,2024-01-25 14:30:00,220.15,222.46,223.09,7.98,6.65,5.47,0.592,0.215
MTR0001,2024-01-25 14:45:00,220.07,220.83,221.68,7.85,6.25,5.67,0.547,0.251
MTR0001,2024-01-25 15:00:00,221.0,217.39,220.62,7.85,6.45,5.21,0.563,0.214
MTR0001,2024-01-25 15:15:00,219.94,218.71,220.79,7.57,6.53,5.22,0.586,0.215
MTR0001,2024-01-25 15:30:00,217.82,222.3,220.5,7.5,6.11,5.24,0.562,0.199
MTR0001,2024-01-25 15:45:00,222.07,223.37,220.55,7.47,6.64,5.32,0.511,0.26
MTR0001,2024-01-25 16:00:00,216.53,221.49,222.99,7.26,6.19,5.14,0.558,0.255
MTR0001,2024-01-25 16:15:00,220.66,220.98,220.98,7.45,5.88,5.14,0.529,0.277
MTR0001,2024-01-25 16:30:00,220.5,223.59,221.94,7.23,5.97,4.86,0.51,0.261
MTR0001,2024-01-25 16:45:00,222.61,222.22,225.2,7.33,6.06,5.05,0.535,0.299
MTR0001,2024-01-25 17:00:00,219.08,222.38,219.49,6.75,5.72,4.91,0.456,0.281
MTR0001,2024-01-25 17:15:00,220.0,225.24,219.59,6.67,5.52,4.63,0.496,0.16
MTR0001,2024-01-25 17:30:00,221.31,222.94,222.69,6.75,5.48,4.81,0.5,0.226
MTR0001,2024-01-25 17:45:00,219.84,222.06,222.32,6.57,5.45,4.36,0.435,0.207
MTR0001,2024-01-25 18:00:00,221.05,220.5,222.1,6.42,5.06,4.31,0.467,0.186
MTR0001,2024-01-25 18:15:00,219.88,223.96,223.39,6.3,5.21,4.23,0.465,0.241
MTR0001,2024-01-25 18:30:00,220.91,221.04,222.93,6.12,5.26,4.26,0.48,0.211
MTR0001,2024-01-25 18:45:00,222.02,221.85,220.79,6.28,5.44,4.33,0.459,0.19
MTR0001,2024-01-25 19:00:00,221.76,221.34,220.41,5.65,4.92,4.16,0.449,0.147
MTR0001,2024-01-25 19:15:00,221.97,221.51,222.42,5.89,4.84,3.96,0.399,0.219
MTR0001,2024-01-25 19:30:00,221.39,222.53,221.01,5.61,4.94,4.07,0.43,0.211
MTR0001,2024-01-25 19:45:00,220.85,217.61,221.89,5.87,4.97,3.91,0.405,0.211
MTR0001,2024-01-25 20:00:00,220.07,221.18,220.88,5.47,4.56,3.79,0.426,0.146
MTR0001,2024-01-25 20:15:00,220.73,219.31,222.68,5.33,4.5,3.68,0.365,0.193
MTR0001,2024-01-25 20:30:00,222.15,219.39,225.27,5.53,4.42,3.58,0.424,0.17
MTR0001,2024-01-25 20:45:00,221.64,220.89,221.2,5.23,4.47,3.67,0.378,0.165
MTR0001,2024-01-25 21:00:00,222.99,223.34,221.81,4.63,4.47,3.43,0.396,0.128
MTR0001,2024-01-25 21:15:00,219.97,222.8,222.83,5.14,3.88,3.42,0.355,0.14
MTR0001,2024-01-25 21:30:00,222.35,222.91,221.11,5.02,4.35,3.6,0.39,0.188
MTR0001,2024-01-25 21:45:00,220.73,224.93,221.57,4.95,3.98,3.4,0.377,0.16
MTR0001,2024-01-25 22:00:00,222.73,223.09,223.58,4.64,3.77,3.24,0.319,0.132
MTR0001,2024-01-25 22:15:00,221.34,220.34,218.91,4.55,3.76,2.94,0.34,0.144
MTR0001,2024-01-25 22:30:00,216.64,224.29,222.53,4.55,3.84,3.05,0.339,0.166
MTR0001,2024-01-25 22:45:00,221.97,220.7,217.27,4.83,3.96,3.46,0.349,0.137
MTR0001,2024-01-25 23:00:00,222.84,221.88,223.87,4.66,3.71,3.15,0.35,0.177
MTR0001,2024-01-25 23:15:00,220.77,221.12,221.49,4.73,3.65,3.32,0.344,0.117
MTR0001,2024-01-25 23:30:00,222.87,218.13,219.64,4.37,3.53,3.32,0.34,0.149
MTR0001,2024-01-25 23:45:00,222.41,218.64,223.1,4.45,3.64,3.22,0.302,0.18
MTR0001,2024-01-26 00:00:00,223.69,222.78,223.32,2.97,2.63,2.26,0.243,0.138
MTR0001,2024-01-26 00:15:00,220.27,222.92,224.28,2.93,2.87,2.21,0.199,0.135
MTR0001,2024-01-26 00:30:00,222.47,219.7,220.78,3.02,2.75,2.38,0.201,0.134
MTR0001,2024-01-26 00:45:00,220.4,219.14,222.21,3.07,2.75,2.15,0.238,0.076
MTR0001,2024-01-26 01:00:00,221.04,220.72,219.48,3.21,2.51,2.21,0.201,0.127
MTR0001,2024-01-26 01:15:00,222.09,221.63,223.39,3.24,2.43,2.13,0.238,0.116
MTR0001,2024-01-26 01:30:00,219.85,220.81,220.85,3.12,2.32,2.15,0.193,0.112
MTR0001,2024-01-26 01:45:00,222.61,220.68,219.44,3.32,2.78,2.29,0.253,0.114
MTR0001,2024-01-26 02:00:00,220.09,221.93,223.35,3.2,2.41,2.11,0.259,0.109
MTR0001,2024-01-26 02:15:00,223.29,223.3,220.11,3.2,2.69,1.98,0.244,0.138
MTR0001,2024-01-26 02:30:00,221.61,219.45,218.97,3.19,2.73,2.17,0.222,0.116
MTR0001,2024-01-26 02:45:00,219.84,223.39,222.62,3.03,2.52,2.08,0.236,0.101
MTR0001,2024-01-26 03:00:00,219.19,219.17,221.81,3.18,2.89,2.32,0.246,0.12
MTR0001,2024-01-26 03:15:00,220.94,221.42,222.52,3.23,2.51,2.06,0.197,0.119
MTR0001,2024-01-26 03:30:00,219.03,220.96,222.85,3.0,2.52,2.19,0.232,0.131
MTR0001,2024-01-26 03:45:00,220.63,223.63,221.22,3.18,2.51,2.12,0.221,0.09
MTR0001,2024-01-26 04:00:00,219.77,221.9,219.38,3.2,2.7,2.09,0.22,0.12
MTR0001,2024-01-26 04:15:00,219.21,221.88,218.95,3.01,2.57,2.22,0.205,0.118
MTR0001,2024-01-26 04:30:00,223.27,222.73,223.46,3.3,2.72,2.13,0.222,0.137
MTR0001,2024-01-26 04:45:00,219.68,222.02,222.13,3.3,2.66,2.31,0.234,0.141
MTR0001,2024-01-26 05:00:00,218.52,219.98,223.16,3.14,2.54,2.14,0.235,0.078
MTR0001,2024-01-26 05:15:00,221.12,221.79,220.04,3.23,2.58,1.89,0.22,0.105
MTR0001,2024-01-26 05:30:00,223.19,220.78,220.0,2.96,2.84,2.02,0.158,0.125
MTR0001,2024-01-26 05:45:00,219.76,220.12,221.78,2.93,2.78,2.32,0.234,0.095
MTR0001,2024-01-26 06:00:00,221.17,221.85,220.65,6.32,5.09,4.33,0.444,0.179
MTR0001,2024-01-26 06:15:00,219.41,218.06,220.2,6.51,4.92,4.43,0.44,0.245
MTR0001,2024-01-26 06:30:00,221.49,224.14,221.12,6.5,5.51,4.34,0.488,0.25
MTR0001,2024-01-26 06:45:00,220.71,220.93,222.13,6.31,5.14,4.46,0.449,0.222
MTR0001,2024-01-26 07:00:00,221.57,222.48,222.1,6.88,5.61,4.54,0.506,0.242
MTR0001,2024-01-26 07:15:00,219.74,221.51,220.13,6.68,5.65,4.82,0.538,0.231
MTR0001,2024-01-26 07:30:00,221.31,223.97,221.28,6.89,5.43,4.65,0.466,0.259
MTR0001,2024-01-26 07:45:00,224.81,220.27,222.47,6.81,5.77,4.79,0.497,0.237
MTR0001,2024-01-26 08:00:00,222.42,223.42,218.11,7.16,5.83,5.04,0.554,0.245
MTR0001,2024-01-26 08:15:00,221.43,221.78,222.72,7.29,6.29,5.15,0.519,0.304
MTR0001,2024-01-26 08:30:00,222.72,220.93,223.03,7.26,6.23,4.86,0.534,0.276
MTR0001,2024-01-26 08:45:00,216.79,223.25,218.44,7.57,5.76,5.02,0.563,0.203
MTR0001,2024-01-26 09:00:00,220.74,221.73,221.61,7.52,6.37,5.25,0.541,0.276
MTR0001,2024-01-26 09:15:00,221.63,221.39,222.03,7.44,6.5,5.2,0.564,0.307
MTR0001,2024-01-26 09:30:00,219.86,221.4,221.54,7.92,6.54,5.38,0.542,0.324
MTR0001,2024-01-26 09:45:00,220.04,222.25,222.19,7.78,6.33,4.97,0.578,0.189
MTR0001,2024-01-26 10:00:00,219.33,222.1,220.71,7.9,6.54,5.39,0.531,0.326
MTR0001,2024-01-26 10:15:00,221.72,221.38,221.37,7.56,6.52,5.33,0.574,0.23
MTR0001,2024-01-26 10:30:00,218.14,223.11,220.07,7.9,6.64,5.71,0.578,0.292
MTR0001,2024-01-26 10:45:00,219.74,223.17,221.24,7.87,6.66,5.47,0.538,0.335
MTR0001,2024-01-26 11:00:00,220.89,223.66,221.77,8.01,6.9,5.66,0.606,0.213
MTR0001,2024-01-26 11:15:00,222.41,223.16,222.69,8.19,6.77,5.64,0.599,0.296
MTR0001,2024-01-26 11:30:00,222.32,220.63,219.77,8.12,6.66,5.74,0.602,0.247
MTR0001,2024-01-26 11:45:00,220.22,222.13,222.77,8.14,6.77,5.52,0.587,0.34
MTR0001,2024-01-26 12:00:00,218.82,221.98,222.74,8.19,6.98,5.78,0.579,0.309
MTR0001,2024-01-26 12:15:00,218.13,222.0,224.22,8.25,6.65,5.74,0.614,0.248
MTR0001,2024-01-26 12:30:00,219.25,221.09,222.55,8.2,6.98,5.78,0.565,0.321
MTR0001,2024-01-26 12:45:00,220.15,221.47,223.13,8.14,6.93,5.61,0.573,0.266
MTR0001,2024-01-26 13:00:00,222.25,223.86,219.18,8.07,6.86,5.59,0.61,0.237
MTR0001,2024-01-26 13:15:00,220.49,221.53,221.25,8.19,6.83,5.59,0.569,0.284
MTR0001,2024-01-26 13:30:00,222.07,221.6,219.08,8.18,6.7,5.6,0.595,0.272
MTR0001,2024-01-26 13:45:00,223.05,221.79,218.07,8.18,6.41,5.69,0.567,0.279
MTR0001,2024-01-26 14:00:00,222.59,223.75,221.15,7.96,6.7,5.29,0.545,0.324
MTR0001,2024-01-26 14:15:00,222.19,220.94,222.47,8.12,6.61,5.6,0.557,0.29
MTR0001,2024-01-26 14:30:00,220.37,222.46,221.01,7.83,6.62,5.65,0.557,0.327
MTR0001,2024-01-26 14:45:00,217.42,221.91,220.89,8.06,6.51,5.41,0.563,0.249
MTR0001,2024-01-26 15:00:00,221.28,220.44,219.86,7.85,6.36,5.08,0.509,0.331
MTR0001,2024-01-26 15:15:00,221.71,220.49,221.34,7.65,6.29,5.24,0.563,0.257
MTR0001,2024-01-26 15:30:00,222.8,222.14,225.02,7.73,6.46,5.29,0.536,0.304
MTR0001,2024-01-26 15:45:00,220.29,223.45,221.81,7.27,6.32,5.14,0.529,0.211
MTR0001,2024-01-26 16:00:00,221.68,221.26,221.39,7.15,6.06,4.97,0.466,0.289
MTR0001,2024-01-26 16:15:00,220.46,222.07,220.13,7.3,6.0,5.1,0.497,0.236
MTR0001,2024-01-26 16:30:00,221.52,219.62,221.3,7.31,5.95,5.09,0.555,0.268
MTR0001,2024-01-26 16:45:00,220.55,224.3,220.76,7.25,5.83,4.82,0.554,0.245
MTR0001,2024-01-26 17:00:00,219.37,222.77,220.67,6.83,5.63,4.96,0.508,0.243
MTR0001,2024-01-26 17:15:00,220.26,223.18,221.7,6.53,5.42,4.98,0.497,0.188
MTR0001,2024-01-26 17:30:00,220.4,219.36,220.0,6.9,5.55,4.7,0.499,0.191
MTR0001,2024-01-26 17:45:00,220.51,222.28,222.89,6.87,5.65,4.73,0.537,0.187
MTR0001,2024-01-26 18:00:00,221.18,224.17,221.35,6.37,5.32,4.21,0.482,0.168
MTR0001,2024-01-26 18:15:00,219.17,223.02,224.04,6.38,5.17,4.54,0.458,0.193
MTR0001,2024-01-26 18:30:00,220.04,219.92,223.44,6.5,5.17,4.3,0.447,0.206
MTR0001,2024-01-26 18:45:00,219.75,220.94,222.25,5.96,5.3,4.28,0.435,0.167
MTR0001,2024-01-26 19:00:00,219.59,223.12,221.0,5.73,4.71,4.0,0.416,0.212
MTR0001,2024-01-26 19:15:00,220.64,220.47,221.09,5.83,4.77,3.94,0.405,0.232
MTR0001,2024-01-26 19:30:00,222.31,220.03,220.07,5.76,4.9,3.83,0.378,0.236
MTR0001,2024-01-26 19:45:00,221.73,220.07,222.32,5.93,4.9,4.06,0.401,0.24
MTR0001,2024-01-26 20:00:00,219.03,218.84,220.81,5.3,4.54,3.71,0.362,0.192
MTR0001,2024-01-26 20:15:00,222.57,220.21,222.01,5.54,4.24,3.54,0.371,0.219
MTR0001,2024-01-26 20:30:00,221.47,221.53,220.86,5.42,4.4,3.98,0.392,0.227
MTR0001,2024-01-26 20:45:00,220.91,221.24,220.04,5.41,4.57,3.44,0.415,0.218
MTR0001,2024-01-26 21:00:00,218.41,220.51,220.56,4.84,4.04,3.49,0.341,0.152
MTR0001,2024-01-26 21:15:00,217.6,224.28,223.0,4.99,4.03,3.38,0.372,0.148
MTR0001,2024-01-26 21:30:00,220.67,221.55,221.45,5.16,3.93,3.7,0.375,0.187
MTR0001,2024-01-26 21:45:00,219.31,223.69,221.75,4.87,3.68,3.53,0.312,0.14
MTR0001,2024-01-26 22:00:00,221.34,221.03,220.22,4.69,3.71,3.51,0.357,0.142
MTR0001,2024-01-26 22:15:00,223.14,222.15,225.38,4.65,3.89,3.13,0.359,0.141
MTR0001,2024-01-26 22:30:00,221.58,222.89,221.74,4.63,3.77,3.13,0.306,0.163
MTR0001,2024-01-26 22:45:00,220.01,220.33,221.47,4.6,3.93,3.28,0.382,0.133
MTR0001,2024-01-26 23:00:00,220.47,221.44,223.2,4.68,3.76,3.28,0.332,0.193
MTR0001,2024-01-26 23:15:00,221.68,222.59,220.84,4.44,3.66,2.86,0.338,0.122
MTR0001,2024-01-26 23:30:00,219.63,222.18,223.52,4.33,3.76,2.97,0.311,0.181
MTR0001,2024-01-26 23:45:00,222.17,223.65,224.54,4.44,3.72,3.13,0.315,0.144
MTR0001,2024-01-27 00:00:00,221.37,221.0,222.2,3.33,2.54,2.17,0.218,0.108
MTR0001,2024-01-27 00:15:00,217.39,222.09,219.59,3.16,2.38,2.23,0.206,0.095
MTR0001,2024-01-27 00:30:00,220.54,221.07,221.5,3.01,2.75,2.31,0.195,0.128
MTR0001,2024-01-27 00:45:00,220.39,220.41,222.92,2.94,2.58,2.33,0.225,0.093
MTR0001,2024-01-27 01:00:00,220.32,220.61,221.91,3.15,2.52,2.37,0.256,0.11
MTR0001,2024-01-27 01:15:00,221.51,224.02,223.28,3.27,2.56,2.13,0.229,0.106
MTR0001,2024-01-27 01:30:00,218.06,219.72,221.24,3.2,2.4,2.16,0.213,0.11
MTR0001,2024-01-27 01:45:00,220.89,221.44,220.41,3.07,2.84,2.3,0.214,0.124
MTR0001,2024-01-27 02:00:00,220.08,221.6,221.94,2.83,2.38,2.19,0.233,0.08
MTR0001,2024-01-27 02:15:00,220.0,219.16,222.33,2.97,2.56,2.17,0.182,0.127
MTR0001,2024-01-27 02:30:00,218.21,224.0,222.1,3.17,2.82,2.2,0.21,0.095
MTR0001,2024-01-27 02:45:00,221.0,222.32,223.39,3.07,2.46,2.1,0.247,0.106
MTR0001,2024-01-27 03:00:00,222.8,221.33,222.56,2.89,2.52,1.99,0.234,0.081
MTR0001,2024-01-27 03:15:00,221.26,220.88,222.73,2.96,2.45,2.38,0.235,0.109
MTR0001,2024-01-27 03:30:00,219.33,220.77,223.65,2.98,2.67,2.21,0.228,0.078
MTR0001,2024-01-27 03:45:00,221.26,221.87,220.5,2.86,2.56,2.29,0.206,0.103
MTR0001,2024-01-27 04:00:00,221.83,221.23,221.08,3.15,2.47,2.41,0.226,0.117
MTR0001,2024-01-27 04:15:00,219.77,224.03,222.96,3.33,2.53,2.12,0.233,0.091
MTR0001,2024-01-27 04:30:00,221.52,219.32,220.1,3.33,2.78,2.24,0.208,0.142
MTR0001,2024-01-27 04:45:00,220.99,220.04,222.44,3.07,2.98,2.27,0.259,0.1
MTR0001,2024-01-27 05:00:00,220.8,222.54,221.73,3.39,2.57,2.1,0.194,0.137
MTR0001,2024-01-27 05:15:00,219.08,222.51,221.04,3.18,2.53,2.21,0.223,0.118
MTR0001,2024-01-27 05:30:00,219.45,220.51,218.66,3.32,2.62,2.01,0.214,0.117
MTR0001,2024-01-27 05:45:00,219.21,224.63,219.37,3.08,2.78,2.01,0.197,0.089
MTR0001,2024-01-27 06:00:00,221.14,221.42,223.2,6.49,5.37,4.32,0.492,0.194
MTR0001,2024-01-27 06:15:00,220.63,221.58,221.12,6.33,4.88,4.38,0.443,0.232
MTR0001,2024-01-27 06:30:00,218.95,221.07,219.45,6.39,5.19,4.3,0.461,0.224
MTR0001,2024-01-27 06:45:00,220.21,221.71,218.86,6.24,5.18,4.62,0.446,0.255
MTR0001,2024-01-27 07:00:00,219.99,221.01,223.62,6.79,5.46,4.55,0.508,0.188
MTR0001,2024-01-27 07:15:00,220.54,220.96,222.9,6.86,5.5,4.61,0.479,0.284
MTR0001,2024-01-27 07:30:00,220.18,219.62,222.29,6.99,5.99,4.76,0.49,0.289
MTR0001,2024-01-27 07:45:00,220.86,220.28,222.04,6.51,5.87,4.96,0.525,0.184
MTR0001,2024-01-27 08:00:00,221.94,220.73,220.45,7.2,5.93,4.91,0.461,0.3
MTR0001,2024-01-27 08:15:00,219.08,221.69,224.41,7.04,5.96,4.92,0.516,0.265
MTR0001,2024-01-27 08:30:00,223.47,223.41,220.76,7.13,6.01,4.8,0.538,0.252
MTR0001,2024-01-27 08:45:00,221.23,221.0,222.92,7.19,5.95,4.91,0.52,0.265
MTR0001,2024-01-27 09:00:00,219.0,221.79,219.92,7.62,6.2,5.16,0.532,0.251
MTR0001,2024-01-27 09:15:00,220.06,220.18,222.44,7.53,6.25,4.96,0.542,0.287
MTR0001,2024-01-27 09:30:00,219.34,220.39,219.99,7.73,6.19,5.32,0.537,0.251
MTR0001,2024-01-27 09:45:00,219.71,224.63,220.57,7.46,6.17,5.28,0.558,0.198
MTR0001,2024-01-27 10:00:00,220.0,223.05,219.16,8.04,6.69,5.64,0.571,0.272
MTR0001,2024-01-27 10:15:00,219.26,221.09,223.4,7.77,6.48,5.64,0.547,0.309
MTR0001,2024-01-27 10:30:00,222.31,222.64,221.58,7.9,6.28,5.69,0.626,0.238
MTR0001,2024-01-27 10:45:00,218.32,221.77,223.71,8.04,6.54,5.54,0.533,0.33
MTR0001,2024-01-27 11:00:00,218.75,221.61,221.86,7.97,7.0,5.63,0.572,0.311
MTR0001,2024-01-27 11:15:00,218.83,224.42,221.83,8.22,6.48,5.53,0.612,0.222
MTR0001,2024-01-27 11:30:00,218.66,221.84,220.82,8.2,6.6,5.53,0.562,0.326
MTR0001,2024-01-27 11:45:00,221.45,221.8,221.8,8.51,6.6,5.62,0.574,0.29
MTR0001,2024-01-27 12:00:00,219.78,219.91,219.47,8.03,6.81,5.68,0.602,0.195
MTR0001,2024-01-27 12:15:00,220.97,222.3,222.51,8.04,6.67,5.5,0.558,0.319
MTR0001,2024-01-27 12:30:00,221.06,221.63,224.33,7.91,6.6,5.51,0.585,0.289
MTR0001,2024-01-27 12:45:00,221.48,222.23,219.86,8.33,6.49,5.61,0.577,0.319
MTR0001,2024-01-27 13:00:00,220.12,223.23,220.83,7.81,6.9,5.73,0.541,0.314
MTR0001,2024-01-27 13:15:00,219.6,222.37,220.78,7.89,6.73,5.77,0.613,0.205
MTR0001,2024-01-27 13:30:00,223.52,219.4,222.12,8.18,6.88,5.83,0.654,0.217
MTR0001,2024-01-27 13:45:00,220.78,222.84,220.35,8.34,6.75,5.45,0.592,0.323
MTR0001,2024-01-27 14:00:00,218.37,223.13,218.84,7.7,6.52,5.53,0.561,0.278
MTR0001,2024-01-27 14:15:00,222.18,223.2,221.11,8.17,6.53,5.3,0.573,0.26
MTR0001,2024-01-27 14:30:00,220.1,220.41,220.78,8.15,6.53,5.29,0.593,0.267
MTR0001,2024-01-27 14:45:00,222.22,219.71,221.13,7.8,6.42,5.6,0.615,0.265
MTR0001,2024-01-27 15:00:00,220.18,221.15,220.73,7.57,5.94,5.27,0.544,0.193
MTR0001,2024-01-27 15:15:00,219.42,220.41,218.69,7.63,6.61,5.31,0.556,0.235
MTR0001,2024-01-27 15:30:00,220.97,220.09,218.47,7.68,6.18,5.45,0.638,0.197
MTR0001,2024-01-27 15:45:00,220.77,224.51,218.08,7.59,6.24,5.26,0.533,0.309
MTR0001,2024-01-27 16:00:00,221.75,222.46,221.8,7.44,5.93,4.97,0.551,0.237
MTR0001,2024-01-27 16:15:00,224.58,221.54,220.22,7.34,6.07,5.32,0.563,0.197
MTR0001,2024-01-27 16:30:00,219.44,222.01,223.68,7.14,5.94,5.37,0.499,0.298
MTR0001,2024-01-27 16:45:00,221.41,223.36,220.87,7.23,6.04,4.97,0.522,0.224
MTR0001,2024-01-27 17:00:00,220.07,224.8,219.45,6.94,5.68,4.82,0.491,0.268
MTR0001,2024-01-27 17:15:00,221.93,222.22,222.33,6.95,5.74,4.64,0.542,0.176
MTR0001,2024-01-27 17:30:00,220.11,221.71,223.56,6.82,5.68,4.65,0.474,0.273
MTR0001,2024-01-27 17:45:00,221.03,223.74,223.59,6.78,5.8,4.65,0.505,0.287
MTR0001,2024-01-27 18:00:00,220.5,222.03,219.59,6.6,5.07,4.32,0.45,0.26
MTR0001,2024-01-27 18:15:00,222.49,220.99,221.81,6.19,5.41,4.25,0.455,0.235
MTR0001,2024-01-27 18:30:00,220.63,221.71,223.34,6.63,5.43,4.49,0.486,0.182
MTR0001,2024-01-27 18:45:00,220.7,221.69,222.84,6.34,5.2,4.58,0.463,0.244
MTR0001,2024-01-27 19:00:00,221.34,219.59,220.34,5.97,4.8,4.07,0.429,0.198
MTR0001,2024-01-27 19:15:00,218.64,218.93,223.56,5.99,4.8,3.84,0.408,0.171
MTR0001,2024-01-27 19:30:00,219.26,220.6,221.04,5.67,4.68,4.03,0.406,0.193
MTR0001,2024-01-27 19:45:00,218.85,221.87,222.22,5.9,4.9,4.11,0.398,0.239
MTR0001,2024-01-27 20:00:00,219.6,222.13,221.22,5.2,4.56,3.61,0.419,0.188
MTR0001,2024-01-27 20:15:00,218.72,219.64,222.66,5.46,4.33,3.53,0.392,0.204
MTR0001,2024-01-27 20:30:00,221.21,219.6,221.65,5.01,4.55,3.74,0.373,0.206
MTR0001,2024-01-27 20:45:00,219.11,221.07,221.73,5.21,4.22,3.64,0.379,0.162
MTR0001,2024-01-27 21:00:00,216.53,220.0,220.58,5.06,4.11,3.45,0.341,0.183
MTR0001,2024-01-27 21:15:00,221.79,218.7,221.07,4.89,4.05,3.36,0.339,0.143
MTR0001,2024-01-27 21:30:00,221.2,222.09,222.44,5.03,4.1,3.79,0.374,0.183
MTR0001,2024-01-27 21:45:00,221.13,222.97,221.16,5.06,4.25,3.64,0.356,0.168
MTR0001,2024-01-27 22:00:00,220.74,220.69,218.67,4.51,3.96,3.35,0.378,0.117
MTR0001,2024-01-27 22:15:00,221.33,222.1,220.21,4.81,3.64,3.39,0.353,0.167
MTR0001,2024-01-27 22:30:00,221.45,219.39,223.6,4.48,3.97,3.24,0.336,0.187
MTR0001,2024-01-27 22:45:00,219.19,220.97,224.77,4.67,3.86,3.43,0.344,0.193
MTR0001,2024-01-27 23:00:00,221.56,220.9,221.01,4.77,3.66,3.21,0.342,0.19
MTR0001,2024-01-27 23:15:00,218.97,219.67,219.14,4.36,3.84,3.29,0.292,0.157
MTR0001,2024-01-27 23:30:00,220.11,221.24,220.16,4.3,3.92,3.14,0.35,0.173
MTR0001,2024-01-27 23:45:00,221.39,220.62,221.76,4.85,3.61,3.37,0.372,0.159
MTR0001,2024-01-28 00:00:00,220.44,222.26,221.27,3.18,2.84,2.12,0.273,0.101
MTR0001,2024-01-28 00:15:00,218.21,222.16,219.77,3.24,2.27,2.34,0.264,0.119
MTR0001,2024-01-28 00:30:00,220.54,224.32,220.91,3.14,2.75,2.12,0.193,0.116
MTR0001,2024-01-28 00:45:00,220.48,221.44,220.03,3.47,2.75,2.51,0.275,0.106
MTR0001,2024-01-28 01:00:00,217.47,221.58,221.11,2.98,2.67,2.44,0.244,0.1
MTR0001,2024-01-28 01:15:00,222.33,220.07,220.64,3.53,2.85,2.48,0.281,0.138
MTR0001,2024-01-28 01:30:00,223.21,221.26,220.59,3.17,2.55,2.28,0.226,0.127
MTR0001,2024-01-28 01:45:00,222.37,223.2,221.14,3.25,2.91,2.34,0.262,0.086
MTR0001,2024-01-28 02:00:00,221.45,220.74,223.19,3.22,2.62,2.08,0.229,0.109
MTR0001,2024-01-28 02:15:00,220.35,221.52,222.22,2.93,2.66,2.08,0.239,0.095
MTR0001,2024-01-28 02:30:00,219.21,220.78,224.43,3.19,2.92,2.16,0.276,0.118
MTR0001,2024-01-28 02:45:00,221.29,219.65,219.33,3.18,2.66,2.09,0.239,0.114
MTR0001,2024-01-28 03:00:00,219.45,223.03,222.07,3.26,2.47,1.9,0.222,0.087
MTR0001,2024-01-28 03:15:00,221.6,224.71,222.92,3.48,2.54,1.98,0.246,0.117
MTR0001,2024-01-28 03:30:00,221.4,221.51,221.24,3.12,2.42,2.08,0.243,0.094
MTR0001,2024-01-28 03:45:00,221.18,222.08,221.9,2.96,2.57,2.39,0.192,0.126
MTR0001,2024-01-28 04:00:00,220.38,217.9,222.3,3.12,2.78,2.21,0.238,0.108
MTR0001,2024-01-28 04:15:00,219.54,221.12,223.99,3.09,2.58,2.24,0.22,0.113
MTR0001,2024-01-28 04:30:00,220.14,220.52,220.88,2.85,2.71,2.16,0.186,0.123
MTR0001,2024-01-28 04:45:00,223.06,221.5,221.83,3.18,2.76,2.21,0.264,0.116
MTR0001,2024-01-28 05:00:00,219.68,221.4,223.36,2.93,2.54,2.13,0.202,0.114
MTR0001,2024-01-28 05:15:00,222.05,222.33,221.28,3.23,2.58,2.21,0.233,0.131
MTR0001,2024-01-28 05:30:00,220.07,222.42,223.87,2.96,2.65,2.3,0.273,0.09
MTR0001,2024-01-28 05:45:00,220.86,222.79,222.79,3.2,2.36,1.91,0.216,0.101
MTR0001,2024-01-28 06:00:00,221.4,221.31,221.37,6.17,5.31,4.61,0.437,0.245
MTR0001,2024-01-28 06:15:00,219.81,223.21,219.74,6.51,5.56,4.13,0.471,0.183
MTR0001,2024-01-28 06:30:00,218.95,222.22,219.84,6.32,5.51,4.31,0.476,0.203
MTR0001,2024-01-28 06:45:00,219.48,218.05,220.61,6.46,5.1,4.22,0.48,0.198
MTR0001,2024-01-28 07:00:00,220.04,219.97,221.67,6.63,5.76,4.53,0.456,0.28
MTR0001,2024-01-28 07:15:00,220.66,221.28,220.26,6.85,5.56,4.68,0.453,0.235
MTR0001,2024-01-28 07:30:00,223.26,221.97,221.82,6.75,5.6,4.63,0.497,0.23
MTR0001,2024-01-28 07:45:00,220.9,219.75,220.77,6.42,5.6,4.49,0.466,0.271
MTR0001,2024-01-28 08:00:00,218.49,223.06,221.7,7.18,6.09,4.98,0.478,0.307
MTR0001,2024-01-28 08:15:00,221.9,222.2,221.14,7.19,5.97,4.73,0.476,0.211
MTR0001,2024-01-28 08:30:00,220.85,221.25,222.0,7.17,6.11,4.84,0.501,0.238
MTR0001,2024-01-28 08:45:00,221.77,220.98,223.29,7.31,6.19,4.82,0.535,0.246
MTR0001,2024-01-28 09:00:00,220.88,221.37,221.3,7.63,6.16,5.33,0.527,0.274
MTR0001,2024-01-28 09:15:00,217.43,221.43,219.17,7.68,6.45,5.34,0.582,0.302
MTR0001,2024-01-28 09:30:00,217.83,223.03,221.15,7.65,6.39,4.95,0.559,0.317
MTR0001,2024-01-28 09:45:00,220.13,222.05,219.53,7.53,6.45,5.31,0.53,0.272
MTR0001,2024-01-28 10:00:00,218.53,220.41,220.09,8.14,6.48,5.32,0.575,0.23
MTR0001,2024-01-28 10:15:00,222.36,224.1,223.53,8.1,6.44,5.59,0.604,0.266
MTR0001,2024-01-28 10:30:00,222.7,222.81,222.33,7.68,6.54,5.41,0.551,0.324
MTR0001,2024-01-28 10:45:00,221.91,219.54,221.33,7.87,6.4,5.38,0.598,0.258
MTR0001,2024-01-28 11:00:00,220.4,226.1,223.36,7.98,6.82,5.63,0.553,0.314
MTR0001,2024-01-28 11:15:00,217.39,219.51,221.27,8.02,6.6,5.63,0.605,0.293
MTR0001,2024-01-28 11:30:00,220.26,219.02,221.68,8.09,7.0,5.87,0.61,0.312
MTR0001,2024-01-28 11:45:00,220.53,222.01,224.51,8.45,6.52,5.58,0.546,0.347
MTR0001,2024-01-28 12:00:00,218.18,222.78,219.92,7.88,7.03,5.54,0.614,0.243
MTR0001,2024-01-28 12:15:00,220.74,221.2,219.12,8.29,6.89,5.5,0.577,0.279
MTR0001,2024-01-28 12:30:00,219.74,222.1,219.59,8.17,6.74,5.62,0.594,0.333
MTR0001,2024-01-28 12:45:00,220.69,218.37,222.09,8.25,6.62,5.79,0.59,0.251
MTR0001,2024-01-28 13:00:00,223.69,222.36,222.19,8.18,6.51,5.91,0.63,0.244
MTR0001,2024-01-28 13:15:00,219.27,220.69,219.02,8.03,6.74,5.31,0.544,0.319
MTR0001,2024-01-28 13:30:00,223.31,221.41,218.13,8.09,6.89,5.61,0.647,0.21
MTR0001,2024-01-28 13:45:00,220.94,222.45,221.62,8.37,6.82,5.55,0.64,0.28
MTR0001,2024-01-28 14:00:00,221.46,222.61,221.25,7.72,6.56,5.55,0.61,0.215
MTR0001,2024-01-28 14:15:00,218.8,220.06,220.13,8.23,6.65,5.6,0.571,0.316
MTR0001,2024-01-28 14:30:00,219.52,219.0,221.08,8.06,6.41,5.29,0.523,0.308
MTR0001,2024-01-28 14:45:00,219.98,222.55,220.04,7.98,6.55,5.55,0.612,0.236
MTR0001,2024-01-28 15:00:00,219.06,222.92,219.36,7.43,6.6,5.45,0.563,0.274
MTR0001,2024-01-28 15:15:00,219.79,221.81,221.86,7.64,6.52,5.03,0.506,0.306
MTR0001,2024-01-28 15:30:00,221.39,221.46,222.91,7.57,6.22,5.35,0.526,0.29
MTR0001,2024-01-28 15:45:00,220.41,223.2,223.87,7.82,6.32,5.53,0.598,0.279
MTR0001,2024-01-28 16:00:00,218.83,219.82,222.04,6.99,6.07,4.69,0.539,0.265
MTR0001,2024-01-28 16:15:00,218.9,218.8,220.54,7.38,6.16,5.11,0.549,0.243
MTR0001,2024-01-28 16:30:00,219.66,220.88,222.72,7.02,6.15,4.97,0.499,0.279
MTR0001,2024-01-28 16:45:00,220.7,219.05,221.29,7.33,5.83,5.3,0.487,0.305
MTR0001,2024-01-28 17:00:00,221.28,222.33,223.76,6.59,5.65,4.6,0.493,0.2
MTR0001,2024-01-28 17:15:00,221.03,219.02,223.33,6.7,5.58,4.74,0.49,0.189
MTR0001,2024-01-28 17:30:00,220.85,219.47,221.65,6.97,5.55,4.62,0.528,0.24
MTR0001,2024-01-28 17:45:00,220.98,221.3,221.53,6.92,5.67,4.73,0.53,0.229
MTR0001,2024-01-28 18:00:00,221.61,219.26,220.77,6.42,5.24,4.48,0.432,0.24
MTR0001,2024-01-28 18:15:00,220.7,223.47,221.53,6.44,5.27,4.26,0.448,0.263
MTR0001,2024-01-28 18:30:00,221.47,225.31,221.33,6.29,5.11,4.37,0.487,0.18
MTR0001,2024-01-28 18:45:00,221.03,221.62,219.6,6.11,5.26,4.24,0.453,0.196
MTR0001,2024-01-28 19:00:00,220.68,224.74,223.0,5.89,4.94,4.25,0.449,0.176
MTR0001,2024-01-28 19:15:00,221.44,220.95,223.61,5.88,4.68,3.89,0.395,0.244
MTR0001,2024-01-28 19:30:00,222.59,223.27,222.04,5.93,5.06,4.1,0.445,0.181
MTR0001,2024-01-28 19:45:00,224.43,221.54,221.34,5.85,4.82,4.26,0.426,0.235
MTR0001,2024-01-28 20:00:00,220.83,220.0,221.29,5.3,4.58,3.76,0.419,0.167
MTR0001,2024-01-28 20:15:00,222.37,220.38,222.92,5.35,4.43,3.71,0.4,0.216
MTR0001,2024-01-28 20:30:00,220.84,224.15,222.81,5.29,4.21,3.64,0.38,0.155
MTR0001,2024-01-28 20:45:00,219.34,222.44,219.25,5.14,4.49,3.66,0.369,0.164
MTR0001,2024-01-28 21:00:00,218.13,221.92,220.4,5.21,4.16,3.41,0.323,0.189
MTR0001,2024-01-28 21:15:00,219.66,220.55,222.64,4.9,4.21,3.6,0.328,0.181
MTR0001,2024-01-28 21:30:00,220.47,220.77,220.45,4.96,4.06,3.38,0.332,0.181
MTR0001,2024-01-28 21:45:00,219.69,220.32,221.2,4.89,4.13,3.37,0.334,0.179
MTR0001,2024-01-28 22:00:00,219.71,220.49,221.54,4.65,3.78,3.18,0.337,0.139
MTR0001,2024-01-28 22:15:00,222.08,224.7,220.53,4.85,3.72,3.15,0.326,0.171
MTR0001,2024-01-28 22:30:00,220.95,222.94,223.7,4.64,3.88,3.18,0.343,0.175
MTR0001,2024-01-28 22:45:00,221.06,222.92,223.3,4.76,3.96,3.15,0.33,0.167
MTR0001,2024-01-28 23:00:00,219.61,220.48,220.24,4.39,3.82,3.37,0.36,0.145
MTR0001,2024-01-28 23:15:00,221.1,220.04,221.83,4.21,3.85,3.0,0.317,0.124
MTR0001,2024-01-28 23:30:00,221.39,221.29,222.51,4.46,3.77,3.08,0.357,0.12
MTR0001,2024-01-28 23:45:00,220.63,221.81,223.21,4.42,3.86,3.13,0.34,0.136
MTR0001,2024-01-29 00:00:00,220.52,220.92,223.16,3.07,2.73,2.35,0.221,0.137
MTR0001,2024-01-29 00:15:00,219.93,221.85,224.47,3.3,2.59,2.16,0.238,0.09
MTR0001,2024-01-29 00:30:00,222.55,221.21,219.65,2.91,2.65,2.07,0.188,0.121
MTR0001,2024-01-29 00:45:00,222.34,221.11,220.47,3.22,2.84,2.38,0.198,0.137
MTR0001,2024-01-29 01:00:00,223.08,221.33,219.27,3.06,2.51,2.5,0.252,0.076
MTR0001,2024-01-29 01:15:00,222.12,222.41,224.01,3.03,2.51,1.91,0.248,0.08
MTR0001,2024-01-29 01:30:00,218.9,223.07,221.37,3.24,2.87,2.07,0.212,0.097
MTR0001,2024-01-29 01:45:00,219.73,223.23,222.17,2.98,2.62,2.17,0.198,0.125
MTR0001,2024-01-29 02:00:00,217.72,221.82,223.26,2.94,2.67,2.09,0.218,0.106
MTR0001,2024-01-29 02:15:00,220.87,222.05,222.71,3.24,2.62,2.09,0.222,0.094
MTR0001,2024-01-29 02:30:00,220.25,221.84,220.87,3.05,2.63,2.19,0.209,0.122
MTR0001,2024-01-29 02:45:00,220.62,223.47,222.46,2.87,2.51,1.96,0.2,0.118
MTR0001,2024-01-29 03:00:00,219.19,221.62,222.37,3.37,2.72,2.34,0.247,0.131
MTR0001,2024-01-29 03:15:00,221.13,222.23,219.56,3.31,2.58,2.16,0.203,0.137
MTR0001,2024-01-29 03:30:00,220.7,221.12,219.58,3.14,2.51,2.22,0.22,0.104
MTR0001,2024-01-29 03:45:00,219.53,221.26,220.78,2.99,2.78,2.06,0.219,0.13
MTR0001,2024-01-29 04:00:00,219.66,223.19,220.84,3.22,2.58,2.24,0.251,0.085
MTR0001,2024-01-29 04:15:00,222.48,221.58,221.3,3.2,2.85,2.09,0.226,0.124
MTR0001,2024-01-29 04:30:00,219.22,221.7,219.97,3.02,2.54,2.25,0.231,0.098
MTR0001,2024-01-29 04:45:00,219.68,220.51,221.13,3.15,2.69,2.19,0.231,0.128
MTR0001,2024-01-29 05:00:00,219.98,222.99,218.17,3.14,2.34,2.04,0.23,0.128
MTR0001,2024-01-29 05:15:00,219.44,221.47,220.71,3.22,2.64,2.05,0.221,0.112
MTR0001,2024-01-29 05:30:00,221.65,223.6,219.78,3.07,2.73,2.22,0.237,0.111
MTR0001,2024-01-29 05:45:00,221.63,222.06,221.81,3.17,2.73,2.16,0.254,0.108
MTR0001,2024-01-29 06:00:00,221.55,220.08,220.67,6.43,5.41,4.07,0.452,0.217
MTR0001,2024-01-29 06:15:00,222.03,220.31,223.74,6.36,5.2,4.24,0.456,0.242
MTR0001,2024-01-29 06:30:00,221.28,224.24,221.54,6.5,5.1,4.37,0.487,0.203
MTR0001,2024-01-29 06:45:00,219.64,220.9,221.21,6.64,5.24,4.26,0.472,0.222
MTR0001,2024-01-29 07:00:00,218.38,224.62,222.41,6.78,5.58,4.53,0.461,0.215
MTR0001,2024-01-29 07:15:00,219.35,220.44,222.78,6.74,5.36,4.7,0.482,0.246
MTR0001,2024-01-29 07:30:00,222.3,220.92,221.11,6.77,5.62,4.64,0.505,0.256
MTR0001,2024-01-29 07:45:00,219.57,219.98,221.46,6.97,5.54,4.87,0.516,0.25
MTR0001,2024-01-29 08:00:00,218.98,218.21,220.91,7.31,5.88,4.86,0.501,0.205
MTR0001,2024-01-29 08:15:00,221.8,219.55,220.9,7.26,5.73,5.04,0.522,0.272
MTR0001,2024-01-29 08:30:00,221.27,221.83,222.16,7.21,5.91,4.89,0.488,0.263
MTR0001,2024-01-29 08:45:00,223.83,220.4,220.72,7.21,5.93,5.29,0.553,0.249
MTR0001,2024-01-29 09:00:00,221.98,221.76,218.69,7.65,6.35,4.96,0.525,0.263
MTR0001,2024-01-29 09:15:00,222.54,222.59,221.19,7.94,6.41,5.15,0.526,0.309
MTR0001,2024-01-29 09:30:00,221.72,220.54,222.48,7.72,6.26,5.46,0.535,0.228
MTR0001,2024-01-29 09:45:00,219.43,222.64,220.99,7.85,6.16,5.18,0.585,0.223
MTR0001,2024-01-29 10:00:00,223.58,222.39,223.17,8.0,6.6,5.67,0.606,0.259
MTR0001,2024-01-29 10:15:00,218.27,222.52,222.48,7.83,6.6,5.36,0.601,0.236
MTR0001,2024-01-29 10:30:00,220.44,222.09,221.88,7.81,6.6,5.68,0.621,0.212
MTR0001,2024-01-29 10:45:00,219.86,222.49,221.16,7.98,6.68,5.28,0.571,0.248
MTR0001,2024-01-29 11:00:00,221.05,220.52,223.16,8.2,6.44,5.54,0.586,0.301
MTR0001,2024-01-29 11:15:00,221.58,223.99,221.14,8.09,6.97,5.63,0.608,0.251
MTR0001,2024-01-29 11:30:00,221.89,221.3,218.6,8.2,6.58,5.56,0.556,0.286
MTR0001,2024-01-29 11:45:00,222.46,222.78,221.34,8.32,6.97,5.7,0.627,0.264
MTR0001,2024-01-29 12:00:00,223.3,218.31,220.48,8.37,6.7,5.91,0.597,0.307
MTR0001,2024-01-29 12:15:00,222.24,219.37,219.3,8.3,6.54,5.63,0.514,0.339
MTR0001,2024-01-29 12:30:00,221.78,221.69,221.39,8.07,6.86,5.92,0.573,0.286
MTR0001,2024-01-29 12:45:00,222.91,219.27,222.24,8.1,6.52,5.75,0.581,0.277
MTR0001,2024-01-29 13:00:00,218.99,222.47,221.79,8.21,6.65,5.74,0.586,0.233
MTR0001,2024-01-29 13:15:00,220.7,222.62,221.53,8.16,6.97,5.62,0.61,0.241
MTR0001,2024-01-29 13:30:00,219.45,221.32,223.52,8.09,6.62,5.36,0.608,0.206
MTR0001,2024-01-29 13:45:00,222.07,222.79,222.99,8.27,6.71,5.52,0.623,0.249
MTR0001,2024-01-29 14:00:00,221.76,221.41,221.45,8.05,6.67,5.67,0.597,0.24
MTR0001,2024-01-29 14:15:00,219.64,220.28,222.22,8.01,6.96,5.47,0.601,0.234
MTR0001,2024-01-29 14:30:00,222.1,221.55,220.66,8.12,6.58,5.41,0.583,0.24
MTR0001,2024-01-29 14:45:00,219.44,220.49,223.25,8.16,6.6,5.3,0.551,0.322
MTR0001,2024-01-29 15:00:00,223.28,226.16,219.05,7.78,6.28,5.44,0.56,0.247
MTR0001,2024-01-29 15:15:00,222.12,224.79,223.92,7.82,6.2,5.18,0.556,0.275
MTR0001,2024-01-29 15:30:00,218.43,220.43,219.96,7.54,6.1,5.23,0.56,0.239
MTR0001,2024-01-29 15:45:00,219.98,220.52,220.3,7.47,6.24,5.3,0.549,0.271
MTR0001,2024-01-29 16:00:00,220.82,222.11,218.64,7.08,5.97,5.09,0.493,0.279
MTR0001,2024-01-29 16:15:00,219.16,221.06,224.02,7.27,6.01,5.0,0.512,0.286
MTR0001,2024-01-29 16:30:00,219.75,222.53,221.82,7.06,5.69,5.3,0.55,0.18
MTR0001,2024-01-29 16:45:00,221.0,219.44,220.43,7.36,6.06,4.99,0.514,0.223
MTR0001,2024-01-29 17:00:00,222.98,221.01,220.67,6.89,5.5,4.74,0.437,0.288
MTR0001,2024-01-29 17:15:00,221.09,221.06,223.67,6.79,5.79,4.83,0.504,0.257
MTR0001,2024-01-29 17:30:00,221.61,220.83,219.18,6.81,5.68,4.72,0.461,0.271
MTR0001,2024-01-29 17:45:00,221.24,225.79,221.7,6.82,5.6,4.75,0.446,0.28
MTR0001,2024-01-29 18:00:00,220.73,219.27,222.26,6.16,4.98,4.2,0.415,0.218
MTR0001,2024-01-29 18:15:00,221.78,222.13,220.27,6.21,5.1,4.44,0.403,0.265
MTR0001,2024-01-29 18:30:00,221.63,221.17,222.16,6.23,5.08,4.36,0.455,0.201
MTR0001,2024-01-29 18:45:00,222.04,223.07,222.62,6.29,5.38,4.14,0.448,0.274
MTR0001,2024-01-29 19:00:00,221.58,222.02,220.83,5.71,4.94,4.16,0.421,0.184
MTR0001,2024-01-29 19:15:00,219.25,222.42,221.35,6.13,4.57,3.89,0.497,0.154
MTR0001,2024-01-29 19:30:00,221.02,222.24,220.84,5.95,4.85,4.07,0.448,0.225
MTR0001,2024-01-29 19:45:00,221.16,221.03,222.33,5.56,4.74,3.94,0.402,0.215
MTR0001,2024-01-29 20:00:00,218.61,221.78,222.7,5.7,4.35,3.61,0.387,0.219
MTR0001,2024-01-29 20:15:00,219.14,219.66,221.82,5.2,4.61,3.53,0.36,0.165
MTR0001,2024-01-29 20:30:00,218.29,221.69,221.81,5.4,4.5,3.7,0.379,0.183
MTR0001,2024-01-29 20:45:00,222.48,221.8,221.93,5.51,4.66,3.53,0.393,0.153
MTR0001,2024-01-29 21:00:00,221.95,222.15,220.94,5.13,4.22,3.46,0.373,0.142
MTR0001,2024-01-29 21:15:00,220.06,222.03,223.13,5.2,4.14,3.66,0.339,0.223
MTR0001,2024-01-29 21:30:00,223.23,222.64,223.83,4.99,4.21,3.62,0.429,0.127
MTR0001,2024-01-29 21:45:00,220.04,223.43,222.23,4.96,4.09,3.41,0.339,0.171
MTR0001,2024-01-29 22:00:00,219.95,222.83,223.06,4.74,3.94,3.33,0.326,0.195
MTR0001,2024-01-29 22:15:00,220.8,220.78,223.21,4.35,3.83,2.94,0.325,0.161
MTR0001,2024-01-29 22:30:00,222.24,222.36,222.07,4.77,3.8,3.25,0.315,0.196
MTR0001,2024-01-29 22:45:00,219.37,221.02,222.39,4.56,3.8,2.98,0.336,0.186
MTR0001,2024-01-29 23:00:00,222.62,220.71,222.68,4.31,3.65,3.07,0.292,0.162
MTR0001,2024-01-29 23:15:00,221.96,222.62,222.22,4.05,3.67,3.19,0.307,0.189
MTR0001,2024-01-29 23:30:00,218.74,222.59,223.19,4.25,3.67,2.94,0.328,0.164
MTR0001,2024-01-29 23:45:00,221.47,222.42,221.06,4.57,3.66,3.22,0.3,0.14
MTR0001,2024-01-30 00:00:00,217.68,222.61,222.33,3.33,2.44,2.29,0.222,0.085
MTR0001,2024-01-30 00:15:00,219.75,222.41,221.57,3.04,2.4,2.21,0.215,0.115
MTR0001,2024-01-30 00:30:00,222.4,219.85,221.93,2.92,2.67,2.16,0.234,0.112
MTR0001,2024-01-30 00:45:00,220.21,223.26,218.93,3.35,2.43,2.13,0.202,0.107
MTR0001,2024-01-30 01:00:00,221.48,221.66,221.26,3.42,2.62,2.3,0.204,0.136
MTR0001,2024-01-30 01:15:00,219.42,218.65,219.01,3.06,2.68,2.37,0.212,0.134
MTR0001,2024-01-30 01:30:00,220.72,221.9,220.45,3.18,2.77,2.09,0.233,0.117
MTR0001,2024-01-30 01:45:00,224.12,219.25,220.79,3.24,2.64,2.34,0.244,0.101
MTR0001,2024-01-30 02:00:00,222.27,220.69,218.83,3.16,2.78,2.42,0.241,0.109
MTR0001,2024-01-30 02:15:00,220.04,223.64,221.65,3.28,2.51,2.22,0.232,0.105
MTR0001,2024-01-30 02:30:00,219.62,221.16,221.25,3.16,2.34,2.16,0.219,0.107
MTR0001,2024-01-30 02:45:00,218.53,222.11,222.74,3.2,2.72,2.1,0.232,0.101
MTR0001,2024-01-30 03:00:00,223.43,221.69,219.97,3.37,2.38,1.66,0.202,0.092
MTR0001,2024-01-30 03:15:00,220.35,221.69,223.61,3.07,2.77,2.13,0.221,0.083
MTR0001,2024-01-30 03:30:00,222.59,222.17,223.36,3.23,2.66,2.24,0.236,0.13
MTR0001,2024-01-30 03:45:00,220.95,222.5,220.78,3.25,2.41,2.13,0.195,0.107
MTR0001,2024-01-30 04:00:00,219.65,222.12,221.26,3.06,2.34,2.05,0.189,0.112
MTR0001,2024-01-30 04:15:00,222.05,221.3,222.57,2.99,2.54,2.04,0.212,0.118
MTR0001,2024-01-30 04:30:00,222.1,224.02,220.94,3.13,2.45,1.99,0.178,0.13
MTR0001,2024-01-30 04:45:00,222.7,223.01,220.81,3.06,2.67,2.04,0.21,0.113
MTR0001,2024-01-30 05:00:00,220.5,221.93,220.58,3.12,2.66,2.05,0.241,0.108
MTR0001,2024-01-30 05:15:00,220.82,222.55,219.1,3.1,2.62,2.04,0.189,0.117
MTR0001,2024-01-30 05:30:00,222.16,220.9,223.32,3.04,2.69,1.98,0.211,0.1
MTR0001,2024-01-30 05:45:00,220.42,223.29,221.83,2.93,2.56,2.06,0.239,0.116
MTR0001,2024-01-30 06:00:00,218.95,218.95,220.56,6.02,5.18,4.73,0.47,0.185
MTR0001,2024-01-30 06:15:00,221.99,223.6,221.13,6.32,5.16,4.19,0.44,0.257
MTR0001,2024-01-30 06:30:00,219.87,221.32,220.08,6.33,5.32,4.45,0.471,0.216
MTR0001,2024-01-30 06:45:00,219.25,220.53,222.72,6.29,5.28,4.32,0.438,0.26
MTR0001,2024-01-30 07:00:00,219.92,220.12,220.91,6.66,5.75,4.56,0.519,0.217
MTR0001,2024-01-30 07:15:00,220.27,222.6,223.08,6.66,5.63,4.68,0.511,0.229
MTR0001,2024-01-30 07:30:00,220.85,221.58,221.01,6.71,5.78,4.71,0.497,0.272
MTR0001,2024-01-30 07:45:00,222.16,222.41,222.36,6.88,5.56,4.55,0.517,0.173
MTR0001,2024-01-30 08:00:00,220.99,221.69,219.84,7.22,6.02,5.03,0.529,0.235
MTR0001,2024-01-30 08:15:00,220.79,222.16,223.39,7.24,5.84,5.03,0.52,0.242
MTR0001,2024-01-30 08:30:00,218.38,219.58,221.52,7.39,6.18,4.98,0.508,0.315
MTR0001,2024-01-30 08:45:00,220.79,223.2,222.47,7.16,6.03,4.99,0.51,0.276
MTR0001,2024-01-30 09:00:00,218.55,221.57,217.87,7.56,6.34,5.13,0.535,0.243
MTR0001,2024-01-30 09:15:00,220.8,219.9,221.38,7.78,6.13,5.13,0.573,0.201
MTR0001,2024-01-30 09:30:00,219.67,223.93,221.58,7.78,6.34,5.48,0.591,0.211
MTR0001,2024-01-30 09:45:00,222.17,219.15,221.47,7.94,6.24,5.35,0.528,0.296
MTR0001,2024-01-30 10:00:00,221.57,221.5,222.26,7.96,6.7,5.64,0.592,0.265
MTR0001,2024-01-30 10:15:00,219.48,220.46,221.81,8.29,6.54,5.7,0.532,0.327
MTR0001,2024-01-30 10:30:00,220.14,221.4,220.66,7.71,6.5,5.63,0.526,0.271
MTR0001,2024-01-30 10:45:00,220.17,224.91,221.36,7.79,6.8,5.59,0.564,0.296
MTR0001,2024-01-30 11:00:00,222.35,222.33,221.79,8.27,6.57,5.55,0.551,0.306
MTR0001,2024-01-30 11:15:00,220.9,220.87,220.49,8.24,6.33,5.72,0.578,0.309
MTR0001,2024-01-30 11:30:00,221.98,221.06,221.16,8.16,6.75,5.52,0.622,0.302
MTR0001,2024-01-30 11:45:00,220.65,221.27,218.94,8.08,6.64,5.53,0.588,0.26
MTR0001,2024-01-30 12:00:00,220.83,223.35,221.42,8.25,6.75,5.76,0.613,0.29
MTR0001,2024-01-30 12:15:00,218.9,224.34,221.53,8.17,6.82,5.8,0.624,0.246
MTR0001,2024-01-30 12:30:00,221.18,222.04,221.26,8.15,7.02,5.74,0.583,0.314
MTR0001,2024-01-30 12:45:00,221.46,222.07,221.17,8.3,6.57,5.41,0.552,0.306
MTR0001,2024-01-30 13:00:00,220.73,221.06,219.33,8.1,6.45,5.57,0.583,0.266
MTR0001,2024-01-30 13:15:00,221.77,221.94,219.87,8.06,6.6,5.39,0.578,0.261
MTR0001,2024-01-30 13:30:00,219.4,222.58,221.04,8.23,6.79,5.59,0.553,0.338
MTR0001,2024-01-30 13:45:00,222.28,223.62,222.67,8.18,6.72,5.47,0.588,0.263
MTR0001,2024-01-30 14:00:00,220.3,220.38,221.22,7.79,6.63,5.4,0.597,0.208
MTR0001,2024-01-30 14:15:00,220.87,222.52,221.49,8.11,6.54,5.55,0.619,0.206
MTR0001,2024-01-30 14:30:00,219.89,220.5,220.65,8.13,6.66,5.33,0.547,0.32
MTR0001,2024-01-30 14:45:00,218.45,220.36,220.35,7.98,6.24,5.45,0.583,0.215
MTR0001,2024-01-30 15:00:00,221.25,221.62,221.44,7.56,6.07,5.12,0.514,0.285
MTR0001,2024-01-30 15:15:00,218.9,218.82,220.63,7.59,6.25,5.19,0.57,0.215
MTR0001,2024-01-30 15:30:00,221.76,221.07,219.65,7.6,6.58,5.55,0.54,0.29
MTR0001,2024-01-30 15:45:00,219.9,223.61,221.39,7.43,6.26,5.45,0.509,0.303
MTR0001,2024-01-30 16:00:00,222.61,220.97,220.39,7.49,6.1,4.96,0.562,0.201
MTR0001,2024-01-30 16:15:00,221.32,219.98,222.77,7.35,6.04,4.85,0.509,0.291
MTR0001,2024-01-30 16:30:00,220.35,224.73,220.15,7.39,5.83,5.09,0.532,0.252
MTR0001,2024-01-30 16:45:00,221.53,220.45,218.73,7.29,5.92,4.95,0.538,0.209
MTR0001,2024-01-30 17:00:00,216.57,220.7,218.89,6.61,5.96,4.79,0.485,0.246
MTR0001,2024-01-30 17:15:00,218.23,222.61,220.89,6.83,5.68,4.62,0.48,0.271
MTR0001,2024-01-30 17:30:00,218.76,221.75,222.94,6.71,5.8,4.57,0.536,0.203
MTR0001,2024-01-30 17:45:00,221.06,218.61,220.13,6.87,5.73,4.5,0.526,0.218
MTR0001,2024-01-30 18:00:00,222.36,221.53,220.18,6.47,5.45,4.21,0.485,0.17
MTR0001,2024-01-30 18:15:00,220.26,220.67,220.72,6.33,5.31,4.4,0.498,0.16
MTR0001,2024-01-30 18:30:00,221.96,221.36,220.09,6.31,4.91,4.28,0.411,0.251
MTR0001,2024-01-30 18:45:00,219.48,221.54,221.37,6.51,5.26,4.42,0.447,0.245
MTR0001,2024-01-30 19:00:00,220.84,220.89,221.94,5.93,4.77,3.95,0.389,0.215
MTR0001,2024-01-30 19:15:00,218.38,224.52,224.43,5.94,4.74,3.95,0.423,0.163
MTR0001,2024-01-30 19:30:00,221.86,221.77,219.89,5.73,4.79,4.12,0.427,0.21
MTR0001,2024-01-30 19:45:00,220.33,223.26,221.42,5.74,4.75,3.98,0.409,0.209
MTR0001,2024-01-30 20:00:00,221.54,220.27,221.63,5.23,4.33,3.75,0.348,0.221
MTR0001,2024-01-30 20:15:00,221.41,221.53,222.03,5.4,4.47,3.86,0.419,0.16
MTR0001,2024-01-30 20:30:00,219.91,221.1,218.6,5.49,4.64,4.02,0.403,0.187
MTR0001,2024-01-30 20:45:00,219.93,223.06,221.02,4.91,4.48,3.84,0.367,0.217
MTR0001,2024-01-30 21:00:00,220.47,224.03,221.3,5.21,4.18,3.49,0.41,0.141
MTR0001,2024-01-30 21:15:00,223.86,222.57,221.36,4.78,4.13,3.31,0.353,0.146
MTR0001,2024-01-30 21:30:00,221.62,223.13,218.1,5.01,4.22,3.69,0.359,0.159
MTR0001,2024-01-30 21:45:00,222.61,221.91,220.82,5.01,4.27,3.13,0.369,0.153
MTR0001,2024-01-30 22:00:00,219.28,223.26,221.27,4.84,3.8,3.13,0.334,0.194
MTR0001,2024-01-30 22:15:00,220.64,222.46,221.63,4.71,4.05,3.17,0.352,0.175
MTR0001,2024-01-30 22:30:00,219.3,221.15,220.2,4.92,3.82,3.36,0.395,0.15
MTR0001,2024-01-30 22:45:00,223.48,220.03,220.85,4.42,4.01,3.27,0.315,0.188
MTR0001,2024-01-30 23:00:00,219.32,222.35,221.54,4.37,3.89,2.91,0.312,0.172
MTR0001,2024-01-30 23:15:00,217.03,221.13,223.24,4.51,3.5,2.83,0.335,0.164
MTR0001,2024-01-30 23:30:00,220.31,223.47,222.17,4.51,3.73,3.17,0.307,0.149
MTR0001,2024-01-30 23:45:00,220.74,220.0,221.9,4.3,3.75,3.42,0.286,0.186
