idmeter,timestamp,vr,vs,vt,ir,is,it,wh,varh
MTR0001,2024-01-01 00:00:00,214.52,216.64,213.11,2.61,1.26,3.74,0.194,0.119
MTR0001,2024-01-01 00:15:00,214.52,216.64,213.11,2.61,1.26,3.74,0.194,0.119
MTR0001,2024-01-01 00:30:00,214.52,216.64,213.11,2.61,1.26,3.74,0.194,0.119
MTR0001,2024-01-01 00:45:00,214.52,216.64,213.11,2.61,1.26,3.74,0.194,0.119
MTR0001,2024-01-01 01:00:00,211.62,212.36,212.89,3.2,2.38,2.13,0.204,0.117
MTR0001,2024-01-01 01:15:00,211.62,212.36,212.89,3.2,2.38,2.13,0.204,0.117
MTR0001,2024-01-01 01:30:00,211.62,212.36,212.89,3.2,2.38,2.13,0.204,0.117
MTR0001,2024-01-01 01:45:00,211.62,212.36,212.89,3.2,2.38,2.13,0.204,0.117
MTR0001,2024-01-01 02:00:00,208.74,211.92,209.58,3.06,2.43,2.28,0.233,0.073
MTR0001,2024-01-01 02:15:00,208.74,211.92,209.58,3.06,2.43,2.28,0.233,0.073
MTR0001,2024-01-01 02:30:00,208.74,211.92,209.58,3.06,2.43,2.28,0.233,0.073
MTR0001,2024-01-01 02:45:00,208.74,211.92,209.58,3.06,2.43,2.28,0.233,0.073
MTR0001,2024-01-01 03:00:00,215.82,215.57,215.71,2.62,2.03,3.53,0.233,0.104
MTR0001,2024-01-01 03:15:00,215.82,215.57,215.71,2.62,2.03,3.53,0.233,0.104
MTR0001,2024-01-01 03:30:00,215.82,215.57,215.71,2.62,2.03,3.53,0.233,0.104
MTR0001,2024-01-01 03:45:00,215.82,215.57,215.71,2.62,2.03,3.53,0.233,0.104
MTR0001,2024-01-01 04:00:00,224.57,224.52,226.39,2.2,2.89,2.7,0.219,0.088
MTR0001,2024-01-01 04:15:00,224.57,224.52,226.39,2.2,2.89,2.7,0.219,0.088
MTR0001,2024-01-01 04:30:00,224.57,224.52,226.39,2.2,2.89,2.7,0.219,0.088
MTR0001,2024-01-01 04:45:00,224.57,224.52,226.39,2.2,2.89,2.7,0.219,0.088
MTR0001,2024-01-01 05:00:00,227.85,225.24,227.4,2.8,1.58,3.95,0.233,0.129
MTR0001,2024-01-01 05:15:00,227.85,225.24,227.4,2.8,1.58,3.95,0.233,0.129
MTR0001,2024-01-01 05:30:00,227.85,225.24,227.4,2.8,1.58,3.95,0.233,0.129
MTR0001,2024-01-01 05:45:00,227.85,225.24,227.4,2.8,1.58,3.95,0.233,0.129
MTR0001,2024-01-01 06:00:00,214.66,216.91,216.18,6.44,5.45,4.27,0.468,0.226
MTR0001,2024-01-01 06:15:00,214.66,216.91,216.18,6.44,5.45,4.27,0.468,0.226
MTR0001,2024-01-01 06:30:00,214.66,216.91,216.18,6.44,5.45,4.27,0.468,0.226
MTR0001,2024-01-01 06:45:00,214.66,216.91,216.18,6.44,5.45,4.27,0.468,0.226
MTR0001,2024-01-01 07:00:00,227.48,226.34,227.11,5.65,4.16,7.35,0.53,0.204
MTR0001,2024-01-01 07:15:00,227.48,226.34,227.11,5.65,4.16,7.35,0.53,0.204
MTR0001,2024-01-01 07:30:00,227.48,226.34,227.11,5.65,4.16,7.35,0.53,0.204
MTR0001,2024-01-01 07:45:00,227.48,226.34,227.11,5.65,4.16,7.35,0.53,0.204
MTR0001,2024-01-01 08:00:00,211.01,212.26,211.15,6.54,5.88,5.58,0.481,0.277
MTR0001,2024-01-01 08:15:00,211.01,212.26,211.15,6.54,5.88,5.58,0.481,0.277
MTR0001,2024-01-01 08:30:00,211.01,212.26,211.15,6.54,5.88,5.58,0.481,0.277
MTR0001,2024-01-01 08:45:00,211.01,212.26,211.15,6.54,5.88,5.58,0.481,0.277
MTR0001,2024-01-01 09:00:00,221.11,222.82,221.73,6.45,5.3,7.88,0.578,0.234
MTR0001,2024-01-01 09:15:00,221.11,222.82,221.73,6.45,5.3,7.88,0.578,0.234
MTR0001,2024-01-01 09:30:00,221.11,222.82,221.73,6.45,5.3,7.88,0.578,0.234
MTR0001,2024-01-01 09:45:00,221.11,222.82,221.73,6.45,5.3,7.88,0.578,0.234
MTR0001,2024-01-01 10:00:00,214.82,213.32,213.01,4.23,9.18,6.9,0.509,0.261
MTR0001,2024-01-01 10:15:00,214.82,213.32,213.01,4.23,9.18,6.9,0.509,0.261
MTR0001,2024-01-01 10:30:00,214.82,213.32,213.01,4.23,9.18,6.9,0.509,0.261
MTR0001,2024-01-01 10:45:00,214.82,213.32,213.01,4.23,9.18,6.9,0.509,0.261
MTR0001,2024-01-01 11:00:00,227.9,231.87,230.79,4.47,9.08,7.26,0.654,0.239
MTR0001,2024-01-01 11:15:00,227.9,231.87,230.79,4.47,9.08,7.26,0.654,0.239
MTR0001,2024-01-01 11:30:00,227.9,231.87,230.79,4.47,9.08,7.26,0.654,0.239
MTR0001,2024-01-01 11:45:00,227.9,231.87,230.79,4.47,9.08,7.26,0.654,0.239
MTR0001,2024-01-01 12:00:00,213.46,214.63,215.67,5.76,7.98,7.03,0.584,0.289
MTR0001,2024-01-01 12:15:00,213.46,214.63,215.67,5.76,7.98,7.03,0.584,0.289
MTR0001,2024-01-01 12:30:00,213.46,214.63,215.67,5.76,7.98,7.03,0.584,0.289
MTR0001,2024-01-01 12:45:00,213.46,214.63,215.67,5.76,7.98,7.03,0.584,0.289
MTR0001,2024-01-01 13:00:00,231.7,234.87,230.55,4.31,8.87,7.2,0.594,0.302
MTR0001,2024-01-01 13:15:00,231.7,234.87,230.55,4.31,8.87,7.2,0.594,0.302
MTR0001,2024-01-01 13:30:00,231.7,234.87,230.55,4.31,8.87,7.2,0.594,0.302
MTR0001,2024-01-01 13:45:00,231.7,234.87,230.55,4.31,8.87,7.2,0.594,0.302
MTR0001,2024-01-01 14:00:00,230.73,226.68,227.99,6.18,7.06,6.91,0.588,0.268
MTR0001,2024-01-01 14:15:00,230.73,226.68,227.99,6.18,7.06,6.91,0.588,0.268
MTR0001,2024-01-01 14:30:00,230.73,226.68,227.99,6.18,7.06,6.91,0.588,0.268
MTR0001,2024-01-01 14:45:00,230.73,226.68,227.99,6.18,7.06,6.91,0.588,0.268
MTR0001,2024-01-01 15:00:00,219.78,216.92,221.58,6.39,5.58,7.49,0.585,0.27
MTR0001,2024-01-01 15:15:00,219.78,216.92,221.58,6.39,5.58,7.49,0.585,0.27
MTR0001,2024-01-01 15:30:00,219.78,216.92,221.58,6.39,5.58,7.49,0.585,0.27
MTR0001,2024-01-01 15:45:00,219.78,216.92,221.58,6.39,5.58,7.49,0.585,0.27
MTR0001,2024-01-01 16:00:00,220.91,220.37,219.9,7.23,6.15,4.78,0.537,0.192
MTR0001,2024-01-01 16:15:00,220.91,220.37,219.9,7.23,6.15,4.78,0.537,0.192
MTR0001,2024-01-01 16:30:00,220.91,220.37,219.9,7.23,6.15,4.78,0.537,0.192
MTR0001,2024-01-01 16:45:00,220.91,220.37,219.9,7.23,6.15,4.78,0.537,0.192
MTR0001,2024-01-01 17:00:00,223.75,225.06,225.04,3.4,7.88,5.66,0.514,0.196
MTR0001,2024-01-01 17:15:00,223.75,225.06,225.04,3.4,7.88,5.66,0.514,0.196
MTR0001,2024-01-01 17:30:00,223.75,225.06,225.04,3.4,7.88,5.66,0.514,0.196
MTR0001,2024-01-01 17:45:00,223.75,225.06,225.04,3.4,7.88,5.66,0.514,0.196
MTR0001,2024-01-01 18:00:00,227.88,227.78,226.86,3.46,7.24,5.51,0.495,0.184
MTR0001,2024-01-01 18:15:00,227.88,227.78,226.86,3.46,7.24,5.51,0.495,0.184
MTR0001,2024-01-01 18:30:00,227.88,227.78,226.86,3.46,7.24,5.51,0.495,0.184
MTR0001,2024-01-01 18:45:00,227.88,227.78,226.86,3.46,7.24,5.51,0.495,0.184
MTR0001,2024-01-01 19:00:00,229.94,229.96,227.68,4.99,4.23,5.42,0.433,0.217
MTR0001,2024-01-01 19:15:00,229.94,229.96,227.68,4.99,4.23,5.42,0.433,0.217
MTR0001,2024-01-01 19:30:00,229.94,229.96,227.68,4.99,4.23,5.42,0.433,0.217
MTR0001,2024-01-01 19:45:00,229.94,229.96,227.68,4.99,4.23,5.42,0.433,0.217
MTR0001,2024-01-01 20:00:00,222.76,220.25,220.26,4.55,2.88,6.0,0.341,0.225
MTR0001,2024-01-01 20:15:00,222.76,220.25,220.26,4.55,2.88,6.0,0.341,0.225
MTR0001,2024-01-01 20:30:00,222.76,220.25,220.26,4.55,2.88,6.0,0.341,0.225
MTR0001,2024-01-01 20:45:00,222.76,220.25,220.26,4.55,2.88,6.0,0.341,0.225
MTR0001,2024-01-01 21:00:00,211.36,211.96,212.11,5.27,4.08,3.12,0.373,0.131
MTR0001,2024-01-01 21:15:00,211.36,211.96,212.11,5.27,4.08,3.12,0.373,0.131
MTR0001,2024-01-01 21:30:00,211.36,211.96,212.11,5.27,4.08,3.12,0.373,0.131
MTR0001,2024-01-01 21:45:00,211.36,211.96,212.11,5.27,4.08,3.12,0.373,0.131
MTR0001,2024-01-01 22:00:00,221.34,224.01,224.13,5.43,3.89,2.5,0.368,0.137
MTR0001,2024-01-01 22:15:00,221.34,224.01,224.13,5.43,3.89,2.5,0.368,0.137
MTR0001,2024-01-01 22:30:00,221.34,224.01,224.13,5.43,3.89,2.5,0.368,0.137
MTR0001,2024-01-01 22:45:00,221.34,224.01,224.13,5.43,3.89,2.5,0.368,0.137
MTR0001,2024-01-01 23:00:00,222.64,222.46,228.03,3.87,2.32,5.52,0.342,0.2
MTR0001,2024-01-01 23:15:00,222.64,222.46,228.03,3.87,2.32,5.52,0.342,0.2
MTR0001,2024-01-01 23:30:00,222.64,222.46,228.03,3.87,2.32,5.52,0.342,0.2
MTR0001,2024-01-01 23:45:00,222.64,222.46,228.03,3.87,2.32,5.52,0.342,0.2
MTR0001,2024-01-02 00:00:00,214.56,214.81,216.71,2.71,2.54,2.43,0.19,0.113
MTR0001,2024-01-02 00:15:00,214.56,214.81,216.71,2.71,2.54,2.43,0.19,0.113
MTR0001,2024-01-02 00:30:00,214.56,214.81,216.71,2.71,2.54,2.43,0.19,0.113
MTR0001,2024-01-02 00:45:00,214.56,214.81,216.71,2.71,2.54,2.43,0.19,0.113
MTR0001,2024-01-02 01:00:00,224.22,225.46,223.68,1.42,3.74,2.77,0.227,0.139
MTR0001,2024-01-02 01:15:00,224.22,225.46,223.68,1.42,3.74,2.77,0.227,0.139
MTR0001,2024-01-02 01:30:00,224.22,225.46,223.68,1.42,3.74,2.77,0.227,0.139
MTR0001,2024-01-02 01:45:00,224.22,225.46,223.68,1.42,3.74,2.77,0.227,0.139
MTR0001,2024-01-02 02:00:00,222.99,222.08,224.7,2.53,2.59,2.7,0.246,0.086
MTR0001,2024-01-02 02:15:00,222.99,222.08,224.7,2.53,2.59,2.7,0.246,0.086
MTR0001,2024-01-02 02:30:00,222.99,222.08,224.7,2.53,2.59,2.7,0.246,0.086
MTR0001,2024-01-02 02:45:00,222.99,222.08,224.7,2.53,2.59,2.7,0.246,0.086
MTR0001,2024-01-02 03:00:00,223.15,223.5,222.96,2.52,1.9,3.39,0.235,0.106
MTR0001,2024-01-02 03:15:00,223.15,223.5,222.96,2.52,1.9,3.39,0.235,0.106
MTR0001,2024-01-02 03:30:00,223.15,223.5,222.96,2.52,1.9,3.39,0.235,0.106
MTR0001,2024-01-02 03:45:00,223.15,223.5,222.96,2.52,1.9,3.39,0.235,0.106
MTR0001,2024-01-02 04:00:00,211.5,212.25,210.59,2.39,1.7,3.56,0.209,0.103
MTR0001,2024-01-02 04:15:00,211.5,212.25,210.59,2.39,1.7,3.56,0.209,0.103
MTR0001,2024-01-02 04:30:00,211.5,212.25,210.59,2.39,1.7,3.56,0.209,0.103
MTR0001,2024-01-02 04:45:00,211.5,212.25,210.59,2.39,1.7,3.56,0.209,0.103
MTR0001,2024-01-02 05:00:00,229.16,230.29,227.74,1.95,3.02,2.77,0.226,0.113
MTR0001,2024-01-02 05:15:00,229.16,230.29,227.74,1.95,3.02,2.77,0.226,0.113
MTR0001,2024-01-02 05:30:00,229.16,230.29,227.74,1.95,3.02,2.77,0.226,0.113
MTR0001,2024-01-02 05:45:00,229.16,230.29,227.74,1.95,3.02,2.77,0.226,0.113
MTR0001,2024-01-02 06:00:00,219.17,218.77,218.25,8.1,4.98,2.71,0.455,0.185
MTR0001,2024-01-02 06:15:00,219.17,218.77,218.25,8.1,4.98,2.71,0.455,0.185
MTR0001,2024-01-02 06:30:00,219.17,218.77,218.25,8.1,4.98,2.71,0.455,0.185
MTR0001,2024-01-02 06:45:00,219.17,218.77,218.25,8.1,4.98,2.71,0.455,0.185
MTR0001,2024-01-02 07:00:00,223.29,222.04,223.06,5.62,4.74,6.94,0.521,0.202
MTR0001,2024-01-02 07:15:00,223.29,222.04,223.06,5.62,4.74,6.94,0.521,0.202
MTR0001,2024-01-02 07:30:00,223.29,222.04,223.06,5.62,4.74,6.94,0.521,0.202
MTR0001,2024-01-02 07:45:00,223.29,222.04,223.06,5.62,4.74,6.94,0.521,0.202
MTR0001,2024-01-02 08:00:00,230.52,229.71,232.33,6.11,4.58,7.58,0.521,0.287
MTR0001,2024-01-02 08:15:00,230.52,229.71,232.33,6.11,4.58,7.58,0.521,0.287
MTR0001,2024-01-02 08:30:00,230.52,229.71,232.33,6.11,4.58,7.58,0.521,0.287
MTR0001,2024-01-02 08:45:00,230.52,229.71,232.33,6.11,4.58,7.58,0.521,0.287
MTR0001,2024-01-02 09:00:00,224.75,225.21,225.27,9.08,6.31,4.15,0.613,0.262
MTR0001,2024-01-02 09:15:00,224.75,225.21,225.27,9.08,6.31,4.15,0.613,0.262
MTR0001,2024-01-02 09:30:00,224.75,225.21,225.27,9.08,6.31,4.15,0.613,0.262
MTR0001,2024-01-02 09:45:00,224.75,225.21,225.27,9.08,6.31,4.15,0.613,0.262
MTR0001,2024-01-02 10:00:00,208.97,213.15,211.32,5.07,8.2,7.12,0.536,0.317
MTR0001,2024-01-02 10:15:00,208.97,213.15,211.32,5.07,8.2,7.12,0.536,0.317
MTR0001,2024-01-02 10:30:00,208.97,213.15,211.32,5.07,8.2,7.12,0.536,0.317
MTR0001,2024-01-02 10:45:00,208.97,213.15,211.32,5.07,8.2,7.12,0.536,0.317
MTR0001,2024-01-02 11:00:00,209.81,213.02,211.76,8.04,6.69,6.08,0.569,0.22
MTR0001,2024-01-02 11:15:00,209.81,213.02,211.76,8.04,6.69,6.08,0.569,0.22
MTR0001,2024-01-02 11:30:00,209.81,213.02,211.76,8.04,6.69,6.08,0.569,0.22
MTR0001,2024-01-02 11:45:00,209.81,213.02,211.76,8.04,6.69,6.08,0.569,0.22
MTR0001,2024-01-02 12:00:00,219.9,224.62,225.47,3.86,9.49,7.37,0.644,0.223
MTR0001,2024-01-02 12:15:00,219.9,224.62,225.47,3.86,9.49,7.37,0.644,0.223
MTR0001,2024-01-02 12:30:00,219.9,224.62,225.47,3.86,9.49,7.37,0.644,0.223
MTR0001,2024-01-02 12:45:00,219.9,224.62,225.47,3.86,9.49,7.37,0.644,0.223
MTR0001,2024-01-02 13:00:00,221.28,221.12,223.14,5.08,8.39,6.89,0.607,0.243
MTR0001,2024-01-02 13:15:00,221.28,221.12,223.14,5.08,8.39,6.89,0.607,0.243
MTR0001,2024-01-02 13:30:00,221.28,221.12,223.14,5.08,8.39,6.89,0.607,0.243
MTR0001,2024-01-02 13:45:00,221.28,221.12,223.14,5.08,8.39,6.89,0.607,0.243
MTR0001,2024-01-02 14:00:00,216.67,216.91,214.85,9.03,6.38,4.33,0.537,0.303
MTR0001,2024-01-02 14:15:00,216.67,216.91,214.85,9.03,6.38,4.33,0.537,0.303
MTR0001,2024-01-02 14:30:00,216.67,216.91,214.85,9.03,6.38,4.33,0.537,0.303
MTR0001,2024-01-02 14:45:00,216.67,216.91,214.85,9.03,6.38,4.33,0.537,0.303
MTR0001,2024-01-02 15:00:00,229.03,231.23,230.38,5.48,7.6,6.56,0.597,0.267
MTR0001,2024-01-02 15:15:00,229.03,231.23,230.38,5.48,7.6,6.56,0.597,0.267
MTR0001,2024-01-02 15:30:00,229.03,231.23,230.38,5.48,7.6,6.56,0.597,0.267
MTR0001,2024-01-02 15:45:00,229.03,231.23,230.38,5.48,7.6,6.56,0.597,0.267
MTR0001,2024-01-02 16:00:00,223.36,226.63,223.57,6.11,4.12,8.12,0.562,0.245
MTR0001,2024-01-02 16:15:00,223.36,226.63,223.57,6.11,4.12,8.12,0.562,0.245
MTR0001,2024-01-02 16:30:00,223.36,226.63,223.57,6.11,4.12,8.12,0.562,0.245
MTR0001,2024-01-02 16:45:00,223.36,226.63,223.57,6.11,4.12,8.12,0.562,0.245
MTR0001,2024-01-02 17:00:00,227.79,229.71,228.62,5.55,4.09,7.34,0.476,0.293
MTR0001,2024-01-02 17:15:00,227.79,229.71,228.62,5.55,4.09,7.34,0.476,0.293
MTR0001,2024-01-02 17:30:00,227.79,229.71,228.62,5.55,4.09,7.34,0.476,0.293
MTR0001,2024-01-02 17:45:00,227.79,229.71,228.62,5.55,4.09,7.34,0.476,0.293
MTR0001,2024-01-02 18:00:00,218.79,218.93,219.61,5.39,3.61,7.06,0.472,0.17
MTR0001,2024-01-02 18:15:00,218.79,218.93,219.61,5.39,3.61,7.06,0.472,0.17
MTR0001,2024-01-02 18:30:00,218.79,218.93,219.61,5.39,3.61,7.06,0.472,0.17
MTR0001,2024-01-02 18:45:00,218.79,218.93,219.61,5.39,3.61,7.06,0.472,0.17
MTR0001,2024-01-02 19:00:00,223.65,223.79,223.82,4.77,2.76,7.16,0.403,0.234
MTR0001,2024-01-02 19:15:00,223.65,223.79,223.82,4.77,2.76,7.16,0.403,0.234
MTR0001,2024-01-02 19:30:00,223.65,223.79,223.82,4.77,2.76,7.16,0.403,0.234
MTR0001,2024-01-02 19:45:00,223.65,223.79,223.82,4.77,2.76,7.16,0.403,0.234
MTR0001,2024-01-02 20:00:00,230.38,229.88,230.01,6.89,4.3,2.45,0.457,0.143
MTR0001,2024-01-02 20:15:00,230.38,229.88,230.01,6.89,4.3,2.45,0.457,0.143
MTR0001,2024-01-02 20:30:00,230.38,229.88,230.01,6.89,4.3,2.45,0.457,0.143
MTR0001,2024-01-02 20:45:00,230.38,229.88,230.01,6.89,4.3,2.45,0.457,0.143
MTR0001,2024-01-02 21:00:00,218.02,219.55,217.45,4.16,1.98,6.18,0.314,0.192
MTR0001,2024-01-02 21:15:00,218.02,219.55,217.45,4.16,1.98,6.18,0.314,0.192
MTR0001,2024-01-02 21:30:00,218.02,219.55,217.45,4.16,1.98,6.18,0.314,0.192
MTR0001,2024-01-02 21:45:00,218.02,219.55,217.45,4.16,1.98,6.18,0.314,0.192
MTR0001,2024-01-02 22:00:00,231.75,231.97,229.81,5.01,3.91,2.64,0.356,0.185
MTR0001,2024-01-02 22:15:00,231.75,231.97,229.81,5.01,3.91,2.64,0.356,0.185
MTR0001,2024-01-02 22:30:00,231.75,231.97,229.81,5.01,3.91,2.64,0.356,0.185
MTR0001,2024-01-02 22:45:00,231.75,231.97,229.81,5.01,3.91,2.64,0.356,0.185
MTR0001,2024-01-02 23:00:00,215.67,214.9,214.73,3.72,3.34,4.34,0.32,0.162
MTR0001,2024-01-02 23:15:00,215.67,214.9,214.73,3.72,3.34,4.34,0.32,0.162
MTR0001,2024-01-02 23:30:00,215.67,214.9,214.73,3.72,3.34,4.34,0.32,0.162
MTR0001,2024-01-02 23:45:00,215.67,214.9,214.73,3.72,3.34,4.34,0.32,0.162
MTR0001,2024-01-03 00:00:00,230.21,230.53,230.33,2.53,2.97,3.0,0.231,0.112
MTR0001,2024-01-03 00:15:00,230.21,230.53,230.33,2.53,2.97,3.0,0.231,0.112
MTR0001,2024-01-03 00:30:00,230.21,230.53,230.33,2.53,2.97,3.0,0.231,0.112
MTR0001,2024-01-03 00:45:00,230.21,230.53,230.33,2.53,2.97,3.0,0.231,0.112
MTR0001,2024-01-03 01:00:00,221.42,221.29,224.03,2.3,1.48,3.95,0.193,0.116
MTR0001,2024-01-03 01:15:00,221.42,221.29,224.03,2.3,1.48,3.95,0.193,0.116
MTR0001,2024-01-03 01:30:00,221.42,221.29,224.03,2.3,1.48,3.95,0.193,0.116
MTR0001,2024-01-03 01:45:00,221.42,221.29,224.03,2.3,1.48,3.95,0.193,0.116
MTR0001,2024-01-03 02:00:00,214.68,215.22,214.48,2.77,1.73,3.73,0.218,0.103
MTR0001,2024-01-03 02:15:00,214.68,215.22,214.48,2.77,1.73,3.73,0.218,0.103
MTR0001,2024-01-03 02:30:00,214.68,215.22,214.48,2.77,1.73,3.73,0.218,0.103
MTR0001,2024-01-03 02:45:00,214.68,215.22,214.48,2.77,1.73,3.73,0.218,0.103
MTR0001,2024-01-03 03:00:00,228.59,229.56,229.87,1.7,3.33,2.58,0.224,0.095
MTR0001,2024-01-03 03:15:00,228.59,229.56,229.87,1.7,3.33,2.58,0.224,0.095
MTR0001,2024-01-03 03:30:00,228.59,229.56,229.87,1.7,3.33,2.58,0.224,0.095
MTR0001,2024-01-03 03:45:00,228.59,229.56,229.87,1.7,3.33,2.58,0.224,0.095
MTR0001,2024-01-03 04:00:00,222.87,222.51,226.11,2.26,1.9,3.55,0.205,0.123
MTR0001,2024-01-03 04:15:00,222.87,222.51,226.11,2.26,1.9,3.55,0.205,0.123
MTR0001,2024-01-03 04:30:00,222.87,222.51,226.11,2.26,1.9,3.55,0.205,0.123
MTR0001,2024-01-03 04:45:00,222.87,222.51,226.11,2.26,1.9,3.55,0.205,0.123
MTR0001,2024-01-03 05:00:00,222.26,222.62,224.98,2.8,2.58,2.99,0.212,0.114
MTR0001,2024-01-03 05:15:00,222.26,222.62,224.98,2.8,2.58,2.99,0.212,0.114
MTR0001,2024-01-03 05:30:00,222.26,222.62,224.98,2.8,2.58,2.99,0.212,0.114
MTR0001,2024-01-03 05:45:00,222.26,222.62,224.98,2.8,2.58,2.99,0.212,0.114
MTR0001,2024-01-03 06:00:00,228.36,234.06,227.74,6.46,5.05,4.3,0.5,0.178
MTR0001,2024-01-03 06:15:00,228.36,234.06,227.74,6.46,5.05,4.3,0.5,0.178
MTR0001,2024-01-03 06:30:00,228.36,234.06,227.74,6.46,5.05,4.3,0.5,0.178
MTR0001,2024-01-03 06:45:00,228.36,234.06,227.74,6.46,5.05,4.3,0.5,0.178
MTR0001,2024-01-03 07:00:00,224.44,223.82,224.61,5.61,3.19,8.29,0.462,0.286
MTR0001,2024-01-03 07:15:00,224.44,223.82,224.61,5.61,3.19,8.29,0.462,0.286
MTR0001,2024-01-03 07:30:00,224.44,223.82,224.61,5.61,3.19,8.29,0.462,0.286
MTR0001,2024-01-03 07:45:00,224.44,223.82,224.61,5.61,3.19,8.29,0.462,0.286
MTR0001,2024-01-03 08:00:00,210.36,209.76,209.28,6.01,5.2,7.15,0.531,0.276
MTR0001,2024-01-03 08:15:00,210.36,209.76,209.28,6.01,5.2,7.15,0.531,0.276
MTR0001,2024-01-03 08:30:00,210.36,209.76,209.28,6.01,5.2,7.15,0.531,0.276
MTR0001,2024-01-03 08:45:00,210.36,209.76,209.28,6.01,5.2,7.15,0.531,0.276
MTR0001,2024-01-03 09:00:00,229.49,230.54,229.56,4.47,8.53,6.76,0.573,0.326
MTR0001,2024-01-03 09:15:00,229.49,230.54,229.56,4.47,8.53,6.76,0.573,0.326
MTR0001,2024-01-03 09:30:00,229.49,230.54,229.56,4.47,8.53,6.76,0.573,0.326
MTR0001,2024-01-03 09:45:00,229.49,230.54,229.56,4.47,8.53,6.76,0.573,0.326
MTR0001,2024-01-03 10:00:00,217.09,219.78,219.01,8.77,6.52,4.35,0.584,0.213
MTR0001,2024-01-03 10:15:00,217.09,219.78,219.01,8.77,6.52,4.35,0.584,0.213
MTR0001,2024-01-03 10:30:00,217.09,219.78,219.01,8.77,6.52,4.35,0.584,0.213
MTR0001,2024-01-03 10:45:00,217.09,219.78,219.01,8.77,6.52,4.35,0.584,0.213
MTR0001,2024-01-03 11:00:00,231.5,232.28,233.15,3.29,10.03,6.92,0.639,0.231
MTR0001,2024-01-03 11:15:00,231.5,232.28,233.15,3.29,10.03,6.92,0.639,0.231
MTR0001,2024-01-03 11:30:00,231.5,232.28,233.15,3.29,10.03,6.92,0.639,0.231
MTR0001,2024-01-03 11:45:00,231.5,232.28,233.15,3.29,10.03,6.92,0.639,0.231
MTR0001,2024-01-03 12:00:00,220.23,217.84,220.84,7.99,6.75,5.44,0.581,0.209
MTR0001,2024-01-03 12:15:00,220.23,217.84,220.84,7.99,6.75,5.44,0.581,0.209
MTR0001,2024-01-03 12:30:00,220.23,217.84,220.84,7.99,6.75,5.44,0.581,0.209
MTR0001,2024-01-03 12:45:00,220.23,217.84,220.84,7.99,6.75,5.44,0.581,0.209
MTR0001,2024-01-03 13:00:00,214.02,216.12,216.16,6.16,7.21,7.17,0.567,0.314
MTR0001,2024-01-03 13:15:00,214.02,216.12,216.16,6.16,7.21,7.17,0.567,0.314
MTR0001,2024-01-03 13:30:00,214.02,216.12,216.16,6.16,7.21,7.17,0.567,0.314
MTR0001,2024-01-03 13:45:00,214.02,216.12,216.16,6.16,7.21,7.17,0.567,0.314
MTR0001,2024-01-03 14:00:00,224.12,225.91,225.27,6.43,6.9,6.93,0.554,0.332
MTR0001,2024-01-03 14:15:00,224.12,225.91,225.27,6.43,6.9,6.93,0.554,0.332
MTR0001,2024-01-03 14:30:00,224.12,225.91,225.27,6.43,6.9,6.93,0.554,0.332
MTR0001,2024-01-03 14:45:00,224.12,225.91,225.27,6.43,6.9,6.93,0.554,0.332
MTR0001,2024-01-03 15:00:00,229.52,229.72,228.02,7.6,6.38,5.75,0.601,0.294
MTR0001,2024-01-03 15:15:00,229.52,229.72,228.02,7.6,6.38,5.75,0.601,0.294
MTR0001,2024-01-03 15:30:00,229.52,229.72,228.02,7.6,6.38,5.75,0.601,0.294
MTR0001,2024-01-03 15:45:00,229.52,229.72,228.02,7.6,6.38,5.75,0.601,0.294
MTR0001,2024-01-03 16:00:00,218.67,221.07,221.78,5.89,3.8,8.66,0.517,0.295
MTR0001,2024-01-03 16:15:00,218.67,221.07,221.78,5.89,3.8,8.66,0.517,0.295
MTR0001,2024-01-03 16:30:00,218.67,221.07,221.78,5.89,3.8,8.66,0.517,0.295
MTR0001,2024-01-03 16:45:00,218.67,221.07,221.78,5.89,3.8,8.66,0.517,0.295
MTR0001,2024-01-03 17:00:00,221.34,222.34,220.81,5.87,2.89,9.06,0.508,0.262
MTR0001,2024-01-03 17:15:00,221.34,222.34,220.81,5.87,2.89,9.06,0.508,0.262
MTR0001,2024-01-03 17:30:00,221.34,222.34,220.81,5.87,2.89,9.06,0.508,0.262
MTR0001,2024-01-03 17:45:00,221.34,222.34,220.81,5.87,2.89,9.06,0.508,0.262
MTR0001,2024-01-03 18:00:00,222.37,222.54,224.21,3.93,6.44,5.22,0.47,0.248
MTR0001,2024-01-03 18:15:00,222.37,222.54,224.21,3.93,6.44,5.22,0.47,0.248
MTR0001,2024-01-03 18:30:00,222.37,222.54,224.21,3.93,6.44,5.22,0.47,0.248
MTR0001,2024-01-03 18:45:00,222.37,222.54,224.21,3.93,6.44,5.22,0.47,0.248
MTR0001,2024-01-03 19:00:00,216.51,221.71,221.08,4.74,3.35,6.36,0.401,0.245
MTR0001,2024-01-03 19:15:00,216.51,221.71,221.08,4.74,3.35,6.36,0.401,0.245
MTR0001,2024-01-03 19:30:00,216.51,221.71,221.08,4.74,3.35,6.36,0.401,0.245
MTR0001,2024-01-03 19:45:00,216.51,221.71,221.08,4.74,3.35,6.36,0.401,0.245
MTR0001,2024-01-03 20:00:00,217.63,216.29,216.76,6.3,4.19,2.75,0.37,0.136
MTR0001,2024-01-03 20:15:00,217.63,216.29,216.76,6.3,4.19,2.75,0.37,0.136
MTR0001,2024-01-03 20:30:00,217.63,216.29,216.76,6.3,4.19,2.75,0.37,0.136
MTR0001,2024-01-03 20:45:00,217.63,216.29,216.76,6.3,4.19,2.75,0.37,0.136
MTR0001,2024-01-03 21:00:00,215.75,218.38,215.23,4.31,4.27,4.28,0.334,0.157
MTR0001,2024-01-03 21:15:00,215.75,218.38,215.23,4.31,4.27,4.28,0.334,0.157
MTR0001,2024-01-03 21:30:00,215.75,218.38,215.23,4.31,4.27,4.28,0.334,0.157
MTR0001,2024-01-03 21:45:00,215.75,218.38,215.23,4.31,4.27,4.28,0.334,0.157
MTR0001,2024-01-03 22:00:00,216.57,219.26,215.22,5.36,3.84,2.71,0.355,0.185
MTR0001,2024-01-03 22:15:00,216.57,219.26,215.22,5.36,3.84,2.71,0.355,0.185
MTR0001,2024-01-03 22:30:00,216.57,219.26,215.22,5.36,3.84,2.71,0.355,0.185
MTR0001,2024-01-03 22:45:00,216.57,219.26,215.22,5.36,3.84,2.71,0.355,0.185
MTR0001,2024-01-03 23:00:00,212.25,213.87,215.13,3.18,4.07,3.76,0.307,0.164
MTR0001,2024-01-03 23:15:00,212.25,213.87,215.13,3.18,4.07,3.76,0.307,0.164
MTR0001,2024-01-03 23:30:00,212.25,213.87,215.13,3.18,4.07,3.76,0.307,0.164
MTR0001,2024-01-03 23:45:00,212.25,213.87,215.13,3.18,4.07,3.76,0.307,0.164
MTR0001,2024-01-04 00:00:00,227.86,226.08,228.78,2.93,2.29,2.81,0.271,0.095
MTR0001,2024-01-04 00:15:00,227.86,226.08,228.78,2.93,2.29,2.81,0.271,0.095
MTR0001,2024-01-04 00:30:00,227.86,226.08,228.78,2.93,2.29,2.81,0.271,0.095
MTR0001,2024-01-04 00:45:00,227.86,226.08,228.78,2.93,2.29,2.81,0.271,0.095
MTR0001,2024-01-04 01:00:00,217.42,218.75,220.23,2.61,2.17,2.98,0.257,0.102
MTR0001,2024-01-04 01:15:00,217.42,218.75,220.23,2.61,2.17,2.98,0.257,0.102
MTR0001,2024-01-04 01:30:00,217.42,218.75,220.23,2.61,2.17,2.98,0.257,0.102
MTR0001,2024-01-04 01:45:00,217.42,218.75,220.23,2.61,2.17,2.98,0.257,0.102
MTR0001,2024-01-04 02:00:00,227.62,232.82,234.72,1.65,3.47,2.86,0.28,0.096
MTR0001,2024-01-04 02:15:00,227.62,232.82,234.72,1.65,3.47,2.86,0.28,0.096
MTR0001,2024-01-04 02:30:00,227.62,232.82,234.72,1.65,3.47,2.86,0.28,0.096
MTR0001,2024-01-04 02:45:00,227.62,232.82,234.72,1.65,3.47,2.86,0.28,0.096
MTR0001,2024-01-04 03:00:00,213.42,211.16,211.42,2.67,1.68,3.82,0.243,0.119
MTR0001,2024-01-04 03:15:00,213.42,211.16,211.42,2.67,1.68,3.82,0.243,0.119
MTR0001,2024-01-04 03:30:00,213.42,211.16,211.42,2.67,1.68,3.82,0.243,0.119
MTR0001,2024-01-04 03:45:00,213.42,211.16,211.42,2.67,1.68,3.82,0.243,0.119
MTR0001,2024-01-04 04:00:00,212.67,212.61,212.44,2.89,2.56,2.63,0.214,0.117
MTR0001,2024-01-04 04:15:00,212.67,212.61,212.44,2.89,2.56,2.63,0.214,0.117
MTR0001,2024-01-04 04:30:00,212.67,212.61,212.44,2.89,2.56,2.63,0.214,0.117
MTR0001,2024-01-04 04:45:00,212.67,212.61,212.44,2.89,2.56,2.63,0.214,0.117
MTR0001,2024-01-04 05:00:00,229.33,229.33,229.5,2.39,2.29,2.83,0.289,0.074
MTR0001,2024-01-04 05:15:00,229.33,229.33,229.5,2.39,2.29,2.83,0.289,0.074
MTR0001,2024-01-04 05:30:00,229.33,229.33,229.5,2.39,2.29,2.83,0.289,0.074
MTR0001,2024-01-04 05:45:00,229.33,229.33,229.5,2.39,2.29,2.83,0.289,0.074
MTR0001,2024-01-04 06:00:00,219.51,222.03,224.66,6.76,5.1,3.93,0.46,0.266
MTR0001,2024-01-04 06:15:00,219.51,222.03,224.66,6.76,5.1,3.93,0.46,0.266
MTR0001,2024-01-04 06:30:00,219.51,222.03,224.66,6.76,5.1,3.93,0.46,0.266
MTR0001,2024-01-04 06:45:00,219.51,222.03,224.66,6.76,5.1,3.93,0.46,0.266
MTR0001,2024-01-04 07:00:00,230.73,233.62,231.21,5.67,3.66,8.27,0.545,0.251
MTR0001,2024-01-04 07:15:00,230.73,233.62,231.21,5.67,3.66,8.27,0.545,0.251
MTR0001,2024-01-04 07:30:00,230.73,233.62,231.21,5.67,3.66,8.27,0.545,0.251
MTR0001,2024-01-04 07:45:00,230.73,233.62,231.21,5.67,3.66,8.27,0.545,0.251
MTR0001,2024-01-04 08:00:00,212.2,214.57,218.24,6.31,3.79,8.38,0.498,0.21
MTR0001,2024-01-04 08:15:00,212.2,214.57,218.24,6.31,3.79,8.38,0.498,0.21
MTR0001,2024-01-04 08:30:00,212.2,214.57,218.24,6.31,3.79,8.38,0.498,0.21
MTR0001,2024-01-04 08:45:00,212.2,214.57,218.24,6.31,3.79,8.38,0.498,0.21
MTR0001,2024-01-04 09:00:00,220.89,221.47,222.2,6.36,4.3,8.69,0.568,0.305
MTR0001,2024-01-04 09:15:00,220.89,221.47,222.2,6.36,4.3,8.69,0.568,0.305
MTR0001,2024-01-04 09:30:00,220.89,221.47,222.2,6.36,4.3,8.69,0.568,0.305
MTR0001,2024-01-04 09:45:00,220.89,221.47,222.2,6.36,4.3,8.69,0.568,0.305
MTR0001,2024-01-04 10:00:00,233.68,235.54,231.25,6.53,4.26,9.31,0.584,0.351
MTR0001,2024-01-04 10:15:00,233.68,235.54,231.25,6.53,4.26,9.31,0.584,0.351
MTR0001,2024-01-04 10:30:00,233.68,235.54,231.25,6.53,4.26,9.31,0.584,0.351
MTR0001,2024-01-04 10:45:00,233.68,235.54,231.25,6.53,4.26,9.31,0.584,0.351
MTR0001,2024-01-04 11:00:00,213.1,213.67,213.98,3.45,10.14,6.95,0.551,0.313
MTR0001,2024-01-04 11:15:00,213.1,213.67,213.98,3.45,10.14,6.95,0.551,0.313
MTR0001,2024-01-04 11:30:00,213.1,213.67,213.98,3.45,10.14,6.95,0.551,0.313
MTR0001,2024-01-04 11:45:00,213.1,213.67,213.98,3.45,10.14,6.95,0.551,0.313
MTR0001,2024-01-04 12:00:00,213.68,213.87,213.47,6.68,3.31,10.17,0.57,0.262
MTR0001,2024-01-04 12:15:00,213.68,213.87,213.47,6.68,3.31,10.17,0.57,0.262
MTR0001,2024-01-04 12:30:00,213.68,213.87,213.47,6.68,3.31,10.17,0.57,0.262
MTR0001,2024-01-04 12:45:00,213.68,213.87,213.47,6.68,3.31,10.17,0.57,0.262
MTR0001,2024-01-04 13:00:00,222.84,223.52,220.39,6.44,7.03,7.24,0.614,0.25
MTR0001,2024-01-04 13:15:00,222.84,223.52,220.39,6.44,7.03,7.24,0.614,0.25
MTR0001,2024-01-04 13:30:00,222.84,223.52,220.39,6.44,7.03,7.24,0.614,0.25
MTR0001,2024-01-04 13:45:00,222.84,223.52,220.39,6.44,7.03,7.24,0.614,0.25
MTR0001,2024-01-04 14:00:00,229.06,225.78,227.1,6.41,3.69,10.14,0.581,0.333
MTR0001,2024-01-04 14:15:00,229.06,225.78,227.1,6.41,3.69,10.14,0.581,0.333
MTR0001,2024-01-04 14:30:00,229.06,225.78,227.1,6.41,3.69,10.14,0.581,0.333
MTR0001,2024-01-04 14:45:00,229.06,225.78,227.1,6.41,3.69,10.14,0.581,0.333
MTR0001,2024-01-04 15:00:00,218.89,223.46,226.42,8.34,6.48,4.4,0.558,0.259
MTR0001,2024-01-04 15:15:00,218.89,223.46,226.42,8.34,6.48,4.4,0.558,0.259
MTR0001,2024-01-04 15:30:00,218.89,223.46,226.42,8.34,6.48,4.4,0.558,0.259
MTR0001,2024-01-04 15:45:00,218.89,223.46,226.42,8.34,6.48,4.4,0.558,0.259
MTR0001,2024-01-04 16:00:00,217.31,218.3,218.77,3.22,8.71,6.46,0.496,0.302
MTR0001,2024-01-04 16:15:00,217.31,218.3,218.77,3.22,8.71,6.46,0.496,0.302
MTR0001,2024-01-04 16:30:00,217.31,218.3,218.77,3.22,8.71,6.46,0.496,0.302
MTR0001,2024-01-04 16:45:00,217.31,218.3,218.77,3.22,8.71,6.46,0.496,0.302
MTR0001,2024-01-04 17:00:00,220.41,220.66,218.49,5.58,2.88,8.42,0.487,0.199
MTR0001,2024-01-04 17:15:00,220.41,220.66,218.49,5.58,2.88,8.42,0.487,0.199
MTR0001,2024-01-04 17:30:00,220.41,220.66,218.49,5.58,2.88,8.42,0.487,0.199
MTR0001,2024-01-04 17:45:00,220.41,220.66,218.49,5.58,2.88,8.42,0.487,0.199
MTR0001,2024-01-04 18:00:00,217.11,221.74,219.64,4.92,5.47,5.41,0.424,0.218
MTR0001,2024-01-04 18:15:00,217.11,221.74,219.64,4.92,5.47,5.41,0.424,0.218
MTR0001,2024-01-04 18:30:00,217.11,221.74,219.64,4.92,5.47,5.41,0.424,0.218
MTR0001,2024-01-04 18:45:00,217.11,221.74,219.64,4.92,5.47,5.41,0.424,0.218
MTR0001,2024-01-04 19:00:00,230.35,232.41,231.52,4.02,5.5,5.15,0.409,0.257
MTR0001,2024-01-04 19:15:00,230.35,232.41,231.52,4.02,5.5,5.15,0.409,0.257
MTR0001,2024-01-04 19:30:00,230.35,232.41,231.52,4.02,5.5,5.15,0.409,0.257
MTR0001,2024-01-04 19:45:00,230.35,232.41,231.52,4.02,5.5,5.15,0.409,0.257
MTR0001,2024-01-04 20:00:00,224.13,225.61,224.86,4.56,3.31,5.72,0.363,0.225
MTR0001,2024-01-04 20:15:00,224.13,225.61,224.86,4.56,3.31,5.72,0.363,0.225
MTR0001,2024-01-04 20:30:00,224.13,225.61,224.86,4.56,3.31,5.72,0.363,0.225
MTR0001,2024-01-04 20:45:00,224.13,225.61,224.86,4.56,3.31,5.72,0.363,0.225
MTR0001,2024-01-04 21:00:00,219.03,217.79,220.13,4.71,4.18,3.8,0.354,0.139
MTR0001,2024-01-04 21:15:00,219.03,217.79,220.13,4.71,4.18,3.8,0.354,0.139
MTR0001,2024-01-04 21:30:00,219.03,217.79,220.13,4.71,4.18,3.8,0.354,0.139
MTR0001,2024-01-04 21:45:00,219.03,217.79,220.13,4.71,4.18,3.8,0.354,0.139
MTR0001,2024-01-04 22:00:00,213.79,214.34,213.2,3.38,4.39,4.01,0.312,0.179
MTR0001,2024-01-04 22:15:00,213.79,214.34,213.2,3.38,4.39,4.01,0.312,0.179
MTR0001,2024-01-04 22:30:00,213.79,214.34,213.2,3.38,4.39,4.01,0.312,0.179
MTR0001,2024-01-04 22:45:00,213.79,214.34,213.2,3.38,4.39,4.01,0.312,0.179
MTR0001,2024-01-04 23:00:00,218.18,216.02,216.55,3.52,2.71,4.65,0.306,0.156
MTR0001,2024-01-04 23:15:00,218.18,216.02,216.55,3.52,2.71,4.65,0.306,0.156
MTR0001,2024-01-04 23:30:00,218.18,216.02,216.55,3.52,2.71,4.65,0.306,0.156
MTR0001,2024-01-04 23:45:00,218.18,216.02,216.55,3.52,2.71,4.65,0.306,0.156
MTR0001,2024-01-05 00:00:00,217.56,217.16,216.6,2.57,1.65,3.81,0.203,0.123
MTR0001,2024-01-05 00:15:00,217.56,217.16,216.6,2.57,1.65,3.81,0.203,0.123
MTR0001,2024-01-05 00:30:00,217.56,217.16,216.6,2.57,1.65,3.81,0.203,0.123
MTR0001,2024-01-05 00:45:00,217.56,217.16,216.6,2.57,1.65,3.81,0.203,0.123
MTR0001,2024-01-05 01:00:00,213.74,210.36,213.09,2.77,2.48,2.33,0.217,0.077
MTR0001,2024-01-05 01:15:00,213.74,210.36,213.09,2.77,2.48,2.33,0.217,0.077
MTR0001,2024-01-05 01:30:00,213.74,210.36,213.09,2.77,2.48,2.33,0.217,0.077
MTR0001,2024-01-05 01:45:00,213.74,210.36,213.09,2.77,2.48,2.33,0.217,0.077
MTR0001,2024-01-05 02:00:00,232.25,227.14,230.99,2.57,2.44,2.47,0.245,0.086
MTR0001,2024-01-05 02:15:00,232.25,227.14,230.99,2.57,2.44,2.47,0.245,0.086
MTR0001,2024-01-05 02:30:00,232.25,227.14,230.99,2.57,2.44,2.47,0.245,0.086
MTR0001,2024-01-05 02:45:00,232.25,227.14,230.99,2.57,2.44,2.47,0.245,0.086
MTR0001,2024-01-05 03:00:00,217.57,216.67,218.71,2.66,2.31,3.17,0.259,0.092
MTR0001,2024-01-05 03:15:00,217.57,216.67,218.71,2.66,2.31,3.17,0.259,0.092
MTR0001,2024-01-05 03:30:00,217.57,216.67,218.71,2.66,2.31,3.17,0.259,0.092
MTR0001,2024-01-05 03:45:00,217.57,216.67,218.71,2.66,2.31,3.17,0.259,0.092
MTR0001,2024-01-05 04:00:00,213.26,214.87,209.94,2.1,2.95,2.56,0.203,0.102
MTR0001,2024-01-05 04:15:00,213.26,214.87,209.94,2.1,2.95,2.56,0.203,0.102
MTR0001,2024-01-05 04:30:00,213.26,214.87,209.94,2.1,2.95,2.56,0.203,0.102
MTR0001,2024-01-05 04:45:00,213.26,214.87,209.94,2.1,2.95,2.56,0.203,0.102
MTR0001,2024-01-05 05:00:00,229.23,231.94,230.96,2.31,1.88,3.71,0.244,0.14
MTR0001,2024-01-05 05:15:00,229.23,231.94,230.96,2.31,1.88,3.71,0.244,0.14
MTR0001,2024-01-05 05:30:00,229.23,231.94,230.96,2.31,1.88,3.71,0.244,0.14
MTR0001,2024-01-05 05:45:00,229.23,231.94,230.96,2.31,1.88,3.71,0.244,0.14
MTR0001,2024-01-05 06:00:00,221.1,219.82,216.34,7.68,5.29,3.17,0.432,0.244
MTR0001,2024-01-05 06:15:00,221.1,219.82,216.34,7.68,5.29,3.17,0.432,0.244
MTR0001,2024-01-05 06:30:00,221.1,219.82,216.34,7.68,5.29,3.17,0.432,0.244
MTR0001,2024-01-05 06:45:00,221.1,219.82,216.34,7.68,5.29,3.17,0.432,0.244
MTR0001,2024-01-05 07:00:00,211.17,214.52,212.19,5.36,5.99,5.53,0.453,0.238
MTR0001,2024-01-05 07:15:00,211.17,214.52,212.19,5.36,5.99,5.53,0.453,0.238
MTR0001,2024-01-05 07:30:00,211.17,214.52,212.19,5.36,5.99,5.53,0.453,0.238
MTR0001,2024-01-05 07:45:00,211.17,214.52,212.19,5.36,5.99,5.53,0.453,0.238
MTR0001,2024-01-05 08:00:00,215.12,215.35,216.68,6.15,4.21,8.42,0.513,0.282
MTR0001,2024-01-05 08:15:00,215.12,215.35,216.68,6.15,4.21,8.42,0.513,0.282
MTR0001,2024-01-05 08:30:00,215.12,215.35,216.68,6.15,4.21,8.42,0.513,0.282
MTR0001,2024-01-05 08:45:00,215.12,215.35,216.68,6.15,4.21,8.42,0.513,0.282
MTR0001,2024-01-05 09:00:00,232.16,232.37,230.93,6.16,5.94,7.35,0.599,0.237
MTR0001,2024-01-05 09:15:00,232.16,232.37,230.93,6.16,5.94,7.35,0.599,0.237
MTR0001,2024-01-05 09:30:00,232.16,232.37,230.93,6.16,5.94,7.35,0.599,0.237
MTR0001,2024-01-05 09:45:00,232.16,232.37,230.93,6.16,5.94,7.35,0.599,0.237
MTR0001,2024-01-05 10:00:00,213.97,213.92,212.01,6.6,6.11,7.67,0.583,0.234
MTR0001,2024-01-05 10:15:00,213.97,213.92,212.01,6.6,6.11,7.67,0.583,0.234
MTR0001,2024-01-05 10:30:00,213.97,213.92,212.01,6.6,6.11,7.67,0.583,0.234
MTR0001,2024-01-05 10:45:00,213.97,213.92,212.01,6.6,6.11,7.67,0.583,0.234
MTR0001,2024-01-05 11:00:00,224.3,225.84,226.73,6.22,7.05,7.23,0.552,0.325
MTR0001,2024-01-05 11:15:00,224.3,225.84,226.73,6.22,7.05,7.23,0.552,0.325
MTR0001,2024-01-05 11:30:00,224.3,225.84,226.73,6.22,7.05,7.23,0.552,0.325
MTR0001,2024-01-05 11:45:00,224.3,225.84,226.73,6.22,7.05,7.23,0.552,0.325
MTR0001,2024-01-05 12:00:00,219.63,222.19,226.29,10.12,6.93,3.57,0.617,0.232
MTR0001,2024-01-05 12:15:00,219.63,222.19,226.29,10.12,6.93,3.57,0.617,0.232
MTR0001,2024-01-05 12:30:00,219.63,222.19,226.29,10.12,6.93,3.57,0.617,0.232
MTR0001,2024-01-05 12:45:00,219.63,222.19,226.29,10.12,6.93,3.57,0.617,0.232
MTR0001,2024-01-05 13:00:00,230.5,231.05,233.01,7.48,6.78,6.3,0.608,0.317
MTR0001,2024-01-05 13:15:00,230.5,231.05,233.01,7.48,6.78,6.3,0.608,0.317
MTR0001,2024-01-05 13:30:00,230.5,231.05,233.01,7.48,6.78,6.3,0.608,0.317
MTR0001,2024-01-05 13:45:00,230.5,231.05,233.01,7.48,6.78,6.3,0.608,0.317
MTR0001,2024-01-05 14:00:00,218.26,217.69,218.6,7.56,6.77,5.74,0.547,0.314
MTR0001,2024-01-05 14:15:00,218.26,217.69,218.6,7.56,6.77,5.74,0.547,0.314
MTR0001,2024-01-05 14:30:00,218.26,217.69,218.6,7.56,6.77,5.74,0.547,0.314
MTR0001,2024-01-05 14:45:00,218.26,217.69,218.6,7.56,6.77,5.74,0.547,0.314
MTR0001,2024-01-05 15:00:00,220.65,220.43,220.49,8.14,6.83,4.75,0.564,0.307
MTR0001,2024-01-05 15:15:00,220.65,220.43,220.49,8.14,6.83,4.75,0.564,0.307
MTR0001,2024-01-05 15:30:00,220.65,220.43,220.49,8.14,6.83,4.75,0.564,0.307
MTR0001,2024-01-05 15:45:00,220.65,220.43,220.49,8.14,6.83,4.75,0.564,0.307
MTR0001,2024-01-05 16:00:00,229.14,231.73,230.97,3.97,7.79,6.19,0.495,0.283
MTR0001,2024-01-05 16:15:00,229.14,231.73,230.97,3.97,7.79,6.19,0.495,0.283
MTR0001,2024-01-05 16:30:00,229.14,231.73,230.97,3.97,7.79,6.19,0.495,0.283
MTR0001,2024-01-05 16:45:00,229.14,231.73,230.97,3.97,7.79,6.19,0.495,0.283
MTR0001,2024-01-05 17:00:00,220.39,221.23,223.06,6.64,5.73,5.02,0.563,0.189
MTR0001,2024-01-05 17:15:00,220.39,221.23,223.06,6.64,5.73,5.02,0.563,0.189
MTR0001,2024-01-05 17:30:00,220.39,221.23,223.06,6.64,5.73,5.02,0.563,0.189
MTR0001,2024-01-05 17:45:00,220.39,221.23,223.06,6.64,5.73,5.02,0.563,0.189
MTR0001,2024-01-05 18:00:00,219.21,218.28,217.14,7.79,5.02,3.12,0.442,0.227
MTR0001,2024-01-05 18:15:00,219.21,218.28,217.14,7.79,5.02,3.12,0.442,0.227
MTR0001,2024-01-05 18:30:00,219.21,218.28,217.14,7.79,5.02,3.12,0.442,0.227
MTR0001,2024-01-05 18:45:00,219.21,218.28,217.14,7.79,5.02,3.12,0.442,0.227
MTR0001,2024-01-05 19:00:00,222.8,227.63,225.72,5.76,4.59,4.23,0.441,0.16
MTR0001,2024-01-05 19:15:00,222.8,227.63,225.72,5.76,4.59,4.23,0.441,0.16
MTR0001,2024-01-05 19:30:00,222.8,227.63,225.72,5.76,4.59,4.23,0.441,0.16
MTR0001,2024-01-05 19:45:00,222.8,227.63,225.72,5.76,4.59,4.23,0.441,0.16
MTR0001,2024-01-05 20:00:00,227.45,226.58,229.35,4.01,4.99,4.58,0.393,0.191
MTR0001,2024-01-05 20:15:00,227.45,226.58,229.35,4.01,4.99,4.58,0.393,0.191
MTR0001,2024-01-05 20:30:00,227.45,226.58,229.35,4.01,4.99,4.58,0.393,0.191
MTR0001,2024-01-05 20:45:00,227.45,226.58,229.35,4.01,4.99,4.58,0.393,0.191
MTR0001,2024-01-05 21:00:00,227.82,228.17,228.85,4.68,3.84,3.9,0.376,0.162
MTR0001,2024-01-05 21:15:00,227.82,228.17,228.85,4.68,3.84,3.9,0.376,0.162
MTR0001,2024-01-05 21:30:00,227.82,228.17,228.85,4.68,3.84,3.9,0.376,0.162
MTR0001,2024-01-05 21:45:00,227.82,228.17,228.85,4.68,3.84,3.9,0.376,0.162
MTR0001,2024-01-05 22:00:00,227.33,231.17,226.5,4.67,3.94,3.15,0.304,0.204
MTR0001,2024-01-05 22:15:00,227.33,231.17,226.5,4.67,3.94,3.15,0.304,0.204
MTR0001,2024-01-05 22:30:00,227.33,231.17,226.5,4.67,3.94,3.15,0.304,0.204
MTR0001,2024-01-05 22:45:00,227.33,231.17,226.5,4.67,3.94,3.15,0.304,0.204
MTR0001,2024-01-05 23:00:00,209.09,210.76,211.2,3.91,3.25,4.24,0.301,0.136
MTR0001,2024-01-05 23:15:00,209.09,210.76,211.2,3.91,3.25,4.24,0.301,0.136
MTR0001,2024-01-05 23:30:00,209.09,210.76,211.2,3.91,3.25,4.24,0.301,0.136
MTR0001,2024-01-05 23:45:00,209.09,210.76,211.2,3.91,3.25,4.24,0.301,0.136
MTR0001,2024-01-06 00:00:00,226.85,225.99,225.73,1.86,1.46,2.36,0.156,0.089
MTR0001,2024-01-06 00:15:00,226.85,225.99,225.73,1.76,1.39,2.25,0.147,0.084
MTR0001,2024-01-06 00:30:00,226.85,225.99,225.73,1.76,1.39,2.25,0.147,0.084
MTR0001,2024-01-06 00:45:00,226.85,225.99,225.73,1.76,1.39,2.25,0.147,0.084
MTR0001,2024-01-06 01:00:00,214.98,212.57,213.36,1.7,2.01,2.17,0.178,0.09
MTR0001,2024-01-06 01:15:00,214.98,212.57,213.36,1.83,2.18,2.33,0.19,0.098
MTR0001,2024-01-06 01:30:00,214.98,212.57,213.36,1.83,2.18,2.33,0.19,0.098
MTR0001,2024-01-06 01:45:00,214.98,212.57,213.36,1.83,2.18,2.33,0.19,0.098
MTR0001,2024-01-06 02:00:00,211.78,212.63,210.59,2.06,1.82,2.13,0.178,0.078
MTR0001,2024-01-06 02:15:00,211.78,212.63,210.59,1.94,1.7,2.02,0.168,0.073
MTR0001,2024-01-06 02:30:00,211.78,212.63,210.59,1.94,1.7,2.02,0.168,0.073
MTR0001,2024-01-06 02:45:00,211.78,212.63,210.59,1.94,1.7,2.02,0.168,0.073
MTR0001,2024-01-06 03:00:00,210.02,211.13,209.18,3.09,1.81,1.16,0.149,0.07
MTR0001,2024-01-06 03:15:00,210.02,211.13,209.18,2.99,1.75,1.13,0.143,0.068
MTR0001,2024-01-06 03:30:00,210.02,211.13,209.18,2.99,1.75,1.13,0.143,0.068
MTR0001,2024-01-06 03:45:00,210.02,211.13,209.18,2.99,1.75,1.13,0.143,0.068
MTR0001,2024-01-06 04:00:00,216.23,217.1,218.11,1.71,2.27,1.92,0.128,0.08
MTR0001,2024-01-06 04:15:00,216.23,217.1,218.11,1.85,2.44,2.08,0.141,0.087
MTR0001,2024-01-06 04:30:00,216.23,217.1,218.11,1.85,2.44,2.08,0.141,0.087
MTR0001,2024-01-06 04:45:00,216.23,217.1,218.11,1.85,2.44,2.08,0.141,0.087
MTR0001,2024-01-06 05:00:00,212.83,212.79,213.58,1.28,2.57,1.92,0.146,0.088
MTR0001,2024-01-06 05:15:00,212.83,212.79,213.58,1.13,2.23,1.66,0.127,0.077
MTR0001,2024-01-06 05:30:00,212.83,212.79,213.58,1.13,2.23,1.66,0.127,0.077
MTR0001,2024-01-06 05:45:00,212.83,212.79,213.58,1.13,2.23,1.66,0.127,0.077
MTR0001,2024-01-06 06:00:00,209.82,212.88,211.34,3.34,3.74,3.85,0.357,0.12
MTR0001,2024-01-06 06:15:00,209.82,212.88,211.34,3.27,3.67,3.78,0.351,0.118
MTR0001,2024-01-06 06:30:00,209.82,212.88,211.34,3.27,3.67,3.78,0.351,0.118
MTR0001,2024-01-06 06:45:00,209.82,212.88,211.34,3.27,3.67,3.78,0.351,0.118
MTR0001,2024-01-06 07:00:00,224.44,224.09,224.91,1.97,5.43,4.23,0.345,0.161
MTR0001,2024-01-06 07:15:00,224.44,224.09,224.91,1.75,4.83,3.8,0.308,0.143
MTR0001,2024-01-06 07:30:00,224.44,224.09,224.91,1.75,4.83,3.8,0.308,0.143
MTR0001,2024-01-06 07:45:00,224.44,224.09,224.91,1.75,4.83,3.8,0.308,0.143
MTR0001,2024-01-06 08:00:00,209.5,212.2,208.5,3.65,3.01,4.09,0.301,0.136
MTR0001,2024-01-06 08:15:00,209.5,212.2,208.5,4.2,3.47,4.76,0.347,0.158
MTR0001,2024-01-06 08:30:00,209.5,212.2,208.5,4.2,3.47,4.76,0.347,0.158
MTR0001,2024-01-06 08:45:00,209.5,212.2,208.5,4.2,3.47,4.76,0.347,0.158
MTR0001,2024-01-06 09:00:00,222.59,220.7,219.52,2.63,5.96,4.47,0.385,0.183
MTR0001,2024-01-06 09:15:00,222.59,220.7,219.52,2.26,5.22,3.89,0.337,0.16
MTR0001,2024-01-06 09:30:00,222.59,220.7,219.52,2.26,5.22,3.89,0.337,0.16
MTR0001,2024-01-06 09:45:00,222.59,220.7,219.52,2.26,5.22,3.89,0.337,0.16
MTR0001,2024-01-06 10:00:00,224.92,224.11,222.68,4.17,3.75,4.47,0.379,0.12
MTR0001,2024-01-06 10:15:00,224.92,224.11,222.68,4.69,4.23,5.05,0.427,0.136
MTR0001,2024-01-06 10:30:00,224.92,224.11,222.68,4.69,4.23,5.05,0.427,0.136
MTR0001,2024-01-06 10:45:00,224.92,224.11,222.68,4.69,4.23,5.05,0.427,0.136
MTR0001,2024-01-06 11:00:00,222.27,219.89,217.69,4.69,4.65,4.76,0.453,0.153
MTR0001,2024-01-06 11:15:00,222.27,219.89,217.69,4.97,4.93,5.05,0.479,0.162
MTR0001,2024-01-06 11:30:00,222.27,219.89,217.69,4.97,4.93,5.05,0.479,0.162
MTR0001,2024-01-06 11:45:00,222.27,219.89,217.69,4.97,4.93,5.05,0.479,0.162
MTR0001,2024-01-06 12:00:00,227.73,229.14,228.18,3.3,6.34,5.09,0.468,0.188
MTR0001,2024-01-06 12:15:00,227.73,229.14,228.18,3.51,6.74,5.41,0.497,0.2
MTR0001,2024-01-06 12:30:00,227.73,229.14,228.18,3.51,6.74,5.41,0.497,0.2
MTR0001,2024-01-06 12:45:00,227.73,229.14,228.18,3.51,6.74,5.41,0.497,0.2
MTR0001,2024-01-06 13:00:00,224.38,225.81,226.41,6.19,5.26,4.18,0.443,0.262
MTR0001,2024-01-06 13:15:00,224.38,225.81,226.41,6.01,5.12,4.06,0.431,0.255
MTR0001,2024-01-06 13:30:00,224.38,225.81,226.41,6.01,5.12,4.06,0.431,0.255
MTR0001,2024-01-06 13:45:00,224.38,225.81,226.41,6.01,5.12,4.06,0.431,0.255
MTR0001,2024-01-06 14:00:00,226.67,227.0,227.0,7.35,4.92,2.8,0.478,0.212
MTR0001,2024-01-06 14:15:00,226.67,227.0,227.0,6.62,4.43,2.52,0.435,0.19
MTR0001,2024-01-06 14:30:00,226.67,227.0,227.0,6.62,4.43,2.52,0.435,0.19
MTR0001,2024-01-06 14:45:00,226.67,227.0,227.0,6.62,4.43,2.52,0.435,0.19
MTR0001,2024-01-06 15:00:00,216.61,215.28,216.23,2.93,5.94,4.37,0.36,0.16
MTR0001,2024-01-06 15:15:00,216.61,215.28,216.23,3.06,6.24,4.6,0.379,0.168
MTR0001,2024-01-06 15:30:00,216.61,215.28,216.23,3.06,6.24,4.6,0.379,0.168
MTR0001,2024-01-06 15:45:00,216.61,215.28,216.23,3.06,6.24,4.6,0.379,0.168
MTR0001,2024-01-06 16:00:00,218.33,212.11,216.01,4.46,4.11,4.86,0.345,0.193
MTR0001,2024-01-06 16:15:00,218.33,212.11,216.01,4.32,3.99,4.71,0.334,0.188
MTR0001,2024-01-06 16:30:00,218.33,212.11,216.01,4.32,3.99,4.71,0.334,0.188
MTR0001,2024-01-06 16:45:00,218.33,212.11,216.01,4.32,3.99,4.71,0.334,0.188
MTR0001,2024-01-06 17:00:00,216.25,216.48,219.35,2.31,5.7,4.19,0.345,0.155
MTR0001,2024-01-06 17:15:00,216.25,216.48,219.35,2.35,5.79,4.25,0.35,0.157
MTR0001,2024-01-06 17:30:00,216.25,216.48,219.35,2.35,5.79,4.25,0.35,0.157
MTR0001,2024-01-06 17:45:00,216.25,216.48,219.35,2.35,5.79,4.25,0.35,0.157
MTR0001,2024-01-06 18:00:00,212.53,212.1,211.62,2.02,5.39,3.87,0.322,0.153
MTR0001,2024-01-06 18:15:00,212.53,212.1,211.62,1.89,5.04,3.62,0.302,0.143
MTR0001,2024-01-06 18:30:00,212.53,212.1,211.62,1.89,5.04,3.62,0.302,0.143
MTR0001,2024-01-06 18:45:00,212.53,212.1,211.62,1.89,5.04,3.62,0.302,0.143
MTR0001,2024-01-06 19:00:00,228.08,230.67,231.09,2.72,3.45,3.4,0.33,0.101
MTR0001,2024-01-06 19:15:00,228.08,230.67,231.09,3.05,3.84,3.78,0.364,0.113
MTR0001,2024-01-06 19:30:00,228.08,230.67,231.09,3.05,3.84,3.78,0.364,0.113
MTR0001,2024-01-06 19:45:00,228.08,230.67,231.09,3.05,3.84,3.78,0.364,0.113
MTR0001,2024-01-06 20:00:00,222.33,223.05,225.58,2.39,4.0,3.39,0.252,0.162
MTR0001,2024-01-06 20:15:00,222.33,223.05,225.58,2.37,3.97,3.36,0.25,0.16
MTR0001,2024-01-06 20:30:00,222.33,223.05,225.58,2.37,3.97,3.36,0.25,0.16
MTR0001,2024-01-06 20:45:00,222.33,223.05,225.58,2.37,3.97,3.36,0.25,0.16
MTR0001,2024-01-06 21:00:00,215.95,214.79,215.31,1.95,3.95,3.18,0.217,0.143
MTR0001,2024-01-06 21:15:00,215.95,214.79,215.31,1.64,3.3,2.67,0.178,0.119
MTR0001,2024-01-06 21:30:00,215.95,214.79,215.31,1.64,3.3,2.67,0.178,0.119
MTR0001,2024-01-06 21:45:00,215.95,214.79,215.31,1.64,3.3,2.67,0.178,0.119
MTR0001,2024-01-06 22:00:00,210.56,216.18,216.19,2.59,2.02,2.66,0.196,0.12
MTR0001,2024-01-06 22:15:00,210.56,216.18,216.19,3.11,2.46,3.27,0.238,0.145
MTR0001,2024-01-06 22:30:00,210.56,216.18,216.19,3.11,2.46,3.27,0.238,0.145
MTR0001,2024-01-06 22:45:00,210.56,216.18,216.19,3.11,2.46,3.27,0.238,0.145
MTR0001,2024-01-06 23:00:00,228.94,230.4,230.23,3.98,2.73,1.88,0.284,0.1
MTR0001,2024-01-06 23:15:00,228.94,230.4,230.23,3.51,2.4,1.67,0.253,0.089
MTR0001,2024-01-06 23:30:00,228.94,230.4,230.23,3.51,2.4,1.67,0.253,0.089
MTR0001,2024-01-06 23:45:00,228.94,230.4,230.23,3.51,2.4,1.67,0.253,0.089
MTR0001,2024-01-07 00:00:00,213.63,213.03,214.74,1.01,1.25,0.87,0.099,0.03
MTR0001,2024-01-07 00:15:00,213.63,213.03,214.74,1.24,1.49,1.12,0.12,0.037
MTR0001,2024-01-07 00:30:00,213.63,213.03,214.74,1.24,1.49,1.12,0.12,0.037
MTR0001,2024-01-07 00:45:00,213.63,213.03,214.74,1.24,1.49,1.12,0.12,0.037
MTR0001,2024-01-07 01:00:00,212.91,213.7,211.56,1.61,1.01,1.76,0.148,0.058
MTR0001,2024-01-07 01:15:00,212.91,213.7,211.56,1.28,0.77,1.32,0.119,0.046
MTR0001,2024-01-07 01:30:00,212.91,213.7,211.56,1.28,0.77,1.32,0.119,0.046
MTR0001,2024-01-07 01:45:00,212.91,213.7,211.56,1.28,0.77,1.32,0.119,0.046
MTR0001,2024-01-07 02:00:00,214.49,218.08,217.24,1.06,0.3,1.47,0.083,0.05
MTR0001,2024-01-07 02:15:00,214.49,218.08,217.24,1.55,0.64,2.13,0.123,0.074
MTR0001,2024-01-07 02:30:00,214.49,218.08,217.24,1.55,0.64,2.13,0.123,0.074
MTR0001,2024-01-07 02:45:00,214.49,218.08,217.24,1.55,0.64,2.13,0.123,0.074
MTR0001,2024-01-07 03:00:00,233.15,229.23,227.83,1.96,1.53,1.23,0.102,0.047
MTR0001,2024-01-07 03:15:00,233.15,229.23,227.83,1.45,1.1,0.87,0.062,0.032
MTR0001,2024-01-07 03:30:00,233.15,229.23,227.83,1.45,1.1,0.87,0.062,0.032
MTR0001,2024-01-07 03:45:00,233.15,229.23,227.83,1.45,1.1,0.87,0.062,0.032
MTR0001,2024-01-07 04:00:00,231.63,232.11,229.85,1.52,0.74,1.6,0.119,0.051
MTR0001,2024-01-07 04:15:00,231.63,232.11,229.85,1.65,0.83,1.8,0.132,0.057
MTR0001,2024-01-07 04:30:00,231.63,232.11,229.85,1.65,0.83,1.8,0.132,0.057
MTR0001,2024-01-07 04:45:00,231.63,232.11,229.85,1.65,0.83,1.8,0.132,0.057
MTR0001,2024-01-07 05:00:00,220.66,221.29,221.6,0.71,1.89,1.24,0.132,0.051
MTR0001,2024-01-07 05:15:00,220.66,221.29,221.6,0.74,1.97,1.3,0.137,0.053
MTR0001,2024-01-07 05:30:00,220.66,221.29,221.6,0.74,1.97,1.3,0.137,0.053
MTR0001,2024-01-07 05:45:00,220.66,221.29,221.6,0.74,1.97,1.3,0.137,0.053
MTR0001,2024-01-07 06:00:00,223.16,220.0,220.4,2.69,2.43,2.96,0.264,0.123
MTR0001,2024-01-07 06:15:00,223.16,220.0,220.4,3.12,2.84,3.43,0.301,0.142
MTR0001,2024-01-07 06:30:00,223.16,220.0,220.4,3.12,2.84,3.43,0.301,0.142
MTR0001,2024-01-07 06:45:00,223.16,220.0,220.4,3.12,2.84,3.43,0.301,0.142
MTR0001,2024-01-07 07:00:00,219.46,219.0,218.38,3.49,2.83,3.97,0.294,0.113
MTR0001,2024-01-07 07:15:00,219.46,219.0,218.38,3.14,2.54,3.55,0.262,0.101
MTR0001,2024-01-07 07:30:00,219.46,219.0,218.38,3.14,2.54,3.55,0.262,0.101
MTR0001,2024-01-07 07:45:00,219.46,219.0,218.38,3.14,2.54,3.55,0.262,0.101
MTR0001,2024-01-07 08:00:00,224.08,229.98,228.36,2.46,3.87,3.41,0.297,0.146
MTR0001,2024-01-07 08:15:00,224.08,229.98,228.36,2.18,3.45,3.05,0.266,0.131
MTR0001,2024-01-07 08:30:00,224.08,229.98,228.36,2.18,3.45,3.05,0.266,0.131
MTR0001,2024-01-07 08:45:00,224.08,229.98,228.36,2.18,3.45,3.05,0.266,0.131
MTR0001,2024-01-07 09:00:00,209.12,214.4,214.34,1.78,3.86,3.01,0.233,0.104
MTR0001,2024-01-07 09:15:00,209.12,214.4,214.34,1.51,3.26,2.56,0.195,0.089
MTR0001,2024-01-07 09:30:00,209.12,214.4,214.34,1.51,3.26,2.56,0.195,0.089
MTR0001,2024-01-07 09:45:00,209.12,214.4,214.34,1.51,3.26,2.56,0.195,0.089
MTR0001,2024-01-07 10:00:00,226.54,225.72,227.09,3.13,2.65,2.08,0.242,0.127
MTR0001,2024-01-07 10:15:00,226.54,225.72,227.09,4.36,3.67,2.94,0.331,0.176
MTR0001,2024-01-07 10:30:00,226.54,225.72,227.09,4.36,3.67,2.94,0.331,0.176
MTR0001,2024-01-07 10:45:00,226.54,225.72,227.09,4.36,3.67,2.94,0.331,0.176
MTR0001,2024-01-07 11:00:00,226.22,226.76,225.42,2.56,4.97,4.09,0.329,0.177
MTR0001,2024-01-07 11:15:00,226.22,226.76,225.42,2.2,4.27,3.54,0.282,0.153
MTR0001,2024-01-07 11:30:00,226.22,226.76,225.42,2.2,4.27,3.54,0.282,0.153
MTR0001,2024-01-07 11:45:00,226.22,226.76,225.42,2.2,4.27,3.54,0.282,0.153
MTR0001,2024-01-07 12:00:00,215.27,214.24,213.64,2.85,1.94,4.71,0.219,0.154
MTR0001,2024-01-07 12:15:00,215.27,214.24,213.64,3.51,2.37,5.61,0.272,0.186
MTR0001,2024-01-07 12:30:00,215.27,214.24,213.64,3.51,2.37,5.61,0.272,0.186
MTR0001,2024-01-07 12:45:00,215.27,214.24,213.64,3.51,2.37,5.61,0.272,0.186
MTR0001,2024-01-07 13:00:00,223.31,219.96,225.67,4.97,4.17,2.91,0.317,0.186
MTR0001,2024-01-07 13:15:00,223.31,219.96,225.67,3.9,3.34,2.29,0.245,0.147
MTR0001,2024-01-07 13:30:00,223.31,219.96,225.67,3.9,3.34,2.29,0.245,0.147
MTR0001,2024-01-07 13:45:00,223.31,219.96,225.67,3.9,3.34,2.29,0.245,0.147
MTR0001,2024-01-07 14:00:00,213.76,211.45,216.22,2.92,2.26,3.88,0.279,0.109
MTR0001,2024-01-07 14:15:00,213.76,211.45,216.22,3.38,2.61,4.48,0.319,0.127
MTR0001,2024-01-07 14:30:00,213.76,211.45,216.22,3.38,2.61,4.48,0.319,0.127
MTR0001,2024-01-07 14:45:00,213.76,211.45,216.22,3.38,2.61,4.48,0.319,0.127
MTR0001,2024-01-07 15:00:00,226.84,230.28,230.05,4.26,3.18,2.58,0.277,0.151
MTR0001,2024-01-07 15:15:00,226.84,230.28,230.05,4.19,3.12,2.54,0.272,0.149
MTR0001,2024-01-07 15:30:00,226.84,230.28,230.05,4.19,3.12,2.54,0.272,0.149
MTR0001,2024-01-07 15:45:00,226.84,230.28,230.05,4.19,3.12,2.54,0.272,0.149
MTR0001,2024-01-07 16:00:00,215.47,217.4,217.41,4.11,3.19,2.07,0.281,0.13
MTR0001,2024-01-07 16:15:00,215.47,217.4,217.41,3.37,2.64,1.7,0.235,0.107
MTR0001,2024-01-07 16:30:00,215.47,217.4,217.41,3.37,2.64,1.7,0.235,0.107
MTR0001,2024-01-07 16:45:00,215.47,217.4,217.41,3.37,2.64,1.7,0.235,0.107
MTR0001,2024-01-07 17:00:00,226.21,227.6,226.52,2.98,2.42,1.69,0.196,0.101
MTR0001,2024-01-07 17:15:00,226.21,227.6,226.52,4.13,3.27,2.29,0.273,0.137
MTR0001,2024-01-07 17:30:00,226.21,227.6,226.52,4.13,3.27,2.29,0.273,0.137
MTR0001,2024-01-07 17:45:00,226.21,227.6,226.52,4.13,3.27,2.29,0.273,0.137
MTR0001,2024-01-07 18:00:00,228.68,228.7,229.88,1.8,3.93,2.97,0.242,0.147
MTR0001,2024-01-07 18:15:00,228.68,228.7,229.88,1.64,3.61,2.72,0.221,0.134
MTR0001,2024-01-07 18:30:00,228.68,228.7,229.88,1.64,3.61,2.72,0.221,0.134
MTR0001,2024-01-07 18:45:00,228.68,228.7,229.88,1.64,3.61,2.72,0.221,0.134
MTR0001,2024-01-07 19:00:00,219.07,218.08,219.94,2.48,2.21,2.63,0.246,0.092
MTR0001,2024-01-07 19:15:00,219.07,218.08,219.94,2.75,2.46,2.94,0.27,0.103
MTR0001,2024-01-07 19:30:00,219.07,218.08,219.94,2.75,2.46,2.94,0.27,0.103
MTR0001,2024-01-07 19:45:00,219.07,218.08,219.94,2.75,2.46,2.94,0.27,0.103
MTR0001,2024-01-07 20:00:00,230.1,233.39,230.73,1.53,3.86,2.89,0.241,0.147
MTR0001,2024-01-07 20:15:00,230.1,233.39,230.73,1.56,3.95,2.95,0.246,0.15
MTR0001,2024-01-07 20:30:00,230.1,233.39,230.73,1.56,3.95,2.95,0.246,0.15
MTR0001,2024-01-07 20:45:00,230.1,233.39,230.73,1.56,3.95,2.95,0.246,0.15
MTR0001,2024-01-07 21:00:00,228.08,230.08,226.81,2.64,1.23,3.72,0.199,0.106
MTR0001,2024-01-07 21:15:00,228.08,230.08,226.81,2.11,0.92,2.93,0.15,0.084
MTR0001,2024-01-07 21:30:00,228.08,230.08,226.81,2.11,0.92,2.93,0.15,0.084
MTR0001,2024-01-07 21:45:00,228.08,230.08,226.81,2.11,0.92,2.93,0.15,0.084
MTR0001,2024-01-07 22:00:00,210.09,210.06,210.17,1.95,1.07,2.56,0.113,0.077
MTR0001,2024-01-07 22:15:00,210.09,210.06,210.17,2.45,1.39,3.26,0.154,0.099
MTR0001,2024-01-07 22:30:00,210.09,210.06,210.17,2.45,1.39,3.26,0.154,0.099
MTR0001,2024-01-07 22:45:00,210.09,210.06,210.17,2.45,1.39,3.26,0.154,0.099
MTR0001,2024-01-07 23:00:00,218.89,216.9,216.62,2.25,1.09,3.51,0.155,0.105
MTR0001,2024-01-07 23:15:00,218.89,216.9,216.62,1.68,0.77,2.65,0.107,0.078
MTR0001,2024-01-07 23:30:00,218.89,216.9,216.62,1.68,0.77,2.65,0.107,0.078
MTR0001,2024-01-07 23:45:00,218.89,216.9,216.62,1.68,0.77,2.65,0.107,0.078
MTR0001,2024-01-08 00:00:00,228.61,230.33,234.06,2.55,2.01,3.56,0.208,0.131
MTR0001,2024-01-08 00:15:00,228.61,230.33,234.06,2.55,2.01,3.56,0.208,0.131
MTR0001,2024-01-08 00:30:00,228.61,230.33,234.06,2.55,2.01,3.56,0.208,0.131
MTR0001,2024-01-08 00:45:00,228.61,230.33,234.06,2.55,2.01,3.56,0.208,0.131
MTR0001,2024-01-08 01:00:00,223.05,223.11,221.64,2.71,2.14,2.98,0.226,0.12
MTR0001,2024-01-08 01:15:00,223.05,223.11,221.64,2.71,2.14,2.98,0.226,0.12
MTR0001,2024-01-08 01:30:00,223.05,223.11,221.64,2.71,2.14,2.98,0.226,0.12
MTR0001,2024-01-08 01:45:00,223.05,223.11,221.64,2.71,2.14,2.98,0.226,0.12
MTR0001,2024-01-08 02:00:00,215.91,214.88,215.23,2.99,2.46,2.72,0.248,0.083
MTR0001,2024-01-08 02:15:00,215.91,214.88,215.23,2.99,2.46,2.72,0.248,0.083
MTR0001,2024-01-08 02:30:00,215.91,214.88,215.23,2.99,2.46,2.72,0.248,0.083
MTR0001,2024-01-08 02:45:00,215.91,214.88,215.23,2.99,2.46,2.72,0.248,0.083
MTR0001,2024-01-08 03:00:00,232.74,232.27,230.11,4.04,2.54,1.34,0.213,0.138
MTR0001,2024-01-08 03:15:00,232.74,232.27,230.11,4.04,2.54,1.34,0.213,0.138
MTR0001,2024-01-08 03:30:00,232.74,232.27,230.11,4.04,2.54,1.34,0.213,0.138
MTR0001,2024-01-08 03:45:00,232.74,232.27,230.11,4.04,2.54,1.34,0.213,0.138
MTR0001,2024-01-08 04:00:00,229.5,227.29,227.84,1.86,3.43,2.61,0.245,0.102
MTR0001,2024-01-08 04:15:00,229.5,227.29,227.84,1.86,3.43,2.61,0.245,0.102
MTR0001,2024-01-08 04:30:00,229.5,227.29,227.84,1.86,3.43,2.61,0.245,0.102
MTR0001,2024-01-08 04:45:00,229.5,227.29,227.84,1.86,3.43,2.61,0.245,0.102
MTR0001,2024-01-08 05:00:00,222.38,222.94,224.38,2.44,2.6,2.84,0.213,0.127
MTR0001,2024-01-08 05:15:00,222.38,222.94,224.38,2.44,2.6,2.84,0.213,0.127
MTR0001,2024-01-08 05:30:00,222.38,222.94,224.38,2.44,2.6,2.84,0.213,0.127
MTR0001,2024-01-08 05:45:00,222.38,222.94,224.38,2.44,2.6,2.84,0.213,0.127
MTR0001,2024-01-08 06:00:00,230.16,230.09,233.01,6.41,5.22,4.47,0.458,0.269
MTR0001,2024-01-08 06:15:00,230.16,230.09,233.01,6.41,5.22,4.47,0.458,0.269
MTR0001,2024-01-08 06:30:00,230.16,230.09,233.01,6.41,5.22,4.47,0.458,0.269
MTR0001,2024-01-08 06:45:00,230.16,230.09,233.01,6.41,5.22,4.47,0.458,0.269
MTR0001,2024-01-08 07:00:00,214.49,216.32,216.78,5.43,5.86,6.12,0.498,0.256
MTR0001,2024-01-08 07:15:00,214.49,216.32,216.78,5.43,5.86,6.12,0.498,0.256
MTR0001,2024-01-08 07:30:00,214.49,216.32,216.78,5.43,5.86,6.12,0.498,0.256
MTR0001,2024-01-08 07:45:00,214.49,216.32,216.78,5.43,5.86,6.12,0.498,0.256
MTR0001,2024-01-08 08:00:00,223.74,223.68,222.15,3.12,8.53,6.53,0.532,0.298
MTR0001,2024-01-08 08:15:00,223.74,223.68,222.15,3.12,8.53,6.53,0.532,0.298
MTR0001,2024-01-08 08:30:00,223.74,223.68,222.15,3.12,8.53,6.53,0.532,0.298
MTR0001,2024-01-08 08:45:00,223.74,223.68,222.15,3.12,8.53,6.53,0.532,0.298
MTR0001,2024-01-08 09:00:00,220.59,220.98,220.07,6.08,6.44,6.66,0.573,0.219
MTR0001,2024-01-08 09:15:00,220.59,220.98,220.07,6.08,6.44,6.66,0.573,0.219
MTR0001,2024-01-08 09:30:00,220.59,220.98,220.07,6.08,6.44,6.66,0.573,0.219
MTR0001,2024-01-08 09:45:00,220.59,220.98,220.07,6.08,6.44,6.66,0.573,0.219
MTR0001,2024-01-08 10:00:00,222.84,223.01,222.9,8.01,6.57,5.69,0.573,0.302
MTR0001,2024-01-08 10:15:00,222.84,223.01,222.9,8.01,6.57,5.69,0.573,0.302
MTR0001,2024-01-08 10:30:00,222.84,223.01,222.9,8.01,6.57,5.69,0.573,0.302
MTR0001,2024-01-08 10:45:00,222.84,223.01,222.9,8.01,6.57,5.69,0.573,0.302
MTR0001,2024-01-08 11:00:00,220.35,220.47,218.25,7.4,6.78,6.81,0.569,0.328
MTR0001,2024-01-08 11:15:00,220.35,220.47,218.25,7.4,6.78,6.81,0.569,0.328
MTR0001,2024-01-08 11:30:00,220.35,220.47,218.25,7.4,6.78,6.81,0.569,0.328
MTR0001,2024-01-08 11:45:00,220.35,220.47,218.25,7.4,6.78,6.81,0.569,0.328
MTR0001,2024-01-08 12:00:00,222.14,223.24,223.94,6.91,5.93,7.8,0.543,0.335
MTR0001,2024-01-08 12:15:00,222.14,223.24,223.94,6.91,5.93,7.8,0.543,0.335
MTR0001,2024-01-08 12:30:00,222.14,223.24,223.94,6.91,5.93,7.8,0.543,0.335
MTR0001,2024-01-08 12:45:00,222.14,223.24,223.94,6.91,5.93,7.8,0.543,0.335
MTR0001,2024-01-08 13:00:00,224.38,227.4,224.77,6.53,4.3,9.33,0.568,0.298
MTR0001,2024-01-08 13:15:00,224.38,227.4,224.77,6.53,4.3,9.33,0.568,0.298
MTR0001,2024-01-08 13:30:00,224.38,227.4,224.77,6.53,4.3,9.33,0.568,0.298
MTR0001,2024-01-08 13:45:00,224.38,227.4,224.77,6.53,4.3,9.33,0.568,0.298
MTR0001,2024-01-08 14:00:00,218.06,219.87,221.26,7.88,6.48,5.09,0.512,0.308
MTR0001,2024-01-08 14:15:00,218.06,219.87,221.26,7.88,6.48,5.09,0.512,0.308
MTR0001,2024-01-08 14:30:00,218.06,219.87,221.26,7.88,6.48,5.09,0.512,0.308
MTR0001,2024-01-08 14:45:00,218.06,219.87,221.26,7.88,6.48,5.09,0.512,0.308
MTR0001,2024-01-08 15:00:00,216.75,213.01,215.85,8.2,6.19,4.82,0.571,0.193
MTR0001,2024-01-08 15:15:00,216.75,213.01,215.85,8.2,6.19,4.82,0.571,0.193
MTR0001,2024-01-08 15:30:00,216.75,213.01,215.85,8.2,6.19,4.82,0.571,0.193
MTR0001,2024-01-08 15:45:00,216.75,213.01,215.85,8.2,6.19,4.82,0.571,0.193
MTR0001,2024-01-08 16:00:00,211.84,212.95,211.14,6.87,6.04,5.51,0.492,0.277
MTR0001,2024-01-08 16:15:00,211.84,212.95,211.14,6.87,6.04,5.51,0.492,0.277
MTR0001,2024-01-08 16:30:00,211.84,212.95,211.14,6.87,6.04,5.51,0.492,0.277
MTR0001,2024-01-08 16:45:00,211.84,212.95,211.14,6.87,6.04,5.51,0.492,0.277
MTR0001,2024-01-08 17:00:00,213.61,213.59,216.47,6.0,5.42,5.65,0.544,0.178
MTR0001,2024-01-08 17:15:00,213.61,213.59,216.47,6.0,5.42,5.65,0.544,0.178
MTR0001,2024-01-08 17:30:00,213.61,213.59,216.47,6.0,5.42,5.65,0.544,0.178
MTR0001,2024-01-08 17:45:00,213.61,213.59,216.47,6.0,5.42,5.65,0.544,0.178
MTR0001,2024-01-08 18:00:00,214.25,217.54,218.07,4.69,5.94,5.62,0.453,0.23
MTR0001,2024-01-08 18:15:00,214.25,217.54,218.07,4.69,5.94,5.62,0.453,0.23
MTR0001,2024-01-08 18:30:00,214.25,217.54,218.07,4.69,5.94,5.62,0.453,0.23
MTR0001,2024-01-08 18:45:00,214.25,217.54,218.07,4.69,5.94,5.62,0.453,0.23
MTR0001,2024-01-08 19:00:00,215.54,216.05,216.95,2.52,7.16,5.16,0.389,0.181
MTR0001,2024-01-08 19:15:00,215.54,216.05,216.95,2.52,7.16,5.16,0.389,0.181
MTR0001,2024-01-08 19:30:00,215.54,216.05,216.95,2.52,7.16,5.16,0.389,0.181
MTR0001,2024-01-08 19:45:00,215.54,216.05,216.95,2.52,7.16,5.16,0.389,0.181
MTR0001,2024-01-08 20:00:00,212.38,214.86,216.97,4.6,4.23,4.7,0.363,0.218
MTR0001,2024-01-08 20:15:00,212.38,214.86,216.97,4.6,4.23,4.7,0.363,0.218
MTR0001,2024-01-08 20:30:00,212.38,214.86,216.97,4.6,4.23,4.7,0.363,0.218
MTR0001,2024-01-08 20:45:00,212.38,214.86,216.97,4.6,4.23,4.7,0.363,0.218
MTR0001,2024-01-08 21:00:00,220.58,219.19,222.6,5.29,4.03,3.04,0.309,0.201
MTR0001,2024-01-08 21:15:00,220.58,219.19,222.6,5.29,4.03,3.04,0.309,0.201
MTR0001,2024-01-08 21:30:00,220.58,219.19,222.6,5.29,4.03,3.04,0.309,0.201
MTR0001,2024-01-08 21:45:00,220.58,219.19,222.6,5.29,4.03,3.04,0.309,0.201
MTR0001,2024-01-08 22:00:00,210.97,215.33,214.77,3.14,4.4,4.05,0.306,0.153
MTR0001,2024-01-08 22:15:00,210.97,215.33,214.77,3.14,4.4,4.05,0.306,0.153
MTR0001,2024-01-08 22:30:00,210.97,215.33,214.77,3.14,4.4,4.05,0.306,0.153
MTR0001,2024-01-08 22:45:00,210.97,215.33,214.77,3.14,4.4,4.05,0.306,0.153
MTR0001,2024-01-08 23:00:00,221.53,221.99,223.95,2.93,4.71,4.35,0.336,0.162
MTR0001,2024-01-08 23:15:00,221.53,221.99,223.95,2.93,4.71,4.35,0.336,0.162
MTR0001,2024-01-08 23:30:00,221.53,221.99,223.95,2.93,4.71,4.35,0.336,0.162
MTR0001,2024-01-08 23:45:00,221.53,221.99,223.95,2.93,4.71,4.35,0.336,0.162
MTR0001,2024-01-09 00:00:00,216.09,215.47,211.93,3.44,2.29,2.14,0.212,0.111
MTR0001,2024-01-09 00:15:00,216.09,215.47,211.93,3.44,2.29,2.14,0.212,0.111
MTR0001,2024-01-09 00:30:00,216.09,215.47,211.93,3.44,2.29,2.14,0.212,0.111
MTR0001,2024-01-09 00:45:00,216.09,215.47,211.93,3.44,2.29,2.14,0.212,0.111
MTR0001,2024-01-09 01:00:00,216.18,216.2,215.34,3.8,2.76,1.59,0.225,0.09
MTR0001,2024-01-09 01:15:00,216.18,216.2,215.34,3.8,2.76,1.59,0.225,0.09
MTR0001,2024-01-09 01:30:00,216.18,216.2,215.34,3.8,2.76,1.59,0.225,0.09
MTR0001,2024-01-09 01:45:00,216.18,216.2,215.34,3.8,2.76,1.59,0.225,0.09
MTR0001,2024-01-09 02:00:00,221.56,221.93,220.83,1.6,3.67,2.65,0.234,0.091
MTR0001,2024-01-09 02:15:00,221.56,221.93,220.83,1.6,3.67,2.65,0.234,0.091
MTR0001,2024-01-09 02:30:00,221.56,221.93,220.83,1.6,3.67,2.65,0.234,0.091
MTR0001,2024-01-09 02:45:00,221.56,221.93,220.83,1.6,3.67,2.65,0.234,0.091
MTR0001,2024-01-09 03:00:00,209.48,211.38,210.82,2.99,2.22,2.54,0.203,0.092
MTR0001,2024-01-09 03:15:00,209.48,211.38,210.82,2.99,2.22,2.54,0.203,0.092
MTR0001,2024-01-09 03:30:00,209.48,211.38,210.82,2.99,2.22,2.54,0.203,0.092
MTR0001,2024-01-09 03:45:00,209.48,211.38,210.82,2.99,2.22,2.54,0.203,0.092
MTR0001,2024-01-09 04:00:00,225.5,225.95,226.94,2.72,2.31,3.15,0.236,0.14
MTR0001,2024-01-09 04:15:00,225.5,225.95,226.94,2.72,2.31,3.15,0.236,0.14
MTR0001,2024-01-09 04:30:00,225.5,225.95,226.94,2.72,2.31,3.15,0.236,0.14
MTR0001,2024-01-09 04:45:00,225.5,225.95,226.94,2.72,2.31,3.15,0.236,0.14
MTR0001,2024-01-09 05:00:00,209.8,208.13,209.37,2.99,2.65,2.21,0.192,0.11
MTR0001,2024-01-09 05:15:00,209.8,208.13,209.37,2.99,2.65,2.21,0.192,0.11
MTR0001,2024-01-09 05:30:00,209.8,208.13,209.37,2.99,2.65,2.21,0.192,0.11
MTR0001,2024-01-09 05:45:00,209.8,208.13,209.37,2.99,2.65,2.21,0.192,0.11
MTR0001,2024-01-09 06:00:00,225.91,226.13,228.79,6.51,5.38,4.24,0.505,0.191
MTR0001,2024-01-09 06:15:00,225.91,226.13,228.79,6.51,5.38,4.24,0.505,0.191
MTR0001,2024-01-09 06:30:00,225.91,226.13,228.79,6.51,5.38,4.24,0.505,0.191
MTR0001,2024-01-09 06:45:00,225.91,226.13,228.79,6.51,5.38,4.24,0.505,0.191
MTR0001,2024-01-09 07:00:00,209.36,211.97,209.86,8.43,5.74,2.93,0.466,0.208
MTR0001,2024-01-09 07:15:00,209.36,211.97,209.86,8.43,5.74,2.93,0.466,0.208
MTR0001,2024-01-09 07:30:00,209.36,211.97,209.86,8.43,5.74,2.93,0.466,0.208
MTR0001,2024-01-09 07:45:00,209.36,211.97,209.86,8.43,5.74,2.93,0.466,0.208
MTR0001,2024-01-09 08:00:00,217.32,219.47,221.19,5.9,5.18,7.0,0.518,0.235
MTR0001,2024-01-09 08:15:00,217.32,219.47,221.19,5.9,5.18,7.0,0.518,0.235
MTR0001,2024-01-09 08:30:00,217.32,219.47,221.19,5.9,5.18,7.0,0.518,0.235
MTR0001,2024-01-09 08:45:00,217.32,219.47,221.19,5.9,5.18,7.0,0.518,0.235
MTR0001,2024-01-09 09:00:00,221.57,221.4,226.38,3.82,8.65,6.55,0.545,0.211
MTR0001,2024-01-09 09:15:00,221.57,221.4,226.38,3.82,8.65,6.55,0.545,0.211
MTR0001,2024-01-09 09:30:00,221.57,221.4,226.38,3.82,8.65,6.55,0.545,0.211
MTR0001,2024-01-09 09:45:00,221.57,221.4,226.38,3.82,8.65,6.55,0.545,0.211
MTR0001,2024-01-09 10:00:00,213.28,216.18,214.14,6.79,4.61,9.13,0.562,0.286
MTR0001,2024-01-09 10:15:00,213.28,216.18,214.14,6.79,4.61,9.13,0.562,0.286
MTR0001,2024-01-09 10:30:00,213.28,216.18,214.14,6.79,4.61,9.13,0.562,0.286
MTR0001,2024-01-09 10:45:00,213.28,216.18,214.14,6.79,4.61,9.13,0.562,0.286
MTR0001,2024-01-09 11:00:00,223.06,224.1,222.84,4.71,8.71,6.83,0.547,0.288
MTR0001,2024-01-09 11:15:00,223.06,224.1,222.84,4.71,8.71,6.83,0.547,0.288
MTR0001,2024-01-09 11:30:00,223.06,224.1,222.84,4.71,8.71,6.83,0.547,0.288
MTR0001,2024-01-09 11:45:00,223.06,224.1,222.84,4.71,8.71,6.83,0.547,0.288
MTR0001,2024-01-09 12:00:00,226.6,226.5,226.83,9.44,7.08,4.45,0.611,0.292
MTR0001,2024-01-09 12:15:00,226.6,226.5,226.83,9.44,7.08,4.45,0.611,0.292
MTR0001,2024-01-09 12:30:00,226.6,226.5,226.83,9.44,7.08,4.45,0.611,0.292
MTR0001,2024-01-09 12:45:00,226.6,226.5,226.83,9.44,7.08,4.45,0.611,0.292
MTR0001,2024-01-09 13:00:00,221.93,224.83,218.91,8.34,6.56,5.42,0.584,0.297
MTR0001,2024-01-09 13:15:00,221.93,224.83,218.91,8.34,6.56,5.42,0.584,0.297
MTR0001,2024-01-09 13:30:00,221.93,224.83,218.91,8.34,6.56,5.42,0.584,0.297
MTR0001,2024-01-09 13:45:00,221.93,224.83,218.91,8.34,6.56,5.42,0.584,0.297
MTR0001,2024-01-09 14:00:00,221.42,222.08,222.86,6.62,3.96,9.54,0.578,0.252
MTR0001,2024-01-09 14:15:00,221.42,222.08,222.86,6.62,3.96,9.54,0.578,0.252
MTR0001,2024-01-09 14:30:00,221.42,222.08,222.86,6.62,3.96,9.54,0.578,0.252
MTR0001,2024-01-09 14:45:00,221.42,222.08,222.86,6.62,3.96,9.54,0.578,0.252
MTR0001,2024-01-09 15:00:00,214.52,217.19,216.76,6.72,6.42,6.69,0.517,0.322
MTR0001,2024-01-09 15:15:00,214.52,217.19,216.76,6.72,6.42,6.69,0.517,0.322
MTR0001,2024-01-09 15:30:00,214.52,217.19,216.76,6.72,6.42,6.69,0.517,0.322
MTR0001,2024-01-09 15:45:00,214.52,217.19,216.76,6.72,6.42,6.69,0.517,0.322
MTR0001,2024-01-09 16:00:00,216.08,218.27,218.37,6.04,4.56,7.7,0.522,0.251
MTR0001,2024-01-09 16:15:00,216.08,218.27,218.37,6.04,4.56,7.7,0.522,0.251
MTR0001,2024-01-09 16:30:00,216.08,218.27,218.37,6.04,4.56,7.7,0.522,0.251
MTR0001,2024-01-09 16:45:00,216.08,218.27,218.37,6.04,4.56,7.7,0.522,0.251
MTR0001,2024-01-09 17:00:00,212.79,212.29,212.14,4.36,6.91,5.83,0.454,0.28
MTR0001,2024-01-09 17:15:00,212.79,212.29,212.14,4.36,6.91,5.83,0.454,0.28
MTR0001,2024-01-09 17:30:00,212.79,212.29,212.14,4.36,6.91,5.83,0.454,0.28
MTR0001,2024-01-09 17:45:00,212.79,212.29,212.14,4.36,6.91,5.83,0.454,0.28
MTR0001,2024-01-09 18:00:00,217.7,216.12,213.95,5.11,4.12,6.72,0.446,0.168
MTR0001,2024-01-09 18:15:00,217.7,216.12,213.95,5.11,4.12,6.72,0.446,0.168
MTR0001,2024-01-09 18:30:00,217.7,216.12,213.95,5.11,4.12,6.72,0.446,0.168
MTR0001,2024-01-09 18:45:00,217.7,216.12,213.95,5.11,4.12,6.72,0.446,0.168
MTR0001,2024-01-09 19:00:00,220.3,222.06,220.62,3.23,6.3,4.92,0.399,0.216
MTR0001,2024-01-09 19:15:00,220.3,222.06,220.62,3.23,6.3,4.92,0.399,0.216
MTR0001,2024-01-09 19:30:00,220.3,222.06,220.62,3.23,6.3,4.92,0.399,0.216
MTR0001,2024-01-09 19:45:00,220.3,222.06,220.62,3.23,6.3,4.92,0.399,0.216
MTR0001,2024-01-09 20:00:00,224.0,225.15,224.1,4.35,3.23,5.76,0.428,0.195
MTR0001,2024-01-09 20:15:00,224.0,225.15,224.1,4.35,3.23,5.76,0.428,0.195
MTR0001,2024-01-09 20:30:00,224.0,225.15,224.1,4.35,3.23,5.76,0.428,0.195
MTR0001,2024-01-09 20:45:00,224.0,225.15,224.1,4.35,3.23,5.76,0.428,0.195
MTR0001,2024-01-09 21:00:00,215.87,215.5,217.63,3.48,4.37,4.38,0.369,0.191
MTR0001,2024-01-09 21:15:00,215.87,215.5,217.63,3.48,4.37,4.38,0.369,0.191
MTR0001,2024-01-09 21:30:00,215.87,215.5,217.63,3.48,4.37,4.38,0.369,0.191
MTR0001,2024-01-09 21:45:00,215.87,215.5,217.63,3.48,4.37,4.38,0.369,0.191
MTR0001,2024-01-09 22:00:00,224.43,222.21,222.03,5.55,3.88,2.51,0.343,0.204
MTR0001,2024-01-09 22:15:00,224.43,222.21,222.03,5.55,3.88,2.51,0.343,0.204
MTR0001,2024-01-09 22:30:00,224.43,222.21,222.03,5.55,3.88,2.51,0.343,0.204
MTR0001,2024-01-09 22:45:00,224.43,222.21,222.03,5.55,3.88,2.51,0.343,0.204
MTR0001,2024-01-09 23:00:00,223.61,226.89,223.38,3.9,3.22,3.98,0.309,0.153
MTR0001,2024-01-09 23:15:00,223.61,226.89,223.38,3.9,3.22,3.98,0.309,0.153
MTR0001,2024-01-09 23:30:00,223.61,226.89,223.38,3.9,3.22,3.98,0.309,0.153
MTR0001,2024-01-09 23:45:00,223.61,226.89,223.38,3.9,3.22,3.98,0.309,0.153
MTR0001,2024-01-10 00:00:00,217.75,215.73,221.88,1.9,3.25,2.51,0.206,0.091
MTR0001,2024-01-10 00:15:00,217.75,215.73,221.88,1.9,3.25,2.51,0.206,0.091
MTR0001,2024-01-10 00:30:00,217.75,215.73,221.88,1.9,3.25,2.51,0.206,0.091
MTR0001,2024-01-10 00:45:00,217.75,215.73,221.88,1.9,3.25,2.51,0.206,0.091
MTR0001,2024-01-10 01:00:00,231.45,231.69,233.2,3.74,3.06,1.34,0.255,0.144
MTR0001,2024-01-10 01:15:00,231.45,231.69,233.2,3.74,3.06,1.34,0.255,0.144
MTR0001,2024-01-10 01:30:00,231.45,231.69,233.2,3.74,3.06,1.34,0.255,0.144
MTR0001,2024-01-10 01:45:00,231.45,231.69,233.2,3.74,3.06,1.34,0.255,0.144
MTR0001,2024-01-10 02:00:00,210.4,211.39,213.37,2.71,2.37,2.79,0.218,0.093
MTR0001,2024-01-10 02:15:00,210.4,211.39,213.37,2.71,2.37,2.79,0.218,0.093
MTR0001,2024-01-10 02:30:00,210.4,211.39,213.37,2.71,2.37,2.79,0.218,0.093
MTR0001,2024-01-10 02:45:00,210.4,211.39,213.37,2.71,2.37,2.79,0.218,0.093
MTR0001,2024-01-10 03:00:00,222.55,225.26,223.79,3.96,2.46,1.55,0.219,0.131
MTR0001,2024-01-10 03:15:00,222.55,225.26,223.79,3.96,2.46,1.55,0.219,0.131
MTR0001,2024-01-10 03:30:00,222.55,225.26,223.79,3.96,2.46,1.55,0.219,0.131
MTR0001,2024-01-10 03:45:00,222.55,225.26,223.79,3.96,2.46,1.55,0.219,0.131
MTR0001,2024-01-10 04:00:00,234.35,232.44,231.25,2.55,2.89,2.67,0.223,0.134
MTR0001,2024-01-10 04:15:00,234.35,232.44,231.25,2.55,2.89,2.67,0.223,0.134
MTR0001,2024-01-10 04:30:00,234.35,232.44,231.25,2.55,2.89,2.67,0.223,0.134
MTR0001,2024-01-10 04:45:00,234.35,232.44,231.25,2.55,2.89,2.67,0.223,0.134
MTR0001,2024-01-10 05:00:00,233.54,233.06,230.13,2.24,2.82,2.73,0.205,0.121
MTR0001,2024-01-10 05:15:00,233.54,233.06,230.13,2.24,2.82,2.73,0.205,0.121
MTR0001,2024-01-10 05:30:00,233.54,233.06,230.13,2.24,2.82,2.73,0.205,0.121
MTR0001,2024-01-10 05:45:00,233.54,233.06,230.13,2.24,2.82,2.73,0.205,0.121
MTR0001,2024-01-10 06:00:00,217.27,219.02,220.54,5.28,4.22,6.69,0.409,0.258
MTR0001,2024-01-10 06:15:00,217.27,219.02,220.54,5.28,4.22,6.69,0.409,0.258
MTR0001,2024-01-10 06:30:00,217.27,219.02,220.54,5.28,4.22,6.69,0.409,0.258
MTR0001,2024-01-10 06:45:00,217.27,219.02,220.54,5.28,4.22,6.69,0.409,0.258
MTR0001,2024-01-10 07:00:00,227.07,230.61,228.74,5.38,5.78,5.7,0.485,0.258
MTR0001,2024-01-10 07:15:00,227.07,230.61,228.74,5.38,5.78,5.7,0.485,0.258
MTR0001,2024-01-10 07:30:00,227.07,230.61,228.74,5.38,5.78,5.7,0.485,0.258
MTR0001,2024-01-10 07:45:00,227.07,230.61,228.74,5.38,5.78,5.7,0.485,0.258
MTR0001,2024-01-10 08:00:00,226.45,228.55,228.16,6.18,3.7,8.41,0.574,0.194
MTR0001,2024-01-10 08:15:00,226.45,228.55,228.16,6.18,3.7,8.41,0.574,0.194
MTR0001,2024-01-10 08:30:00,226.45,228.55,228.16,6.18,3.7,8.41,0.574,0.194
MTR0001,2024-01-10 08:45:00,226.45,228.55,228.16,6.18,3.7,8.41,0.574,0.194
MTR0001,2024-01-10 09:00:00,221.35,225.61,223.3,3.29,9.2,6.5,0.541,0.285
MTR0001,2024-01-10 09:15:00,221.35,225.61,223.3,3.29,9.2,6.5,0.541,0.285
MTR0001,2024-01-10 09:30:00,221.35,225.61,223.3,3.29,9.2,6.5,0.541,0.285
MTR0001,2024-01-10 09:45:00,221.35,225.61,223.3,3.29,9.2,6.5,0.541,0.285
MTR0001,2024-01-10 10:00:00,232.11,230.5,230.89,4.1,8.61,6.91,0.581,0.29
MTR0001,2024-01-10 10:15:00,232.11,230.5,230.89,4.1,8.61,6.91,0.581,0.29
MTR0001,2024-01-10 10:30:00,232.11,230.5,230.89,4.1,8.61,6.91,0.581,0.29
MTR0001,2024-01-10 10:45:00,232.11,230.5,230.89,4.1,8.61,6.91,0.581,0.29
MTR0001,2024-01-10 11:00:00,227.94,229.78,227.86,7.8,6.84,5.83,0.63,0.262
MTR0001,2024-01-10 11:15:00,227.94,229.78,227.86,7.8,6.84,5.83,0.63,0.262
MTR0001,2024-01-10 11:30:00,227.94,229.78,227.86,7.8,6.84,5.83,0.63,0.262
MTR0001,2024-01-10 11:45:00,227.94,229.78,227.86,7.8,6.84,5.83,0.63,0.262
MTR0001,2024-01-10 12:00:00,230.62,231.82,233.35,9.3,6.69,4.73,0.587,0.305
MTR0001,2024-01-10 12:15:00,230.62,231.82,233.35,9.3,6.69,4.73,0.587,0.305
MTR0001,2024-01-10 12:30:00,230.62,231.82,233.35,9.3,6.69,4.73,0.587,0.305
MTR0001,2024-01-10 12:45:00,230.62,231.82,233.35,9.3,6.69,4.73,0.587,0.305
MTR0001,2024-01-10 13:00:00,226.73,227.98,228.26,6.09,7.56,7.1,0.605,0.296
MTR0001,2024-01-10 13:15:00,226.73,227.98,228.26,6.09,7.56,7.1,0.605,0.296
MTR0001,2024-01-10 13:30:00,226.73,227.98,228.26,6.09,7.56,7.1,0.605,0.296
MTR0001,2024-01-10 13:45:00,226.73,227.98,228.26,6.09,7.56,7.1,0.605,0.296
MTR0001,2024-01-10 14:00:00,227.66,228.51,231.02,6.32,5.18,8.43,0.603,0.333
MTR0001,2024-01-10 14:15:00,227.66,228.51,231.02,6.32,5.18,8.43,0.603,0.333
MTR0001,2024-01-10 14:30:00,227.66,228.51,231.02,6.32,5.18,8.43,0.603,0.333
MTR0001,2024-01-10 14:45:00,227.66,228.51,231.02,6.32,5.18,8.43,0.603,0.333
MTR0001,2024-01-10 15:00:00,211.17,211.64,211.95,6.38,6.13,6.83,0.529,0.26
MTR0001,2024-01-10 15:15:00,211.17,211.64,211.95,6.38,6.13,6.83,0.529,0.26
MTR0001,2024-01-10 15:30:00,211.17,211.64,211.95,6.38,6.13,6.83,0.529,0.26
MTR0001,2024-01-10 15:45:00,211.17,211.64,211.95,6.38,6.13,6.83,0.529,0.26
MTR0001,2024-01-10 16:00:00,219.77,219.76,217.53,5.91,3.45,9.12,0.466,0.296
MTR0001,2024-01-10 16:15:00,219.77,219.76,217.53,5.91,3.45,9.12,0.466,0.296
MTR0001,2024-01-10 16:30:00,219.77,219.76,217.53,5.91,3.45,9.12,0.466,0.296
MTR0001,2024-01-10 16:45:00,219.77,219.76,217.53,5.91,3.45,9.12,0.466,0.296
MTR0001,2024-01-10 17:00:00,230.95,231.98,232.11,5.75,3.63,8.17,0.517,0.28
MTR0001,2024-01-10 17:15:00,230.95,231.98,232.11,5.75,3.63,8.17,0.517,0.28
MTR0001,2024-01-10 17:30:00,230.95,231.98,232.11,5.75,3.63,8.17,0.517,0.28
MTR0001,2024-01-10 17:45:00,230.95,231.98,232.11,5.75,3.63,8.17,0.517,0.28
MTR0001,2024-01-10 18:00:00,216.15,218.42,216.18,5.26,4.42,6.51,0.441,0.223
MTR0001,2024-01-10 18:15:00,216.15,218.42,216.18,5.26,4.42,6.51,0.441,0.223
MTR0001,2024-01-10 18:30:00,216.15,218.42,216.18,5.26,4.42,6.51,0.441,0.223
MTR0001,2024-01-10 18:45:00,216.15,218.42,216.18,5.26,4.42,6.51,0.441,0.223
MTR0001,2024-01-10 19:00:00,209.31,212.57,213.05,4.15,5.76,5.22,0.383,0.202
MTR0001,2024-01-10 19:15:00,209.31,212.57,213.05,4.15,5.76,5.22,0.383,0.202
MTR0001,2024-01-10 19:30:00,209.31,212.57,213.05,4.15,5.76,5.22,0.383,0.202
MTR0001,2024-01-10 19:45:00,209.31,212.57,213.05,4.15,5.76,5.22,0.383,0.202
MTR0001,2024-01-10 20:00:00,214.82,217.26,217.39,5.67,4.6,3.55,0.35,0.202
MTR0001,2024-01-10 20:15:00,214.82,217.26,217.39,5.67,4.6,3.55,0.35,0.202
MTR0001,2024-01-10 20:30:00,214.82,217.26,217.39,5.67,4.6,3.55,0.35,0.202
MTR0001,2024-01-10 20:45:00,214.82,217.26,217.39,5.67,4.6,3.55,0.35,0.202
MTR0001,2024-01-10 21:00:00,216.64,219.97,219.98,3.84,4.47,4.52,0.363,0.185
MTR0001,2024-01-10 21:15:00,216.64,219.97,219.98,3.84,4.47,4.52,0.363,0.185
MTR0001,2024-01-10 21:30:00,216.64,219.97,219.98,3.84,4.47,4.52,0.363,0.185
MTR0001,2024-01-10 21:45:00,216.64,219.97,219.98,3.84,4.47,4.52,0.363,0.185
MTR0001,2024-01-10 22:00:00,216.03,214.76,214.23,2.76,4.78,4.06,0.335,0.158
MTR0001,2024-01-10 22:15:00,216.03,214.76,214.23,2.76,4.78,4.06,0.335,0.158
MTR0001,2024-01-10 22:30:00,216.03,214.76,214.23,2.76,4.78,4.06,0.335,0.158
MTR0001,2024-01-10 22:45:00,216.03,214.76,214.23,2.76,4.78,4.06,0.335,0.158
MTR0001,2024-01-10 23:00:00,224.85,225.02,228.06,4.57,3.75,3.37,0.349,0.137
MTR0001,2024-01-10 23:15:00,224.85,225.02,228.06,4.57,3.75,3.37,0.349,0.137
MTR0001,2024-01-10 23:30:00,224.85,225.02,228.06,4.57,3.75,3.37,0.349,0.137
MTR0001,2024-01-10 23:45:00,224.85,225.02,228.06,4.57,3.75,3.37,0.349,0.137
MTR0001,2024-01-11 00:00:00,208.75,211.76,210.05,2.61,2.83,2.87,0.217,0.119
MTR0001,2024-01-11 00:15:00,208.75,211.76,210.05,2.61,2.83,2.87,0.217,0.119
MTR0001,2024-01-11 00:30:00,208.75,211.76,210.05,2.61,2.83,2.87,0.217,0.119
MTR0001,2024-01-11 00:45:00,208.75,211.76,210.05,2.61,2.83,2.87,0.217,0.119
MTR0001,2024-01-11 01:00:00,226.93,225.88,224.95,1.62,3.47,2.67,0.239,0.107
MTR0001,2024-01-11 01:15:00,226.93,225.88,224.95,1.62,3.47,2.67,0.239,0.107
MTR0001,2024-01-11 01:30:00,226.93,225.88,224.95,1.62,3.47,2.67,0.239,0.107
MTR0001,2024-01-11 01:45:00,226.93,225.88,224.95,1.62,3.47,2.67,0.239,0.107
MTR0001,2024-01-11 02:00:00,214.22,213.18,212.02,3.08,2.66,2.23,0.189,0.13
MTR0001,2024-01-11 02:15:00,214.22,213.18,212.02,3.08,2.66,2.23,0.189,0.13
MTR0001,2024-01-11 02:30:00,214.22,213.18,212.02,3.08,2.66,2.23,0.189,0.13
MTR0001,2024-01-11 02:45:00,214.22,213.18,212.02,3.08,2.66,2.23,0.189,0.13
MTR0001,2024-01-11 03:00:00,212.92,216.11,213.18,2.23,3.0,2.87,0.214,0.067
MTR0001,2024-01-11 03:15:00,212.92,216.11,213.18,2.23,3.0,2.87,0.214,0.067
MTR0001,2024-01-11 03:30:00,212.92,216.11,213.18,2.23,3.0,2.87,0.214,0.067
MTR0001,2024-01-11 03:45:00,212.92,216.11,213.18,2.23,3.0,2.87,0.214,0.067
MTR0001,2024-01-11 04:00:00,229.1,227.69,226.34,1.36,3.63,2.46,0.221,0.128
MTR0001,2024-01-11 04:15:00,229.1,227.69,226.34,1.36,3.63,2.46,0.221,0.128
MTR0001,2024-01-11 04:30:00,229.1,227.69,226.34,1.36,3.63,2.46,0.221,0.128
MTR0001,2024-01-11 04:45:00,229.1,227.69,226.34,1.36,3.63,2.46,0.221,0.128
MTR0001,2024-01-11 05:00:00,221.76,220.6,224.1,2.62,1.45,4.03,0.212,0.135
MTR0001,2024-01-11 05:15:00,221.76,220.6,224.1,2.62,1.45,4.03,0.212,0.135
MTR0001,2024-01-11 05:30:00,221.76,220.6,224.1,2.62,1.45,4.03,0.212,0.135
MTR0001,2024-01-11 05:45:00,221.76,220.6,224.1,2.62,1.45,4.03,0.212,0.135
MTR0001,2024-01-11 06:00:00,213.18,213.79,213.98,5.08,4.36,6.53,0.471,0.217
MTR0001,2024-01-11 06:15:00,213.18,213.79,213.98,5.08,4.36,6.53,0.471,0.217
MTR0001,2024-01-11 06:30:00,213.18,213.79,213.98,5.08,4.36,6.53,0.471,0.217
MTR0001,2024-01-11 06:45:00,213.18,213.79,213.98,5.08,4.36,6.53,0.471,0.217
MTR0001,2024-01-11 07:00:00,214.59,214.96,210.94,6.96,5.44,4.3,0.514,0.217
MTR0001,2024-01-11 07:15:00,214.59,214.96,210.94,6.96,5.44,4.3,0.514,0.217
MTR0001,2024-01-11 07:30:00,214.59,214.96,210.94,6.96,5.44,4.3,0.514,0.217
MTR0001,2024-01-11 07:45:00,214.59,214.96,210.94,6.96,5.44,4.3,0.514,0.217
MTR0001,2024-01-11 08:00:00,218.02,221.93,223.53,7.97,6.36,3.71,0.508,0.28
MTR0001,2024-01-11 08:15:00,218.02,221.93,223.53,7.97,6.36,3.71,0.508,0.28
MTR0001,2024-01-11 08:30:00,218.02,221.93,223.53,7.97,6.36,3.71,0.508,0.28
MTR0001,2024-01-11 08:45:00,218.02,221.93,223.53,7.97,6.36,3.71,0.508,0.28
MTR0001,2024-01-11 09:00:00,226.35,224.21,227.02,4.03,8.28,6.55,0.587,0.243
MTR0001,2024-01-11 09:15:00,226.35,224.21,227.02,4.03,8.28,6.55,0.587,0.243
MTR0001,2024-01-11 09:30:00,226.35,224.21,227.02,4.03,8.28,6.55,0.587,0.243
MTR0001,2024-01-11 09:45:00,226.35,224.21,227.02,4.03,8.28,6.55,0.587,0.243
MTR0001,2024-01-11 10:00:00,228.6,231.53,229.96,8.63,6.22,4.48,0.616,0.242
MTR0001,2024-01-11 10:15:00,228.6,231.53,229.96,8.63,6.22,4.48,0.616,0.242
MTR0001,2024-01-11 10:30:00,228.6,231.53,229.96,8.63,6.22,4.48,0.616,0.242
MTR0001,2024-01-11 10:45:00,228.6,231.53,229.96,8.63,6.22,4.48,0.616,0.242
MTR0001,2024-01-11 11:00:00,217.32,216.42,218.09,6.7,4.46,9.56,0.551,0.253
MTR0001,2024-01-11 11:15:00,217.32,216.42,218.09,6.7,4.46,9.56,0.551,0.253
MTR0001,2024-01-11 11:30:00,217.32,216.42,218.09,6.7,4.46,9.56,0.551,0.253
MTR0001,2024-01-11 11:45:00,217.32,216.42,218.09,6.7,4.46,9.56,0.551,0.253
MTR0001,2024-01-11 12:00:00,227.68,229.81,228.64,6.6,5.25,8.19,0.615,0.262
MTR0001,2024-01-11 12:15:00,227.68,229.81,228.64,6.6,5.25,8.19,0.615,0.262
MTR0001,2024-01-11 12:30:00,227.68,229.81,228.64,6.6,5.25,8.19,0.615,0.262
MTR0001,2024-01-11 12:45:00,227.68,229.81,228.64,6.6,5.25,8.19,0.615,0.262
MTR0001,2024-01-11 13:00:00,234.06,230.64,233.95,7.96,6.86,5.64,0.67,0.22
MTR0001,2024-01-11 13:15:00,234.06,230.64,233.95,7.96,6.86,5.64,0.67,0.22
MTR0001,2024-01-11 13:30:00,234.06,230.64,233.95,7.96,6.86,5.64,0.67,0.22
MTR0001,2024-01-11 13:45:00,234.06,230.64,233.95,7.96,6.86,5.64,0.67,0.22
MTR0001,2024-01-11 14:00:00,210.45,210.04,211.15,9.33,6.77,4.27,0.559,0.299
MTR0001,2024-01-11 14:15:00,210.45,210.04,211.15,9.33,6.77,4.27,0.559,0.299
MTR0001,2024-01-11 14:30:00,210.45,210.04,211.15,9.33,6.77,4.27,0.559,0.299
MTR0001,2024-01-11 14:45:00,210.45,210.04,211.15,9.33,6.77,4.27,0.559,0.299
MTR0001,2024-01-11 15:00:00,225.96,227.85,230.18,6.39,4.89,8.03,0.57,0.281
MTR0001,2024-01-11 15:15:00,225.96,227.85,230.18,6.39,4.89,8.03,0.57,0.281
MTR0001,2024-01-11 15:30:00,225.96,227.85,230.18,6.39,4.89,8.03,0.57,0.281
MTR0001,2024-01-11 15:45:00,225.96,227.85,230.18,6.39,4.89,8.03,0.57,0.281
MTR0001,2024-01-11 16:00:00,231.95,234.45,232.83,7.07,5.91,5.51,0.548,0.278
MTR0001,2024-01-11 16:15:00,231.95,234.45,232.83,7.07,5.91,5.51,0.548,0.278
MTR0001,2024-01-11 16:30:00,231.95,234.45,232.83,7.07,5.91,5.51,0.548,0.278
MTR0001,2024-01-11 16:45:00,231.95,234.45,232.83,7.07,5.91,5.51,0.548,0.278
MTR0001,2024-01-11 17:00:00,225.09,229.51,226.86,5.81,3.52,8.29,0.527,0.212
MTR0001,2024-01-11 17:15:00,225.09,229.51,226.86,5.81,3.52,8.29,0.527,0.212
MTR0001,2024-01-11 17:30:00,225.09,229.51,226.86,5.81,3.52,8.29,0.527,0.212
MTR0001,2024-01-11 17:45:00,225.09,229.51,226.86,5.81,3.52,8.29,0.527,0.212
MTR0001,2024-01-11 18:00:00,221.0,221.18,221.44,4.93,5.88,5.39,0.484,0.251
MTR0001,2024-01-11 18:15:00,221.0,221.18,221.44,4.93,5.88,5.39,0.484,0.251
MTR0001,2024-01-11 18:30:00,221.0,221.18,221.44,4.93,5.88,5.39,0.484,0.251
MTR0001,2024-01-11 18:45:00,221.0,221.18,221.44,4.93,5.88,5.39,0.484,0.251
MTR0001,2024-01-11 19:00:00,214.33,216.96,215.72,4.62,4.95,4.68,0.429,0.169
MTR0001,2024-01-11 19:15:00,214.33,216.96,215.72,4.62,4.95,4.68,0.429,0.169
MTR0001,2024-01-11 19:30:00,214.33,216.96,215.72,4.62,4.95,4.68,0.429,0.169
MTR0001,2024-01-11 19:45:00,214.33,216.96,215.72,4.62,4.95,4.68,0.429,0.169
MTR0001,2024-01-11 20:00:00,221.53,221.48,224.13,4.23,3.0,6.29,0.349,0.218
MTR0001,2024-01-11 20:15:00,221.53,221.48,224.13,4.23,3.0,6.29,0.349,0.218
MTR0001,2024-01-11 20:30:00,221.53,221.48,224.13,4.23,3.0,6.29,0.349,0.218
MTR0001,2024-01-11 20:45:00,221.53,221.48,224.13,4.23,3.0,6.29,0.349,0.218
MTR0001,2024-01-11 21:00:00,222.61,224.5,220.66,4.68,3.89,3.55,0.335,0.165
MTR0001,2024-01-11 21:15:00,222.61,224.5,220.66,4.68,3.89,3.55,0.335,0.165
MTR0001,2024-01-11 21:30:00,222.61,224.5,220.66,4.68,3.89,3.55,0.335,0.165
MTR0001,2024-01-11 21:45:00,222.61,224.5,220.66,4.68,3.89,3.55,0.335,0.165
MTR0001,2024-01-11 22:00:00,227.88,229.78,233.79,3.66,2.18,5.63,0.361,0.197
MTR0001,2024-01-11 22:15:00,227.88,229.78,233.79,3.66,2.18,5.63,0.361,0.197
MTR0001,2024-01-11 22:30:00,227.88,229.78,233.79,3.66,2.18,5.63,0.361,0.197
MTR0001,2024-01-11 22:45:00,227.88,229.78,233.79,3.66,2.18,5.63,0.361,0.197
MTR0001,2024-01-11 23:00:00,229.82,231.76,229.89,2.84,4.82,4.11,0.384,0.133
MTR0001,2024-01-11 23:15:00,229.82,231.76,229.89,2.84,4.82,4.11,0.384,0.133
MTR0001,2024-01-11 23:30:00,229.82,231.76,229.89,2.84,4.82,4.11,0.384,0.133
MTR0001,2024-01-11 23:45:00,229.82,231.76,229.89,2.84,4.82,4.11,0.384,0.133
MTR0001,2024-01-12 00:00:00,221.94,223.96,227.33,3.47,2.8,1.85,0.199,0.117
MTR0001,2024-01-12 00:15:00,221.94,223.96,227.33,3.47,2.8,1.85,0.199,0.117
MTR0001,2024-01-12 00:30:00,221.94,223.96,227.33,3.47,2.8,1.85,0.199,0.117
MTR0001,2024-01-12 00:45:00,221.94,223.96,227.33,3.47,2.8,1.85,0.199,0.117
MTR0001,2024-01-12 01:00:00,213.11,212.47,213.88,1.88,3.14,2.86,0.245,0.096
MTR0001,2024-01-12 01:15:00,213.11,212.47,213.88,1.88,3.14,2.86,0.245,0.096
MTR0001,2024-01-12 01:30:00,213.11,212.47,213.88,1.88,3.14,2.86,0.245,0.096
MTR0001,2024-01-12 01:45:00,213.11,212.47,213.88,1.88,3.14,2.86,0.245,0.096
MTR0001,2024-01-12 02:00:00,208.82,211.32,211.06,2.5,1.81,3.48,0.212,0.092
MTR0001,2024-01-12 02:15:00,208.82,211.32,211.06,2.5,1.81,3.48,0.212,0.092
MTR0001,2024-01-12 02:30:00,208.82,211.32,211.06,2.5,1.81,3.48,0.212,0.092
MTR0001,2024-01-12 02:45:00,208.82,211.32,211.06,2.5,1.81,3.48,0.212,0.092
MTR0001,2024-01-12 03:00:00,220.05,220.85,217.67,1.86,3.39,2.72,0.244,0.098
MTR0001,2024-01-12 03:15:00,220.05,220.85,217.67,1.86,3.39,2.72,0.244,0.098
MTR0001,2024-01-12 03:30:00,220.05,220.85,217.67,1.86,3.39,2.72,0.244,0.098
MTR0001,2024-01-12 03:45:00,220.05,220.85,217.67,1.86,3.39,2.72,0.244,0.098
MTR0001,2024-01-12 04:00:00,210.48,210.88,210.62,2.75,1.89,3.75,0.253,0.112
MTR0001,2024-01-12 04:15:00,210.48,210.88,210.62,2.75,1.89,3.75,0.253,0.112
MTR0001,2024-01-12 04:30:00,210.48,210.88,210.62,2.75,1.89,3.75,0.253,0.112
MTR0001,2024-01-12 04:45:00,210.48,210.88,210.62,2.75,1.89,3.75,0.253,0.112
MTR0001,2024-01-12 05:00:00,227.13,226.55,228.92,2.5,2.35,2.52,0.223,0.119
MTR0001,2024-01-12 05:15:00,227.13,226.55,228.92,2.5,2.35,2.52,0.223,0.119
MTR0001,2024-01-12 05:30:00,227.13,226.55,228.92,2.5,2.35,2.52,0.223,0.119
MTR0001,2024-01-12 05:45:00,227.13,226.55,228.92,2.5,2.35,2.52,0.223,0.119
MTR0001,2024-01-12 06:00:00,211.63,213.53,214.4,6.14,5.22,4.59,0.447,0.184
MTR0001,2024-01-12 06:15:00,211.63,213.53,214.4,6.14,5.22,4.59,0.447,0.184
MTR0001,2024-01-12 06:30:00,211.63,213.53,214.4,6.14,5.22,4.59,0.447,0.184
MTR0001,2024-01-12 06:45:00,211.63,213.53,214.4,6.14,5.22,4.59,0.447,0.184
MTR0001,2024-01-12 07:00:00,212.99,210.78,215.14,6.25,5.54,5.03,0.457,0.254
MTR0001,2024-01-12 07:15:00,212.99,210.78,215.14,6.25,5.54,5.03,0.457,0.254
MTR0001,2024-01-12 07:30:00,212.99,210.78,215.14,6.25,5.54,5.03,0.457,0.254
MTR0001,2024-01-12 07:45:00,212.99,210.78,215.14,6.25,5.54,5.03,0.457,0.254
MTR0001,2024-01-12 08:00:00,220.51,221.72,220.97,9.07,6.11,3.26,0.532,0.24
MTR0001,2024-01-12 08:15:00,220.51,221.72,220.97,9.07,6.11,3.26,0.532,0.24
MTR0001,2024-01-12 08:30:00,220.51,221.72,220.97,9.07,6.11,3.26,0.532,0.24
MTR0001,2024-01-12 08:45:00,220.51,221.72,220.97,9.07,6.11,3.26,0.532,0.24
MTR0001,2024-01-12 09:00:00,225.28,229.02,227.25,4.85,7.52,6.58,0.588,0.259
MTR0001,2024-01-12 09:15:00,225.28,229.02,227.25,4.85,7.52,6.58,0.588,0.259
MTR0001,2024-01-12 09:30:00,225.28,229.02,227.25,4.85,7.52,6.58,0.588,0.259
MTR0001,2024-01-12 09:45:00,225.28,229.02,227.25,4.85,7.52,6.58,0.588,0.259
MTR0001,2024-01-12 10:00:00,223.83,224.73,225.25,3.78,9.52,6.91,0.582,0.279
MTR0001,2024-01-12 10:15:00,223.83,224.73,225.25,3.78,9.52,6.91,0.582,0.279
MTR0001,2024-01-12 10:30:00,223.83,224.73,225.25,3.78,9.52,6.91,0.582,0.279
MTR0001,2024-01-12 10:45:00,223.83,224.73,225.25,3.78,9.52,6.91,0.582,0.279
MTR0001,2024-01-12 11:00:00,229.1,232.35,232.52,7.04,4.11,9.68,0.626,0.33
MTR0001,2024-01-12 11:15:00,229.1,232.35,232.52,7.04,4.11,9.68,0.626,0.33
MTR0001,2024-01-12 11:30:00,229.1,232.35,232.52,7.04,4.11,9.68,0.626,0.33
MTR0001,2024-01-12 11:45:00,229.1,232.35,232.52,7.04,4.11,9.68,0.626,0.33
MTR0001,2024-01-12 12:00:00,215.6,215.2,216.5,7.08,5.54,8.28,0.634,0.257
MTR0001,2024-01-12 12:15:00,215.6,215.2,216.5,7.08,5.54,8.28,0.634,0.257
MTR0001,2024-01-12 12:30:00,215.6,215.2,216.5,7.08,5.54,8.28,0.634,0.257
MTR0001,2024-01-12 12:45:00,215.6,215.2,216.5,7.08,5.54,8.28,0.634,0.257
MTR0001,2024-01-12 13:00:00,227.27,228.98,227.81,6.58,6.71,6.96,0.566,0.345
MTR0001,2024-01-12 13:15:00,227.27,228.98,227.81,6.58,6.71,6.96,0.566,0.345
MTR0001,2024-01-12 13:30:00,227.27,228.98,227.81,6.58,6.71,6.96,0.566,0.345
MTR0001,2024-01-12 13:45:00,227.27,228.98,227.81,6.58,6.71,6.96,0.566,0.345
MTR0001,2024-01-12 14:00:00,214.17,214.52,215.18,3.54,9.65,6.96,0.558,0.324
MTR0001,2024-01-12 14:15:00,214.17,214.52,215.18,3.54,9.65,6.96,0.558,0.324
MTR0001,2024-01-12 14:30:00,214.17,214.52,215.18,3.54,9.65,6.96,0.558,0.324
MTR0001,2024-01-12 14:45:00,214.17,214.52,215.18,3.54,9.65,6.96,0.558,0.324
MTR0001,2024-01-12 15:00:00,223.17,226.88,226.3,8.76,6.4,4.12,0.578,0.201
MTR0001,2024-01-12 15:15:00,223.17,226.88,226.3,8.76,6.4,4.12,0.578,0.201
MTR0001,2024-01-12 15:30:00,223.17,226.88,226.3,8.76,6.4,4.12,0.578,0.201
MTR0001,2024-01-12 15:45:00,223.17,226.88,226.3,8.76,6.4,4.12,0.578,0.201
MTR0001,2024-01-12 16:00:00,224.88,226.66,227.55,8.47,5.85,3.72,0.471,0.304
MTR0001,2024-01-12 16:15:00,224.88,226.66,227.55,8.47,5.85,3.72,0.471,0.304
MTR0001,2024-01-12 16:30:00,224.88,226.66,227.55,8.47,5.85,3.72,0.471,0.304
MTR0001,2024-01-12 16:45:00,224.88,226.66,227.55,8.47,5.85,3.72,0.471,0.304
MTR0001,2024-01-12 17:00:00,222.98,221.34,221.26,7.58,5.7,3.89,0.449,0.287
MTR0001,2024-01-12 17:15:00,222.98,221.34,221.26,7.58,5.7,3.89,0.449,0.287
MTR0001,2024-01-12 17:30:00,222.98,221.34,221.26,7.58,5.7,3.89,0.449,0.287
MTR0001,2024-01-12 17:45:00,222.98,221.34,221.26,7.58,5.7,3.89,0.449,0.287
MTR0001,2024-01-12 18:00:00,219.94,217.83,216.05,4.73,5.88,5.32,0.465,0.244
MTR0001,2024-01-12 18:15:00,219.94,217.83,216.05,4.73,5.88,5.32,0.465,0.244
MTR0001,2024-01-12 18:30:00,219.94,217.83,216.05,4.73,5.88,5.32,0.465,0.244
MTR0001,2024-01-12 18:45:00,219.94,217.83,216.05,4.73,5.88,5.32,0.465,0.244
MTR0001,2024-01-12 19:00:00,221.08,221.8,221.14,2.56,7.25,5.13,0.451,0.198
MTR0001,2024-01-12 19:15:00,221.08,221.8,221.14,2.56,7.25,5.13,0.451,0.198
MTR0001,2024-01-12 19:30:00,221.08,221.8,221.14,2.56,7.25,5.13,0.451,0.198
MTR0001,2024-01-12 19:45:00,221.08,221.8,221.14,2.56,7.25,5.13,0.451,0.198
MTR0001,2024-01-12 20:00:00,220.96,223.54,222.19,2.95,6.02,4.74,0.407,0.196
MTR0001,2024-01-12 20:15:00,220.96,223.54,222.19,2.95,6.02,4.74,0.407,0.196
MTR0001,2024-01-12 20:30:00,220.96,223.54,222.19,2.95,6.02,4.74,0.407,0.196
MTR0001,2024-01-12 20:45:00,220.96,223.54,222.19,2.95,6.02,4.74,0.407,0.196
MTR0001,2024-01-12 21:00:00,218.72,216.36,218.85,2.42,5.86,3.88,0.337,0.141
MTR0001,2024-01-12 21:15:00,218.72,216.36,218.85,2.42,5.86,3.88,0.337,0.141
MTR0001,2024-01-12 21:30:00,218.72,216.36,218.85,2.42,5.86,3.88,0.337,0.141
MTR0001,2024-01-12 21:45:00,218.72,216.36,218.85,2.42,5.86,3.88,0.337,0.141
MTR0001,2024-01-12 22:00:00,231.13,230.37,232.29,4.33,3.73,3.67,0.378,0.145
MTR0001,2024-01-12 22:15:00,231.13,230.37,232.29,4.33,3.73,3.67,0.378,0.145
MTR0001,2024-01-12 22:30:00,231.13,230.37,232.29,4.33,3.73,3.67,0.378,0.145
MTR0001,2024-01-12 22:45:00,231.13,230.37,232.29,4.33,3.73,3.67,0.378,0.145
MTR0001,2024-01-12 23:00:00,224.5,226.65,228.46,3.27,3.91,3.77,0.343,0.142
MTR0001,2024-01-12 23:15:00,224.5,226.65,228.46,3.27,3.91,3.77,0.343,0.142
MTR0001,2024-01-12 23:30:00,224.5,226.65,228.46,3.27,3.91,3.77,0.343,0.142
MTR0001,2024-01-12 23:45:00,224.5,226.65,228.46,3.27,3.91,3.77,0.343,0.142
MTR0001,2024-01-13 00:00:00,215.54,217.48,216.02,1.77,2.3,2.34,0.169,0.062
MTR0001,2024-01-13 00:15:00,215.54,217.48,216.02,1.47,1.94,2.0,0.14,0.052
MTR0001,2024-01-13 00:30:00,215.54,217.48,216.02,1.47,1.94,2.0,0.14,0.052
MTR0001,2024-01-13 00:45:00,215.54,217.48,216.02,1.47,1.94,2.0,0.14,0.052
MTR0001,2024-01-13 01:00:00,221.74,223.59,220.28,1.78,1.53,1.58,0.141,0.057
MTR0001,2024-01-13 01:15:00,221.74,223.59,220.28,2.04,1.76,1.8,0.161,0.065
MTR0001,2024-01-13 01:30:00,221.74,223.59,220.28,2.04,1.76,1.8,0.161,0.065
MTR0001,2024-01-13 01:45:00,221.74,223.59,220.28,2.04,1.76,1.8,0.161,0.065
MTR0001,2024-01-13 02:00:00,216.89,217.62,215.12,2.55,2.02,1.25,0.157,0.095
MTR0001,2024-01-13 02:15:00,216.89,217.62,215.12,2.47,1.96,1.21,0.152,0.092
MTR0001,2024-01-13 02:30:00,216.89,217.62,215.12,2.47,1.96,1.21,0.152,0.092
MTR0001,2024-01-13 02:45:00,216.89,217.62,215.12,2.47,1.96,1.21,0.152,0.092
MTR0001,2024-01-13 03:00:00,222.77,219.57,219.71,2.23,1.84,1.55,0.167,0.085
MTR0001,2024-01-13 03:15:00,222.77,219.57,219.71,2.23,1.85,1.55,0.167,0.085
MTR0001,2024-01-13 03:30:00,222.77,219.57,219.71,2.23,1.85,1.55,0.167,0.085
MTR0001,2024-01-13 03:45:00,222.77,219.57,219.71,2.23,1.85,1.55,0.167,0.085
MTR0001,2024-01-13 04:00:00,221.49,222.69,223.94,1.84,1.2,2.83,0.183,0.081
MTR0001,2024-01-13 04:15:00,221.49,222.69,223.94,1.94,1.25,2.99,0.192,0.086
MTR0001,2024-01-13 04:30:00,221.49,222.69,223.94,1.94,1.25,2.99,0.192,0.086
MTR0001,2024-01-13 04:45:00,221.49,222.69,223.94,1.94,1.25,2.99,0.192,0.086
MTR0001,2024-01-13 05:00:00,227.89,229.28,230.15,2.14,1.48,2.7,0.181,0.095
MTR0001,2024-01-13 05:15:00,227.89,229.28,230.15,2.29,1.57,2.9,0.194,0.102
MTR0001,2024-01-13 05:30:00,227.89,229.28,230.15,2.29,1.57,2.9,0.194,0.102
MTR0001,2024-01-13 05:45:00,227.89,229.28,230.15,2.29,1.57,2.9,0.194,0.102
MTR0001,2024-01-13 06:00:00,222.26,219.2,221.68,5.93,4.18,2.46,0.373,0.179
MTR0001,2024-01-13 06:15:00,222.26,219.2,221.68,5.56,3.92,2.31,0.35,0.168
MTR0001,2024-01-13 06:30:00,222.26,219.2,221.68,5.56,3.92,2.31,0.35,0.168
MTR0001,2024-01-13 06:45:00,222.26,219.2,221.68,5.56,3.92,2.31,0.35,0.168
MTR0001,2024-01-13 07:00:00,210.86,215.82,213.83,5.18,4.05,3.61,0.398,0.173
MTR0001,2024-01-13 07:15:00,210.86,215.82,213.83,4.58,3.56,3.22,0.356,0.154
MTR0001,2024-01-13 07:30:00,210.86,215.82,213.83,4.58,3.56,3.22,0.356,0.154
MTR0001,2024-01-13 07:45:00,210.86,215.82,213.83,4.58,3.56,3.22,0.356,0.154
MTR0001,2024-01-13 08:00:00,224.08,221.21,223.03,5.02,3.53,2.87,0.318,0.153
MTR0001,2024-01-13 08:15:00,224.08,221.21,223.03,5.7,4.06,3.27,0.365,0.174
MTR0001,2024-01-13 08:30:00,224.08,221.21,223.03,5.7,4.06,3.27,0.365,0.174
MTR0001,2024-01-13 08:45:00,224.08,221.21,223.03,5.7,4.06,3.27,0.365,0.174
MTR0001,2024-01-13 09:00:00,227.25,229.15,228.1,4.63,4.76,5.29,0.435,0.245
MTR0001,2024-01-13 09:15:00,227.25,229.15,228.1,4.8,4.91,5.47,0.449,0.253
MTR0001,2024-01-13 09:30:00,227.25,229.15,228.1,4.8,4.91,5.47,0.449,0.253
MTR0001,2024-01-13 09:45:00,227.25,229.15,228.1,4.8,4.91,5.47,0.449,0.253
MTR0001,2024-01-13 10:00:00,212.05,210.89,214.24,5.56,5.04,4.5,0.402,0.213
MTR0001,2024-01-13 10:15:00,212.05,210.89,214.24,5.02,4.57,4.08,0.363,0.193
MTR0001,2024-01-13 10:30:00,212.05,210.89,214.24,5.02,4.57,4.08,0.363,0.193
MTR0001,2024-01-13 10:45:00,212.05,210.89,214.24,5.02,4.57,4.08,0.363,0.193
MTR0001,2024-01-13 11:00:00,225.64,228.42,224.66,2.49,6.97,4.8,0.406,0.202
MTR0001,2024-01-13 11:15:00,225.64,228.42,224.66,2.67,7.46,5.16,0.437,0.216
MTR0001,2024-01-13 11:30:00,225.64,228.42,224.66,2.67,7.46,5.16,0.437,0.216
MTR0001,2024-01-13 11:45:00,225.64,228.42,224.66,2.67,7.46,5.16,0.437,0.216
MTR0001,2024-01-13 12:00:00,213.79,213.01,212.41,5.61,5.03,4.21,0.35,0.228
MTR0001,2024-01-13 12:15:00,213.79,213.01,212.41,5.97,5.34,4.5,0.375,0.242
MTR0001,2024-01-13 12:30:00,213.79,213.01,212.41,5.97,5.34,4.5,0.375,0.242
MTR0001,2024-01-13 12:45:00,213.79,213.01,212.41,5.97,5.34,4.5,0.375,0.242
MTR0001,2024-01-13 13:00:00,222.02,224.38,225.79,3.49,7.02,5.45,0.479,0.203
MTR0001,2024-01-13 13:15:00,222.02,224.38,225.79,3.41,6.86,5.32,0.468,0.198
MTR0001,2024-01-13 13:30:00,222.02,224.38,225.79,3.41,6.86,5.32,0.468,0.198
MTR0001,2024-01-13 13:45:00,222.02,224.38,225.79,3.41,6.86,5.32,0.468,0.198
MTR0001,2024-01-13 14:00:00,225.79,227.38,227.89,3.21,6.55,5.53,0.469,0.205
MTR0001,2024-01-13 14:15:00,225.79,227.38,227.89,2.76,5.68,4.84,0.409,0.179
MTR0001,2024-01-13 14:30:00,225.79,227.38,227.89,2.76,5.68,4.84,0.409,0.179
MTR0001,2024-01-13 14:45:00,225.79,227.38,227.89,2.76,5.68,4.84,0.409,0.179
MTR0001,2024-01-13 15:00:00,218.48,216.13,217.52,5.84,4.33,2.85,0.358,0.201
MTR0001,2024-01-13 15:15:00,218.48,216.13,217.52,5.59,4.14,2.73,0.343,0.192
MTR0001,2024-01-13 15:30:00,218.48,216.13,217.52,5.59,4.14,2.73,0.343,0.192
MTR0001,2024-01-13 15:45:00,218.48,216.13,217.52,5.59,4.14,2.73,0.343,0.192
MTR0001,2024-01-13 16:00:00,234.61,229.91,231.22,5.06,3.7,2.53,0.361,0.182
MTR0001,2024-01-13 16:15:00,234.61,229.91,231.22,5.28,3.86,2.65,0.376,0.19
MTR0001,2024-01-13 16:30:00,234.61,229.91,231.22,5.28,3.86,2.65,0.376,0.19
MTR0001,2024-01-13 16:45:00,234.61,229.91,231.22,5.28,3.86,2.65,0.376,0.19
MTR0001,2024-01-13 17:00:00,223.54,226.94,224.61,2.46,5.11,3.94,0.33,0.133
MTR0001,2024-01-13 17:15:00,223.54,226.94,224.61,2.21,4.61,3.55,0.295,0.12
MTR0001,2024-01-13 17:30:00,223.54,226.94,224.61,2.21,4.61,3.55,0.295,0.12
MTR0001,2024-01-13 17:45:00,223.54,226.94,224.61,2.21,4.61,3.55,0.295,0.12
MTR0001,2024-01-13 18:00:00,217.02,218.53,218.38,3.98,3.13,2.86,0.295,0.111
MTR0001,2024-01-13 18:15:00,217.02,218.53,218.38,4.42,3.49,3.17,0.328,0.123
MTR0001,2024-01-13 18:30:00,217.02,218.53,218.38,4.42,3.49,3.17,0.328,0.123
MTR0001,2024-01-13 18:45:00,217.02,218.53,218.38,4.42,3.49,3.17,0.328,0.123
MTR0001,2024-01-13 19:00:00,224.04,222.01,222.46,2.42,4.38,3.47,0.275,0.126
MTR0001,2024-01-13 19:15:00,224.04,222.01,222.46,2.39,4.33,3.44,0.272,0.125
MTR0001,2024-01-13 19:30:00,224.04,222.01,222.46,2.39,4.33,3.44,0.272,0.125
MTR0001,2024-01-13 19:45:00,224.04,222.01,222.46,2.39,4.33,3.44,0.272,0.125
MTR0001,2024-01-13 20:00:00,230.75,228.16,230.19,2.88,1.8,4.48,0.316,0.111
MTR0001,2024-01-13 20:15:00,230.75,228.16,230.19,2.89,1.81,4.48,0.316,0.111
MTR0001,2024-01-13 20:30:00,230.75,228.16,230.19,2.89,1.81,4.48,0.316,0.111
MTR0001,2024-01-13 20:45:00,230.75,228.16,230.19,2.89,1.81,4.48,0.316,0.111
MTR0001,2024-01-13 21:00:00,229.18,233.07,234.68,2.69,2.61,2.95,0.216,0.14
MTR0001,2024-01-13 21:15:00,229.18,233.07,234.68,2.47,2.4,2.7,0.196,0.128
MTR0001,2024-01-13 21:30:00,229.18,233.07,234.68,2.47,2.4,2.7,0.196,0.128
MTR0001,2024-01-13 21:45:00,229.18,233.07,234.68,2.47,2.4,2.7,0.196,0.128
MTR0001,2024-01-13 22:00:00,222.33,221.27,219.89,2.47,1.16,3.64,0.204,0.108
MTR0001,2024-01-13 22:15:00,222.33,221.27,219.89,2.87,1.38,4.23,0.237,0.128
MTR0001,2024-01-13 22:30:00,222.33,221.27,219.89,2.87,1.38,4.23,0.237,0.128
MTR0001,2024-01-13 22:45:00,222.33,221.27,219.89,2.87,1.38,4.23,0.237,0.128
MTR0001,2024-01-13 23:00:00,226.36,228.92,227.68,1.2,3.7,2.72,0.223,0.118
MTR0001,2024-01-13 23:15:00,226.36,228.92,227.68,1.17,3.6,2.65,0.217,0.115
MTR0001,2024-01-13 23:30:00,226.36,228.92,227.68,1.17,3.6,2.65,0.217,0.115
MTR0001,2024-01-13 23:45:00,226.36,228.92,227.68,1.17,3.6,2.65,0.217,0.115
MTR0001,2024-01-14 00:00:00,225.7,223.43,225.03,0.9,1.48,1.46,0.121,0.052
MTR0001,2024-01-14 00:15:00,225.7,223.43,225.03,1.1,1.8,1.73,0.144,0.062
MTR0001,2024-01-14 00:30:00,225.7,223.43,225.03,1.1,1.8,1.73,0.144,0.062
MTR0001,2024-01-14 00:45:00,225.7,223.43,225.03,1.1,1.8,1.73,0.144,0.062
MTR0001,2024-01-14 01:00:00,209.9,209.98,210.35,1.46,1.25,2.06,0.116,0.076
MTR0001,2024-01-14 01:15:00,209.9,209.98,210.35,1.09,0.93,1.62,0.085,0.06
MTR0001,2024-01-14 01:30:00,209.9,209.98,210.35,1.09,0.93,1.62,0.085,0.06
MTR0001,2024-01-14 01:45:00,209.9,209.98,210.35,1.09,0.93,1.62,0.085,0.06
MTR0001,2024-01-14 02:00:00,222.74,231.82,224.79,1.21,1.12,0.99,0.081,0.032
MTR0001,2024-01-14 02:15:00,222.74,231.82,224.79,1.44,1.32,1.17,0.1,0.039
MTR0001,2024-01-14 02:30:00,222.74,231.82,224.79,1.44,1.32,1.17,0.1,0.039
MTR0001,2024-01-14 02:45:00,222.74,231.82,224.79,1.44,1.32,1.17,0.1,0.039
MTR0001,2024-01-14 03:00:00,209.79,212.32,213.56,2.08,1.29,0.67,0.134,0.06
MTR0001,2024-01-14 03:15:00,209.79,212.32,213.56,1.98,1.22,0.63,0.129,0.058
MTR0001,2024-01-14 03:30:00,209.79,212.32,213.56,1.98,1.22,0.63,0.129,0.058
MTR0001,2024-01-14 03:45:00,209.79,212.32,213.56,1.98,1.22,0.63,0.129,0.058
MTR0001,2024-01-14 04:00:00,216.4,217.89,220.18,1.36,1.47,1.43,0.103,0.066
MTR0001,2024-01-14 04:15:00,216.4,217.89,220.18,1.24,1.33,1.29,0.092,0.059
MTR0001,2024-01-14 04:30:00,216.4,217.89,220.18,1.24,1.33,1.29,0.092,0.059
MTR0001,2024-01-14 04:45:00,216.4,217.89,220.18,1.24,1.33,1.29,0.092,0.059
MTR0001,2024-01-14 05:00:00,220.14,222.43,222.74,1.34,1.4,1.02,0.098,0.061
MTR0001,2024-01-14 05:15:00,220.14,222.43,222.74,1.73,1.73,1.29,0.126,0.076
MTR0001,2024-01-14 05:30:00,220.14,222.43,222.74,1.73,1.73,1.29,0.126,0.076
MTR0001,2024-01-14 05:45:00,220.14,222.43,222.74,1.73,1.73,1.29,0.126,0.076
MTR0001,2024-01-14 06:00:00,210.48,209.29,212.78,3.89,3.07,2.09,0.227,0.122
MTR0001,2024-01-14 06:15:00,210.48,209.29,212.78,3.05,2.43,1.63,0.175,0.096
MTR0001,2024-01-14 06:30:00,210.48,209.29,212.78,3.05,2.43,1.63,0.175,0.096
MTR0001,2024-01-14 06:45:00,210.48,209.29,212.78,3.05,2.43,1.63,0.175,0.096
MTR0001,2024-01-14 07:00:00,230.11,230.34,228.93,2.02,2.91,2.87,0.249,0.116
MTR0001,2024-01-14 07:15:00,230.11,230.34,228.93,1.87,2.71,2.69,0.234,0.109
MTR0001,2024-01-14 07:30:00,230.11,230.34,228.93,1.87,2.71,2.69,0.234,0.109
MTR0001,2024-01-14 07:45:00,230.11,230.34,228.93,1.87,2.71,2.69,0.234,0.109
MTR0001,2024-01-14 08:00:00,225.99,226.94,227.7,2.79,1.91,3.48,0.222,0.125
MTR0001,2024-01-14 08:15:00,225.99,226.94,227.7,3.71,2.6,4.67,0.302,0.167
MTR0001,2024-01-14 08:30:00,225.99,226.94,227.7,3.71,2.6,4.67,0.302,0.167
MTR0001,2024-01-14 08:45:00,225.99,226.94,227.7,3.71,2.6,4.67,0.302,0.167
MTR0001,2024-01-14 09:00:00,218.99,221.36,217.62,2.97,4.22,3.97,0.29,0.169
MTR0001,2024-01-14 09:15:00,218.99,221.36,217.62,2.44,3.39,3.26,0.232,0.138
MTR0001,2024-01-14 09:30:00,218.99,221.36,217.62,2.44,3.39,3.26,0.232,0.138
MTR0001,2024-01-14 09:45:00,218.99,221.36,217.62,2.44,3.39,3.26,0.232,0.138
MTR0001,2024-01-14 10:00:00,217.84,217.21,219.22,3.07,3.07,3.4,0.247,0.156
MTR0001,2024-01-14 10:15:00,217.84,217.21,219.22,2.79,2.81,3.1,0.224,0.142
MTR0001,2024-01-14 10:30:00,217.84,217.21,219.22,2.79,2.81,3.1,0.224,0.142
MTR0001,2024-01-14 10:45:00,217.84,217.21,219.22,2.79,2.81,3.1,0.224,0.142
MTR0001,2024-01-14 11:00:00,215.28,218.76,219.32,3.03,1.54,4.35,0.255,0.115
MTR0001,2024-01-14 11:15:00,215.28,218.76,219.32,3.71,1.91,5.37,0.315,0.139
MTR0001,2024-01-14 11:30:00,215.28,218.76,219.32,3.71,1.91,5.37,0.315,0.139
MTR0001,2024-01-14 11:45:00,215.28,218.76,219.32,3.71,1.91,5.37,0.315,0.139
MTR0001,2024-01-14 12:00:00,224.3,225.74,224.28,2.74,4.1,3.98,0.311,0.171
MTR0001,2024-01-14 12:15:00,224.3,225.74,224.28,2.85,4.26,4.12,0.322,0.177
MTR0001,2024-01-14 12:30:00,224.3,225.74,224.28,2.85,4.26,4.12,0.322,0.177
MTR0001,2024-01-14 12:45:00,224.3,225.74,224.28,2.85,4.26,4.12,0.322,0.177
MTR0001,2024-01-14 13:00:00,212.76,216.71,215.13,3.63,3.27,4.2,0.295,0.157
MTR0001,2024-01-14 13:15:00,212.76,216.71,215.13,3.34,3.01,3.88,0.271,0.144
MTR0001,2024-01-14 13:30:00,212.76,216.71,215.13,3.34,3.01,3.88,0.271,0.144
MTR0001,2024-01-14 13:45:00,212.76,216.71,215.13,3.34,3.01,3.88,0.271,0.144
MTR0001,2024-01-14 14:00:00,232.22,232.17,230.92,2.55,4.02,3.46,0.316,0.136
MTR0001,2024-01-14 14:15:00,232.22,232.17,230.92,2.58,4.07,3.51,0.32,0.138
MTR0001,2024-01-14 14:30:00,232.22,232.17,230.92,2.58,4.07,3.51,0.32,0.138
MTR0001,2024-01-14 14:45:00,232.22,232.17,230.92,2.58,4.07,3.51,0.32,0.138
MTR0001,2024-01-14 15:00:00,221.2,219.46,219.32,3.12,2.5,3.95,0.273,0.143
MTR0001,2024-01-14 15:15:00,221.2,219.46,219.32,3.2,2.57,4.05,0.28,0.147
MTR0001,2024-01-14 15:30:00,221.2,219.46,219.32,3.2,2.57,4.05,0.28,0.147
MTR0001,2024-01-14 15:45:00,221.2,219.46,219.32,3.2,2.57,4.05,0.28,0.147
MTR0001,2024-01-14 16:00:00,228.92,227.71,230.74,4.29,2.88,1.81,0.292,0.11
MTR0001,2024-01-14 16:15:00,228.92,227.71,230.74,4.53,3.06,1.92,0.308,0.117
MTR0001,2024-01-14 16:30:00,228.92,227.71,230.74,4.53,3.06,1.92,0.308,0.117
MTR0001,2024-01-14 16:45:00,228.92,227.71,230.74,4.53,3.06,1.92,0.308,0.117
MTR0001,2024-01-14 17:00:00,227.12,228.8,228.52,2.79,3.28,3.12,0.287,0.157
MTR0001,2024-01-14 17:15:00,227.12,228.8,228.52,2.32,2.72,2.59,0.243,0.132
MTR0001,2024-01-14 17:30:00,227.12,228.8,228.52,2.32,2.72,2.59,0.243,0.132
MTR0001,2024-01-14 17:45:00,227.12,228.8,228.52,2.32,2.72,2.59,0.243,0.132
MTR0001,2024-01-14 18:00:00,224.44,224.79,223.77,2.33,2.64,2.61,0.241,0.086
MTR0001,2024-01-14 18:15:00,224.44,224.79,223.77,2.89,3.15,3.23,0.292,0.105
MTR0001,2024-01-14 18:30:00,224.44,224.79,223.77,2.89,3.15,3.23,0.292,0.105
MTR0001,2024-01-14 18:45:00,224.44,224.79,223.77,2.89,3.15,3.23,0.292,0.105
MTR0001,2024-01-14 19:00:00,224.87,225.18,225.48,2.62,2.13,3.72,0.234,0.093
MTR0001,2024-01-14 19:15:00,224.87,225.18,225.48,2.52,2.05,3.58,0.225,0.089
MTR0001,2024-01-14 19:30:00,224.87,225.18,225.48,2.52,2.05,3.58,0.225,0.089
MTR0001,2024-01-14 19:45:00,224.87,225.18,225.48,2.52,2.05,3.58,0.225,0.089
MTR0001,2024-01-14 20:00:00,227.34,229.29,226.45,2.73,2.53,2.34,0.236,0.125
MTR0001,2024-01-14 20:15:00,227.34,229.29,226.45,2.44,2.27,2.09,0.213,0.112
MTR0001,2024-01-14 20:30:00,227.34,229.29,226.45,2.44,2.27,2.09,0.213,0.112
MTR0001,2024-01-14 20:45:00,227.34,229.29,226.45,2.44,2.27,2.09,0.213,0.112
MTR0001,2024-01-14 21:00:00,208.75,211.45,212.66,2.1,2.13,2.01,0.161,0.068
MTR0001,2024-01-14 21:15:00,208.75,211.45,212.66,1.74,1.78,1.66,0.132,0.056
MTR0001,2024-01-14 21:30:00,208.75,211.45,212.66,1.74,1.78,1.66,0.132,0.056
MTR0001,2024-01-14 21:45:00,208.75,211.45,212.66,1.74,1.78,1.66,0.132,0.056
MTR0001,2024-01-14 22:00:00,222.46,225.78,225.5,1.85,1.4,1.38,0.136,0.081
MTR0001,2024-01-14 22:15:00,222.46,225.78,225.5,1.93,1.46,1.44,0.141,0.085
MTR0001,2024-01-14 22:30:00,222.46,225.78,225.5,1.93,1.46,1.44,0.141,0.085
MTR0001,2024-01-14 22:45:00,222.46,225.78,225.5,1.93,1.46,1.44,0.141,0.085
MTR0001,2024-01-14 23:00:00,221.18,224.74,221.8,0.96,1.69,1.58,0.142,0.067
MTR0001,2024-01-14 23:15:00,221.18,224.74,221.8,1.32,2.29,2.08,0.183,0.091
MTR0001,2024-01-14 23:30:00,221.18,224.74,221.8,1.32,2.29,2.08,0.183,0.091
MTR0001,2024-01-14 23:45:00,221.18,224.74,221.8,1.32,2.29,2.08,0.183,0.091
MTR0001,2024-01-15 00:00:00,226.26,228.68,226.74,3.34,2.56,2.38,0.259,0.105
MTR0001,2024-01-15 00:15:00,226.26,228.68,226.74,3.34,2.56,2.38,0.259,0.105
MTR0001,2024-01-15 00:30:00,226.26,228.68,226.74,3.34,2.56,2.38,0.259,0.105
MTR0001,2024-01-15 00:45:00,226.26,228.68,226.74,3.34,2.56,2.38,0.259,0.105
MTR0001,2024-01-15 01:00:00,219.15,217.05,218.49,2.85,2.56,2.31,0.213,0.086
MTR0001,2024-01-15 01:15:00,219.15,217.05,218.49,2.85,2.56,2.31,0.213,0.086
MTR0001,2024-01-15 01:30:00,219.15,217.05,218.49,2.85,2.56,2.31,0.213,0.086
MTR0001,2024-01-15 01:45:00,219.15,217.05,218.49,2.85,2.56,2.31,0.213,0.086
MTR0001,2024-01-15 02:00:00,224.08,227.06,227.35,2.55,2.23,3.34,0.26,0.097
MTR0001,2024-01-15 02:15:00,224.08,227.06,227.35,2.55,2.23,3.34,0.26,0.097
MTR0001,2024-01-15 02:30:00,224.08,227.06,227.35,2.55,2.23,3.34,0.26,0.097
MTR0001,2024-01-15 02:45:00,224.08,227.06,227.35,2.55,2.23,3.34,0.26,0.097
MTR0001,2024-01-15 03:00:00,215.73,216.2,217.04,1.93,3.15,2.88,0.216,0.109
MTR0001,2024-01-15 03:15:00,215.73,216.2,217.04,1.93,3.15,2.88,0.216,0.109
MTR0001,2024-01-15 03:30:00,215.73,216.2,217.04,1.93,3.15,2.88,0.216,0.109
MTR0001,2024-01-15 03:45:00,215.73,216.2,217.04,1.93,3.15,2.88,0.216,0.109
MTR0001,2024-01-15 04:00:00,213.56,213.5,215.03,3.66,2.77,1.99,0.238,0.126
MTR0001,2024-01-15 04:15:00,213.56,213.5,215.03,3.66,2.77,1.99,0.238,0.126
MTR0001,2024-01-15 04:30:00,213.56,213.5,215.03,3.66,2.77,1.99,0.238,0.126
MTR0001,2024-01-15 04:45:00,213.56,213.5,215.03,3.66,2.77,1.99,0.238,0.126
MTR0001,2024-01-15 05:00:00,212.04,208.78,210.17,2.51,2.65,2.28,0.236,0.112
MTR0001,2024-01-15 05:15:00,212.04,208.78,210.17,2.51,2.65,2.28,0.236,0.112
MTR0001,2024-01-15 05:30:00,212.04,208.78,210.17,2.51,2.65,2.28,0.236,0.112
MTR0001,2024-01-15 05:45:00,212.04,208.78,210.17,2.51,2.65,2.28,0.236,0.112
MTR0001,2024-01-15 06:00:00,217.7,212.8,216.18,5.08,4.98,5.87,0.457,0.16
MTR0001,2024-01-15 06:15:00,217.7,212.8,216.18,5.08,4.98,5.87,0.457,0.16
MTR0001,2024-01-15 06:30:00,217.7,212.8,216.18,5.08,4.98,5.87,0.457,0.16
MTR0001,2024-01-15 06:45:00,217.7,212.8,216.18,5.08,4.98,5.87,0.457,0.16
MTR0001,2024-01-15 07:00:00,229.53,227.45,227.39,5.75,5.02,6.18,0.469,0.266
MTR0001,2024-01-15 07:15:00,229.53,227.45,227.39,5.75,5.02,6.18,0.469,0.266
MTR0001,2024-01-15 07:30:00,229.53,227.45,227.39,5.75,5.02,6.18,0.469,0.266
MTR0001,2024-01-15 07:45:00,229.53,227.45,227.39,5.75,5.02,6.18,0.469,0.266
MTR0001,2024-01-15 08:00:00,220.53,222.03,220.4,3.32,8.81,6.36,0.534,0.249
MTR0001,2024-01-15 08:15:00,220.53,222.03,220.4,3.32,8.81,6.36,0.534,0.249
MTR0001,2024-01-15 08:30:00,220.53,222.03,220.4,3.32,8.81,6.36,0.534,0.249
MTR0001,2024-01-15 08:45:00,220.53,222.03,220.4,3.32,8.81,6.36,0.534,0.249
MTR0001,2024-01-15 09:00:00,207.14,213.51,211.53,6.98,6.56,6.23,0.598,0.205
MTR0001,2024-01-15 09:15:00,207.14,213.51,211.53,6.98,6.56,6.23,0.598,0.205
MTR0001,2024-01-15 09:30:00,207.14,213.51,211.53,6.98,6.56,6.23,0.598,0.205
MTR0001,2024-01-15 09:45:00,207.14,213.51,211.53,6.98,6.56,6.23,0.598,0.205
MTR0001,2024-01-15 10:00:00,222.62,221.61,223.81,6.94,4.39,9.42,0.609,0.297
MTR0001,2024-01-15 10:15:00,222.62,221.61,223.81,6.94,4.39,9.42,0.609,0.297
MTR0001,2024-01-15 10:30:00,222.62,221.61,223.81,6.94,4.39,9.42,0.609,0.297
MTR0001,2024-01-15 10:45:00,222.62,221.61,223.81,6.94,4.39,9.42,0.609,0.297
MTR0001,2024-01-15 11:00:00,213.05,211.35,215.89,6.91,4.22,9.61,0.563,0.318
MTR0001,2024-01-15 11:15:00,213.05,211.35,215.89,6.91,4.22,9.61,0.563,0.318
MTR0001,2024-01-15 11:30:00,213.05,211.35,215.89,6.91,4.22,9.61,0.563,0.318
MTR0001,2024-01-15 11:45:00,213.05,211.35,215.89,6.91,4.22,9.61,0.563,0.318
MTR0001,2024-01-15 12:00:00,214.89,215.15,217.41,4.78,8.94,7.22,0.56,0.305
MTR0001,2024-01-15 12:15:00,214.89,215.15,217.41,4.78,8.94,7.22,0.56,0.305
MTR0001,2024-01-15 12:30:00,214.89,215.15,217.41,4.78,8.94,7.22,0.56,0.305
MTR0001,2024-01-15 12:45:00,214.89,215.15,217.41,4.78,8.94,7.22,0.56,0.305
MTR0001,2024-01-15 13:00:00,213.84,213.85,214.07,6.83,6.12,7.41,0.58,0.253
MTR0001,2024-01-15 13:15:00,213.84,213.85,214.07,6.83,6.12,7.41,0.58,0.253
MTR0001,2024-01-15 13:30:00,213.84,213.85,214.07,6.83,6.12,7.41,0.58,0.253
MTR0001,2024-01-15 13:45:00,213.84,213.85,214.07,6.83,6.12,7.41,0.58,0.253
MTR0001,2024-01-15 14:00:00,218.39,220.26,219.51,7.48,6.77,6.04,0.553,0.309
MTR0001,2024-01-15 14:15:00,218.39,220.26,219.51,7.48,6.77,6.04,0.553,0.309
MTR0001,2024-01-15 14:30:00,218.39,220.26,219.51,7.48,6.77,6.04,0.553,0.309
MTR0001,2024-01-15 14:45:00,218.39,220.26,219.51,7.48,6.77,6.04,0.553,0.309
MTR0001,2024-01-15 15:00:00,227.68,228.29,226.71,6.86,6.24,6.45,0.555,0.288
MTR0001,2024-01-15 15:15:00,227.68,228.29,226.71,6.86,6.24,6.45,0.555,0.288
MTR0001,2024-01-15 15:30:00,227.68,228.29,226.71,6.86,6.24,6.45,0.555,0.288
MTR0001,2024-01-15 15:45:00,227.68,228.29,226.71,6.86,6.24,6.45,0.555,0.288
MTR0001,2024-01-15 16:00:00,212.76,212.82,213.23,6.07,4.46,7.7,0.535,0.206
MTR0001,2024-01-15 16:15:00,212.76,212.82,213.23,6.07,4.46,7.7,0.535,0.206
MTR0001,2024-01-15 16:30:00,212.76,212.82,213.23,6.07,4.46,7.7,0.535,0.206
MTR0001,2024-01-15 16:45:00,212.76,212.82,213.23,6.07,4.46,7.7,0.535,0.206
MTR0001,2024-01-15 17:00:00,212.27,213.27,211.45,5.81,5.49,5.86,0.49,0.196
MTR0001,2024-01-15 17:15:00,212.27,213.27,211.45,5.81,5.49,5.86,0.49,0.196
MTR0001,2024-01-15 17:30:00,212.27,213.27,211.45,5.81,5.49,5.86,0.49,0.196
MTR0001,2024-01-15 17:45:00,212.27,213.27,211.45,5.81,5.49,5.86,0.49,0.196
MTR0001,2024-01-15 18:00:00,224.99,228.73,227.81,5.72,5.22,4.94,0.441,0.277
MTR0001,2024-01-15 18:15:00,224.99,228.73,227.81,5.72,5.22,4.94,0.441,0.277
MTR0001,2024-01-15 18:30:00,224.99,228.73,227.81,5.72,5.22,4.94,0.441,0.277
MTR0001,2024-01-15 18:45:00,224.99,228.73,227.81,5.72,5.22,4.94,0.441,0.277
MTR0001,2024-01-15 19:00:00,217.8,218.28,216.71,5.13,4.79,4.82,0.437,0.162
MTR0001,2024-01-15 19:15:00,217.8,218.28,216.71,5.13,4.79,4.82,0.437,0.162
MTR0001,2024-01-15 19:30:00,217.8,218.28,216.71,5.13,4.79,4.82,0.437,0.162
MTR0001,2024-01-15 19:45:00,217.8,218.28,216.71,5.13,4.79,4.82,0.437,0.162
MTR0001,2024-01-15 20:00:00,224.86,227.5,223.87,4.77,3.36,5.49,0.402,0.221
MTR0001,2024-01-15 20:15:00,224.86,227.5,223.87,4.77,3.36,5.49,0.402,0.221
MTR0001,2024-01-15 20:30:00,224.86,227.5,223.87,4.77,3.36,5.49,0.402,0.221
MTR0001,2024-01-15 20:45:00,224.86,227.5,223.87,4.77,3.36,5.49,0.402,0.221
MTR0001,2024-01-15 21:00:00,216.55,215.92,217.66,4.11,4.04,3.99,0.339,0.175
MTR0001,2024-01-15 21:15:00,216.55,215.92,217.66,4.11,4.04,3.99,0.339,0.175
MTR0001,2024-01-15 21:30:00,216.55,215.92,217.66,4.11,4.04,3.99,0.339,0.175
MTR0001,2024-01-15 21:45:00,216.55,215.92,217.66,4.11,4.04,3.99,0.339,0.175
MTR0001,2024-01-15 22:00:00,214.99,215.44,213.89,5.52,3.88,2.53,0.321,0.178
MTR0001,2024-01-15 22:15:00,214.99,215.44,213.89,5.52,3.88,2.53,0.321,0.178
MTR0001,2024-01-15 22:30:00,214.99,215.44,213.89,5.52,3.88,2.53,0.321,0.178
MTR0001,2024-01-15 22:45:00,214.99,215.44,213.89,5.52,3.88,2.53,0.321,0.178
MTR0001,2024-01-15 23:00:00,226.91,229.68,227.02,5.34,3.72,2.68,0.331,0.198
MTR0001,2024-01-15 23:15:00,226.91,229.68,227.02,5.34,3.72,2.68,0.331,0.198
MTR0001,2024-01-15 23:30:00,226.91,229.68,227.02,5.34,3.72,2.68,0.331,0.198
MTR0001,2024-01-15 23:45:00,226.91,229.68,227.02,5.34,3.72,2.68,0.331,0.198
MTR0001,2024-01-16 00:00:00,221.55,220.08,216.33,1.92,3.25,2.7,0.223,0.11
MTR0001,2024-01-16 00:15:00,221.55,220.08,216.33,1.92,3.25,2.7,0.223,0.11
MTR0001,2024-01-16 00:30:00,221.55,220.08,216.33,1.92,3.25,2.7,0.223,0.11
MTR0001,2024-01-16 00:45:00,221.55,220.08,216.33,1.92,3.25,2.7,0.223,0.11
MTR0001,2024-01-16 01:00:00,222.11,221.89,223.92,2.46,1.82,3.69,0.235,0.103
MTR0001,2024-01-16 01:15:00,222.11,221.89,223.92,2.46,1.82,3.69,0.235,0.103
MTR0001,2024-01-16 01:30:00,222.11,221.89,223.92,2.46,1.82,3.69,0.235,0.103
MTR0001,2024-01-16 01:45:00,222.11,221.89,223.92,2.46,1.82,3.69,0.235,0.103
MTR0001,2024-01-16 02:00:00,229.4,230.27,230.12,3.21,2.6,2.21,0.235,0.101
MTR0001,2024-01-16 02:15:00,229.4,230.27,230.12,3.21,2.6,2.21,0.235,0.101
MTR0001,2024-01-16 02:30:00,229.4,230.27,230.12,3.21,2.6,2.21,0.235,0.101
MTR0001,2024-01-16 02:45:00,229.4,230.27,230.12,3.21,2.6,2.21,0.235,0.101
MTR0001,2024-01-16 03:00:00,217.4,217.28,218.05,2.65,2.16,2.59,0.196,0.126
MTR0001,2024-01-16 03:15:00,217.4,217.28,218.05,2.65,2.16,2.59,0.196,0.126
MTR0001,2024-01-16 03:30:00,217.4,217.28,218.05,2.65,2.16,2.59,0.196,0.126
MTR0001,2024-01-16 03:45:00,217.4,217.28,218.05,2.65,2.16,2.59,0.196,0.126
MTR0001,2024-01-16 04:00:00,217.75,219.82,219.85,2.07,3.48,2.75,0.249,0.111
MTR0001,2024-01-16 04:15:00,217.75,219.82,219.85,2.07,3.48,2.75,0.249,0.111
MTR0001,2024-01-16 04:30:00,217.75,219.82,219.85,2.07,3.48,2.75,0.249,0.111
MTR0001,2024-01-16 04:45:00,217.75,219.82,219.85,2.07,3.48,2.75,0.249,0.111
MTR0001,2024-01-16 05:00:00,216.17,215.28,216.73,2.78,2.53,2.54,0.214,0.121
MTR0001,2024-01-16 05:15:00,216.17,215.28,216.73,2.78,2.53,2.54,0.214,0.121
MTR0001,2024-01-16 05:30:00,216.17,215.28,216.73,2.78,2.53,2.54,0.214,0.121
MTR0001,2024-01-16 05:45:00,216.17,215.28,216.73,2.78,2.53,2.54,0.214,0.121
MTR0001,2024-01-16 06:00:00,227.73,231.86,232.95,5.21,3.29,7.68,0.448,0.28
MTR0001,2024-01-16 06:15:00,227.73,231.86,232.95,5.21,3.29,7.68,0.448,0.28
MTR0001,2024-01-16 06:30:00,227.73,231.86,232.95,5.21,3.29,7.68,0.448,0.28
MTR0001,2024-01-16 06:45:00,227.73,231.86,232.95,5.21,3.29,7.68,0.448,0.28
MTR0001,2024-01-16 07:00:00,209.94,211.86,210.07,8.09,5.77,3.25,0.467,0.186
MTR0001,2024-01-16 07:15:00,209.94,211.86,210.07,8.09,5.77,3.25,0.467,0.186
MTR0001,2024-01-16 07:30:00,209.94,211.86,210.07,8.09,5.77,3.25,0.467,0.186
MTR0001,2024-01-16 07:45:00,209.94,211.86,210.07,8.09,5.77,3.25,0.467,0.186
MTR0001,2024-01-16 08:00:00,222.05,223.11,225.62,5.91,4.32,7.88,0.523,0.293
MTR0001,2024-01-16 08:15:00,222.05,223.11,225.62,5.91,4.32,7.88,0.523,0.293
MTR0001,2024-01-16 08:30:00,222.05,223.11,225.62,5.91,4.32,7.88,0.523,0.293
MTR0001,2024-01-16 08:45:00,222.05,223.11,225.62,5.91,4.32,7.88,0.523,0.293
MTR0001,2024-01-16 09:00:00,220.37,223.39,222.79,8.95,6.33,3.94,0.56,0.258
MTR0001,2024-01-16 09:15:00,220.37,223.39,222.79,8.95,6.33,3.94,0.56,0.258
MTR0001,2024-01-16 09:30:00,220.37,223.39,222.79,8.95,6.33,3.94,0.56,0.258
MTR0001,2024-01-16 09:45:00,220.37,223.39,222.79,8.95,6.33,3.94,0.56,0.258
MTR0001,2024-01-16 10:00:00,217.31,217.72,217.48,6.58,5.65,7.4,0.535,0.267
MTR0001,2024-01-16 10:15:00,217.31,217.72,217.48,6.58,5.65,7.4,0.535,0.267
MTR0001,2024-01-16 10:30:00,217.31,217.72,217.48,6.58,5.65,7.4,0.535,0.267
MTR0001,2024-01-16 10:45:00,217.31,217.72,217.48,6.58,5.65,7.4,0.535,0.267
MTR0001,2024-01-16 11:00:00,210.83,216.16,213.23,6.96,5.39,8.45,0.532,0.323
MTR0001,2024-01-16 11:15:00,210.83,216.16,213.23,6.96,5.39,8.45,0.532,0.323
MTR0001,2024-01-16 11:30:00,210.83,216.16,213.23,6.96,5.39,8.45,0.532,0.323
MTR0001,2024-01-16 11:45:00,210.83,216.16,213.23,6.96,5.39,8.45,0.532,0.323
MTR0001,2024-01-16 12:00:00,233.97,228.02,231.29,7.97,6.82,5.92,0.629,0.22
MTR0001,2024-01-16 12:15:00,233.97,228.02,231.29,7.97,6.82,5.92,0.629,0.22
MTR0001,2024-01-16 12:30:00,233.97,228.02,231.29,7.97,6.82,5.92,0.629,0.22
MTR0001,2024-01-16 12:45:00,233.97,228.02,231.29,7.97,6.82,5.92,0.629,0.22
MTR0001,2024-01-16 13:00:00,220.79,225.74,222.71,4.06,9.46,7.17,0.593,0.328
MTR0001,2024-01-16 13:15:00,220.79,225.74,222.71,4.06,9.46,7.17,0.593,0.328
MTR0001,2024-01-16 13:30:00,220.79,225.74,222.71,4.06,9.46,7.17,0.593,0.328
MTR0001,2024-01-16 13:45:00,220.79,225.74,222.71,4.06,9.46,7.17,0.593,0.328
MTR0001,2024-01-16 14:00:00,222.31,219.83,222.5,8.59,6.54,4.45,0.552,0.253
MTR0001,2024-01-16 14:15:00,222.31,219.83,222.5,8.59,6.54,4.45,0.552,0.253
MTR0001,2024-01-16 14:30:00,222.31,219.83,222.5,8.59,6.54,4.45,0.552,0.253
MTR0001,2024-01-16 14:45:00,222.31,219.83,222.5,8.59,6.54,4.45,0.552,0.253
MTR0001,2024-01-16 15:00:00,221.05,220.35,220.57,5.96,6.68,6.23,0.579,0.216
MTR0001,2024-01-16 15:15:00,221.05,220.35,220.57,5.96,6.68,6.23,0.579,0.216
MTR0001,2024-01-16 15:30:00,221.05,220.35,220.57,5.96,6.68,6.23,0.579,0.216
MTR0001,2024-01-16 15:45:00,221.05,220.35,220.57,5.96,6.68,6.23,0.579,0.216
MTR0001,2024-01-16 16:00:00,210.32,212.47,210.99,3.09,8.68,6.38,0.528,0.22
MTR0001,2024-01-16 16:15:00,210.32,212.47,210.99,3.09,8.68,6.38,0.528,0.22
MTR0001,2024-01-16 16:30:00,210.32,212.47,210.99,3.09,8.68,6.38,0.528,0.22
MTR0001,2024-01-16 16:45:00,210.32,212.47,210.99,3.09,8.68,6.38,0.528,0.22
MTR0001,2024-01-16 17:00:00,228.79,231.94,231.18,5.7,4.85,6.96,0.554,0.177
MTR0001,2024-01-16 17:15:00,228.79,231.94,231.18,5.7,4.85,6.96,0.554,0.177
MTR0001,2024-01-16 17:30:00,228.79,231.94,231.18,5.7,4.85,6.96,0.554,0.177
MTR0001,2024-01-16 17:45:00,228.79,231.94,231.18,5.7,4.85,6.96,0.554,0.177
MTR0001,2024-01-16 18:00:00,214.35,213.77,212.92,3.59,6.46,5.45,0.451,0.212
MTR0001,2024-01-16 18:15:00,214.35,213.77,212.92,3.59,6.46,5.45,0.451,0.212
MTR0001,2024-01-16 18:30:00,214.35,213.77,212.92,3.59,6.46,5.45,0.451,0.212
MTR0001,2024-01-16 18:45:00,214.35,213.77,212.92,3.59,6.46,5.45,0.451,0.212
MTR0001,2024-01-16 19:00:00,210.52,210.64,210.81,3.12,6.67,4.96,0.388,0.178
MTR0001,2024-01-16 19:15:00,210.52,210.64,210.81,3.12,6.67,4.96,0.388,0.178
MTR0001,2024-01-16 19:30:00,210.52,210.64,210.81,3.12,6.67,4.96,0.388,0.178
MTR0001,2024-01-16 19:45:00,210.52,210.64,210.81,3.12,6.67,4.96,0.388,0.178
MTR0001,2024-01-16 20:00:00,210.39,214.5,212.58,4.7,3.64,5.34,0.39,0.158
MTR0001,2024-01-16 20:15:00,210.39,214.5,212.58,4.7,3.64,5.34,0.39,0.158
MTR0001,2024-01-16 20:30:00,210.39,214.5,212.58,4.7,3.64,5.34,0.39,0.158
MTR0001,2024-01-16 20:45:00,210.39,214.5,212.58,4.7,3.64,5.34,0.39,0.158
MTR0001,2024-01-16 21:00:00,212.11,214.37,211.54,4.13,2.42,6.18,0.367,0.173
MTR0001,2024-01-16 21:15:00,212.11,214.37,211.54,4.13,2.42,6.18,0.367,0.173
MTR0001,2024-01-16 21:30:00,212.11,214.37,211.54,4.13,2.42,6.18,0.367,0.173
MTR0001,2024-01-16 21:45:00,212.11,214.37,211.54,4.13,2.42,6.18,0.367,0.173
MTR0001,2024-01-16 22:00:00,218.01,216.43,214.59,4.76,4.01,3.11,0.325,0.108
MTR0001,2024-01-16 22:15:00,218.01,216.43,214.59,4.76,4.01,3.11,0.325,0.108
MTR0001,2024-01-16 22:30:00,218.01,216.43,214.59,4.76,4.01,3.11,0.325,0.108
MTR0001,2024-01-16 22:45:00,218.01,216.43,214.59,4.76,4.01,3.11,0.325,0.108
MTR0001,2024-01-16 23:00:00,231.73,230.87,230.71,3.64,3.97,3.92,0.333,0.152
MTR0001,2024-01-16 23:15:00,231.73,230.87,230.71,3.64,3.97,3.92,0.333,0.152
MTR0001,2024-01-16 23:30:00,231.73,230.87,230.71,3.64,3.97,3.92,0.333,0.152
MTR0001,2024-01-16 23:45:00,231.73,230.87,230.71,3.64,3.97,3.92,0.333,0.152
MTR0001,2024-01-17 00:00:00,231.42,233.2,232.2,2.33,1.64,3.55,0.265,0.098
MTR0001,2024-01-17 00:15:00,231.42,233.2,232.2,2.33,1.64,3.55,0.265,0.098
MTR0001,2024-01-17 00:30:00,231.42,233.2,232.2,2.33,1.64,3.55,0.265,0.098
MTR0001,2024-01-17 00:45:00,231.42,233.2,232.2,2.33,1.64,3.55,0.265,0.098
MTR0001,2024-01-17 01:00:00,213.61,213.91,217.98,2.69,1.62,3.47,0.21,0.094
MTR0001,2024-01-17 01:15:00,213.61,213.91,217.98,2.69,1.62,3.47,0.21,0.094
MTR0001,2024-01-17 01:30:00,213.61,213.91,217.98,2.69,1.62,3.47,0.21,0.094
MTR0001,2024-01-17 01:45:00,213.61,213.91,217.98,2.69,1.62,3.47,0.21,0.094
MTR0001,2024-01-17 02:00:00,219.55,221.89,221.61,3.66,2.76,1.7,0.236,0.105
MTR0001,2024-01-17 02:15:00,219.55,221.89,221.61,3.66,2.76,1.7,0.236,0.105
MTR0001,2024-01-17 02:30:00,219.55,221.89,221.61,3.66,2.76,1.7,0.236,0.105
MTR0001,2024-01-17 02:45:00,219.55,221.89,221.61,3.66,2.76,1.7,0.236,0.105
MTR0001,2024-01-17 03:00:00,226.96,229.13,230.19,2.08,3.11,2.73,0.242,0.109
MTR0001,2024-01-17 03:15:00,226.96,229.13,230.19,2.08,3.11,2.73,0.242,0.109
MTR0001,2024-01-17 03:30:00,226.96,229.13,230.19,2.08,3.11,2.73,0.242,0.109
MTR0001,2024-01-17 03:45:00,226.96,229.13,230.19,2.08,3.11,2.73,0.242,0.109
MTR0001,2024-01-17 04:00:00,212.72,214.72,212.57,2.54,2.97,2.74,0.239,0.118
MTR0001,2024-01-17 04:15:00,212.72,214.72,212.57,2.54,2.97,2.74,0.239,0.118
MTR0001,2024-01-17 04:30:00,212.72,214.72,212.57,2.54,2.97,2.74,0.239,0.118
MTR0001,2024-01-17 04:45:00,212.72,214.72,212.57,2.54,2.97,2.74,0.239,0.118
MTR0001,2024-01-17 05:00:00,219.53,221.75,218.36,1.92,3.48,2.83,0.199,0.14
MTR0001,2024-01-17 05:15:00,219.53,221.75,218.36,1.92,3.48,2.83,0.199,0.14
MTR0001,2024-01-17 05:30:00,219.53,221.75,218.36,1.92,3.48,2.83,0.199,0.14
MTR0001,2024-01-17 05:45:00,219.53,221.75,218.36,1.92,3.48,2.83,0.199,0.14
MTR0001,2024-01-17 06:00:00,222.79,221.26,222.37,5.41,3.91,7.15,0.5,0.226
MTR0001,2024-01-17 06:15:00,222.79,221.26,222.37,5.41,3.91,7.15,0.5,0.226
MTR0001,2024-01-17 06:30:00,222.79,221.26,222.37,5.41,3.91,7.15,0.5,0.226
MTR0001,2024-01-17 06:45:00,222.79,221.26,222.37,5.41,3.91,7.15,0.5,0.226
MTR0001,2024-01-17 07:00:00,215.37,219.33,221.81,5.73,4.09,7.72,0.498,0.263
MTR0001,2024-01-17 07:15:00,215.37,219.33,221.81,5.73,4.09,7.72,0.498,0.263
MTR0001,2024-01-17 07:30:00,215.37,219.33,221.81,5.73,4.09,7.72,0.498,0.263
MTR0001,2024-01-17 07:45:00,215.37,219.33,221.81,5.73,4.09,7.72,0.498,0.263
MTR0001,2024-01-17 08:00:00,218.57,218.16,216.19,5.13,6.91,6.38,0.501,0.234
MTR0001,2024-01-17 08:15:00,218.57,218.16,216.19,5.13,6.91,6.38,0.501,0.234
MTR0001,2024-01-17 08:30:00,218.57,218.16,216.19,5.13,6.91,6.38,0.501,0.234
MTR0001,2024-01-17 08:45:00,218.57,218.16,216.19,5.13,6.91,6.38,0.501,0.234
MTR0001,2024-01-17 09:00:00,218.2,217.31,219.19,6.34,5.51,7.11,0.512,0.269
MTR0001,2024-01-17 09:15:00,218.2,217.31,219.19,6.34,5.51,7.11,0.512,0.269
MTR0001,2024-01-17 09:30:00,218.2,217.31,219.19,6.34,5.51,7.11,0.512,0.269
MTR0001,2024-01-17 09:45:00,218.2,217.31,219.19,6.34,5.51,7.11,0.512,0.269
MTR0001,2024-01-17 10:00:00,217.32,223.77,217.56,8.15,6.91,5.15,0.571,0.257
MTR0001,2024-01-17 10:15:00,217.32,223.77,217.56,8.15,6.91,5.15,0.571,0.257
MTR0001,2024-01-17 10:30:00,217.32,223.77,217.56,8.15,6.91,5.15,0.571,0.257
MTR0001,2024-01-17 10:45:00,217.32,223.77,217.56,8.15,6.91,5.15,0.571,0.257
MTR0001,2024-01-17 11:00:00,224.74,225.04,226.54,6.54,3.46,10.6,0.589,0.303
MTR0001,2024-01-17 11:15:00,224.74,225.04,226.54,6.54,3.46,10.6,0.589,0.303
MTR0001,2024-01-17 11:30:00,224.74,225.04,226.54,6.54,3.46,10.6,0.589,0.303
MTR0001,2024-01-17 11:45:00,224.74,225.04,226.54,6.54,3.46,10.6,0.589,0.303
MTR0001,2024-01-17 12:00:00,212.64,214.0,213.52,7.81,6.56,6.32,0.615,0.276
MTR0001,2024-01-17 12:15:00,212.64,214.0,213.52,7.81,6.56,6.32,0.615,0.276
MTR0001,2024-01-17 12:30:00,212.64,214.0,213.52,7.81,6.56,6.32,0.615,0.276
MTR0001,2024-01-17 12:45:00,212.64,214.0,213.52,7.81,6.56,6.32,0.615,0.276
MTR0001,2024-01-17 13:00:00,213.27,213.38,217.1,8.73,6.98,4.95,0.583,0.265
MTR0001,2024-01-17 13:15:00,213.27,213.38,217.1,8.73,6.98,4.95,0.583,0.265
MTR0001,2024-01-17 13:30:00,213.27,213.38,217.1,8.73,6.98,4.95,0.583,0.265
MTR0001,2024-01-17 13:45:00,213.27,213.38,217.1,8.73,6.98,4.95,0.583,0.265
MTR0001,2024-01-17 14:00:00,213.34,216.05,215.62,6.37,4.63,9.17,0.601,0.244
MTR0001,2024-01-17 14:15:00,213.34,216.05,215.62,6.37,4.63,9.17,0.601,0.244
MTR0001,2024-01-17 14:30:00,213.34,216.05,215.62,6.37,4.63,9.17,0.601,0.244
MTR0001,2024-01-17 14:45:00,213.34,216.05,215.62,6.37,4.63,9.17,0.601,0.244
MTR0001,2024-01-17 15:00:00,228.37,229.59,230.74,6.07,6.48,6.65,0.559,0.278
MTR0001,2024-01-17 15:15:00,228.37,229.59,230.74,6.07,6.48,6.65,0.559,0.278
MTR0001,2024-01-17 15:30:00,228.37,229.59,230.74,6.07,6.48,6.65,0.559,0.278
MTR0001,2024-01-17 15:45:00,228.37,229.59,230.74,6.07,6.48,6.65,0.559,0.278
MTR0001,2024-01-17 16:00:00,211.4,214.56,212.6,6.03,4.93,7.1,0.467,0.289
MTR0001,2024-01-17 16:15:00,211.4,214.56,212.6,6.03,4.93,7.1,0.467,0.289
MTR0001,2024-01-17 16:30:00,211.4,214.56,212.6,6.03,4.93,7.1,0.467,0.289
MTR0001,2024-01-17 16:45:00,211.4,214.56,212.6,6.03,4.93,7.1,0.467,0.289
MTR0001,2024-01-17 17:00:00,215.61,213.89,218.13,4.35,7.42,5.95,0.524,0.248
MTR0001,2024-01-17 17:15:00,215.61,213.89,218.13,4.35,7.42,5.95,0.524,0.248
MTR0001,2024-01-17 17:30:00,215.61,213.89,218.13,4.35,7.42,5.95,0.524,0.248
MTR0001,2024-01-17 17:45:00,215.61,213.89,218.13,4.35,7.42,5.95,0.524,0.248
MTR0001,2024-01-17 18:00:00,223.54,224.89,224.44,7.37,5.05,3.12,0.442,0.249
MTR0001,2024-01-17 18:15:00,223.54,224.89,224.44,7.37,5.05,3.12,0.442,0.249
MTR0001,2024-01-17 18:30:00,223.54,224.89,224.44,7.37,5.05,3.12,0.442,0.249
MTR0001,2024-01-17 18:45:00,223.54,224.89,224.44,7.37,5.05,3.12,0.442,0.249
MTR0001,2024-01-17 19:00:00,211.52,209.01,211.71,5.18,5.09,5.03,0.431,0.208
MTR0001,2024-01-17 19:15:00,211.52,209.01,211.71,5.18,5.09,5.03,0.431,0.208
MTR0001,2024-01-17 19:30:00,211.52,209.01,211.71,5.18,5.09,5.03,0.431,0.208
MTR0001,2024-01-17 19:45:00,211.52,209.01,211.71,5.18,5.09,5.03,0.431,0.208
MTR0001,2024-01-17 20:00:00,228.12,230.69,226.8,4.47,3.8,5.78,0.421,0.205
MTR0001,2024-01-17 20:15:00,228.12,230.69,226.8,4.47,3.8,5.78,0.421,0.205
MTR0001,2024-01-17 20:30:00,228.12,230.69,226.8,4.47,3.8,5.78,0.421,0.205
MTR0001,2024-01-17 20:45:00,228.12,230.69,226.8,4.47,3.8,5.78,0.421,0.205
MTR0001,2024-01-17 21:00:00,223.53,225.91,224.99,2.95,5.31,3.85,0.363,0.181
MTR0001,2024-01-17 21:15:00,223.53,225.91,224.99,2.95,5.31,3.85,0.363,0.181
MTR0001,2024-01-17 21:30:00,223.53,225.91,224.99,2.95,5.31,3.85,0.363,0.181
MTR0001,2024-01-17 21:45:00,223.53,225.91,224.99,2.95,5.31,3.85,0.363,0.181
MTR0001,2024-01-17 22:00:00,224.3,226.23,227.75,5.49,3.82,2.83,0.317,0.197
MTR0001,2024-01-17 22:15:00,224.3,226.23,227.75,5.49,3.82,2.83,0.317,0.197
MTR0001,2024-01-17 22:30:00,224.3,226.23,227.75,5.49,3.82,2.83,0.317,0.197
MTR0001,2024-01-17 22:45:00,224.3,226.23,227.75,5.49,3.82,2.83,0.317,0.197
MTR0001,2024-01-17 23:00:00,228.35,228.43,229.89,4.81,3.55,3.06,0.332,0.162
MTR0001,2024-01-17 23:15:00,228.35,228.43,229.89,4.81,3.55,3.06,0.332,0.162
MTR0001,2024-01-17 23:30:00,228.35,228.43,229.89,4.81,3.55,3.06,0.332,0.162
MTR0001,2024-01-17 23:45:00,228.35,228.43,229.89,4.81,3.55,3.06,0.332,0.162
MTR0001,2024-01-18 00:00:00,226.44,230.12,228.46,1.81,3.51,2.75,0.202,0.124
MTR0001,2024-01-18 00:15:00,226.44,230.12,228.46,1.81,3.51,2.75,0.202,0.124
MTR0001,2024-01-18 00:30:00,226.44,230.12,228.46,1.81,3.51,2.75,0.202,0.124
MTR0001,2024-01-18 00:45:00,226.44,230.12,228.46,1.81,3.51,2.75,0.202,0.124
MTR0001,2024-01-18 01:00:00,221.02,220.12,223.38,1.7,3.68,3.0,0.25,0.088
MTR0001,2024-01-18 01:15:00,221.02,220.12,223.38,1.7,3.68,3.0,0.25,0.088
MTR0001,2024-01-18 01:30:00,221.02,220.12,223.38,1.7,3.68,3.0,0.25,0.088
MTR0001,2024-01-18 01:45:00,221.02,220.12,223.38,1.7,3.68,3.0,0.25,0.088
MTR0001,2024-01-18 02:00:00,212.88,212.13,211.23,2.55,2.25,2.96,0.236,0.087
MTR0001,2024-01-18 02:15:00,212.88,212.13,211.23,2.55,2.25,2.96,0.236,0.087
MTR0001,2024-01-18 02:30:00,212.88,212.13,211.23,2.55,2.25,2.96,0.236,0.087
MTR0001,2024-01-18 02:45:00,212.88,212.13,211.23,2.55,2.25,2.96,0.236,0.087
MTR0001,2024-01-18 03:00:00,219.18,221.05,220.78,2.72,2.48,2.79,0.168,0.128
MTR0001,2024-01-18 03:15:00,219.18,221.05,220.78,2.72,2.48,2.79,0.168,0.128
MTR0001,2024-01-18 03:30:00,219.18,221.05,220.78,2.72,2.48,2.79,0.168,0.128
MTR0001,2024-01-18 03:45:00,219.18,221.05,220.78,2.72,2.48,2.79,0.168,0.128
MTR0001,2024-01-18 04:00:00,231.44,232.22,232.79,2.47,1.81,3.92,0.252,0.126
MTR0001,2024-01-18 04:15:00,231.44,232.22,232.79,2.47,1.81,3.92,0.252,0.126
MTR0001,2024-01-18 04:30:00,231.44,232.22,232.79,2.47,1.81,3.92,0.252,0.126
MTR0001,2024-01-18 04:45:00,231.44,232.22,232.79,2.47,1.81,3.92,0.252,0.126
MTR0001,2024-01-18 05:00:00,230.94,230.0,229.08,1.77,3.52,2.7,0.22,0.106
MTR0001,2024-01-18 05:15:00,230.94,230.0,229.08,1.77,3.52,2.7,0.22,0.106
MTR0001,2024-01-18 05:30:00,230.94,230.0,229.08,1.77,3.52,2.7,0.22,0.106
MTR0001,2024-01-18 05:45:00,230.94,230.0,229.08,1.77,3.52,2.7,0.22,0.106
MTR0001,2024-01-18 06:00:00,227.78,229.66,229.15,4.86,5.52,5.53,0.414,0.258
MTR0001,2024-01-18 06:15:00,227.78,229.66,229.15,4.86,5.52,5.53,0.414,0.258
MTR0001,2024-01-18 06:30:00,227.78,229.66,229.15,4.86,5.52,5.53,0.414,0.258
MTR0001,2024-01-18 06:45:00,227.78,229.66,229.15,4.86,5.52,5.53,0.414,0.258
MTR0001,2024-01-18 07:00:00,225.44,224.13,228.21,5.35,3.27,8.49,0.496,0.282
MTR0001,2024-01-18 07:15:00,225.44,224.13,228.21,5.35,3.27,8.49,0.496,0.282
MTR0001,2024-01-18 07:30:00,225.44,224.13,228.21,5.35,3.27,8.49,0.496,0.282
MTR0001,2024-01-18 07:45:00,225.44,224.13,228.21,5.35,3.27,8.49,0.496,0.282
MTR0001,2024-01-18 08:00:00,222.93,224.42,223.29,4.15,8.26,6.41,0.524,0.312
MTR0001,2024-01-18 08:15:00,222.93,224.42,223.29,4.15,8.26,6.41,0.524,0.312
MTR0001,2024-01-18 08:30:00,222.93,224.42,223.29,4.15,8.26,6.41,0.524,0.312
MTR0001,2024-01-18 08:45:00,222.93,224.42,223.29,4.15,8.26,6.41,0.524,0.312
MTR0001,2024-01-18 09:00:00,209.58,211.99,208.33,6.4,5.58,7.56,0.511,0.292
MTR0001,2024-01-18 09:15:00,209.58,211.99,208.33,6.4,5.58,7.56,0.511,0.292
MTR0001,2024-01-18 09:30:00,209.58,211.99,208.33,6.4,5.58,7.56,0.511,0.292
MTR0001,2024-01-18 09:45:00,209.58,211.99,208.33,6.4,5.58,7.56,0.511,0.292
MTR0001,2024-01-18 10:00:00,223.54,222.56,226.55,6.62,3.77,9.87,0.587,0.277
MTR0001,2024-01-18 10:15:00,223.54,222.56,226.55,6.62,3.77,9.87,0.587,0.277
MTR0001,2024-01-18 10:30:00,223.54,222.56,226.55,6.62,3.77,9.87,0.587,0.277
MTR0001,2024-01-18 10:45:00,223.54,222.56,226.55,6.62,3.77,9.87,0.587,0.277
MTR0001,2024-01-18 11:00:00,229.66,232.62,231.86,4.8,8.76,7.37,0.623,0.346
MTR0001,2024-01-18 11:15:00,229.66,232.62,231.86,4.8,8.76,7.37,0.623,0.346
MTR0001,2024-01-18 11:30:00,229.66,232.62,231.86,4.8,8.76,7.37,0.623,0.346
MTR0001,2024-01-18 11:45:00,229.66,232.62,231.86,4.8,8.76,7.37,0.623,0.346
MTR0001,2024-01-18 12:00:00,226.16,226.87,228.23,9.91,6.64,3.8,0.604,0.3
MTR0001,2024-01-18 12:15:00,226.16,226.87,228.23,9.91,6.64,3.8,0.604,0.3
MTR0001,2024-01-18 12:30:00,226.16,226.87,228.23,9.91,6.64,3.8,0.604,0.3
MTR0001,2024-01-18 12:45:00,226.16,226.87,228.23,9.91,6.64,3.8,0.604,0.3
MTR0001,2024-01-18 13:00:00,226.99,229.97,228.38,7.32,6.78,6.52,0.59,0.323
MTR0001,2024-01-18 13:15:00,226.99,229.97,228.38,7.32,6.78,6.52,0.59,0.323
MTR0001,2024-01-18 13:30:00,226.99,229.97,228.38,7.32,6.78,6.52,0.59,0.323
MTR0001,2024-01-18 13:45:00,226.99,229.97,228.38,7.32,6.78,6.52,0.59,0.323
MTR0001,2024-01-18 14:00:00,211.94,210.29,212.94,6.5,4.37,8.88,0.534,0.223
MTR0001,2024-01-18 14:15:00,211.94,210.29,212.94,6.5,4.37,8.88,0.534,0.223
MTR0001,2024-01-18 14:30:00,211.94,210.29,212.94,6.5,4.37,8.88,0.534,0.223
MTR0001,2024-01-18 14:45:00,211.94,210.29,212.94,6.5,4.37,8.88,0.534,0.223
MTR0001,2024-01-18 15:00:00,221.14,225.09,225.13,6.36,5.38,7.52,0.541,0.32
MTR0001,2024-01-18 15:15:00,221.14,225.09,225.13,6.36,5.38,7.52,0.541,0.32
MTR0001,2024-01-18 15:30:00,221.14,225.09,225.13,6.36,5.38,7.52,0.541,0.32
MTR0001,2024-01-18 15:45:00,221.14,225.09,225.13,6.36,5.38,7.52,0.541,0.32
MTR0001,2024-01-18 16:00:00,229.1,232.81,229.12,5.81,6.02,6.29,0.576,0.192
MTR0001,2024-01-18 16:15:00,229.1,232.81,229.12,5.81,6.02,6.29,0.576,0.192
MTR0001,2024-01-18 16:30:00,229.1,232.81,229.12,5.81,6.02,6.29,0.576,0.192
MTR0001,2024-01-18 16:45:00,229.1,232.81,229.12,5.81,6.02,6.29,0.576,0.192
MTR0001,2024-01-18 17:00:00,211.05,212.51,210.3,3.88,7.04,5.55,0.454,0.179
MTR0001,2024-01-18 17:15:00,211.05,212.51,210.3,3.88,7.04,5.55,0.454,0.179
MTR0001,2024-01-18 17:30:00,211.05,212.51,210.3,3.88,7.04,5.55,0.454,0.179
MTR0001,2024-01-18 17:45:00,211.05,212.51,210.3,3.88,7.04,5.55,0.454,0.179
MTR0001,2024-01-18 18:00:00,212.84,216.53,215.67,5.46,5.24,5.32,0.485,0.187
MTR0001,2024-01-18 18:15:00,212.84,216.53,215.67,5.46,5.24,5.32,0.485,0.187
MTR0001,2024-01-18 18:30:00,212.84,216.53,215.67,5.46,5.24,5.32,0.485,0.187
MTR0001,2024-01-18 18:45:00,212.84,216.53,215.67,5.46,5.24,5.32,0.485,0.187
MTR0001,2024-01-18 19:00:00,225.87,223.73,225.21,3.33,5.88,4.68,0.419,0.171
MTR0001,2024-01-18 19:15:00,225.87,223.73,225.21,3.33,5.88,4.68,0.419,0.171
MTR0001,2024-01-18 19:30:00,225.87,223.73,225.21,3.33,5.88,4.68,0.419,0.171
MTR0001,2024-01-18 19:45:00,225.87,223.73,225.21,3.33,5.88,4.68,0.419,0.171
MTR0001,2024-01-18 20:00:00,224.6,224.01,226.21,5.04,4.66,4.04,0.388,0.214
MTR0001,2024-01-18 20:15:00,224.6,224.01,226.21,5.04,4.66,4.04,0.388,0.214
MTR0001,2024-01-18 20:30:00,224.6,224.01,226.21,5.04,4.66,4.04,0.388,0.214
MTR0001,2024-01-18 20:45:00,224.6,224.01,226.21,5.04,4.66,4.04,0.388,0.214
MTR0001,2024-01-18 21:00:00,228.3,229.5,229.9,2.5,5.75,4.41,0.388,0.195
MTR0001,2024-01-18 21:15:00,228.3,229.5,229.9,2.5,5.75,4.41,0.388,0.195
MTR0001,2024-01-18 21:30:00,228.3,229.5,229.9,2.5,5.75,4.41,0.388,0.195
MTR0001,2024-01-18 21:45:00,228.3,229.5,229.9,2.5,5.75,4.41,0.388,0.195
MTR0001,2024-01-18 22:00:00,227.34,227.94,228.89,5.21,3.78,2.71,0.327,0.16
MTR0001,2024-01-18 22:15:00,227.34,227.94,228.89,5.21,3.78,2.71,0.327,0.16
MTR0001,2024-01-18 22:30:00,227.34,227.94,228.89,5.21,3.78,2.71,0.327,0.16
MTR0001,2024-01-18 22:45:00,227.34,227.94,228.89,5.21,3.78,2.71,0.327,0.16
MTR0001,2024-01-18 23:00:00,212.06,212.79,209.19,3.85,3.33,4.03,0.268,0.182
MTR0001,2024-01-18 23:15:00,212.06,212.79,209.19,3.85,3.33,4.03,0.268,0.182
MTR0001,2024-01-18 23:30:00,212.06,212.79,209.19,3.85,3.33,4.03,0.268,0.182
MTR0001,2024-01-18 23:45:00,212.06,212.79,209.19,3.85,3.33,4.03,0.268,0.182
MTR0001,2024-01-19 00:00:00,225.71,225.96,228.89,3.13,2.73,2.37,0.244,0.125
MTR0001,2024-01-19 00:15:00,225.71,225.96,228.89,3.13,2.73,2.37,0.244,0.125
MTR0001,2024-01-19 00:30:00,225.71,225.96,228.89,3.13,2.73,2.37,0.244,0.125
MTR0001,2024-01-19 00:45:00,225.71,225.96,228.89,3.13,2.73,2.37,0.244,0.125
MTR0001,2024-01-19 01:00:00,229.86,232.45,232.15,2.55,2.66,2.69,0.237,0.132
MTR0001,2024-01-19 01:15:00,229.86,232.45,232.15,2.55,2.66,2.69,0.237,0.132
MTR0001,2024-01-19 01:30:00,229.86,232.45,232.15,2.55,2.66,2.69,0.237,0.132
MTR0001,2024-01-19 01:45:00,229.86,232.45,232.15,2.55,2.66,2.69,0.237,0.132
MTR0001,2024-01-19 02:00:00,208.27,209.46,211.65,2.62,2.42,3.23,0.208,0.118
MTR0001,2024-01-19 02:15:00,208.27,209.46,211.65,2.62,2.42,3.23,0.208,0.118
MTR0001,2024-01-19 02:30:00,208.27,209.46,211.65,2.62,2.42,3.23,0.208,0.118
MTR0001,2024-01-19 02:45:00,208.27,209.46,211.65,2.62,2.42,3.23,0.208,0.118
MTR0001,2024-01-19 03:00:00,211.54,215.42,216.42,2.88,1.97,3.58,0.23,0.133
MTR0001,2024-01-19 03:15:00,211.54,215.42,216.42,2.88,1.97,3.58,0.23,0.133
MTR0001,2024-01-19 03:30:00,211.54,215.42,216.42,2.88,1.97,3.58,0.23,0.133
MTR0001,2024-01-19 03:45:00,211.54,215.42,216.42,2.88,1.97,3.58,0.23,0.133
MTR0001,2024-01-19 04:00:00,211.54,210.94,208.65,2.71,2.43,2.85,0.17,0.082
MTR0001,2024-01-19 04:15:00,211.54,210.94,208.65,2.71,2.43,2.85,0.17,0.082
MTR0001,2024-01-19 04:30:00,211.54,210.94,208.65,2.71,2.43,2.85,0.17,0.082
MTR0001,2024-01-19 04:45:00,211.54,210.94,208.65,2.71,2.43,2.85,0.17,0.082
MTR0001,2024-01-19 05:00:00,214.45,216.53,215.98,3.73,2.78,1.62,0.21,0.104
MTR0001,2024-01-19 05:15:00,214.45,216.53,215.98,3.73,2.78,1.62,0.21,0.104
MTR0001,2024-01-19 05:30:00,214.45,216.53,215.98,3.73,2.78,1.62,0.21,0.104
MTR0001,2024-01-19 05:45:00,214.45,216.53,215.98,3.73,2.78,1.62,0.21,0.104
MTR0001,2024-01-19 06:00:00,223.08,222.3,222.31,7.07,5.27,3.25,0.474,0.218
MTR0001,2024-01-19 06:15:00,223.08,222.3,222.31,7.07,5.27,3.25,0.474,0.218
MTR0001,2024-01-19 06:30:00,223.08,222.3,222.31,7.07,5.27,3.25,0.474,0.218
MTR0001,2024-01-19 06:45:00,223.08,222.3,222.31,7.07,5.27,3.25,0.474,0.218
MTR0001,2024-01-19 07:00:00,214.36,212.74,212.99,5.46,3.75,8.26,0.504,0.184
MTR0001,2024-01-19 07:15:00,214.36,212.74,212.99,5.46,3.75,8.26,0.504,0.184
MTR0001,2024-01-19 07:30:00,214.36,212.74,212.99,5.46,3.75,8.26,0.504,0.184
MTR0001,2024-01-19 07:45:00,214.36,212.74,212.99,5.46,3.75,8.26,0.504,0.184
MTR0001,2024-01-19 08:00:00,207.57,210.67,208.97,7.86,5.96,4.18,0.424,0.28
MTR0001,2024-01-19 08:15:00,207.57,210.67,208.97,7.86,5.96,4.18,0.424,0.28
MTR0001,2024-01-19 08:30:00,207.57,210.67,208.97,7.86,5.96,4.18,0.424,0.28
MTR0001,2024-01-19 08:45:00,207.57,210.67,208.97,7.86,5.96,4.18,0.424,0.28
MTR0001,2024-01-19 09:00:00,221.4,221.98,221.04,7.38,6.12,5.64,0.555,0.209
MTR0001,2024-01-19 09:15:00,221.4,221.98,221.04,7.38,6.12,5.64,0.555,0.209
MTR0001,2024-01-19 09:30:00,221.4,221.98,221.04,7.38,6.12,5.64,0.555,0.209
MTR0001,2024-01-19 09:45:00,221.4,221.98,221.04,7.38,6.12,5.64,0.555,0.209
MTR0001,2024-01-19 10:00:00,221.91,218.59,216.95,9.05,6.63,4.09,0.588,0.272
MTR0001,2024-01-19 10:15:00,221.91,218.59,216.95,9.05,6.63,4.09,0.588,0.272
MTR0001,2024-01-19 10:30:00,221.91,218.59,216.95,9.05,6.63,4.09,0.588,0.272
MTR0001,2024-01-19 10:45:00,221.91,218.59,216.95,9.05,6.63,4.09,0.588,0.272
MTR0001,2024-01-19 11:00:00,219.08,220.78,217.78,7.23,6.68,6.8,0.641,0.199
MTR0001,2024-01-19 11:15:00,219.08,220.78,217.78,7.23,6.68,6.8,0.641,0.199
MTR0001,2024-01-19 11:30:00,219.08,220.78,217.78,7.23,6.68,6.8,0.641,0.199
MTR0001,2024-01-19 11:45:00,219.08,220.78,217.78,7.23,6.68,6.8,0.641,0.199
MTR0001,2024-01-19 12:00:00,212.08,210.98,212.71,8.35,6.78,5.68,0.524,0.337
MTR0001,2024-01-19 12:15:00,212.08,210.98,212.71,8.35,6.78,5.68,0.524,0.337
MTR0001,2024-01-19 12:30:00,212.08,210.98,212.71,8.35,6.78,5.68,0.524,0.337
MTR0001,2024-01-19 12:45:00,212.08,210.98,212.71,8.35,6.78,5.68,0.524,0.337
MTR0001,2024-01-19 13:00:00,211.54,214.01,212.62,3.98,9.51,7.31,0.59,0.22
MTR0001,2024-01-19 13:15:00,211.54,214.01,212.62,3.98,9.51,7.31,0.59,0.22
MTR0001,2024-01-19 13:30:00,211.54,214.01,212.62,3.98,9.51,7.31,0.59,0.22
MTR0001,2024-01-19 13:45:00,211.54,214.01,212.62,3.98,9.51,7.31,0.59,0.22
MTR0001,2024-01-19 14:00:00,213.69,214.16,215.17,4.75,8.24,6.98,0.542,0.262
MTR0001,2024-01-19 14:15:00,213.69,214.16,215.17,4.75,8.24,6.98,0.542,0.262
MTR0001,2024-01-19 14:30:00,213.69,214.16,215.17,4.75,8.24,6.98,0.542,0.262
MTR0001,2024-01-19 14:45:00,213.69,214.16,215.17,4.75,8.24,6.98,0.542,0.262
MTR0001,2024-01-19 15:00:00,208.53,212.05,211.92,4.16,8.56,6.49,0.526,0.249
MTR0001,2024-01-19 15:15:00,208.53,212.05,211.92,4.16,8.56,6.49,0.526,0.249
MTR0001,2024-01-19 15:30:00,208.53,212.05,211.92,4.16,8.56,6.49,0.526,0.249
MTR0001,2024-01-19 15:45:00,208.53,212.05,211.92,4.16,8.56,6.49,0.526,0.249
MTR0001,2024-01-19 16:00:00,228.83,229.01,227.01,6.12,5.05,7.05,0.507,0.287
MTR0001,2024-01-19 16:15:00,228.83,229.01,227.01,6.12,5.05,7.05,0.507,0.287
MTR0001,2024-01-19 16:30:00,228.83,229.01,227.01,6.12,5.05,7.05,0.507,0.287
MTR0001,2024-01-19 16:45:00,228.83,229.01,227.01,6.12,5.05,7.05,0.507,0.287
MTR0001,2024-01-19 17:00:00,213.73,212.55,210.46,3.57,7.7,5.99,0.448,0.267
MTR0001,2024-01-19 17:15:00,213.73,212.55,210.46,3.57,7.7,5.99,0.448,0.267
MTR0001,2024-01-19 17:30:00,213.73,212.55,210.46,3.57,7.7,5.99,0.448,0.267
MTR0001,2024-01-19 17:45:00,213.73,212.55,210.46,3.57,7.7,5.99,0.448,0.267
MTR0001,2024-01-19 18:00:00,224.96,225.86,224.75,6.08,5.43,4.32,0.463,0.197
MTR0001,2024-01-19 18:15:00,224.96,225.86,224.75,6.08,5.43,4.32,0.463,0.197
MTR0001,2024-01-19 18:30:00,224.96,225.86,224.75,6.08,5.43,4.32,0.463,0.197
MTR0001,2024-01-19 18:45:00,224.96,225.86,224.75,6.08,5.43,4.32,0.463,0.197
MTR0001,2024-01-19 19:00:00,223.97,226.41,224.19,4.96,4.05,5.56,0.406,0.246
MTR0001,2024-01-19 19:15:00,223.97,226.41,224.19,4.96,4.05,5.56,0.406,0.246
MTR0001,2024-01-19 19:30:00,223.97,226.41,224.19,4.96,4.05,5.56,0.406,0.246
MTR0001,2024-01-19 19:45:00,223.97,226.41,224.19,4.96,4.05,5.56,0.406,0.246
MTR0001,2024-01-19 20:00:00,222.21,222.22,221.96,4.92,4.16,4.28,0.356,0.171
MTR0001,2024-01-19 20:15:00,222.21,222.22,221.96,4.92,4.16,4.28,0.356,0.171
MTR0001,2024-01-19 20:30:00,222.21,222.22,221.96,4.92,4.16,4.28,0.356,0.171
MTR0001,2024-01-19 20:45:00,222.21,222.22,221.96,4.92,4.16,4.28,0.356,0.171
MTR0001,2024-01-19 21:00:00,214.17,215.79,220.05,3.87,4.23,4.41,0.36,0.18
MTR0001,2024-01-19 21:15:00,214.17,215.79,220.05,3.87,4.23,4.41,0.36,0.18
MTR0001,2024-01-19 21:30:00,214.17,215.79,220.05,3.87,4.23,4.41,0.36,0.18
MTR0001,2024-01-19 21:45:00,214.17,215.79,220.05,3.87,4.23,4.41,0.36,0.18
MTR0001,2024-01-19 22:00:00,224.82,222.8,222.43,3.64,4.58,3.96,0.344,0.182
MTR0001,2024-01-19 22:15:00,224.82,222.8,222.43,3.64,4.58,3.96,0.344,0.182
MTR0001,2024-01-19 22:30:00,224.82,222.8,222.43,3.64,4.58,3.96,0.344,0.182
MTR0001,2024-01-19 22:45:00,224.82,222.8,222.43,3.64,4.58,3.96,0.344,0.182
MTR0001,2024-01-19 23:00:00,229.49,229.19,230.39,4.05,3.72,3.42,0.346,0.136
MTR0001,2024-01-19 23:15:00,229.49,229.19,230.39,4.05,3.72,3.42,0.346,0.136
MTR0001,2024-01-19 23:30:00,229.49,229.19,230.39,4.05,3.72,3.42,0.346,0.136
MTR0001,2024-01-19 23:45:00,229.49,229.19,230.39,4.05,3.72,3.42,0.346,0.136
MTR0001,2024-01-20 00:00:00,212.01,211.59,209.15,1.07,2.8,2.11,0.166,0.068
MTR0001,2024-01-20 00:15:00,212.01,211.59,209.15,0.83,2.25,1.7,0.131,0.056
MTR0001,2024-01-20 00:30:00,212.01,211.59,209.15,0.83,2.25,1.7,0.131,0.056
MTR0001,2024-01-20 00:45:00,212.01,211.59,209.15,0.83,2.25,1.7,0.131,0.056
MTR0001,2024-01-20 01:00:00,225.55,228.39,229.72,1.4,1.87,1.45,0.133,0.091
MTR0001,2024-01-20 01:15:00,225.55,228.39,229.72,1.53,2.06,1.62,0.147,0.1
MTR0001,2024-01-20 01:30:00,225.55,228.39,229.72,1.53,2.06,1.62,0.147,0.1
MTR0001,2024-01-20 01:45:00,225.55,228.39,229.72,1.53,2.06,1.62,0.147,0.1
MTR0001,2024-01-20 02:00:00,219.14,221.6,220.45,1.68,1.81,1.71,0.145,0.087
MTR0001,2024-01-20 02:15:00,219.14,221.6,220.45,1.55,1.68,1.56,0.133,0.08
MTR0001,2024-01-20 02:30:00,219.14,221.6,220.45,1.55,1.68,1.56,0.133,0.08
MTR0001,2024-01-20 02:45:00,219.14,221.6,220.45,1.55,1.68,1.56,0.133,0.08
MTR0001,2024-01-20 03:00:00,222.8,224.35,222.26,1.98,1.7,1.69,0.147,0.077
MTR0001,2024-01-20 03:15:00,222.8,224.35,222.26,2.34,2.02,1.98,0.174,0.092
MTR0001,2024-01-20 03:30:00,222.8,224.35,222.26,2.34,2.02,1.98,0.174,0.092
MTR0001,2024-01-20 03:45:00,222.8,224.35,222.26,2.34,2.02,1.98,0.174,0.092
MTR0001,2024-01-20 04:00:00,231.12,230.72,232.88,2.64,1.9,1.46,0.195,0.108
MTR0001,2024-01-20 04:15:00,231.12,230.72,232.88,2.53,1.81,1.39,0.187,0.103
MTR0001,2024-01-20 04:30:00,231.12,230.72,232.88,2.53,1.81,1.39,0.187,0.103
MTR0001,2024-01-20 04:45:00,231.12,230.72,232.88,2.53,1.81,1.39,0.187,0.103
MTR0001,2024-01-20 05:00:00,228.93,232.64,228.68,1.9,2.04,2.18,0.154,0.081
MTR0001,2024-01-20 05:15:00,228.93,232.64,228.68,1.72,1.82,1.97,0.135,0.073
MTR0001,2024-01-20 05:30:00,228.93,232.64,228.68,1.72,1.82,1.97,0.135,0.073
MTR0001,2024-01-20 05:45:00,228.93,232.64,228.68,1.72,1.82,1.97,0.135,0.073
MTR0001,2024-01-20 06:00:00,214.4,213.12,217.1,3.31,2.82,4.0,0.309,0.147
MTR0001,2024-01-20 06:15:00,214.4,213.12,217.1,3.37,2.87,4.07,0.314,0.149
MTR0001,2024-01-20 06:30:00,214.4,213.12,217.1,3.37,2.87,4.07,0.314,0.149
MTR0001,2024-01-20 06:45:00,214.4,213.12,217.1,3.37,2.87,4.07,0.314,0.149
MTR0001,2024-01-20 07:00:00,209.51,211.3,215.54,2.02,5.12,3.79,0.278,0.176
MTR0001,2024-01-20 07:15:00,209.51,211.3,215.54,2.07,5.25,3.89,0.286,0.18
MTR0001,2024-01-20 07:30:00,209.51,211.3,215.54,2.07,5.25,3.89,0.286,0.18
MTR0001,2024-01-20 07:45:00,209.51,211.3,215.54,2.07,5.25,3.89,0.286,0.18
MTR0001,2024-01-20 08:00:00,217.54,219.04,218.5,5.02,3.78,3.21,0.299,0.188
MTR0001,2024-01-20 08:15:00,217.54,219.04,218.5,4.69,3.51,2.98,0.276,0.175
MTR0001,2024-01-20 08:30:00,217.54,219.04,218.5,4.69,3.51,2.98,0.276,0.175
MTR0001,2024-01-20 08:45:00,217.54,219.04,218.5,4.69,3.51,2.98,0.276,0.175
MTR0001,2024-01-20 09:00:00,225.45,229.15,228.21,3.86,3.85,3.76,0.29,0.141
MTR0001,2024-01-20 09:15:00,225.45,229.15,228.21,4.03,4.01,3.92,0.306,0.147
MTR0001,2024-01-20 09:30:00,225.45,229.15,228.21,4.03,4.01,3.92,0.306,0.147
MTR0001,2024-01-20 09:45:00,225.45,229.15,228.21,4.03,4.01,3.92,0.306,0.147
MTR0001,2024-01-20 10:00:00,206.91,212.96,212.65,3.29,4.89,4.55,0.362,0.152
MTR0001,2024-01-20 10:15:00,206.91,212.96,212.65,3.96,5.89,5.42,0.433,0.18
MTR0001,2024-01-20 10:30:00,206.91,212.96,212.65,3.96,5.89,5.42,0.433,0.18
MTR0001,2024-01-20 10:45:00,206.91,212.96,212.65,3.96,5.89,5.42,0.433,0.18
MTR0001,2024-01-20 11:00:00,225.0,226.39,225.0,5.28,4.78,5.63,0.48,0.217
MTR0001,2024-01-20 11:15:00,225.0,226.39,225.0,5.14,4.65,5.48,0.468,0.211
MTR0001,2024-01-20 11:30:00,225.0,226.39,225.0,5.14,4.65,5.48,0.468,0.211
MTR0001,2024-01-20 11:45:00,225.0,226.39,225.0,5.14,4.65,5.48,0.468,0.211
MTR0001,2024-01-20 12:00:00,228.54,231.07,229.19,5.66,5.16,4.75,0.493,0.225
MTR0001,2024-01-20 12:15:00,228.54,231.07,229.19,5.36,4.9,4.51,0.469,0.213
MTR0001,2024-01-20 12:30:00,228.54,231.07,229.19,5.36,4.9,4.51,0.469,0.213
MTR0001,2024-01-20 12:45:00,228.54,231.07,229.19,5.36,4.9,4.51,0.469,0.213
MTR0001,2024-01-20 13:00:00,228.97,231.14,230.86,3.42,5.96,4.99,0.424,0.228
MTR0001,2024-01-20 13:15:00,228.97,231.14,230.86,3.42,5.96,4.99,0.423,0.228
MTR0001,2024-01-20 13:30:00,228.97,231.14,230.86,3.42,5.96,4.99,0.423,0.228
MTR0001,2024-01-20 13:45:00,228.97,231.14,230.86,3.42,5.96,4.99,0.423,0.228
MTR0001,2024-01-20 14:00:00,217.27,218.77,218.49,3.83,4.82,4.86,0.411,0.159
MTR0001,2024-01-20 14:15:00,217.27,218.77,218.49,4.2,5.27,5.28,0.447,0.174
MTR0001,2024-01-20 14:30:00,217.27,218.77,218.49,4.2,5.27,5.28,0.447,0.174
MTR0001,2024-01-20 14:45:00,217.27,218.77,218.49,4.2,5.27,5.28,0.447,0.174
MTR0001,2024-01-20 15:00:00,227.02,227.71,227.15,6.19,4.65,3.71,0.438,0.217
MTR0001,2024-01-20 15:15:00,227.02,227.71,227.15,6.43,4.85,3.86,0.455,0.225
MTR0001,2024-01-20 15:30:00,227.02,227.71,227.15,6.43,4.85,3.86,0.455,0.225
MTR0001,2024-01-20 15:45:00,227.02,227.71,227.15,6.43,4.85,3.86,0.455,0.225
MTR0001,2024-01-20 16:00:00,230.75,228.52,231.44,4.92,3.74,5.66,0.433,0.163
MTR0001,2024-01-20 16:15:00,230.75,228.52,231.44,4.6,3.46,5.29,0.403,0.152
MTR0001,2024-01-20 16:30:00,230.75,228.52,231.44,4.6,3.46,5.29,0.403,0.152
MTR0001,2024-01-20 16:45:00,230.75,228.52,231.44,4.6,3.46,5.29,0.403,0.152
MTR0001,2024-01-20 17:00:00,230.73,228.44,229.49,2.35,5.44,4.35,0.345,0.182
MTR0001,2024-01-20 17:15:00,230.73,228.44,229.49,1.92,4.49,3.63,0.283,0.151
MTR0001,2024-01-20 17:30:00,230.73,228.44,229.49,1.92,4.49,3.63,0.283,0.151
MTR0001,2024-01-20 17:45:00,230.73,228.44,229.49,1.92,4.49,3.63,0.283,0.151
MTR0001,2024-01-20 18:00:00,214.31,213.47,213.13,2.27,4.26,3.28,0.311,0.105
MTR0001,2024-01-20 18:15:00,214.31,213.47,213.13,2.34,4.39,3.38,0.32,0.108
MTR0001,2024-01-20 18:30:00,214.31,213.47,213.13,2.34,4.39,3.38,0.32,0.108
MTR0001,2024-01-20 18:45:00,214.31,213.47,213.13,2.34,4.39,3.38,0.32,0.108
MTR0001,2024-01-20 19:00:00,224.45,222.85,225.93,1.49,4.68,3.37,0.296,0.135
MTR0001,2024-01-20 19:15:00,224.45,222.85,225.93,1.73,5.3,3.82,0.335,0.153
MTR0001,2024-01-20 19:30:00,224.45,222.85,225.93,1.73,5.3,3.82,0.335,0.153
MTR0001,2024-01-20 19:45:00,224.45,222.85,225.93,1.73,5.3,3.82,0.335,0.153
MTR0001,2024-01-20 20:00:00,220.93,220.31,218.85,3.13,3.55,3.13,0.302,0.151
MTR0001,2024-01-20 20:15:00,220.93,220.31,218.85,2.78,3.18,2.76,0.272,0.134
MTR0001,2024-01-20 20:30:00,220.93,220.31,218.85,2.78,3.18,2.76,0.272,0.134
MTR0001,2024-01-20 20:45:00,220.93,220.31,218.85,2.78,3.18,2.76,0.272,0.134
MTR0001,2024-01-20 21:00:00,226.04,227.08,226.06,3.04,2.56,2.14,0.256,0.094
MTR0001,2024-01-20 21:15:00,226.04,227.08,226.06,3.7,3.12,2.64,0.308,0.117
MTR0001,2024-01-20 21:30:00,226.04,227.08,226.06,3.7,3.12,2.64,0.308,0.117
MTR0001,2024-01-20 21:45:00,226.04,227.08,226.06,3.7,3.12,2.64,0.308,0.117
MTR0001,2024-01-20 22:00:00,227.44,223.13,227.53,3.96,3.12,2.04,0.27,0.129
MTR0001,2024-01-20 22:15:00,227.44,223.13,227.53,3.81,3.0,1.95,0.26,0.125
MTR0001,2024-01-20 22:30:00,227.44,223.13,227.53,3.81,3.0,1.95,0.26,0.125
MTR0001,2024-01-20 22:45:00,227.44,223.13,227.53,3.81,3.0,1.95,0.26,0.125
MTR0001,2024-01-20 23:00:00,227.7,228.48,231.19,2.56,2.08,3.91,0.258,0.123
MTR0001,2024-01-20 23:15:00,227.7,228.48,231.19,2.37,1.95,3.65,0.24,0.115
MTR0001,2024-01-20 23:30:00,227.7,228.48,231.19,2.37,1.95,3.65,0.24,0.115
MTR0001,2024-01-20 23:45:00,227.7,228.48,231.19,2.37,1.95,3.65,0.24,0.115
MTR0001,2024-01-21 00:00:00,227.08,229.23,230.22,1.87,1.44,0.93,0.125,0.072
MTR0001,2024-01-21 00:15:00,227.08,229.23,230.22,1.93,1.48,0.96,0.129,0.074
MTR0001,2024-01-21 00:30:00,227.08,229.23,230.22,1.93,1.48,0.96,0.129,0.074
MTR0001,2024-01-21 00:45:00,227.08,229.23,230.22,1.93,1.48,0.96,0.129,0.074
MTR0001,2024-01-21 01:00:00,217.34,220.72,218.63,1.49,1.24,1.91,0.14,0.054
MTR0001,2024-01-21 01:15:00,217.34,220.72,218.63,1.29,1.1,1.64,0.122,0.048
MTR0001,2024-01-21 01:30:00,217.34,220.72,218.63,1.29,1.1,1.64,0.122,0.048
MTR0001,2024-01-21 01:45:00,217.34,220.72,218.63,1.29,1.1,1.64,0.122,0.048
MTR0001,2024-01-21 02:00:00,220.58,217.22,217.21,1.08,0.85,1.66,0.095,0.054
MTR0001,2024-01-21 02:15:00,220.58,217.22,217.21,1.02,0.81,1.58,0.09,0.052
MTR0001,2024-01-21 02:30:00,220.58,217.22,217.21,1.02,0.81,1.58,0.09,0.052
MTR0001,2024-01-21 02:45:00,220.58,217.22,217.21,1.02,0.81,1.58,0.09,0.052
MTR0001,2024-01-21 03:00:00,224.93,225.39,231.64,0.94,0.56,1.65,0.07,0.05
MTR0001,2024-01-21 03:15:00,224.93,225.39,231.64,0.96,0.57,1.69,0.072,0.051
MTR0001,2024-01-21 03:30:00,224.93,225.39,231.64,0.96,0.57,1.69,0.072,0.051
MTR0001,2024-01-21 03:45:00,224.93,225.39,231.64,0.96,0.57,1.69,0.072,0.051
MTR0001,2024-01-21 04:00:00,228.25,229.82,233.06,0.46,1.35,1.26,0.093,0.041
MTR0001,2024-01-21 04:15:00,228.25,229.82,233.06,0.54,1.54,1.4,0.105,0.047
MTR0001,2024-01-21 04:30:00,228.25,229.82,233.06,0.54,1.54,1.4,0.105,0.047
MTR0001,2024-01-21 04:45:00,228.25,229.82,233.06,0.54,1.54,1.4,0.105,0.047
MTR0001,2024-01-21 05:00:00,227.47,228.3,228.96,1.36,1.32,1.36,0.116,0.059
MTR0001,2024-01-21 05:15:00,227.47,228.3,228.96,1.65,1.6,1.68,0.142,0.073
MTR0001,2024-01-21 05:30:00,227.47,228.3,228.96,1.65,1.6,1.68,0.142,0.073
MTR0001,2024-01-21 05:45:00,227.47,228.3,228.96,1.65,1.6,1.68,0.142,0.073
MTR0001,2024-01-21 06:00:00,219.83,223.24,223.05,4.66,3.01,1.81,0.285,0.132
MTR0001,2024-01-21 06:15:00,219.83,223.24,223.05,3.82,2.43,1.45,0.233,0.109
MTR0001,2024-01-21 06:30:00,219.83,223.24,223.05,3.82,2.43,1.45,0.233,0.109
MTR0001,2024-01-21 06:45:00,219.83,223.24,223.05,3.82,2.43,1.45,0.233,0.109
MTR0001,2024-01-21 07:00:00,227.9,226.14,227.87,2.19,3.21,2.91,0.231,0.12
MTR0001,2024-01-21 07:15:00,227.9,226.14,227.87,2.15,3.14,2.86,0.226,0.118
MTR0001,2024-01-21 07:30:00,227.9,226.14,227.87,2.15,3.14,2.86,0.226,0.118
MTR0001,2024-01-21 07:45:00,227.9,226.14,227.87,2.15,3.14,2.86,0.226,0.118
MTR0001,2024-01-21 08:00:00,218.8,219.96,217.48,2.35,3.14,2.99,0.267,0.115
MTR0001,2024-01-21 08:15:00,218.8,219.96,217.48,1.97,2.71,2.58,0.232,0.099
MTR0001,2024-01-21 08:30:00,218.8,219.96,217.48,1.97,2.71,2.58,0.232,0.099
MTR0001,2024-01-21 08:45:00,218.8,219.96,217.48,1.97,2.71,2.58,0.232,0.099
MTR0001,2024-01-21 09:00:00,231.83,232.57,232.06,2.99,2.5,2.11,0.25,0.114
MTR0001,2024-01-21 09:15:00,231.83,232.57,232.06,3.83,3.22,2.75,0.316,0.148
MTR0001,2024-01-21 09:30:00,231.83,232.57,232.06,3.83,3.22,2.75,0.316,0.148
MTR0001,2024-01-21 09:45:00,231.83,232.57,232.06,3.83,3.22,2.75,0.316,0.148
MTR0001,2024-01-21 10:00:00,226.94,227.57,229.38,2.47,4.59,3.52,0.324,0.102
MTR0001,2024-01-21 10:15:00,226.94,227.57,229.38,2.34,4.33,3.32,0.305,0.096
MTR0001,2024-01-21 10:30:00,226.94,227.57,229.38,2.34,4.33,3.32,0.305,0.096
MTR0001,2024-01-21 10:45:00,226.94,227.57,229.38,2.34,4.33,3.32,0.305,0.096
MTR0001,2024-01-21 11:00:00,209.13,213.19,210.29,4.97,3.43,1.59,0.29,0.099
MTR0001,2024-01-21 11:15:00,209.13,213.19,210.29,4.41,3.06,1.38,0.257,0.088
MTR0001,2024-01-21 11:30:00,209.13,213.19,210.29,4.41,3.06,1.38,0.257,0.088
MTR0001,2024-01-21 11:45:00,209.13,213.19,210.29,4.41,3.06,1.38,0.257,0.088
MTR0001,2024-01-21 12:00:00,206.59,211.43,210.44,2.55,2.98,2.97,0.22,0.14
MTR0001,2024-01-21 12:15:00,206.59,211.43,210.44,2.81,3.3,3.27,0.242,0.154
MTR0001,2024-01-21 12:30:00,206.59,211.43,210.44,2.81,3.3,3.27,0.242,0.154
MTR0001,2024-01-21 12:45:00,206.59,211.43,210.44,2.81,3.3,3.27,0.242,0.154
MTR0001,2024-01-21 13:00:00,212.32,213.14,216.13,1.83,4.74,3.53,0.279,0.162
MTR0001,2024-01-21 13:15:00,212.32,213.14,216.13,1.68,4.32,3.23,0.256,0.149
MTR0001,2024-01-21 13:30:00,212.32,213.14,216.13,1.68,4.32,3.23,0.256,0.149
MTR0001,2024-01-21 13:45:00,212.32,213.14,216.13,1.68,4.32,3.23,0.256,0.149
MTR0001,2024-01-21 14:00:00,220.09,224.01,219.42,3.06,2.49,2.7,0.221,0.106
MTR0001,2024-01-21 14:15:00,220.09,224.01,219.42,3.12,2.54,2.74,0.225,0.108
MTR0001,2024-01-21 14:30:00,220.09,224.01,219.42,3.12,2.54,2.74,0.225,0.108
MTR0001,2024-01-21 14:45:00,220.09,224.01,219.42,3.12,2.54,2.74,0.225,0.108
MTR0001,2024-01-21 15:00:00,226.71,225.57,225.14,4.0,2.85,1.78,0.27,0.131
MTR0001,2024-01-21 15:15:00,226.71,225.57,225.14,5.08,3.6,2.23,0.336,0.165
MTR0001,2024-01-21 15:30:00,226.71,225.57,225.14,5.08,3.6,2.23,0.336,0.165
MTR0001,2024-01-21 15:45:00,226.71,225.57,225.14,5.08,3.6,2.23,0.336,0.165
MTR0001,2024-01-21 16:00:00,223.65,224.69,221.34,1.86,4.74,3.55,0.281,0.137
MTR0001,2024-01-21 16:15:00,223.65,224.69,221.34,1.69,4.34,3.26,0.255,0.126
MTR0001,2024-01-21 16:30:00,223.65,224.69,221.34,1.69,4.34,3.26,0.255,0.126
MTR0001,2024-01-21 16:45:00,223.65,224.69,221.34,1.69,4.34,3.26,0.255,0.126
MTR0001,2024-01-21 17:00:00,227.29,229.36,228.7,3.56,2.78,2.14,0.241,0.13
MTR0001,2024-01-21 17:15:00,227.29,229.36,228.7,4.04,3.17,2.45,0.276,0.148
MTR0001,2024-01-21 17:30:00,227.29,229.36,228.7,4.04,3.17,2.45,0.276,0.148
MTR0001,2024-01-21 17:45:00,227.29,229.36,228.7,4.04,3.17,2.45,0.276,0.148
MTR0001,2024-01-21 18:00:00,215.12,215.4,214.62,3.18,2.02,3.95,0.284,0.099
MTR0001,2024-01-21 18:15:00,215.12,215.4,214.62,2.9,1.8,3.58,0.259,0.089
MTR0001,2024-01-21 18:30:00,215.12,215.4,214.62,2.9,1.8,3.58,0.259,0.089
MTR0001,2024-01-21 18:45:00,215.12,215.4,214.62,2.9,1.8,3.58,0.259,0.089
MTR0001,2024-01-21 19:00:00,210.18,210.49,211.01,2.66,1.87,3.56,0.236,0.122
MTR0001,2024-01-21 19:15:00,210.18,210.49,211.01,2.26,1.59,3.03,0.204,0.104
MTR0001,2024-01-21 19:30:00,210.18,210.49,211.01,2.26,1.59,3.03,0.204,0.104
MTR0001,2024-01-21 19:45:00,210.18,210.49,211.01,2.26,1.59,3.03,0.204,0.104
MTR0001,2024-01-21 20:00:00,221.59,223.72,223.06,2.53,1.98,1.35,0.126,0.079
MTR0001,2024-01-21 20:15:00,221.59,223.72,223.06,2.72,2.12,1.44,0.138,0.085
MTR0001,2024-01-21 20:30:00,221.59,223.72,223.06,2.72,2.12,1.44,0.138,0.085
MTR0001,2024-01-21 20:45:00,221.59,223.72,223.06,2.72,2.12,1.44,0.138,0.085
MTR0001,2024-01-21 21:00:00,211.35,213.31,212.37,1.8,2.0,2.07,0.146,0.081
MTR0001,2024-01-21 21:15:00,211.35,213.31,212.37,2.01,2.2,2.29,0.163,0.091
MTR0001,2024-01-21 21:30:00,211.35,213.31,212.37,2.01,2.2,2.29,0.163,0.091
MTR0001,2024-01-21 21:45:00,211.35,213.31,212.37,2.01,2.2,2.29,0.163,0.091
MTR0001,2024-01-21 22:00:00,216.69,218.13,216.65,1.12,2.79,2.36,0.19,0.089
MTR0001,2024-01-21 22:15:00,216.69,218.13,216.65,1.0,2.49,2.14,0.171,0.081
MTR0001,2024-01-21 22:30:00,216.69,218.13,216.65,1.0,2.49,2.14,0.171,0.081
MTR0001,2024-01-21 22:45:00,216.69,218.13,216.65,1.0,2.49,2.14,0.171,0.081
MTR0001,2024-01-21 23:00:00,214.75,213.94,211.65,1.42,2.18,1.74,0.145,0.068
MTR0001,2024-01-21 23:15:00,214.75,213.94,211.65,1.54,2.37,1.91,0.158,0.074
MTR0001,2024-01-21 23:30:00,214.75,213.94,211.65,1.54,2.37,1.91,0.158,0.074
MTR0001,2024-01-21 23:45:00,214.75,213.94,211.65,1.54,2.37,1.91,0.158,0.074
MTR0001,2024-01-22 00:00:00,222.88,220.45,221.13,3.24,2.49,1.96,0.23,0.082
MTR0001,2024-01-22 00:15:00,222.88,220.45,221.13,3.24,2.49,1.96,0.23,0.082
MTR0001,2024-01-22 00:30:00,222.88,220.45,221.13,3.24,2.49,1.96,0.23,0.082
MTR0001,2024-01-22 00:45:00,222.88,220.45,221.13,3.24,2.49,1.96,0.23,0.082
MTR0001,2024-01-22 01:00:00,224.15,224.38,225.46,2.56,2.16,2.84,0.247,0.078
MTR0001,2024-01-22 01:15:00,224.15,224.38,225.46,2.56,2.16,2.84,0.247,0.078
MTR0001,2024-01-22 01:30:00,224.15,224.38,225.46,2.56,2.16,2.84,0.247,0.078
MTR0001,2024-01-22 01:45:00,224.15,224.38,225.46,2.56,2.16,2.84,0.247,0.078
MTR0001,2024-01-22 02:00:00,223.62,223.51,222.43,1.72,3.67,2.56,0.195,0.132
MTR0001,2024-01-22 02:15:00,223.62,223.51,222.43,1.72,3.67,2.56,0.195,0.132
MTR0001,2024-01-22 02:30:00,223.62,223.51,222.43,1.72,3.67,2.56,0.195,0.132
MTR0001,2024-01-22 02:45:00,223.62,223.51,222.43,1.72,3.67,2.56,0.195,0.132
MTR0001,2024-01-22 03:00:00,216.08,212.63,216.43,2.69,2.47,2.64,0.221,0.075
MTR0001,2024-01-22 03:15:00,216.08,212.63,216.43,2.69,2.47,2.64,0.221,0.075
MTR0001,2024-01-22 03:30:00,216.08,212.63,216.43,2.69,2.47,2.64,0.221,0.075
MTR0001,2024-01-22 03:45:00,216.08,212.63,216.43,2.69,2.47,2.64,0.221,0.075
MTR0001,2024-01-22 04:00:00,217.4,219.44,217.14,1.41,3.85,2.65,0.237,0.084
MTR0001,2024-01-22 04:15:00,217.4,219.44,217.14,1.41,3.85,2.65,0.237,0.084
MTR0001,2024-01-22 04:30:00,217.4,219.44,217.14,1.41,3.85,2.65,0.237,0.084
MTR0001,2024-01-22 04:45:00,217.4,219.44,217.14,1.41,3.85,2.65,0.237,0.084
MTR0001,2024-01-22 05:00:00,223.57,224.62,223.88,2.19,2.67,2.4,0.216,0.119
MTR0001,2024-01-22 05:15:00,223.57,224.62,223.88,2.19,2.67,2.4,0.216,0.119
MTR0001,2024-01-22 05:30:00,223.57,224.62,223.88,2.19,2.67,2.4,0.216,0.119
MTR0001,2024-01-22 05:45:00,223.57,224.62,223.88,2.19,2.67,2.4,0.216,0.119
MTR0001,2024-01-22 06:00:00,220.57,223.42,224.37,5.14,3.16,7.37,0.423,0.229
MTR0001,2024-01-22 06:15:00,220.57,223.42,224.37,5.14,3.16,7.37,0.423,0.229
MTR0001,2024-01-22 06:30:00,220.57,223.42,224.37,5.14,3.16,7.37,0.423,0.229
MTR0001,2024-01-22 06:45:00,220.57,223.42,224.37,5.14,3.16,7.37,0.423,0.229
MTR0001,2024-01-22 07:00:00,222.35,223.49,222.22,5.91,4.32,7.33,0.461,0.298
MTR0001,2024-01-22 07:15:00,222.35,223.49,222.22,5.91,4.32,7.33,0.461,0.298
MTR0001,2024-01-22 07:30:00,222.35,223.49,222.22,5.91,4.32,7.33,0.461,0.298
MTR0001,2024-01-22 07:45:00,222.35,223.49,222.22,5.91,4.32,7.33,0.461,0.298
MTR0001,2024-01-22 08:00:00,225.45,226.17,225.36,8.74,6.0,3.72,0.536,0.216
MTR0001,2024-01-22 08:15:00,225.45,226.17,225.36,8.74,6.0,3.72,0.536,0.216
MTR0001,2024-01-22 08:30:00,225.45,226.17,225.36,8.74,6.0,3.72,0.536,0.216
MTR0001,2024-01-22 08:45:00,225.45,226.17,225.36,8.74,6.0,3.72,0.536,0.216
MTR0001,2024-01-22 09:00:00,213.38,214.53,214.55,6.47,5.26,7.57,0.514,0.247
MTR0001,2024-01-22 09:15:00,213.38,214.53,214.55,6.47,5.26,7.57,0.514,0.247
MTR0001,2024-01-22 09:30:00,213.38,214.53,214.55,6.47,5.26,7.57,0.514,0.247
MTR0001,2024-01-22 09:45:00,213.38,214.53,214.55,6.47,5.26,7.57,0.514,0.247
MTR0001,2024-01-22 10:00:00,230.12,230.37,232.08,5.32,7.94,6.95,0.552,0.34
MTR0001,2024-01-22 10:15:00,230.12,230.37,232.08,5.32,7.94,6.95,0.552,0.34
MTR0001,2024-01-22 10:30:00,230.12,230.37,232.08,5.32,7.94,6.95,0.552,0.34
MTR0001,2024-01-22 10:45:00,230.12,230.37,232.08,5.32,7.94,6.95,0.552,0.34
MTR0001,2024-01-22 11:00:00,214.01,211.62,214.21,6.68,3.78,10.06,0.572,0.311
MTR0001,2024-01-22 11:15:00,214.01,211.62,214.21,6.68,3.78,10.06,0.572,0.311
MTR0001,2024-01-22 11:30:00,214.01,211.62,214.21,6.68,3.78,10.06,0.572,0.311
MTR0001,2024-01-22 11:45:00,214.01,211.62,214.21,6.68,3.78,10.06,0.572,0.311
MTR0001,2024-01-22 12:00:00,217.97,221.79,219.59,4.93,8.57,6.87,0.607,0.318
MTR0001,2024-01-22 12:15:00,217.97,221.79,219.59,4.93,8.57,6.87,0.607,0.318
MTR0001,2024-01-22 12:30:00,217.97,221.79,219.59,4.93,8.57,6.87,0.607,0.318
MTR0001,2024-01-22 12:45:00,217.97,221.79,219.59,4.93,8.57,6.87,0.607,0.318
MTR0001,2024-01-22 13:00:00,222.96,224.09,224.18,5.94,7.6,7.09,0.61,0.28
MTR0001,2024-01-22 13:15:00,222.96,224.09,224.18,5.94,7.6,7.09,0.61,0.28
MTR0001,2024-01-22 13:30:00,222.96,224.09,224.18,5.94,7.6,7.09,0.61,0.28
MTR0001,2024-01-22 13:45:00,222.96,224.09,224.18,5.94,7.6,7.09,0.61,0.28
MTR0001,2024-01-22 14:00:00,214.51,212.96,214.78,6.67,6.09,7.13,0.537,0.274
MTR0001,2024-01-22 14:15:00,214.51,212.96,214.78,6.67,6.09,7.13,0.537,0.274
MTR0001,2024-01-22 14:30:00,214.51,212.96,214.78,6.67,6.09,7.13,0.537,0.274
MTR0001,2024-01-22 14:45:00,214.51,212.96,214.78,6.67,6.09,7.13,0.537,0.274
MTR0001,2024-01-22 15:00:00,211.1,209.63,212.52,3.69,9.53,6.54,0.576,0.224
MTR0001,2024-01-22 15:15:00,211.1,209.63,212.52,3.69,9.53,6.54,0.576,0.224
MTR0001,2024-01-22 15:30:00,211.1,209.63,212.52,3.69,9.53,6.54,0.576,0.224
MTR0001,2024-01-22 15:45:00,211.1,209.63,212.52,3.69,9.53,6.54,0.576,0.224
MTR0001,2024-01-22 16:00:00,219.14,221.04,220.16,5.82,3.76,8.68,0.545,0.237
MTR0001,2024-01-22 16:15:00,219.14,221.04,220.16,5.82,3.76,8.68,0.545,0.237
MTR0001,2024-01-22 16:30:00,219.14,221.04,220.16,5.82,3.76,8.68,0.545,0.237
MTR0001,2024-01-22 16:45:00,219.14,221.04,220.16,5.82,3.76,8.68,0.545,0.237
MTR0001,2024-01-22 17:00:00,226.66,228.67,229.82,5.75,4.06,7.27,0.471,0.284
MTR0001,2024-01-22 17:15:00,226.66,228.67,229.82,5.75,4.06,7.27,0.471,0.284
MTR0001,2024-01-22 17:30:00,226.66,228.67,229.82,5.75,4.06,7.27,0.471,0.284
MTR0001,2024-01-22 17:45:00,226.66,228.67,229.82,5.75,4.06,7.27,0.471,0.284
MTR0001,2024-01-22 18:00:00,228.13,231.39,228.2,5.18,4.37,6.7,0.493,0.208
MTR0001,2024-01-22 18:15:00,228.13,231.39,228.2,5.18,4.37,6.7,0.493,0.208
MTR0001,2024-01-22 18:30:00,228.13,231.39,228.2,5.18,4.37,6.7,0.493,0.208
MTR0001,2024-01-22 18:45:00,228.13,231.39,228.2,5.18,4.37,6.7,0.493,0.208
MTR0001,2024-01-22 19:00:00,223.84,225.13,226.35,5.74,4.79,3.87,0.46,0.149
MTR0001,2024-01-22 19:15:00,223.84,225.13,226.35,5.74,4.79,3.87,0.46,0.149
MTR0001,2024-01-22 19:30:00,223.84,225.13,226.35,5.74,4.79,3.87,0.46,0.149
MTR0001,2024-01-22 19:45:00,223.84,225.13,226.35,5.74,4.79,3.87,0.46,0.149
MTR0001,2024-01-22 20:00:00,218.13,215.79,217.51,6.23,4.47,3.11,0.413,0.152
MTR0001,2024-01-22 20:15:00,218.13,215.79,217.51,6.23,4.47,3.11,0.413,0.152
MTR0001,2024-01-22 20:30:00,218.13,215.79,217.51,6.23,4.47,3.11,0.413,0.152
MTR0001,2024-01-22 20:45:00,218.13,215.79,217.51,6.23,4.47,3.11,0.413,0.152
MTR0001,2024-01-22 21:00:00,224.12,230.47,232.24,5.51,3.94,3.01,0.367,0.199
MTR0001,2024-01-22 21:15:00,224.12,230.47,232.24,5.51,3.94,3.01,0.367,0.199
MTR0001,2024-01-22 21:30:00,224.12,230.47,232.24,5.51,3.94,3.01,0.367,0.199
MTR0001,2024-01-22 21:45:00,224.12,230.47,232.24,5.51,3.94,3.01,0.367,0.199
MTR0001,2024-01-22 22:00:00,210.35,207.63,209.32,4.29,3.97,3.59,0.323,0.168
MTR0001,2024-01-22 22:15:00,210.35,207.63,209.32,4.29,3.97,3.59,0.323,0.168
MTR0001,2024-01-22 22:30:00,210.35,207.63,209.32,4.29,3.97,3.59,0.323,0.168
MTR0001,2024-01-22 22:45:00,210.35,207.63,209.32,4.29,3.97,3.59,0.323,0.168
MTR0001,2024-01-22 23:00:00,212.29,216.06,216.43,3.77,3.27,4.26,0.348,0.14
MTR0001,2024-01-22 23:15:00,212.29,216.06,216.43,3.77,3.27,4.26,0.348,0.14
MTR0001,2024-01-22 23:30:00,212.29,216.06,216.43,3.77,3.27,4.26,0.348,0.14
MTR0001,2024-01-22 23:45:00,212.29,216.06,216.43,3.77,3.27,4.26,0.348,0.14
MTR0001,2024-01-23 00:00:00,232.7,229.14,229.81,2.26,2.78,2.74,0.227,0.098
MTR0001,2024-01-23 00:15:00,232.7,229.14,229.81,2.26,2.78,2.74,0.227,0.098
MTR0001,2024-01-23 00:30:00,232.7,229.14,229.81,2.26,2.78,2.74,0.227,0.098
MTR0001,2024-01-23 00:45:00,232.7,229.14,229.81,2.26,2.78,2.74,0.227,0.098
MTR0001,2024-01-23 01:00:00,215.84,215.26,213.92,2.13,2.89,2.94,0.235,0.088
MTR0001,2024-01-23 01:15:00,215.84,215.26,213.92,2.13,2.89,2.94,0.235,0.088
MTR0001,2024-01-23 01:30:00,215.84,215.26,213.92,2.13,2.89,2.94,0.235,0.088
MTR0001,2024-01-23 01:45:00,215.84,215.26,213.92,2.13,2.89,2.94,0.235,0.088
MTR0001,2024-01-23 02:00:00,224.6,226.45,226.01,2.35,3.18,2.77,0.249,0.09
MTR0001,2024-01-23 02:15:00,224.6,226.45,226.01,2.35,3.18,2.77,0.249,0.09
MTR0001,2024-01-23 02:30:00,224.6,226.45,226.01,2.35,3.18,2.77,0.249,0.09
MTR0001,2024-01-23 02:45:00,224.6,226.45,226.01,2.35,3.18,2.77,0.249,0.09
MTR0001,2024-01-23 03:00:00,218.87,219.47,218.94,2.47,2.69,2.72,0.196,0.114
MTR0001,2024-01-23 03:15:00,218.87,219.47,218.94,2.47,2.69,2.72,0.196,0.114
MTR0001,2024-01-23 03:30:00,218.87,219.47,218.94,2.47,2.69,2.72,0.196,0.114
MTR0001,2024-01-23 03:45:00,218.87,219.47,218.94,2.47,2.69,2.72,0.196,0.114
MTR0001,2024-01-23 04:00:00,222.89,220.6,220.32,2.7,1.61,3.86,0.234,0.101
MTR0001,2024-01-23 04:15:00,222.89,220.6,220.32,2.7,1.61,3.86,0.234,0.101
MTR0001,2024-01-23 04:30:00,222.89,220.6,220.32,2.7,1.61,3.86,0.234,0.101
MTR0001,2024-01-23 04:45:00,222.89,220.6,220.32,2.7,1.61,3.86,0.234,0.101
MTR0001,2024-01-23 05:00:00,209.17,215.77,212.1,2.28,3.01,2.59,0.227,0.086
MTR0001,2024-01-23 05:15:00,209.17,215.77,212.1,2.28,3.01,2.59,0.227,0.086
MTR0001,2024-01-23 05:30:00,209.17,215.77,212.1,2.28,3.01,2.59,0.227,0.086
MTR0001,2024-01-23 05:45:00,209.17,215.77,212.1,2.28,3.01,2.59,0.227,0.086
MTR0001,2024-01-23 06:00:00,228.93,231.61,230.15,5.2,2.58,8.13,0.441,0.257
MTR0001,2024-01-23 06:15:00,228.93,231.61,230.15,5.2,2.58,8.13,0.441,0.257
MTR0001,2024-01-23 06:30:00,228.93,231.61,230.15,5.2,2.58,8.13,0.441,0.257
MTR0001,2024-01-23 06:45:00,228.93,231.61,230.15,5.2,2.58,8.13,0.441,0.257
MTR0001,2024-01-23 07:00:00,211.31,213.04,214.14,3.1,8.1,5.98,0.467,0.254
MTR0001,2024-01-23 07:15:00,211.31,213.04,214.14,3.1,8.1,5.98,0.467,0.254
MTR0001,2024-01-23 07:30:00,211.31,213.04,214.14,3.1,8.1,5.98,0.467,0.254
MTR0001,2024-01-23 07:45:00,211.31,213.04,214.14,3.1,8.1,5.98,0.467,0.254
MTR0001,2024-01-23 08:00:00,220.68,222.42,221.93,3.89,8.13,6.39,0.525,0.295
MTR0001,2024-01-23 08:15:00,220.68,222.42,221.93,3.89,8.13,6.39,0.525,0.295
MTR0001,2024-01-23 08:30:00,220.68,222.42,221.93,3.89,8.13,6.39,0.525,0.295
MTR0001,2024-01-23 08:45:00,220.68,222.42,221.93,3.89,8.13,6.39,0.525,0.295
MTR0001,2024-01-23 09:00:00,225.94,227.4,226.07,4.77,7.92,6.84,0.576,0.294
MTR0001,2024-01-23 09:15:00,225.94,227.4,226.07,4.77,7.92,6.84,0.576,0.294
MTR0001,2024-01-23 09:30:00,225.94,227.4,226.07,4.77,7.92,6.84,0.576,0.294
MTR0001,2024-01-23 09:45:00,225.94,227.4,226.07,4.77,7.92,6.84,0.576,0.294
MTR0001,2024-01-23 10:00:00,213.84,211.6,212.69,7.01,6.64,6.87,0.576,0.299
MTR0001,2024-01-23 10:15:00,213.84,211.6,212.69,7.01,6.64,6.87,0.576,0.299
MTR0001,2024-01-23 10:30:00,213.84,211.6,212.69,7.01,6.64,6.87,0.576,0.299
MTR0001,2024-01-23 10:45:00,213.84,211.6,212.69,7.01,6.64,6.87,0.576,0.299
MTR0001,2024-01-23 11:00:00,224.23,225.03,224.57,3.88,9.57,7.06,0.606,0.293
MTR0001,2024-01-23 11:15:00,224.23,225.03,224.57,3.88,9.57,7.06,0.606,0.293
MTR0001,2024-01-23 11:30:00,224.23,225.03,224.57,3.88,9.57,7.06,0.606,0.293
MTR0001,2024-01-23 11:45:00,224.23,225.03,224.57,3.88,9.57,7.06,0.606,0.293
MTR0001,2024-01-23 12:00:00,211.36,212.35,211.11,5.4,8.4,6.91,0.548,0.289
MTR0001,2024-01-23 12:15:00,211.36,212.35,211.11,5.4,8.4,6.91,0.548,0.289
MTR0001,2024-01-23 12:30:00,211.36,212.35,211.11,5.4,8.4,6.91,0.548,0.289
MTR0001,2024-01-23 12:45:00,211.36,212.35,211.11,5.4,8.4,6.91,0.548,0.289
MTR0001,2024-01-23 13:00:00,222.99,225.71,222.95,3.78,10.09,7.31,0.623,0.279
MTR0001,2024-01-23 13:15:00,222.99,225.71,222.95,3.78,10.09,7.31,0.623,0.279
MTR0001,2024-01-23 13:30:00,222.99,225.71,222.95,3.78,10.09,7.31,0.623,0.279
MTR0001,2024-01-23 13:45:00,222.99,225.71,222.95,3.78,10.09,7.31,0.623,0.279
MTR0001,2024-01-23 14:00:00,214.66,213.78,212.33,6.33,6.41,6.83,0.564,0.216
MTR0001,2024-01-23 14:15:00,214.66,213.78,212.33,6.33,6.41,6.83,0.564,0.216
MTR0001,2024-01-23 14:30:00,214.66,213.78,212.33,6.33,6.41,6.83,0.564,0.216
MTR0001,2024-01-23 14:45:00,214.66,213.78,212.33,6.33,6.41,6.83,0.564,0.216
MTR0001,2024-01-23 15:00:00,215.68,217.2,218.3,8.41,6.34,4.68,0.505,0.317
MTR0001,2024-01-23 15:15:00,215.68,217.2,218.3,8.41,6.34,4.68,0.505,0.317
MTR0001,2024-01-23 15:30:00,215.68,217.2,218.3,8.41,6.34,4.68,0.505,0.317
MTR0001,2024-01-23 15:45:00,215.68,217.2,218.3,8.41,6.34,4.68,0.505,0.317
MTR0001,2024-01-23 16:00:00,217.71,220.6,223.11,5.93,6.12,6.19,0.518,0.256
MTR0001,2024-01-23 16:15:00,217.71,220.6,223.11,5.93,6.12,6.19,0.518,0.256
MTR0001,2024-01-23 16:30:00,217.71,220.6,223.11,5.93,6.12,6.19,0.518,0.256
MTR0001,2024-01-23 16:45:00,217.71,220.6,223.11,5.93,6.12,6.19,0.518,0.256
MTR0001,2024-01-23 17:00:00,221.5,223.38,222.96,5.76,5.44,6.04,0.483,0.261
MTR0001,2024-01-23 17:15:00,221.5,223.38,222.96,5.76,5.44,6.04,0.483,0.261
MTR0001,2024-01-23 17:30:00,221.5,223.38,222.96,5.76,5.44,6.04,0.483,0.261
MTR0001,2024-01-23 17:45:00,221.5,223.38,222.96,5.76,5.44,6.04,0.483,0.261
MTR0001,2024-01-23 18:00:00,217.24,223.31,219.72,5.49,3.73,6.55,0.466,0.238
MTR0001,2024-01-23 18:15:00,217.24,223.31,219.72,5.49,3.73,6.55,0.466,0.238
MTR0001,2024-01-23 18:30:00,217.24,223.31,219.72,5.49,3.73,6.55,0.466,0.238
MTR0001,2024-01-23 18:45:00,217.24,223.31,219.72,5.49,3.73,6.55,0.466,0.238
MTR0001,2024-01-23 19:00:00,221.99,220.95,222.21,7.05,4.7,3.02,0.444,0.196
MTR0001,2024-01-23 19:15:00,221.99,220.95,222.21,7.05,4.7,3.02,0.444,0.196
MTR0001,2024-01-23 19:30:00,221.99,220.95,222.21,7.05,4.7,3.02,0.444,0.196
MTR0001,2024-01-23 19:45:00,221.99,220.95,222.21,7.05,4.7,3.02,0.444,0.196
MTR0001,2024-01-23 20:00:00,220.57,218.16,218.36,4.67,4.25,4.49,0.39,0.18
MTR0001,2024-01-23 20:15:00,220.57,218.16,218.36,4.67,4.25,4.49,0.39,0.18
MTR0001,2024-01-23 20:30:00,220.57,218.16,218.36,4.67,4.25,4.49,0.39,0.18
MTR0001,2024-01-23 20:45:00,220.57,218.16,218.36,4.67,4.25,4.49,0.39,0.18
MTR0001,2024-01-23 21:00:00,216.16,221.58,217.65,4.08,3.8,4.24,0.362,0.118
MTR0001,2024-01-23 21:15:00,216.16,221.58,217.65,4.08,3.8,4.24,0.362,0.118
MTR0001,2024-01-23 21:30:00,216.16,221.58,217.65,4.08,3.8,4.24,0.362,0.118
MTR0001,2024-01-23 21:45:00,216.16,221.58,217.65,4.08,3.8,4.24,0.362,0.118
MTR0001,2024-01-23 22:00:00,213.89,217.55,215.73,3.98,2.94,4.24,0.316,0.122
MTR0001,2024-01-23 22:15:00,213.89,217.55,215.73,3.98,2.94,4.24,0.316,0.122
MTR0001,2024-01-23 22:30:00,213.89,217.55,215.73,3.98,2.94,4.24,0.316,0.122
MTR0001,2024-01-23 22:45:00,213.89,217.55,215.73,3.98,2.94,4.24,0.316,0.122
MTR0001,2024-01-23 23:00:00,215.77,213.14,215.75,5.16,3.89,2.43,0.267,0.184
MTR0001,2024-01-23 23:15:00,215.77,213.14,215.75,5.16,3.89,2.43,0.267,0.184
MTR0001,2024-01-23 23:30:00,215.77,213.14,215.75,5.16,3.89,2.43,0.267,0.184
MTR0001,2024-01-23 23:45:00,215.77,213.14,215.75,5.16,3.89,2.43,0.267,0.184
MTR0001,2024-01-24 00:00:00,215.33,215.12,215.21,1.55,3.37,2.55,0.189,0.119
MTR0001,2024-01-24 00:15:00,215.33,215.12,215.21,1.55,3.37,2.55,0.189,0.119
MTR0001,2024-01-24 00:30:00,215.33,215.12,215.21,1.55,3.37,2.55,0.189,0.119
MTR0001,2024-01-24 00:45:00,215.33,215.12,215.21,1.55,3.37,2.55,0.189,0.119
MTR0001,2024-01-24 01:00:00,225.48,228.17,224.5,1.97,3.16,2.79,0.197,0.095
MTR0001,2024-01-24 01:15:00,225.48,228.17,224.5,1.97,3.16,2.79,0.197,0.095
MTR0001,2024-01-24 01:30:00,225.48,228.17,224.5,1.97,3.16,2.79,0.197,0.095
MTR0001,2024-01-24 01:45:00,225.48,228.17,224.5,1.97,3.16,2.79,0.197,0.095
MTR0001,2024-01-24 02:00:00,220.85,223.33,223.22,1.63,3.9,2.88,0.27,0.107
MTR0001,2024-01-24 02:15:00,220.85,223.33,223.22,1.63,3.9,2.88,0.27,0.107
MTR0001,2024-01-24 02:30:00,220.85,223.33,223.22,1.63,3.9,2.88,0.27,0.107
MTR0001,2024-01-24 02:45:00,220.85,223.33,223.22,1.63,3.9,2.88,0.27,0.107
MTR0001,2024-01-24 03:00:00,222.6,222.89,222.72,3.48,2.42,2.19,0.219,0.083
MTR0001,2024-01-24 03:15:00,222.6,222.89,222.72,3.48,2.42,2.19,0.219,0.083
MTR0001,2024-01-24 03:30:00,222.6,222.89,222.72,3.48,2.42,2.19,0.219,0.083
MTR0001,2024-01-24 03:45:00,222.6,222.89,222.72,3.48,2.42,2.19,0.219,0.083
MTR0001,2024-01-24 04:00:00,232.18,232.56,227.12,2.71,1.53,3.83,0.249,0.111
MTR0001,2024-01-24 04:15:00,232.18,232.56,227.12,2.71,1.53,3.83,0.249,0.111
MTR0001,2024-01-24 04:30:00,232.18,232.56,227.12,2.71,1.53,3.83,0.249,0.111
MTR0001,2024-01-24 04:45:00,232.18,232.56,227.12,2.71,1.53,3.83,0.249,0.111
MTR0001,2024-01-24 05:00:00,224.82,227.78,226.23,2.34,2.99,2.74,0.263,0.088
MTR0001,2024-01-24 05:15:00,224.82,227.78,226.23,2.34,2.99,2.74,0.263,0.088
MTR0001,2024-01-24 05:30:00,224.82,227.78,226.23,2.34,2.99,2.74,0.263,0.088
MTR0001,2024-01-24 05:45:00,224.82,227.78,226.23,2.34,2.99,2.74,0.263,0.088
MTR0001,2024-01-24 06:00:00,224.56,225.19,225.74,5.92,5.11,5.42,0.455,0.207
MTR0001,2024-01-24 06:15:00,224.56,225.19,225.74,5.92,5.11,5.42,0.455,0.207
MTR0001,2024-01-24 06:30:00,224.56,225.19,225.74,5.92,5.11,5.42,0.455,0.207
MTR0001,2024-01-24 06:45:00,224.56,225.19,225.74,5.92,5.11,5.42,0.455,0.207
MTR0001,2024-01-24 07:00:00,230.76,230.33,232.3,4.83,6.51,5.87,0.562,0.213
MTR0001,2024-01-24 07:15:00,230.76,230.33,232.3,4.83,6.51,5.87,0.562,0.213
MTR0001,2024-01-24 07:30:00,230.76,230.33,232.3,4.83,6.51,5.87,0.562,0.213
MTR0001,2024-01-24 07:45:00,230.76,230.33,232.3,4.83,6.51,5.87,0.562,0.213
MTR0001,2024-01-24 08:00:00,223.9,227.05,224.13,3.56,8.38,6.15,0.547,0.257
MTR0001,2024-01-24 08:15:00,223.9,227.05,224.13,3.56,8.38,6.15,0.547,0.257
MTR0001,2024-01-24 08:30:00,223.9,227.05,224.13,3.56,8.38,6.15,0.547,0.257
MTR0001,2024-01-24 08:45:00,223.9,227.05,224.13,3.56,8.38,6.15,0.547,0.257
MTR0001,2024-01-24 09:00:00,234.62,231.67,231.52,6.17,6.28,6.92,0.535,0.341
MTR0001,2024-01-24 09:15:00,234.62,231.67,231.52,6.17,6.28,6.92,0.535,0.341
MTR0001,2024-01-24 09:30:00,234.62,231.67,231.52,6.17,6.28,6.92,0.535,0.341
MTR0001,2024-01-24 09:45:00,234.62,231.67,231.52,6.17,6.28,6.92,0.535,0.341
MTR0001,2024-01-24 10:00:00,216.21,214.69,216.27,9.97,6.47,3.49,0.527,0.285
MTR0001,2024-01-24 10:15:00,216.21,214.69,216.27,9.97,6.47,3.49,0.527,0.285
MTR0001,2024-01-24 10:30:00,216.21,214.69,216.27,9.97,6.47,3.49,0.527,0.285
MTR0001,2024-01-24 10:45:00,216.21,214.69,216.27,9.97,6.47,3.49,0.527,0.285
MTR0001,2024-01-24 11:00:00,230.21,231.39,230.55,6.82,5.25,8.42,0.605,0.361
MTR0001,2024-01-24 11:15:00,230.21,231.39,230.55,6.82,5.25,8.42,0.605,0.361
MTR0001,2024-01-24 11:30:00,230.21,231.39,230.55,6.82,5.25,8.42,0.605,0.361
MTR0001,2024-01-24 11:45:00,230.21,231.39,230.55,6.82,5.25,8.42,0.605,0.361
MTR0001,2024-01-24 12:00:00,221.85,225.56,222.64,4.68,8.82,7.02,0.604,0.314
MTR0001,2024-01-24 12:15:00,221.85,225.56,222.64,4.68,8.82,7.02,0.604,0.314
MTR0001,2024-01-24 12:30:00,221.85,225.56,222.64,4.68,8.82,7.02,0.604,0.314
MTR0001,2024-01-24 12:45:00,221.85,225.56,222.64,4.68,8.82,7.02,0.604,0.314
MTR0001,2024-01-24 13:00:00,224.14,226.53,224.68,6.79,4.92,8.62,0.656,0.214
MTR0001,2024-01-24 13:15:00,224.14,226.53,224.68,6.79,4.92,8.62,0.656,0.214
MTR0001,2024-01-24 13:30:00,224.14,226.53,224.68,6.79,4.92,8.62,0.656,0.214
MTR0001,2024-01-24 13:45:00,224.14,226.53,224.68,6.79,4.92,8.62,0.656,0.214
MTR0001,2024-01-24 14:00:00,219.76,218.78,217.14,6.16,6.79,6.95,0.533,0.326
MTR0001,2024-01-24 14:15:00,219.76,218.78,217.14,6.16,6.79,6.95,0.533,0.326
MTR0001,2024-01-24 14:30:00,219.76,218.78,217.14,6.16,6.79,6.95,0.533,0.326
MTR0001,2024-01-24 14:45:00,219.76,218.78,217.14,6.16,6.79,6.95,0.533,0.326
MTR0001,2024-01-24 15:00:00,225.18,224.71,226.66,6.52,3.43,9.82,0.607,0.205
MTR0001,2024-01-24 15:15:00,225.18,224.71,226.66,6.52,3.43,9.82,0.607,0.205
MTR0001,2024-01-24 15:30:00,225.18,224.71,226.66,6.52,3.43,9.82,0.607,0.205
MTR0001,2024-01-24 15:45:00,225.18,224.71,226.66,6.52,3.43,9.82,0.607,0.205
MTR0001,2024-01-24 16:00:00,219.58,220.08,220.45,8.32,6.17,4.03,0.501,0.271
MTR0001,2024-01-24 16:15:00,219.58,220.08,220.45,8.32,6.17,4.03,0.501,0.271
MTR0001,2024-01-24 16:30:00,219.58,220.08,220.45,8.32,6.17,4.03,0.501,0.271
MTR0001,2024-01-24 16:45:00,219.58,220.08,220.45,8.32,6.17,4.03,0.501,0.271
MTR0001,2024-01-24 17:00:00,211.11,212.67,211.68,5.58,3.27,8.54,0.484,0.23
MTR0001,2024-01-24 17:15:00,211.11,212.67,211.68,5.58,3.27,8.54,0.484,0.23
MTR0001,2024-01-24 17:30:00,211.11,212.67,211.68,5.58,3.27,8.54,0.484,0.23
MTR0001,2024-01-24 17:45:00,211.11,212.67,211.68,5.58,3.27,8.54,0.484,0.23
MTR0001,2024-01-24 18:00:00,222.13,228.85,229.29,4.96,5.81,5.4,0.498,0.167
MTR0001,2024-01-24 18:15:00,222.13,228.85,229.29,4.96,5.81,5.4,0.498,0.167
MTR0001,2024-01-24 18:30:00,222.13,228.85,229.29,4.96,5.81,5.4,0.498,0.167
MTR0001,2024-01-24 18:45:00,222.13,228.85,229.29,4.96,5.81,5.4,0.498,0.167
MTR0001,2024-01-24 19:00:00,224.55,226.94,227.11,4.92,3.65,6.02,0.431,0.237
MTR0001,2024-01-24 19:15:00,224.55,226.94,227.11,4.92,3.65,6.02,0.431,0.237
MTR0001,2024-01-24 19:30:00,224.55,226.94,227.11,4.92,3.65,6.02,0.431,0.237
MTR0001,2024-01-24 19:45:00,224.55,226.94,227.11,4.92,3.65,6.02,0.431,0.237
MTR0001,2024-01-24 20:00:00,212.72,212.22,210.91,3.07,5.86,4.75,0.337,0.189
MTR0001,2024-01-24 20:15:00,212.72,212.22,210.91,3.07,5.86,4.75,0.337,0.189
MTR0001,2024-01-24 20:30:00,212.72,212.22,210.91,3.07,5.86,4.75,0.337,0.189
MTR0001,2024-01-24 20:45:00,212.72,212.22,210.91,3.07,5.86,4.75,0.337,0.189
MTR0001,2024-01-24 21:00:00,211.38,213.03,209.29,3.99,2.17,5.91,0.314,0.132
MTR0001,2024-01-24 21:15:00,211.38,213.03,209.29,3.99,2.17,5.91,0.314,0.132
MTR0001,2024-01-24 21:30:00,211.38,213.03,209.29,3.99,2.17,5.91,0.314,0.132
MTR0001,2024-01-24 21:45:00,211.38,213.03,209.29,3.99,2.17,5.91,0.314,0.132
MTR0001,2024-01-24 22:00:00,226.19,228.01,225.3,3.67,2.79,5.09,0.332,0.195
MTR0001,2024-01-24 22:15:00,226.19,228.01,225.3,3.67,2.79,5.09,0.332,0.195
MTR0001,2024-01-24 22:30:00,226.19,228.01,225.3,3.67,2.79,5.09,0.332,0.195
MTR0001,2024-01-24 22:45:00,226.19,228.01,225.3,3.67,2.79,5.09,0.332,0.195
MTR0001,2024-01-24 23:00:00,226.06,225.09,225.19,3.65,2.84,4.77,0.338,0.129
MTR0001,2024-01-24 23:15:00,226.06,225.09,225.19,3.65,2.84,4.77,0.338,0.129
MTR0001,2024-01-24 23:30:00,226.06,225.09,225.19,3.65,2.84,4.77,0.338,0.129
MTR0001,2024-01-24 23:45:00,226.06,225.09,225.19,3.65,2.84,4.77,0.338,0.129
MTR0001,2024-01-25 00:00:00,224.81,225.98,226.0,2.91,2.61,2.67,0.247,0.12
MTR0001,2024-01-25 00:15:00,224.81,225.98,226.0,2.91,2.61,2.67,0.247,0.12
MTR0001,2024-01-25 00:30:00,224.81,225.98,226.0,2.91,2.61,2.67,0.247,0.12
MTR0001,2024-01-25 00:45:00,224.81,225.98,226.0,2.91,2.61,2.67,0.247,0.12
MTR0001,2024-01-25 01:00:00,225.89,231.53,228.03,3.24,2.79,1.84,0.262,0.125
MTR0001,2024-01-25 01:15:00,225.89,231.53,228.03,3.24,2.79,1.84,0.262,0.125
MTR0001,2024-01-25 01:30:00,225.89,231.53,228.03,3.24,2.79,1.84,0.262,0.125
MTR0001,2024-01-25 01:45:00,225.89,231.53,228.03,3.24,2.79,1.84,0.262,0.125
MTR0001,2024-01-25 02:00:00,213.24,216.78,215.67,2.77,2.62,2.58,0.236,0.093
MTR0001,2024-01-25 02:15:00,213.24,216.78,215.67,2.77,2.62,2.58,0.236,0.093
MTR0001,2024-01-25 02:30:00,213.24,216.78,215.67,2.77,2.62,2.58,0.236,0.093
MTR0001,2024-01-25 02:45:00,213.24,216.78,215.67,2.77,2.62,2.58,0.236,0.093
MTR0001,2024-01-25 03:00:00,219.73,223.02,221.06,2.54,2.3,3.32,0.236,0.098
MTR0001,2024-01-25 03:15:00,219.73,223.02,221.06,2.54,2.3,3.32,0.236,0.098
MTR0001,2024-01-25 03:30:00,219.73,223.02,221.06,2.54,2.3,3.32,0.236,0.098
MTR0001,2024-01-25 03:45:00,219.73,223.02,221.06,2.54,2.3,3.32,0.236,0.098
MTR0001,2024-01-25 04:00:00,214.27,212.17,212.47,1.48,3.69,2.68,0.249,0.11
MTR0001,2024-01-25 04:15:00,214.27,212.17,212.47,1.48,3.69,2.68,0.249,0.11
MTR0001,2024-01-25 04:30:00,214.27,212.17,212.47,1.48,3.69,2.68,0.249,0.11
MTR0001,2024-01-25 04:45:00,214.27,212.17,212.47,1.48,3.69,2.68,0.249,0.11
MTR0001,2024-01-25 05:00:00,224.8,227.74,227.78,2.66,1.61,3.52,0.237,0.092
MTR0001,2024-01-25 05:15:00,224.8,227.74,227.78,2.66,1.61,3.52,0.237,0.092
MTR0001,2024-01-25 05:30:00,224.8,227.74,227.78,2.66,1.61,3.52,0.237,0.092
MTR0001,2024-01-25 05:45:00,224.8,227.74,227.78,2.66,1.61,3.52,0.237,0.092
MTR0001,2024-01-25 06:00:00,223.27,225.54,223.86,5.19,5.39,5.19,0.472,0.201
MTR0001,2024-01-25 06:15:00,223.27,225.54,223.86,5.19,5.39,5.19,0.472,0.201
MTR0001,2024-01-25 06:30:00,223.27,225.54,223.86,5.19,5.39,5.19,0.472,0.201
MTR0001,2024-01-25 06:45:00,223.27,225.54,223.86,5.19,5.39,5.19,0.472,0.201
MTR0001,2024-01-25 07:00:00,209.13,209.86,213.15,6.76,5.39,4.72,0.426,0.263
MTR0001,2024-01-25 07:15:00,209.13,209.86,213.15,6.76,5.39,4.72,0.426,0.263
MTR0001,2024-01-25 07:30:00,209.13,209.86,213.15,6.76,5.39,4.72,0.426,0.263
MTR0001,2024-01-25 07:45:00,209.13,209.86,213.15,6.76,5.39,4.72,0.426,0.263
MTR0001,2024-01-25 08:00:00,227.51,226.02,229.82,3.58,8.1,6.44,0.507,0.314
MTR0001,2024-01-25 08:15:00,227.51,226.02,229.82,3.58,8.1,6.44,0.507,0.314
MTR0001,2024-01-25 08:30:00,227.51,226.02,229.82,3.58,8.1,6.44,0.507,0.314
MTR0001,2024-01-25 08:45:00,227.51,226.02,229.82,3.58,8.1,6.44,0.507,0.314
MTR0001,2024-01-25 09:00:00,229.2,233.16,232.1,7.98,6.33,4.95,0.538,0.321
MTR0001,2024-01-25 09:15:00,229.2,233.16,232.1,7.98,6.33,4.95,0.538,0.321
MTR0001,2024-01-25 09:30:00,229.2,233.16,232.1,7.98,6.33,4.95,0.538,0.321
MTR0001,2024-01-25 09:45:00,229.2,233.16,232.1,7.98,6.33,4.95,0.538,0.321
MTR0001,2024-01-25 10:00:00,213.17,214.04,211.47,7.03,6.44,6.35,0.521,0.249
MTR0001,2024-01-25 10:15:00,213.17,214.04,211.47,7.03,6.44,6.35,0.521,0.249
MTR0001,2024-01-25 10:30:00,213.17,214.04,211.47,7.03,6.44,6.35,0.521,0.249
MTR0001,2024-01-25 10:45:00,213.17,214.04,211.47,7.03,6.44,6.35,0.521,0.249
MTR0001,2024-01-25 11:00:00,229.55,233.21,231.55,4.23,9.25,6.69,0.581,0.297
MTR0001,2024-01-25 11:15:00,229.55,233.21,231.55,4.23,9.25,6.69,0.581,0.297
MTR0001,2024-01-25 11:30:00,229.55,233.21,231.55,4.23,9.25,6.69,0.581,0.297
MTR0001,2024-01-25 11:45:00,229.55,233.21,231.55,4.23,9.25,6.69,0.581,0.297
MTR0001,2024-01-25 12:00:00,218.45,220.53,224.23,9.56,6.59,4.11,0.541,0.331
MTR0001,2024-01-25 12:15:00,218.45,220.53,224.23,9.56,6.59,4.11,0.541,0.331
MTR0001,2024-01-25 12:30:00,218.45,220.53,224.23,9.56,6.59,4.11,0.541,0.331
MTR0001,2024-01-25 12:45:00,218.45,220.53,224.23,9.56,6.59,4.11,0.541,0.331
MTR0001,2024-01-25 13:00:00,210.02,211.58,211.96,4.36,8.87,7.16,0.529,0.323
MTR0001,2024-01-25 13:15:00,210.02,211.58,211.96,4.36,8.87,7.16,0.529,0.323
MTR0001,2024-01-25 13:30:00,210.02,211.58,211.96,4.36,8.87,7.16,0.529,0.323
MTR0001,2024-01-25 13:45:00,210.02,211.58,211.96,4.36,8.87,7.16,0.529,0.323
MTR0001,2024-01-25 14:00:00,223.6,223.99,223.04,6.54,3.96,9.13,0.557,0.323
MTR0001,2024-01-25 14:15:00,223.6,223.99,223.04,6.54,3.96,9.13,0.557,0.323
MTR0001,2024-01-25 14:30:00,223.6,223.99,223.04,6.54,3.96,9.13,0.557,0.323
MTR0001,2024-01-25 14:45:00,223.6,223.99,223.04,6.54,3.96,9.13,0.557,0.323
MTR0001,2024-01-25 15:00:00,216.7,214.54,216.6,6.49,6.31,6.17,0.543,0.247
MTR0001,2024-01-25 15:15:00,216.7,214.54,216.6,6.49,6.31,6.17,0.543,0.247
MTR0001,2024-01-25 15:30:00,216.7,214.54,216.6,6.49,6.31,6.17,0.543,0.247
MTR0001,2024-01-25 15:45:00,216.7,214.54,216.6,6.49,6.31,6.17,0.543,0.247
MTR0001,2024-01-25 16:00:00,217.87,217.02,216.01,6.4,5.83,5.98,0.528,0.227
MTR0001,2024-01-25 16:15:00,217.87,217.02,216.01,6.4,5.83,5.98,0.528,0.227
MTR0001,2024-01-25 16:30:00,217.87,217.02,216.01,6.4,5.83,5.98,0.528,0.227
MTR0001,2024-01-25 16:45:00,217.87,217.02,216.01,6.4,5.83,5.98,0.528,0.227
MTR0001,2024-01-25 17:00:00,226.36,226.87,222.47,6.41,5.67,5.0,0.483,0.282
MTR0001,2024-01-25 17:15:00,226.36,226.87,222.47,6.41,5.67,5.0,0.483,0.282
MTR0001,2024-01-25 17:30:00,226.36,226.87,222.47,6.41,5.67,5.0,0.483,0.282
MTR0001,2024-01-25 17:45:00,226.36,226.87,222.47,6.41,5.67,5.0,0.483,0.282
MTR0001,2024-01-25 18:00:00,216.69,216.8,212.69,7.27,5.0,3.82,0.481,0.156
MTR0001,2024-01-25 18:15:00,216.69,216.8,212.69,7.27,5.0,3.82,0.481,0.156
MTR0001,2024-01-25 18:30:00,216.69,216.8,212.69,7.27,5.0,3.82,0.481,0.156
MTR0001,2024-01-25 18:45:00,216.69,216.8,212.69,7.27,5.0,3.82,0.481,0.156
MTR0001,2024-01-25 19:00:00,221.4,222.39,223.9,4.81,3.26,6.58,0.414,0.234
MTR0001,2024-01-25 19:15:00,221.4,222.39,223.9,4.81,3.26,6.58,0.414,0.234
MTR0001,2024-01-25 19:30:00,221.4,222.39,223.9,4.81,3.26,6.58,0.414,0.234
MTR0001,2024-01-25 19:45:00,221.4,222.39,223.9,4.81,3.26,6.58,0.414,0.234
MTR0001,2024-01-25 20:00:00,227.04,228.27,227.49,6.39,4.39,2.57,0.415,0.19
MTR0001,2024-01-25 20:15:00,227.04,228.27,227.49,6.39,4.39,2.57,0.415,0.19
MTR0001,2024-01-25 20:30:00,227.04,228.27,227.49,6.39,4.39,2.57,0.415,0.19
MTR0001,2024-01-25 20:45:00,227.04,228.27,227.49,6.39,4.39,2.57,0.415,0.19
MTR0001,2024-01-25 21:00:00,217.46,220.62,219.7,4.45,4.16,3.93,0.363,0.127
MTR0001,2024-01-25 21:15:00,217.46,220.62,219.7,4.45,4.16,3.93,0.363,0.127
MTR0001,2024-01-25 21:30:00,217.46,220.62,219.7,4.45,4.16,3.93,0.363,0.127
MTR0001,2024-01-25 21:45:00,217.46,220.62,219.7,4.45,4.16,3.93,0.363,0.127
MTR0001,2024-01-25 22:00:00,210.56,211.95,211.37,2.75,5.04,3.8,0.313,0.141
MTR0001,2024-01-25 22:15:00,210.56,211.95,211.37,2.75,5.04,3.8,0.313,0.141
MTR0001,2024-01-25 22:30:00,210.56,211.95,211.37,2.75,5.04,3.8,0.313,0.141
MTR0001,2024-01-25 22:45:00,210.56,211.95,211.37,2.75,5.04,3.8,0.313,0.141
MTR0001,2024-01-25 23:00:00,223.8,224.76,225.15,3.56,2.38,5.21,0.332,0.163
MTR0001,2024-01-25 23:15:00,223.8,224.76,225.15,3.56,2.38,5.21,0.332,0.163
MTR0001,2024-01-25 23:30:00,223.8,224.76,225.15,3.56,2.38,5.21,0.332,0.163
MTR0001,2024-01-25 23:45:00,223.8,224.76,225.15,3.56,2.38,5.21,0.332,0.163
MTR0001,2024-01-26 00:00:00,210.98,210.74,210.35,2.79,2.29,3.12,0.218,0.092
MTR0001,2024-01-26 00:15:00,210.98,210.74,210.35,2.79,2.29,3.12,0.218,0.092
MTR0001,2024-01-26 00:30:00,210.98,210.74,210.35,2.79,2.29,3.12,0.218,0.092
MTR0001,2024-01-26 00:45:00,210.98,210.74,210.35,2.79,2.29,3.12,0.218,0.092
MTR0001,2024-01-26 01:00:00,232.19,232.54,232.6,3.42,2.7,1.96,0.195,0.138
MTR0001,2024-01-26 01:15:00,232.19,232.54,232.6,3.42,2.7,1.96,0.195,0.138
MTR0001,2024-01-26 01:30:00,232.19,232.54,232.6,3.42,2.7,1.96,0.195,0.138
MTR0001,2024-01-26 01:45:00,232.19,232.54,232.6,3.42,2.7,1.96,0.195,0.138
MTR0001,2024-01-26 02:00:00,222.35,221.51,221.6,2.16,2.76,2.73,0.222,0.115
MTR0001,2024-01-26 02:15:00,222.35,221.51,221.6,2.16,2.76,2.73,0.222,0.115
MTR0001,2024-01-26 02:30:00,222.35,221.51,221.6,2.16,2.76,2.73,0.222,0.115
MTR0001,2024-01-26 02:45:00,222.35,221.51,221.6,2.16,2.76,2.73,0.222,0.115
MTR0001,2024-01-26 03:00:00,224.04,224.53,226.1,2.37,3.04,2.63,0.221,0.12
MTR0001,2024-01-26 03:15:00,224.04,224.53,226.1,2.37,3.04,2.63,0.221,0.12
MTR0001,2024-01-26 03:30:00,224.04,224.53,226.1,2.37,3.04,2.63,0.221,0.12
MTR0001,2024-01-26 03:45:00,224.04,224.53,226.1,2.37,3.04,2.63,0.221,0.12
MTR0001,2024-01-26 04:00:00,224.48,223.48,226.13,2.48,2.87,2.81,0.237,0.124
MTR0001,2024-01-26 04:15:00,224.48,223.48,226.13,2.48,2.87,2.81,0.237,0.124
MTR0001,2024-01-26 04:30:00,224.48,223.48,226.13,2.48,2.87,2.81,0.237,0.124
MTR0001,2024-01-26 04:45:00,224.48,223.48,226.13,2.48,2.87,2.81,0.237,0.124
MTR0001,2024-01-26 05:00:00,218.26,220.95,222.03,2.83,2.41,2.5,0.205,0.127
MTR0001,2024-01-26 05:15:00,218.26,220.95,222.03,2.83,2.41,2.5,0.205,0.127
MTR0001,2024-01-26 05:30:00,218.26,220.95,222.03,2.83,2.41,2.5,0.205,0.127
MTR0001,2024-01-26 05:45:00,218.26,220.95,222.03,2.83,2.41,2.5,0.205,0.127
MTR0001,2024-01-26 06:00:00,234.23,231.44,231.43,5.2,4.87,5.9,0.47,0.289
MTR0001,2024-01-26 06:15:00,234.23,231.44,231.43,5.2,4.87,5.9,0.47,0.289
MTR0001,2024-01-26 06:30:00,234.23,231.44,231.43,5.2,4.87,5.9,0.47,0.289
MTR0001,2024-01-26 06:45:00,234.23,231.44,231.43,5.2,4.87,5.9,0.47,0.289
MTR0001,2024-01-26 07:00:00,217.29,220.7,220.74,5.56,3.02,8.3,0.439,0.23
MTR0001,2024-01-26 07:15:00,217.29,220.7,220.74,5.56,3.02,8.3,0.439,0.23
MTR0001,2024-01-26 07:30:00,217.29,220.7,220.74,5.56,3.02,8.3,0.439,0.23
MTR0001,2024-01-26 07:45:00,217.29,220.7,220.74,5.56,3.02,8.3,0.439,0.23
MTR0001,2024-01-26 08:00:00,227.27,229.14,229.82,7.25,6.04,4.97,0.576,0.254
MTR0001,2024-01-26 08:15:00,227.27,229.14,229.82,7.25,6.04,4.97,0.576,0.254
MTR0001,2024-01-26 08:30:00,227.27,229.14,229.82,7.25,6.04,4.97,0.576,0.254
MTR0001,2024-01-26 08:45:00,227.27,229.14,229.82,7.25,6.04,4.97,0.576,0.254
MTR0001,2024-01-26 09:00:00,228.13,226.17,228.76,6.43,3.42,10.14,0.637,0.229
MTR0001,2024-01-26 09:15:00,228.13,226.17,228.76,6.43,3.42,10.14,0.637,0.229
MTR0001,2024-01-26 09:30:00,228.13,226.17,228.76,6.43,3.42,10.14,0.637,0.229
MTR0001,2024-01-26 09:45:00,228.13,226.17,228.76,6.43,3.42,10.14,0.637,0.229
MTR0001,2024-01-26 10:00:00,215.41,218.45,216.53,8.19,6.53,5.34,0.551,0.303
MTR0001,2024-01-26 10:15:00,215.41,218.45,216.53,8.19,6.53,5.34,0.551,0.303
MTR0001,2024-01-26 10:30:00,215.41,218.45,216.53,8.19,6.53,5.34,0.551,0.303
MTR0001,2024-01-26 10:45:00,215.41,218.45,216.53,8.19,6.53,5.34,0.551,0.303
MTR0001,2024-01-26 11:00:00,221.78,220.17,218.82,6.57,5.47,8.54,0.6,0.334
MTR0001,2024-01-26 11:15:00,221.78,220.17,218.82,6.57,5.47,8.54,0.6,0.334
MTR0001,2024-01-26 11:30:00,221.78,220.17,218.82,6.57,5.47,8.54,0.6,0.334
MTR0001,2024-01-26 11:45:00,221.78,220.17,218.82,6.57,5.47,8.54,0.6,0.334
MTR0001,2024-01-26 12:00:00,226.65,230.64,227.78,7.36,6.64,6.82,0.6,0.309
MTR0001,2024-01-26 12:15:00,226.65,230.64,227.78,7.36,6.64,6.82,0.6,0.309
MTR0001,2024-01-26 12:30:00,226.65,230.64,227.78,7.36,6.64,6.82,0.6,0.309
MTR0001,2024-01-26 12:45:00,226.65,230.64,227.78,7.36,6.64,6.82,0.6,0.309
MTR0001,2024-01-26 13:00:00,228.14,231.05,228.41,4.38,8.87,6.96,0.598,0.326
MTR0001,2024-01-26 13:15:00,228.14,231.05,228.41,4.38,8.87,6.96,0.598,0.326
MTR0001,2024-01-26 13:30:00,228.14,231.05,228.41,4.38,8.87,6.96,0.598,0.326
MTR0001,2024-01-26 13:45:00,228.14,231.05,228.41,4.38,8.87,6.96,0.598,0.326
MTR0001,2024-01-26 14:00:00,217.42,215.92,218.21,6.65,6.78,6.97,0.543,0.329
MTR0001,2024-01-26 14:15:00,217.42,215.92,218.21,6.65,6.78,6.97,0.543,0.329
MTR0001,2024-01-26 14:30:00,217.42,215.92,218.21,6.65,6.78,6.97,0.543,0.329
MTR0001,2024-01-26 14:45:00,217.42,215.92,218.21,6.65,6.78,6.97,0.543,0.329
MTR0001,2024-01-26 15:00:00,215.47,216.51,216.49,6.32,3.41,9.75,0.525,0.279
MTR0001,2024-01-26 15:15:00,215.47,216.51,216.49,6.32,3.41,9.75,0.525,0.279
MTR0001,2024-01-26 15:30:00,215.47,216.51,216.49,6.32,3.41,9.75,0.525,0.279
MTR0001,2024-01-26 15:45:00,215.47,216.51,216.49,6.32,3.41,9.75,0.525,0.279
MTR0001,2024-01-26 16:00:00,216.81,214.22,214.55,6.16,3.7,8.45,0.532,0.196
MTR0001,2024-01-26 16:15:00,216.81,214.22,214.55,6.16,3.7,8.45,0.532,0.196
MTR0001,2024-01-26 16:30:00,216.81,214.22,214.55,6.16,3.7,8.45,0.532,0.196
MTR0001,2024-01-26 16:45:00,216.81,214.22,214.55,6.16,3.7,8.45,0.532,0.196
MTR0001,2024-01-26 17:00:00,224.26,223.38,226.83,5.72,3.62,8.05,0.558,0.209
MTR0001,2024-01-26 17:15:00,224.26,223.38,226.83,5.72,3.62,8.05,0.558,0.209
MTR0001,2024-01-26 17:30:00,224.26,223.38,226.83,5.72,3.62,8.05,0.558,0.209
MTR0001,2024-01-26 17:45:00,224.26,223.38,226.83,5.72,3.62,8.05,0.558,0.209
MTR0001,2024-01-26 18:00:00,223.6,222.88,223.17,2.95,7.31,5.53,0.484,0.156
MTR0001,2024-01-26 18:15:00,223.6,222.88,223.17,2.95,7.31,5.53,0.484,0.156
MTR0001,2024-01-26 18:30:00,223.6,222.88,223.17,2.95,7.31,5.53,0.484,0.156
MTR0001,2024-01-26 18:45:00,223.6,222.88,223.17,2.95,7.31,5.53,0.484,0.156
MTR0001,2024-01-26 19:00:00,220.68,221.49,222.04,6.37,4.89,3.95,0.411,0.242
MTR0001,2024-01-26 19:15:00,220.68,221.49,222.04,6.37,4.89,3.95,0.411,0.242
MTR0001,2024-01-26 19:30:00,220.68,221.49,222.04,6.37,4.89,3.95,0.411,0.242
MTR0001,2024-01-26 19:45:00,220.68,221.49,222.04,6.37,4.89,3.95,0.411,0.242
MTR0001,2024-01-26 20:00:00,223.82,224.07,222.96,4.61,4.12,5.05,0.441,0.147
MTR0001,2024-01-26 20:15:00,223.82,224.07,222.96,4.61,4.12,5.05,0.441,0.147
MTR0001,2024-01-26 20:30:00,223.82,224.07,222.96,4.61,4.12,5.05,0.441,0.147
MTR0001,2024-01-26 20:45:00,223.82,224.07,222.96,4.61,4.12,5.05,0.441,0.147
MTR0001,2024-01-26 21:00:00,212.99,214.27,214.57,4.2,2.82,5.62,0.314,0.185
MTR0001,2024-01-26 21:15:00,212.99,214.27,214.57,4.2,2.82,5.62,0.314,0.185
MTR0001,2024-01-26 21:30:00,212.99,214.27,214.57,4.2,2.82,5.62,0.314,0.185
MTR0001,2024-01-26 21:45:00,212.99,214.27,214.57,4.2,2.82,5.62,0.314,0.185
MTR0001,2024-01-26 22:00:00,221.4,217.88,219.77,2.28,5.47,4.03,0.35,0.176
MTR0001,2024-01-26 22:15:00,221.4,217.88,219.77,2.28,5.47,4.03,0.35,0.176
MTR0001,2024-01-26 22:30:00,221.4,217.88,219.77,2.28,5.47,4.03,0.35,0.176
MTR0001,2024-01-26 22:45:00,221.4,217.88,219.77,2.28,5.47,4.03,0.35,0.176
MTR0001,2024-01-26 23:00:00,221.5,220.35,224.13,3.52,3.61,3.86,0.304,0.177
MTR0001,2024-01-26 23:15:00,221.5,220.35,224.13,3.52,3.61,3.86,0.304,0.177
MTR0001,2024-01-26 23:30:00,221.5,220.35,224.13,3.52,3.61,3.86,0.304,0.177
MTR0001,2024-01-26 23:45:00,221.5,220.35,224.13,3.52,3.61,3.86,0.304,0.177
MTR0001,2024-01-27 00:00:00,214.98,214.38,213.32,1.99,1.85,1.83,0.172,0.074
MTR0001,2024-01-27 00:15:00,214.98,214.38,213.32,1.99,1.85,1.83,0.172,0.074
MTR0001,2024-01-27 00:30:00,214.98,214.38,213.32,1.99,1.85,1.83,0.172,0.074
MTR0001,2024-01-27 00:45:00,214.98,214.38,213.32,1.99,1.85,1.83,0.172,0.074
MTR0001,2024-01-27 01:00:00,225.94,227.67,227.62,1.04,2.77,2.1,0.168,0.065
MTR0001,2024-01-27 01:15:00,225.94,227.67,227.62,0.96,2.57,1.94,0.154,0.06
MTR0001,2024-01-27 01:30:00,225.94,227.67,227.62,0.96,2.57,1.94,0.154,0.06
MTR0001,2024-01-27 01:45:00,225.94,227.67,227.62,0.96,2.57,1.94,0.154,0.06
MTR0001,2024-01-27 02:00:00,225.42,229.16,226.34,1.75,1.28,2.52,0.166,0.09
MTR0001,2024-01-27 02:15:00,225.42,229.16,226.34,1.5,1.12,2.17,0.144,0.078
MTR0001,2024-01-27 02:30:00,225.42,229.16,226.34,1.5,1.12,2.17,0.144,0.078
MTR0001,2024-01-27 02:45:00,225.42,229.16,226.34,1.5,1.12,2.17,0.144,0.078
MTR0001,2024-01-27 03:00:00,217.67,218.17,218.53,0.76,1.99,1.99,0.158,0.051
MTR0001,2024-01-27 03:15:00,217.67,218.17,218.53,1.05,2.58,2.45,0.197,0.069
MTR0001,2024-01-27 03:30:00,217.67,218.17,218.53,1.05,2.58,2.45,0.197,0.069
MTR0001,2024-01-27 03:45:00,217.67,218.17,218.53,1.05,2.58,2.45,0.197,0.069
MTR0001,2024-01-27 04:00:00,221.06,219.8,218.66,2.01,1.27,3.17,0.215,0.09
MTR0001,2024-01-27 04:15:00,221.06,219.8,218.66,1.64,1.08,2.61,0.184,0.074
MTR0001,2024-01-27 04:30:00,221.06,219.8,218.66,1.64,1.08,2.61,0.184,0.074
MTR0001,2024-01-27 04:45:00,221.06,219.8,218.66,1.64,1.08,2.61,0.184,0.074
MTR0001,2024-01-27 05:00:00,226.88,229.15,228.19,1.16,2.02,1.79,0.122,0.073
MTR0001,2024-01-27 05:15:00,226.88,229.15,228.19,1.38,2.35,2.08,0.147,0.085
MTR0001,2024-01-27 05:30:00,226.88,229.15,228.19,1.38,2.35,2.08,0.147,0.085
MTR0001,2024-01-27 05:45:00,226.88,229.15,228.19,1.38,2.35,2.08,0.147,0.085
MTR0001,2024-01-27 06:00:00,225.75,227.32,228.55,2.41,5.23,4.0,0.328,0.192
MTR0001,2024-01-27 06:15:00,225.75,227.32,228.55,1.98,4.33,3.31,0.27,0.159
MTR0001,2024-01-27 06:30:00,225.75,227.32,228.55,1.98,4.33,3.31,0.27,0.159
MTR0001,2024-01-27 06:45:00,225.75,227.32,228.55,1.98,4.33,3.31,0.27,0.159
MTR0001,2024-01-27 07:00:00,220.36,220.79,216.58,2.86,4.34,3.68,0.309,0.125
MTR0001,2024-01-27 07:15:00,220.36,220.79,216.58,2.83,4.29,3.63,0.305,0.123
MTR0001,2024-01-27 07:30:00,220.36,220.79,216.58,2.83,4.29,3.63,0.305,0.123
MTR0001,2024-01-27 07:45:00,220.36,220.79,216.58,2.83,4.29,3.63,0.305,0.123
MTR0001,2024-01-27 08:00:00,223.42,226.44,225.47,3.43,4.05,3.88,0.337,0.116
MTR0001,2024-01-27 08:15:00,223.42,226.44,225.47,3.71,4.38,4.2,0.366,0.126
MTR0001,2024-01-27 08:30:00,223.42,226.44,225.47,3.71,4.38,4.2,0.366,0.126
MTR0001,2024-01-27 08:45:00,223.42,226.44,225.47,3.71,4.38,4.2,0.366,0.126
MTR0001,2024-01-27 09:00:00,220.0,221.05,217.59,4.38,4.53,4.26,0.374,0.212
MTR0001,2024-01-27 09:15:00,220.0,221.05,217.59,4.4,4.56,4.29,0.377,0.213
MTR0001,2024-01-27 09:30:00,220.0,221.05,217.59,4.4,4.56,4.29,0.377,0.213
MTR0001,2024-01-27 09:45:00,220.0,221.05,217.59,4.4,4.56,4.29,0.377,0.213
MTR0001,2024-01-27 10:00:00,213.15,211.65,212.69,6.84,4.26,2.32,0.387,0.131
MTR0001,2024-01-27 10:15:00,213.15,211.65,212.69,6.18,3.83,2.09,0.348,0.118
MTR0001,2024-01-27 10:30:00,213.15,211.65,212.69,6.18,3.83,2.09,0.348,0.118
MTR0001,2024-01-27 10:45:00,213.15,211.65,212.69,6.18,3.83,2.09,0.348,0.118
MTR0001,2024-01-27 11:00:00,215.88,213.43,214.02,4.8,4.01,3.31,0.354,0.169
MTR0001,2024-01-27 11:15:00,215.88,213.43,214.02,5.07,4.23,3.5,0.373,0.178
MTR0001,2024-01-27 11:30:00,215.88,213.43,214.02,5.07,4.23,3.5,0.373,0.178
MTR0001,2024-01-27 11:45:00,215.88,213.43,214.02,5.07,4.23,3.5,0.373,0.178
MTR0001,2024-01-27 12:00:00,218.71,218.18,221.27,2.51,6.54,4.97,0.414,0.202
MTR0001,2024-01-27 12:15:00,218.71,218.18,221.27,2.97,7.77,5.85,0.487,0.24
MTR0001,2024-01-27 12:30:00,218.71,218.18,221.27,2.97,7.77,5.85,0.487,0.24
MTR0001,2024-01-27 12:45:00,218.71,218.18,221.27,2.97,7.77,5.85,0.487,0.24
MTR0001,2024-01-27 13:00:00,223.76,223.87,226.48,4.55,5.56,5.46,0.44,0.24
MTR0001,2024-01-27 13:15:00,223.76,223.87,226.48,3.78,4.62,4.57,0.367,0.199
MTR0001,2024-01-27 13:30:00,223.76,223.87,226.48,3.78,4.62,4.57,0.367,0.199
MTR0001,2024-01-27 13:45:00,223.76,223.87,226.48,3.78,4.62,4.57,0.367,0.199
MTR0001,2024-01-27 14:00:00,226.18,224.61,224.31,4.35,4.09,4.31,0.378,0.175
MTR0001,2024-01-27 14:15:00,226.18,224.61,224.31,5.39,5.09,5.34,0.468,0.218
MTR0001,2024-01-27 14:30:00,226.18,224.61,224.31,5.39,5.09,5.34,0.468,0.218
MTR0001,2024-01-27 14:45:00,226.18,224.61,224.31,5.39,5.09,5.34,0.468,0.218
MTR0001,2024-01-27 15:00:00,230.37,228.23,229.95,4.99,5.3,5.18,0.458,0.199
MTR0001,2024-01-27 15:15:00,230.37,228.23,229.95,3.99,4.24,4.1,0.363,0.157
MTR0001,2024-01-27 15:30:00,230.37,228.23,229.95,3.99,4.24,4.1,0.363,0.157
MTR0001,2024-01-27 15:45:00,230.37,228.23,229.95,3.99,4.24,4.1,0.363,0.157
MTR0001,2024-01-27 16:00:00,233.98,235.69,234.33,2.41,5.3,3.84,0.338,0.158
MTR0001,2024-01-27 16:15:00,233.98,235.69,234.33,2.51,5.52,4.01,0.353,0.165
MTR0001,2024-01-27 16:30:00,233.98,235.69,234.33,2.51,5.52,4.01,0.353,0.165
MTR0001,2024-01-27 16:45:00,233.98,235.69,234.33,2.51,5.52,4.01,0.353,0.165
MTR0001,2024-01-27 17:00:00,219.58,219.36,219.7,3.54,3.94,4.1,0.314,0.146
MTR0001,2024-01-27 17:15:00,219.58,219.36,219.7,4.17,4.73,4.84,0.376,0.174
MTR0001,2024-01-27 17:30:00,219.58,219.36,219.7,4.17,4.73,4.84,0.376,0.174
MTR0001,2024-01-27 17:45:00,219.58,219.36,219.7,4.17,4.73,4.84,0.376,0.174
MTR0001,2024-01-27 18:00:00,216.95,219.43,219.05,4.06,3.28,5.14,0.373,0.149
MTR0001,2024-01-27 18:15:00,216.95,219.43,219.05,3.61,2.93,4.58,0.333,0.133
MTR0001,2024-01-27 18:30:00,216.95,219.43,219.05,3.61,2.93,4.58,0.333,0.133
MTR0001,2024-01-27 18:45:00,216.95,219.43,219.05,3.61,2.93,4.58,0.333,0.133
MTR0001,2024-01-27 19:00:00,225.35,226.34,227.05,2.67,4.05,3.56,0.31,0.15
MTR0001,2024-01-27 19:15:00,225.35,226.34,227.05,2.71,4.11,3.62,0.314,0.152
MTR0001,2024-01-27 19:30:00,225.35,226.34,227.05,2.71,4.11,3.62,0.314,0.152
MTR0001,2024-01-27 19:45:00,225.35,226.34,227.05,2.71,4.11,3.62,0.314,0.152
MTR0001,2024-01-27 20:00:00,224.93,225.63,228.7,2.99,2.46,4.22,0.278,0.165
MTR0001,2024-01-27 20:15:00,224.93,225.63,228.7,2.84,2.34,4.03,0.265,0.157
MTR0001,2024-01-27 20:30:00,224.93,225.63,228.7,2.84,2.34,4.03,0.265,0.157
MTR0001,2024-01-27 20:45:00,224.93,225.63,228.7,2.84,2.34,4.03,0.265,0.157
MTR0001,2024-01-27 21:00:00,223.09,222.25,223.11,2.98,2.84,2.61,0.262,0.108
MTR0001,2024-01-27 21:15:00,223.09,222.25,223.11,2.91,2.77,2.55,0.256,0.105
MTR0001,2024-01-27 21:30:00,223.09,222.25,223.11,2.91,2.77,2.55,0.256,0.105
MTR0001,2024-01-27 21:45:00,223.09,222.25,223.11,2.91,2.77,2.55,0.256,0.105
MTR0001,2024-01-27 22:00:00,226.65,228.19,229.91,1.9,3.31,2.69,0.233,0.094
MTR0001,2024-01-27 22:15:00,226.65,228.19,229.91,1.9,3.32,2.7,0.234,0.094
MTR0001,2024-01-27 22:30:00,226.65,228.19,229.91,1.9,3.32,2.7,0.234,0.094
MTR0001,2024-01-27 22:45:00,226.65,228.19,229.91,1.9,3.32,2.7,0.234,0.094
MTR0001,2024-01-27 23:00:00,208.87,212.5,210.82,2.72,2.3,2.27,0.2,0.102
MTR0001,2024-01-27 23:15:00,208.87,212.5,210.82,3.29,2.81,2.74,0.242,0.124
MTR0001,2024-01-27 23:30:00,208.87,212.5,210.82,3.29,2.81,2.74,0.242,0.124
MTR0001,2024-01-27 23:45:00,208.87,212.5,210.82,3.29,2.81,2.74,0.242,0.124
MTR0001,2024-01-28 00:00:00,222.88,226.14,225.19,0.99,2.29,1.54,0.161,0.052
MTR0001,2024-01-28 00:15:00,222.88,226.14,225.19,0.71,1.65,1.05,0.118,0.035
MTR0001,2024-01-28 00:30:00,222.88,226.14,225.19,0.71,1.65,1.05,0.118,0.035
MTR0001,2024-01-28 00:45:00,222.88,226.14,225.19,0.71,1.65,1.05,0.118,0.035
MTR0001,2024-01-28 01:00:00,232.4,229.98,230.77,1.25,1.03,1.02,0.098,0.038
MTR0001,2024-01-28 01:15:00,232.4,229.98,230.77,1.44,1.19,1.15,0.113,0.044
MTR0001,2024-01-28 01:30:00,232.4,229.98,230.77,1.44,1.19,1.15,0.113,0.044
MTR0001,2024-01-28 01:45:00,232.4,229.98,230.77,1.44,1.19,1.15,0.113,0.044
MTR0001,2024-01-28 02:00:00,216.02,219.14,216.17,1.64,1.2,0.65,0.124,0.031
MTR0001,2024-01-28 02:15:00,216.02,219.14,216.17,2.04,1.48,0.83,0.149,0.039
MTR0001,2024-01-28 02:30:00,216.02,219.14,216.17,2.04,1.48,0.83,0.149,0.039
MTR0001,2024-01-28 02:45:00,216.02,219.14,216.17,2.04,1.48,0.83,0.149,0.039
MTR0001,2024-01-28 03:00:00,232.64,234.2,230.58,1.72,1.31,2.01,0.142,0.051
MTR0001,2024-01-28 03:15:00,232.64,234.2,230.58,1.27,0.91,1.51,0.099,0.036
MTR0001,2024-01-28 03:30:00,232.64,234.2,230.58,1.27,0.91,1.51,0.099,0.036
MTR0001,2024-01-28 03:45:00,232.64,234.2,230.58,1.27,0.91,1.51,0.099,0.036
MTR0001,2024-01-28 04:00:00,212.22,217.37,216.7,0.5,1.58,1.18,0.124,0.052
MTR0001,2024-01-28 04:15:00,212.22,217.37,216.7,0.5,1.58,1.18,0.124,0.052
MTR0001,2024-01-28 04:30:00,212.22,217.37,216.7,0.5,1.58,1.18,0.124,0.052
MTR0001,2024-01-28 04:45:00,212.22,217.37,216.7,0.5,1.58,1.18,0.124,0.052
MTR0001,2024-01-28 05:00:00,210.08,209.93,214.79,1.2,0.92,1.48,0.103,0.041
MTR0001,2024-01-28 05:15:00,210.08,209.93,214.79,1.52,1.16,1.89,0.13,0.053
MTR0001,2024-01-28 05:30:00,210.08,209.93,214.79,1.52,1.16,1.89,0.13,0.053
MTR0001,2024-01-28 05:45:00,210.08,209.93,214.79,1.52,1.16,1.89,0.13,0.053
MTR0001,2024-01-28 06:00:00,213.77,216.0,220.48,3.03,2.91,2.67,0.211,0.104
MTR0001,2024-01-28 06:15:00,213.77,216.0,220.48,2.86,2.74,2.48,0.195,0.097
MTR0001,2024-01-28 06:30:00,213.77,216.0,220.48,2.86,2.74,2.48,0.195,0.097
MTR0001,2024-01-28 06:45:00,213.77,216.0,220.48,2.86,2.74,2.48,0.195,0.097
MTR0001,2024-01-28 07:00:00,216.92,218.11,217.72,2.65,2.37,3.25,0.224,0.115
MTR0001,2024-01-28 07:15:00,216.92,218.11,217.72,2.67,2.38,3.27,0.225,0.115
MTR0001,2024-01-28 07:30:00,216.92,218.11,217.72,2.67,2.38,3.27,0.225,0.115
MTR0001,2024-01-28 07:45:00,216.92,218.11,217.72,2.67,2.38,3.27,0.225,0.115
MTR0001,2024-01-28 08:00:00,215.94,219.47,217.08,3.11,2.55,3.43,0.28,0.112
MTR0001,2024-01-28 08:15:00,215.94,219.47,217.08,2.74,2.21,3.0,0.246,0.098
MTR0001,2024-01-28 08:30:00,215.94,219.47,217.08,2.74,2.21,3.0,0.246,0.098
MTR0001,2024-01-28 08:45:00,215.94,219.47,217.08,2.74,2.21,3.0,0.246,0.098
MTR0001,2024-01-28 09:00:00,218.68,220.18,218.76,1.45,4.06,2.92,0.241,0.114
MTR0001,2024-01-28 09:15:00,218.68,220.18,218.76,1.37,3.84,2.76,0.228,0.108
MTR0001,2024-01-28 09:30:00,218.68,220.18,218.76,1.37,3.84,2.76,0.228,0.108
MTR0001,2024-01-28 09:45:00,218.68,220.18,218.76,1.37,3.84,2.76,0.228,0.108
MTR0001,2024-01-28 10:00:00,229.05,224.19,226.83,2.67,2.1,3.67,0.237,0.133
MTR0001,2024-01-28 10:15:00,229.05,224.19,226.83,3.1,2.43,4.22,0.275,0.154
MTR0001,2024-01-28 10:30:00,229.05,224.19,226.83,3.1,2.43,4.22,0.275,0.154
MTR0001,2024-01-28 10:45:00,229.05,224.19,226.83,3.1,2.43,4.22,0.275,0.154
MTR0001,2024-01-28 11:00:00,218.02,219.86,219.04,3.2,2.13,5.14,0.29,0.121
MTR0001,2024-01-28 11:15:00,218.02,219.86,219.04,3.27,2.18,5.24,0.296,0.124
MTR0001,2024-01-28 11:30:00,218.02,219.86,219.04,3.27,2.18,5.24,0.296,0.124
MTR0001,2024-01-28 11:45:00,218.02,219.86,219.04,3.27,2.18,5.24,0.296,0.124
MTR0001,2024-01-28 12:00:00,226.35,228.66,228.13,3.31,2.85,4.02,0.302,0.179
MTR0001,2024-01-28 12:15:00,226.35,228.66,228.13,3.69,3.17,4.48,0.335,0.198
MTR0001,2024-01-28 12:30:00,226.35,228.66,228.13,3.69,3.17,4.48,0.335,0.198
MTR0001,2024-01-28 12:45:00,226.35,228.66,228.13,3.69,3.17,4.48,0.335,0.198
MTR0001,2024-01-28 13:00:00,231.97,230.09,230.54,3.94,3.65,4.41,0.387,0.142
MTR0001,2024-01-28 13:15:00,231.97,230.09,230.54,3.31,3.08,3.7,0.327,0.12
MTR0001,2024-01-28 13:30:00,231.97,230.09,230.54,3.31,3.08,3.7,0.327,0.12
MTR0001,2024-01-28 13:45:00,231.97,230.09,230.54,3.31,3.08,3.7,0.327,0.12
MTR0001,2024-01-28 14:00:00,215.61,217.43,214.63,4.48,3.2,1.64,0.236,0.11
MTR0001,2024-01-28 14:15:00,215.61,217.43,214.63,5.51,3.9,2.03,0.296,0.135
MTR0001,2024-01-28 14:30:00,215.61,217.43,214.63,5.51,3.9,2.03,0.296,0.135
MTR0001,2024-01-28 14:45:00,215.61,217.43,214.63,5.51,3.9,2.03,0.296,0.135
MTR0001,2024-01-28 15:00:00,210.2,211.14,214.11,2.24,4.84,3.72,0.335,0.131
MTR0001,2024-01-28 15:15:00,210.2,211.14,214.11,2.01,4.37,3.36,0.305,0.117
MTR0001,2024-01-28 15:30:00,210.2,211.14,214.11,2.01,4.37,3.36,0.305,0.117
MTR0001,2024-01-28 15:45:00,210.2,211.14,214.11,2.01,4.37,3.36,0.305,0.117
MTR0001,2024-01-28 16:00:00,213.07,212.21,210.41,3.1,1.93,4.14,0.254,0.109
MTR0001,2024-01-28 16:15:00,213.07,212.21,210.41,3.28,2.06,4.4,0.27,0.117
MTR0001,2024-01-28 16:30:00,213.07,212.21,210.41,3.28,2.06,4.4,0.27,0.117
MTR0001,2024-01-28 16:45:00,213.07,212.21,210.41,3.28,2.06,4.4,0.27,0.117
MTR0001,2024-01-28 17:00:00,211.05,216.04,213.3,2.51,3.62,3.25,0.234,0.109
MTR0001,2024-01-28 17:15:00,211.05,216.04,213.3,1.99,2.84,2.57,0.177,0.088
MTR0001,2024-01-28 17:30:00,211.05,216.04,213.3,1.99,2.84,2.57,0.177,0.088
MTR0001,2024-01-28 17:45:00,211.05,216.04,213.3,1.99,2.84,2.57,0.177,0.088
MTR0001,2024-01-28 18:00:00,225.63,229.4,228.54,2.93,2.14,1.79,0.194,0.077
MTR0001,2024-01-28 18:15:00,225.63,229.4,228.54,3.97,2.96,2.42,0.271,0.104
MTR0001,2024-01-28 18:30:00,225.63,229.4,228.54,3.97,2.96,2.42,0.271,0.104
MTR0001,2024-01-28 18:45:00,225.63,229.4,228.54,3.97,2.96,2.42,0.271,0.104
MTR0001,2024-01-28 19:00:00,214.0,214.16,212.84,1.53,4.42,3.11,0.207,0.132
MTR0001,2024-01-28 19:15:00,214.0,214.16,212.84,1.16,3.33,2.34,0.146,0.099
MTR0001,2024-01-28 19:30:00,214.0,214.16,212.84,1.16,3.33,2.34,0.146,0.099
MTR0001,2024-01-28 19:45:00,214.0,214.16,212.84,1.16,3.33,2.34,0.146,0.099
MTR0001,2024-01-28 20:00:00,224.65,226.1,224.79,1.96,1.72,2.12,0.178,0.084
MTR0001,2024-01-28 20:15:00,224.65,226.1,224.79,2.1,1.86,2.28,0.191,0.091
MTR0001,2024-01-28 20:30:00,224.65,226.1,224.79,2.1,1.86,2.28,0.191,0.091
MTR0001,2024-01-28 20:45:00,224.65,226.1,224.79,2.1,1.86,2.28,0.191,0.091
MTR0001,2024-01-28 21:00:00,222.52,219.06,219.42,1.72,1.52,2.62,0.143,0.087
MTR0001,2024-01-28 21:15:00,222.52,219.06,219.42,2.03,1.72,3.05,0.169,0.101
MTR0001,2024-01-28 21:30:00,222.52,219.06,219.42,2.03,1.72,3.05,0.169,0.101
MTR0001,2024-01-28 21:45:00,222.52,219.06,219.42,2.03,1.72,3.05,0.169,0.101
MTR0001,2024-01-28 22:00:00,226.24,228.1,226.99,1.98,2.47,2.12,0.216,0.111
MTR0001,2024-01-28 22:15:00,226.24,228.1,226.99,2.05,2.57,2.21,0.223,0.115
MTR0001,2024-01-28 22:30:00,226.24,228.1,226.99,2.05,2.57,2.21,0.223,0.115
MTR0001,2024-01-28 22:45:00,226.24,228.1,226.99,2.05,2.57,2.21,0.223,0.115
MTR0001,2024-01-28 23:00:00,228.81,224.43,224.35,2.01,2.13,2.43,0.183,0.094
MTR0001,2024-01-28 23:15:00,228.81,224.43,224.35,1.9,2.01,2.31,0.172,0.088
MTR0001,2024-01-28 23:30:00,228.81,224.43,224.35,1.9,2.01,2.31,0.172,0.088
MTR0001,2024-01-28 23:45:00,228.81,224.43,224.35,1.9,2.01,2.31,0.172,0.088
MTR0001,2024-01-29 00:00:00,210.88,213.24,212.28,2.47,2.97,2.76,0.195,0.124
MTR0001,2024-01-29 00:15:00,210.88,213.24,212.28,2.47,2.97,2.76,0.195,0.124
MTR0001,2024-01-29 00:30:00,210.88,213.24,212.28,2.47,2.97,2.76,0.195,0.124
MTR0001,2024-01-29 00:45:00,210.88,213.24,212.28,2.47,2.97,2.76,0.195,0.124
MTR0001,2024-01-29 01:00:00,217.24,220.56,219.77,2.55,1.95,3.32,0.224,0.13
MTR0001,2024-01-29 01:15:00,217.24,220.56,219.77,2.55,1.95,3.32,0.224,0.13
MTR0001,2024-01-29 01:30:00,217.24,220.56,219.77,2.55,1.95,3.32,0.224,0.13
MTR0001,2024-01-29 01:45:00,217.24,220.56,219.77,2.55,1.95,3.32,0.224,0.13
MTR0001,2024-01-29 02:00:00,218.1,217.3,218.12,2.71,2.4,2.84,0.229,0.116
MTR0001,2024-01-29 02:15:00,218.1,217.3,218.12,2.71,2.4,2.84,0.229,0.116
MTR0001,2024-01-29 02:30:00,218.1,217.3,218.12,2.71,2.4,2.84,0.229,0.116
MTR0001,2024-01-29 02:45:00,218.1,217.3,218.12,2.71,2.4,2.84,0.229,0.116
MTR0001,2024-01-29 03:00:00,210.35,210.64,211.99,2.14,3.08,3.15,0.26,0.113
MTR0001,2024-01-29 03:15:00,210.35,210.64,211.99,2.14,3.08,3.15,0.26,0.113
MTR0001,2024-01-29 03:30:00,210.35,210.64,211.99,2.14,3.08,3.15,0.26,0.113
MTR0001,2024-01-29 03:45:00,210.35,210.64,211.99,2.14,3.08,3.15,0.26,0.113
MTR0001,2024-01-29 04:00:00,217.14,219.1,220.59,3.0,1.83,3.68,0.218,0.12
MTR0001,2024-01-29 04:15:00,217.14,219.1,220.59,3.0,1.83,3.68,0.218,0.12
MTR0001,2024-01-29 04:30:00,217.14,219.1,220.59,3.0,1.83,3.68,0.218,0.12
MTR0001,2024-01-29 04:45:00,217.14,219.1,220.59,3.0,1.83,3.68,0.218,0.12
MTR0001,2024-01-29 05:00:00,218.38,219.91,218.06,1.64,3.39,2.91,0.236,0.109
MTR0001,2024-01-29 05:15:00,218.38,219.91,218.06,1.64,3.39,2.91,0.236,0.109
MTR0001,2024-01-29 05:30:00,218.38,219.91,218.06,1.64,3.39,2.91,0.236,0.109
MTR0001,2024-01-29 05:45:00,218.38,219.91,218.06,1.64,3.39,2.91,0.236,0.109
MTR0001,2024-01-29 06:00:00,212.66,217.85,213.7,7.22,5.03,3.73,0.452,0.184
MTR0001,2024-01-29 06:15:00,212.66,217.85,213.7,7.22,5.03,3.73,0.452,0.184
MTR0001,2024-01-29 06:30:00,212.66,217.85,213.7,7.22,5.03,3.73,0.452,0.184
MTR0001,2024-01-29 06:45:00,212.66,217.85,213.7,7.22,5.03,3.73,0.452,0.184
MTR0001,2024-01-29 07:00:00,224.01,224.9,220.82,3.58,7.4,6.03,0.541,0.207
MTR0001,2024-01-29 07:15:00,224.01,224.9,220.82,3.58,7.4,6.03,0.541,0.207
MTR0001,2024-01-29 07:30:00,224.01,224.9,220.82,3.58,7.4,6.03,0.541,0.207
MTR0001,2024-01-29 07:45:00,224.01,224.9,220.82,3.58,7.4,6.03,0.541,0.207
MTR0001,2024-01-29 08:00:00,214.95,217.82,219.01,7.16,6.04,4.91,0.511,0.213
MTR0001,2024-01-29 08:15:00,214.95,217.82,219.01,7.16,6.04,4.91,0.511,0.213
MTR0001,2024-01-29 08:30:00,214.95,217.82,219.01,7.16,6.04,4.91,0.511,0.213
MTR0001,2024-01-29 08:45:00,214.95,217.82,219.01,7.16,6.04,4.91,0.511,0.213
MTR0001,2024-01-29 09:00:00,225.02,224.14,224.91,4.62,8.04,6.52,0.59,0.236
MTR0001,2024-01-29 09:15:00,225.02,224.14,224.91,4.62,8.04,6.52,0.59,0.236
MTR0001,2024-01-29 09:30:00,225.02,224.14,224.91,4.62,8.04,6.52,0.59,0.236
MTR0001,2024-01-29 09:45:00,225.02,224.14,224.91,4.62,8.04,6.52,0.59,0.236
MTR0001,2024-01-29 10:00:00,234.07,230.44,229.78,6.78,5.94,7.59,0.679,0.259
MTR0001,2024-01-29 10:15:00,234.07,230.44,229.78,6.78,5.94,7.59,0.679,0.259
MTR0001,2024-01-29 10:30:00,234.07,230.44,229.78,6.78,5.94,7.59,0.679,0.259
MTR0001,2024-01-29 10:45:00,234.07,230.44,229.78,6.78,5.94,7.59,0.679,0.259
MTR0001,2024-01-29 11:00:00,216.29,219.88,217.62,4.4,9.17,7.23,0.604,0.232
MTR0001,2024-01-29 11:15:00,216.29,219.88,217.62,4.4,9.17,7.23,0.604,0.232
MTR0001,2024-01-29 11:30:00,216.29,219.88,217.62,4.4,9.17,7.23,0.604,0.232
MTR0001,2024-01-29 11:45:00,216.29,219.88,217.62,4.4,9.17,7.23,0.604,0.232
MTR0001,2024-01-29 12:00:00,223.76,226.24,225.98,6.86,5.49,8.4,0.59,0.344
MTR0001,2024-01-29 12:15:00,223.76,226.24,225.98,6.86,5.49,8.4,0.59,0.344
MTR0001,2024-01-29 12:30:00,223.76,226.24,225.98,6.86,5.49,8.4,0.59,0.344
MTR0001,2024-01-29 12:45:00,223.76,226.24,225.98,6.86,5.49,8.4,0.59,0.344
MTR0001,2024-01-29 13:00:00,230.76,234.1,231.51,6.83,3.82,9.97,0.597,0.273
MTR0001,2024-01-29 13:15:00,230.76,234.1,231.51,6.83,3.82,9.97,0.597,0.273
MTR0001,2024-01-29 13:30:00,230.76,234.1,231.51,6.83,3.82,9.97,0.597,0.273
MTR0001,2024-01-29 13:45:00,230.76,234.1,231.51,6.83,3.82,9.97,0.597,0.273
MTR0001,2024-01-29 14:00:00,221.91,222.4,221.44,5.04,8.14,7.02,0.577,0.255
MTR0001,2024-01-29 14:15:00,221.91,222.4,221.44,5.04,8.14,7.02,0.577,0.255
MTR0001,2024-01-29 14:30:00,221.91,222.4,221.44,5.04,8.14,7.02,0.577,0.255
MTR0001,2024-01-29 14:45:00,221.91,222.4,221.44,5.04,8.14,7.02,0.577,0.255
MTR0001,2024-01-29 15:00:00,211.25,212.4,212.3,5.85,6.72,6.36,0.551,0.199
MTR0001,2024-01-29 15:15:00,211.25,212.4,212.3,5.85,6.72,6.36,0.551,0.199
MTR0001,2024-01-29 15:30:00,211.25,212.4,212.3,5.85,6.72,6.36,0.551,0.199
MTR0001,2024-01-29 15:45:00,211.25,212.4,212.3,5.85,6.72,6.36,0.551,0.199
MTR0001,2024-01-29 16:00:00,220.4,219.75,224.64,6.88,5.86,5.5,0.479,0.306
MTR0001,2024-01-29 16:15:00,220.4,219.75,224.64,6.88,5.86,5.5,0.479,0.306
MTR0001,2024-01-29 16:30:00,220.4,219.75,224.64,6.88,5.86,5.5,0.479,0.306
MTR0001,2024-01-29 16:45:00,220.4,219.75,224.64,6.88,5.86,5.5,0.479,0.306
MTR0001,2024-01-29 17:00:00,220.75,221.39,219.6,2.88,8.38,5.82,0.507,0.199
MTR0001,2024-01-29 17:15:00,220.75,221.39,219.6,2.88,8.38,5.82,0.507,0.199
MTR0001,2024-01-29 17:30:00,220.75,221.39,219.6,2.88,8.38,5.82,0.507,0.199
MTR0001,2024-01-29 17:45:00,220.75,221.39,219.6,2.88,8.38,5.82,0.507,0.199
MTR0001,2024-01-29 18:00:00,227.51,229.3,230.32,6.98,5.36,3.82,0.476,0.179
MTR0001,2024-01-29 18:15:00,227.51,229.3,230.32,6.98,5.36,3.82,0.476,0.179
MTR0001,2024-01-29 18:30:00,227.51,229.3,230.32,6.98,5.36,3.82,0.476,0.179
MTR0001,2024-01-29 18:45:00,227.51,229.3,230.32,6.98,5.36,3.82,0.476,0.179
MTR0001,2024-01-29 19:00:00,215.05,216.33,218.08,3.13,6.39,5.13,0.382,0.195
MTR0001,2024-01-29 19:15:00,215.05,216.33,218.08,3.13,6.39,5.13,0.382,0.195
MTR0001,2024-01-29 19:30:00,215.05,216.33,218.08,3.13,6.39,5.13,0.382,0.195
MTR0001,2024-01-29 19:45:00,215.05,216.33,218.08,3.13,6.39,5.13,0.382,0.195
MTR0001,2024-01-29 20:00:00,230.21,233.05,228.61,4.13,4.46,4.43,0.387,0.211
MTR0001,2024-01-29 20:15:00,230.21,233.05,228.61,4.13,4.46,4.43,0.387,0.211
MTR0001,2024-01-29 20:30:00,230.21,233.05,228.61,4.13,4.46,4.43,0.387,0.211
MTR0001,2024-01-29 20:45:00,230.21,233.05,228.61,4.13,4.46,4.43,0.387,0.211
MTR0001,2024-01-29 21:00:00,232.26,233.76,231.86,5.9,4.15,2.74,0.395,0.172
MTR0001,2024-01-29 21:15:00,232.26,233.76,231.86,5.9,4.15,2.74,0.395,0.172
MTR0001,2024-01-29 21:30:00,232.26,233.76,231.86,5.9,4.15,2.74,0.395,0.172
MTR0001,2024-01-29 21:45:00,232.26,233.76,231.86,5.9,4.15,2.74,0.395,0.172
MTR0001,2024-01-29 22:00:00,213.88,212.97,213.05,2.1,5.89,3.82,0.304,0.185
MTR0001,2024-01-29 22:15:00,213.88,212.97,213.05,2.1,5.89,3.82,0.304,0.185
MTR0001,2024-01-29 22:30:00,213.88,212.97,213.05,2.1,5.89,3.82,0.304,0.185
MTR0001,2024-01-29 22:45:00,213.88,212.97,213.05,2.1,5.89,3.82,0.304,0.185
MTR0001,2024-01-29 23:00:00,209.89,210.19,211.82,2.25,4.92,3.95,0.282,0.162
MTR0001,2024-01-29 23:15:00,209.89,210.19,211.82,2.25,4.92,3.95,0.282,0.162
MTR0001,2024-01-29 23:30:00,209.89,210.19,211.82,2.25,4.92,3.95,0.282,0.162
MTR0001,2024-01-29 23:45:00,209.89,210.19,211.82,2.25,4.92,3.95,0.282,0.162
MTR0001,2024-01-30 00:00:00,209.73,215.85,212.21,2.67,2.45,3.33,0.263,0.105
MTR0001,2024-01-30 00:15:00,209.73,215.85,212.21,2.67,2.45,3.33,0.263,0.105
MTR0001,2024-01-30 00:30:00,209.73,215.85,212.21,2.67,2.45,3.33,0.263,0.105
MTR0001,2024-01-30 00:45:00,209.73,215.85,212.21,2.67,2.45,3.33,0.263,0.105
MTR0001,2024-01-30 01:00:00,231.69,228.43,230.94,1.44,3.83,2.44,0.227,0.095
MTR0001,2024-01-30 01:15:00,231.69,228.43,230.94,1.44,3.83,2.44,0.227,0.095
MTR0001,2024-01-30 01:30:00,231.69,228.43,230.94,1.44,3.83,2.44,0.227,0.095
MTR0001,2024-01-30 01:45:00,231.69,228.43,230.94,1.44,3.83,2.44,0.227,0.095
MTR0001,2024-01-30 02:00:00,223.53,221.63,221.45,1.75,3.37,2.49,0.206,0.09
MTR0001,2024-01-30 02:15:00,223.53,221.63,221.45,1.75,3.37,2.49,0.206,0.09
MTR0001,2024-01-30 02:30:00,223.53,221.63,221.45,1.75,3.37,2.49,0.206,0.09
MTR0001,2024-01-30 02:45:00,223.53,221.63,221.45,1.75,3.37,2.49,0.206,0.09
MTR0001,2024-01-30 03:00:00,226.07,224.47,227.73,3.17,2.42,2.26,0.255,0.132
MTR0001,2024-01-30 03:15:00,226.07,224.47,227.73,3.17,2.42,2.26,0.255,0.132
MTR0001,2024-01-30 03:30:00,226.07,224.47,227.73,3.17,2.42,2.26,0.255,0.132
MTR0001,2024-01-30 03:45:00,226.07,224.47,227.73,3.17,2.42,2.26,0.255,0.132
MTR0001,2024-01-30 04:00:00,212.56,213.66,215.75,2.53,1.92,3.18,0.199,0.091
MTR0001,2024-01-30 04:15:00,212.56,213.66,215.75,2.53,1.92,3.18,0.199,0.091
MTR0001,2024-01-30 04:30:00,212.56,213.66,215.75,2.53,1.92,3.18,0.199,0.091
MTR0001,2024-01-30 04:45:00,212.56,213.66,215.75,2.53,1.92,3.18,0.199,0.091
MTR0001,2024-01-30 05:00:00,221.17,221.65,223.51,2.67,1.88,3.42,0.243,0.119
MTR0001,2024-01-30 05:15:00,221.17,221.65,223.51,2.67,1.88,3.42,0.243,0.119
MTR0001,2024-01-30 05:30:00,221.17,221.65,223.51,2.67,1.88,3.42,0.243,0.119
MTR0001,2024-01-30 05:45:00,221.17,221.65,223.51,2.67,1.88,3.42,0.243,0.119
MTR0001,2024-01-30 06:00:00,212.88,215.05,214.63,5.19,5.26,5.54,0.463,0.171
MTR0001,2024-01-30 06:15:00,212.88,215.05,214.63,5.19,5.26,5.54,0.463,0.171
MTR0001,2024-01-30 06:30:00,212.88,215.05,214.63,5.19,5.26,5.54,0.463,0.171
MTR0001,2024-01-30 06:45:00,212.88,215.05,214.63,5.19,5.26,5.54,0.463,0.171
MTR0001,2024-01-30 07:00:00,213.64,217.3,218.38,5.58,5.69,5.44,0.449,0.253
MTR0001,2024-01-30 07:15:00,213.64,217.3,218.38,5.58,5.69,5.44,0.449,0.253
MTR0001,2024-01-30 07:30:00,213.64,217.3,218.38,5.58,5.69,5.44,0.449,0.253
MTR0001,2024-01-30 07:45:00,213.64,217.3,218.38,5.58,5.69,5.44,0.449,0.253
MTR0001,2024-01-30 08:00:00,214.79,216.95,215.96,7.8,6.11,4.49,0.518,0.267
MTR0001,2024-01-30 08:15:00,214.79,216.95,215.96,7.8,6.11,4.49,0.518,0.267
MTR0001,2024-01-30 08:30:00,214.79,216.95,215.96,7.8,6.11,4.49,0.518,0.267
MTR0001,2024-01-30 08:45:00,214.79,216.95,215.96,7.8,6.11,4.49,0.518,0.267
MTR0001,2024-01-30 09:00:00,215.87,215.97,214.37,6.41,6.55,6.35,0.512,0.294
MTR0001,2024-01-30 09:15:00,215.87,215.97,214.37,6.41,6.55,6.35,0.512,0.294
MTR0001,2024-01-30 09:30:00,215.87,215.97,214.37,6.41,6.55,6.35,0.512,0.294
MTR0001,2024-01-30 09:45:00,215.87,215.97,214.37,6.41,6.55,6.35,0.512,0.294
MTR0001,2024-01-30 10:00:00,230.95,233.37,231.6,5.8,7.79,7.0,0.642,0.249
MTR0001,2024-01-30 10:15:00,230.95,233.37,231.6,5.8,7.79,7.0,0.642,0.249
MTR0001,2024-01-30 10:30:00,230.95,233.37,231.6,5.8,7.79,7.0,0.642,0.249
MTR0001,2024-01-30 10:45:00,230.95,233.37,231.6,5.8,7.79,7.0,0.642,0.249
MTR0001,2024-01-30 11:00:00,214.51,212.98,215.35,6.83,3.49,10.43,0.556,0.271
MTR0001,2024-01-30 11:15:00,214.51,212.98,215.35,6.83,3.49,10.43,0.556,0.271
MTR0001,2024-01-30 11:30:00,214.51,212.98,215.35,6.83,3.49,10.43,0.556,0.271
MTR0001,2024-01-30 11:45:00,214.51,212.98,215.35,6.83,3.49,10.43,0.556,0.271
MTR0001,2024-01-30 12:00:00,231.31,232.03,231.68,7.18,6.59,6.44,0.579,0.344
MTR0001,2024-01-30 12:15:00,231.31,232.03,231.68,7.18,6.59,6.44,0.579,0.344
MTR0001,2024-01-30 12:30:00,231.31,232.03,231.68,7.18,6.59,6.44,0.579,0.344
MTR0001,2024-01-30 12:45:00,231.31,232.03,231.68,7.18,6.59,6.44,0.579,0.344
MTR0001,2024-01-30 13:00:00,215.47,217.97,218.05,6.41,7.34,7.28,0.594,0.311
MTR0001,2024-01-30 13:15:00,215.47,217.97,218.05,6.41,7.34,7.28,0.594,0.311
MTR0001,2024-01-30 13:30:00,215.47,217.97,218.05,6.41,7.34,7.28,0.594,0.311
MTR0001,2024-01-30 13:45:00,215.47,217.97,218.05,6.41,7.34,7.28,0.594,0.311
MTR0001,2024-01-30 14:00:00,222.77,224.42,225.54,3.72,9.35,6.65,0.614,0.234
MTR0001,2024-01-30 14:15:00,222.77,224.42,225.54,3.72,9.35,6.65,0.614,0.234
MTR0001,2024-01-30 14:30:00,222.77,224.42,225.54,3.72,9.35,6.65,0.614,0.234
MTR0001,2024-01-30 14:45:00,222.77,224.42,225.54,3.72,9.35,6.65,0.614,0.234
MTR0001,2024-01-30 15:00:00,212.16,211.6,215.26,7.22,6.42,5.75,0.536,0.238
MTR0001,2024-01-30 15:15:00,212.16,211.6,215.26,7.22,6.42,5.75,0.536,0.238
MTR0001,2024-01-30 15:30:00,212.16,211.6,215.26,7.22,6.42,5.75,0.536,0.238
MTR0001,2024-01-30 15:45:00,212.16,211.6,215.26,7.22,6.42,5.75,0.536,0.238
MTR0001,2024-01-30 16:00:00,209.14,211.07,212.77,3.77,8.19,6.19,0.487,0.24
MTR0001,2024-01-30 16:15:00,209.14,211.07,212.77,3.77,8.19,6.19,0.487,0.24
MTR0001,2024-01-30 16:30:00,209.14,211.07,212.77,3.77,8.19,6.19,0.487,0.24
MTR0001,2024-01-30 16:45:00,209.14,211.07,212.77,3.77,8.19,6.19,0.487,0.24
MTR0001,2024-01-30 17:00:00,211.71,211.83,213.83,7.65,5.65,3.92,0.514,0.167
MTR0001,2024-01-30 17:15:00,211.71,211.83,213.83,7.65,5.65,3.92,0.514,0.167
MTR0001,2024-01-30 17:30:00,211.71,211.83,213.83,7.65,5.65,3.92,0.514,0.167
MTR0001,2024-01-30 17:45:00,211.71,211.83,213.83,7.65,5.65,3.92,0.514,0.167
MTR0001,2024-01-30 18:00:00,226.62,224.1,223.72,5.13,5.18,5.66,0.449,0.258
MTR0001,2024-01-30 18:15:00,226.62,224.1,223.72,5.13,5.18,5.66,0.449,0.258
MTR0001,2024-01-30 18:30:00,226.62,224.1,223.72,5.13,5.18,5.66,0.449,0.258
MTR0001,2024-01-30 18:45:00,226.62,224.1,223.72,5.13,5.18,5.66,0.449,0.258
MTR0001,2024-01-30 19:00:00,227.65,230.51,228.01,4.85,3.6,6.12,0.392,0.231
MTR0001,2024-01-30 19:15:00,227.65,230.51,228.01,4.85,3.6,6.12,0.392,0.231
MTR0001,2024-01-30 19:30:00,227.65,230.51,228.01,4.85,3.6,6.12,0.392,0.231
MTR0001,2024-01-30 19:45:00,227.65,230.51,228.01,4.85,3.6,6.12,0.392,0.231
MTR0001,2024-01-30 20:00:00,222.49,221.96,222.67,4.21,4.54,4.51,0.412,0.144
MTR0001,2024-01-30 20:15:00,222.49,221.96,222.67,4.21,4.54,4.51,0.412,0.144
MTR0001,2024-01-30 20:30:00,222.49,221.96,222.67,4.21,4.54,4.51,0.412,0.144
MTR0001,2024-01-30 20:45:00,222.49,221.96,222.67,4.21,4.54,4.51,0.412,0.144
MTR0001,2024-01-30 21:00:00,227.7,230.01,231.27,4.19,4.24,4.24,0.352,0.189
MTR0001,2024-01-30 21:15:00,227.7,230.01,231.27,4.19,4.24,4.24,0.352,0.189
MTR0001,2024-01-30 21:30:00,227.7,230.01,231.27,4.19,4.24,4.24,0.352,0.189
MTR0001,2024-01-30 21:45:00,227.7,230.01,231.27,4.19,4.24,4.24,0.352,0.189
MTR0001,2024-01-30 22:00:00,231.19,231.89,231.06,3.1,4.73,3.99,0.377,0.149
MTR0001,2024-01-30 22:15:00,231.19,231.89,231.06,3.1,4.73,3.99,0.377,0.149
MTR0001,2024-01-30 22:30:00,231.19,231.89,231.06,3.1,4.73,3.99,0.377,0.149
MTR0001,2024-01-30 22:45:00,231.19,231.89,231.06,3.1,4.73,3.99,0.377,0.149
MTR0001,2024-01-30 23:00:00,224.03,226.18,226.84,3.29,3.98,3.64,0.324,0.164
MTR0001,2024-01-30 23:15:00,224.03,226.18,226.84,3.29,3.98,3.64,0.324,0.164
MTR0001,2024-01-30 23:30:00,224.03,226.18,226.84,3.29,3.98,3.64,0.324,0.164
MTR0001,2024-01-30 23:45:00,224.03,226.18,226.84,3.29,3.98,3.64,0.324,0.164
MTR0001,2024-01-31 00:00:00,218.84,219.67,220.04,2.49,1.55,4.01,0.22,0.112
MTR0001,2024-01-31 00:15:00,218.84,219.67,220.04,2.49,1.55,4.01,0.22,0.112
MTR0001,2024-01-31 00:30:00,218.84,219.67,220.04,2.49,1.55,4.01,0.22,0.112
MTR0001,2024-01-31 00:45:00,218.84,219.67,220.04,2.49,1.55,4.01,0.22,0.112
MTR0001,2024-01-31 01:00:00,228.06,227.75,228.37,2.54,1.89,3.49,0.222,0.1
MTR0001,2024-01-31 01:15:00,228.06,227.75,228.37,2.54,1.89,3.49,0.222,0.1
MTR0001,2024-01-31 01:30:00,228.06,227.75,228.37,2.54,1.89,3.49,0.222,0.1
MTR0001,2024-01-31 01:45:00,228.06,227.75,228.37,2.54,1.89,3.49,0.222,0.1
MTR0001,2024-01-31 02:00:00,227.61,225.23,226.06,2.56,1.35,3.7,0.233,0.112
MTR0001,2024-01-31 02:15:00,227.61,225.23,226.06,2.56,1.35,3.7,0.233,0.112
MTR0001,2024-01-31 02:30:00,227.61,225.23,226.06,2.56,1.35,3.7,0.233,0.112
MTR0001,2024-01-31 02:45:00,227.61,225.23,226.06,2.56,1.35,3.7,0.233,0.112
MTR0001,2024-01-31 03:00:00,213.19,213.48,214.94,2.07,3.02,2.77,0.233,0.093
MTR0001,2024-01-31 03:15:00,213.19,213.48,214.94,2.07,3.02,2.77,0.233,0.093
MTR0001,2024-01-31 03:30:00,213.19,213.48,214.94,2.07,3.02,2.77,0.233,0.093
MTR0001,2024-01-31 03:45:00,213.19,213.48,214.94,2.07,3.02,2.77,0.233,0.093
MTR0001,2024-01-31 04:00:00,221.16,220.91,219.65,1.16,3.7,3.01,0.221,0.107
MTR0001,2024-01-31 04:15:00,221.16,220.91,219.65,1.16,3.7,3.01,0.221,0.107
MTR0001,2024-01-31 04:30:00,221.16,220.91,219.65,1.16,3.7,3.01,0.221,0.107
MTR0001,2024-01-31 04:45:00,221.16,220.91,219.65,1.16,3.7,3.01,0.221,0.107
MTR0001,2024-01-31 05:00:00,227.57,229.85,226.18,3.33,2.6,2.54,0.223,0.118
MTR0001,2024-01-31 05:15:00,227.57,229.85,226.18,3.33,2.6,2.54,0.223,0.118
MTR0001,2024-01-31 05:30:00,227.57,229.85,226.18,3.33,2.6,2.54,0.223,0.118
MTR0001,2024-01-31 05:45:00,227.57,229.85,226.18,3.33,2.6,2.54,0.223,0.118
MTR0001,2024-01-31 06:00:00,214.9,219.47,220.51,5.59,3.61,7.05,0.514,0.181
MTR0001,2024-01-31 06:15:00,214.9,219.47,220.51,5.59,3.61,7.05,0.514,0.181
MTR0001,2024-01-31 06:30:00,214.9,219.47,220.51,5.59,3.61,7.05,0.514,0.181
MTR0001,2024-01-31 06:45:00,214.9,219.47,220.51,5.59,3.61,7.05,0.514,0.181
MTR0001,2024-01-31 07:00:00,230.34,230.68,232.47,7.32,5.47,4.14,0.497,0.29
MTR0001,2024-01-31 07:15:00,230.34,230.68,232.47,7.32,5.47,4.14,0.497,0.29
MTR0001,2024-01-31 07:30:00,230.34,230.68,232.47,7.32,5.47,4.14,0.497,0.29
MTR0001,2024-01-31 07:45:00,230.34,230.68,232.47,7.32,5.47,4.14,0.497,0.29
MTR0001,2024-01-31 08:00:00,229.62,229.44,228.67,8.25,5.96,4.31,0.527,0.303
MTR0001,2024-01-31 08:15:00,229.62,229.44,228.67,8.25,5.96,4.31,0.527,0.303
MTR0001,2024-01-31 08:30:00,229.62,229.44,228.67,8.25,5.96,4.31,0.527,0.303
MTR0001,2024-01-31 08:45:00,229.62,229.44,228.67,8.25,5.96,4.31,0.527,0.303
MTR0001,2024-01-31 09:00:00,215.26,214.3,215.34,7.02,6.0,5.89,0.517,0.255
MTR0001,2024-01-31 09:15:00,215.26,214.3,215.34,7.02,6.0,5.89,0.517,0.255
MTR0001,2024-01-31 09:30:00,215.26,214.3,215.34,7.02,6.0,5.89,0.517,0.255
MTR0001,2024-01-31 09:45:00,215.26,214.3,215.34,7.02,6.0,5.89,0.517,0.255
MTR0001,2024-01-31 10:00:00,220.31,221.17,218.15,6.58,4.21,9.2,0.606,0.234
MTR0001,2024-01-31 10:15:00,220.31,221.17,218.15,6.58,4.21,9.2,0.606,0.234
MTR0001,2024-01-31 10:30:00,220.31,221.17,218.15,6.58,4.21,9.2,0.606,0.234
MTR0001,2024-01-31 10:45:00,220.31,221.17,218.15,6.58,4.21,9.2,0.606,0.234
MTR0001,2024-01-31 11:00:00,230.1,230.7,231.29,4.42,8.86,6.95,0.584,0.346
MTR0001,2024-01-31 11:15:00,230.1,230.7,231.29,4.42,8.86,6.95,0.584,0.346
MTR0001,2024-01-31 11:30:00,230.1,230.7,231.29,4.42,8.86,6.95,0.584,0.346
MTR0001,2024-01-31 11:45:00,230.1,230.7,231.29,4.42,8.86,6.95,0.584,0.346
MTR0001,2024-01-31 12:00:00,233.64,231.88,230.02,6.82,4.67,9.18,0.65,0.25
MTR0001,2024-01-31 12:15:00,233.64,231.88,230.02,6.82,4.67,9.18,0.65,0.25
MTR0001,2024-01-31 12:30:00,233.64,231.88,230.02,6.82,4.67,9.18,0.65,0.25
MTR0001,2024-01-31 12:45:00,233.64,231.88,230.02,6.82,4.67,9.18,0.65,0.25
MTR0001,2024-01-31 13:00:00,216.34,219.93,217.83,9.88,6.8,3.98,0.588,0.291
MTR0001,2024-01-31 13:15:00,216.34,219.93,217.83,9.88,6.8,3.98,0.588,0.291
MTR0001,2024-01-31 13:30:00,216.34,219.93,217.83,9.88,6.8,3.98,0.588,0.291
MTR0001,2024-01-31 13:45:00,216.34,219.93,217.83,9.88,6.8,3.98,0.588,0.291
MTR0001,2024-01-31 14:00:00,219.58,219.45,220.47,4.44,8.54,6.63,0.553,0.329
MTR0001,2024-01-31 14:15:00,219.58,219.45,220.47,4.44,8.54,6.63,0.553,0.329
MTR0001,2024-01-31 14:30:00,219.58,219.45,220.47,4.44,8.54,6.63,0.553,0.329
MTR0001,2024-01-31 14:45:00,219.58,219.45,220.47,4.44,8.54,6.63,0.553,0.329
MTR0001,2024-01-31 15:00:00,221.27,221.86,221.85,6.17,5.84,6.96,0.606,0.197
MTR0001,2024-01-31 15:15:00,221.27,221.86,221.85,6.17,5.84,6.96,0.606,0.197
MTR0001,2024-01-31 15:30:00,221.27,221.86,221.85,6.17,5.84,6.96,0.606,0.197
MTR0001,2024-01-31 15:45:00,221.27,221.86,221.85,6.17,5.84,6.96,0.606,0.197
MTR0001,2024-01-31 16:00:00,212.39,212.11,208.63,3.72,8.32,6.31,0.505,0.264
MTR0001,2024-01-31 16:15:00,212.39,212.11,208.63,3.72,8.32,6.31,0.505,0.264
MTR0001,2024-01-31 16:30:00,212.39,212.11,208.63,3.72,8.32,6.31,0.505,0.264
MTR0001,2024-01-31 16:45:00,212.39,212.11,208.63,3.72,8.32,6.31,0.505,0.264
MTR0001,2024-01-31 17:00:00,224.66,229.18,223.96,5.74,3.31,8.46,0.484,0.293
MTR0001,2024-01-31 17:15:00,224.66,229.18,223.96,5.74,3.31,8.46,0.484,0.293
MTR0001,2024-01-31 17:30:00,224.66,229.18,223.96,5.74,3.31,8.46,0.484,0.293
MTR0001,2024-01-31 17:45:00,224.66,229.18,223.96,5.74,3.31,8.46,0.484,0.293
MTR0001,2024-01-31 18:00:00,223.85,225.49,225.1,3.05,7.3,5.45,0.435,0.246
MTR0001,2024-01-31 18:15:00,223.85,225.49,225.1,3.05,7.3,5.45,0.435,0.246
MTR0001,2024-01-31 18:30:00,223.85,225.49,225.1,3.05,7.3,5.45,0.435,0.246
MTR0001,2024-01-31 18:45:00,223.85,225.49,225.1,3.05,7.3,5.45,0.435,0.246
MTR0001,2024-01-31 19:00:00,227.04,231.75,227.97,5.29,4.74,4.63,0.469,0.218
MTR0001,2024-01-31 19:15:00,227.04,231.75,227.97,5.29,4.74,4.63,0.469,0.218
MTR0001,2024-01-31 19:30:00,227.04,231.75,227.97,5.29,4.74,4.63,0.469,0.218
MTR0001,2024-01-31 19:45:00,227.04,231.75,227.97,5.29,4.74,4.63,0.469,0.218
MTR0001,2024-01-31 20:00:00,212.11,212.9,211.59,4.68,2.02,6.87,0.354,0.214
MTR0001,2024-01-31 20:15:00,212.11,212.9,211.59,4.68,2.02,6.87,0.354,0.214
MTR0001,2024-01-31 20:30:00,212.11,212.9,211.59,4.68,2.02,6.87,0.354,0.214
MTR0001,2024-01-31 20:45:00,212.11,212.9,211.59,4.68,2.02,6.87,0.354,0.214
MTR0001,2024-01-31 21:00:00,229.56,232.14,232.0,2.29,5.65,4.33,0.355,0.183
MTR0001,2024-01-31 21:15:00,229.56,232.14,232.0,2.29,5.65,4.33,0.355,0.183
MTR0001,2024-01-31 21:30:00,229.56,232.14,232.0,2.29,5.65,4.33,0.355,0.183
MTR0001,2024-01-31 21:45:00,229.56,232.14,232.0,2.29,5.65,4.33,0.355,0.183
MTR0001,2024-01-31 22:00:00,211.11,211.89,213.73,2.41,5.42,4.06,0.331,0.123
MTR0001,2024-01-31 22:15:00,211.11,211.89,213.73,2.41,5.42,4.06,0.331,0.123
MTR0001,2024-01-31 22:30:00,211.11,211.89,213.73,2.41,5.42,4.06,0.331,0.123
MTR0001,2024-01-31 22:45:00,211.11,211.89,213.73,2.41,5.42,4.06,0.331,0.123
MTR0001,2024-01-31 23:00:00,214.0,215.46,212.22,4.85,3.72,2.44,0.282,0.161
MTR0001,2024-01-31 23:15:00,214.0,215.46,212.22,4.85,3.72,2.44,0.282,0.161
MTR0001,2024-01-31 23:30:00,214.0,215.46,212.22,4.85,3.72,2.44,0.282,0.161
MTR0001,2024-01-31 23:45:00,214.0,215.46,212.22,4.85,3.72,2.44,0.282,0.161
MTR0001,2024-02-01 00:00:00,214.22,212.98,215.29,2.61,2.55,3.0,0.215,0.109
MTR0001,2024-02-01 00:15:00,214.22,212.98,215.29,2.61,2.55,3.0,0.215,0.109
MTR0001,2024-02-01 00:30:00,214.22,212.98,215.29,2.61,2.55,3.0,0.215,0.109
MTR0001,2024-02-01 00:45:00,214.22,212.98,215.29,2.61,2.55,3.0,0.215,0.109
MTR0001,2024-02-01 01:00:00,212.38,215.56,214.85,2.27,3.04,2.67,0.208,0.126
MTR0001,2024-02-01 01:15:00,212.38,215.56,214.85,2.27,3.04,2.67,0.208,0.126
MTR0001,2024-02-01 01:30:00,212.38,215.56,214.85,2.27,3.04,2.67,0.208,0.126
MTR0001,2024-02-01 01:45:00,212.38,215.56,214.85,2.27,3.04,2.67,0.208,0.126
MTR0001,2024-02-01 02:00:00,213.93,213.02,213.02,2.59,2.37,2.79,0.25,0.091
MTR0001,2024-02-01 02:15:00,213.93,213.02,213.02,2.59,2.37,2.79,0.25,0.091
MTR0001,2024-02-01 02:30:00,213.93,213.02,213.02,2.59,2.37,2.79,0.25,0.091
MTR0001,2024-02-01 02:45:00,213.93,213.02,213.02,2.59,2.37,2.79,0.25,0.091
MTR0001,2024-02-01 03:00:00,227.67,228.21,227.1,2.63,2.56,3.1,0.256,0.136
MTR0001,2024-02-01 03:15:00,227.67,228.21,227.1,2.63,2.56,3.1,0.256,0.136
MTR0001,2024-02-01 03:30:00,227.67,228.21,227.1,2.63,2.56,3.1,0.256,0.136
MTR0001,2024-02-01 03:45:00,227.67,228.21,227.1,2.63,2.56,3.1,0.256,0.136
MTR0001,2024-02-01 04:00:00,231.23,234.01,230.52,3.54,2.62,1.7,0.224,0.129
MTR0001,2024-02-01 04:15:00,231.23,234.01,230.52,3.54,2.62,1.7,0.224,0.129
MTR0001,2024-02-01 04:30:00,231.23,234.01,230.52,3.54,2.62,1.7,0.224,0.129
MTR0001,2024-02-01 04:45:00,231.23,234.01,230.52,3.54,2.62,1.7,0.224,0.129
MTR0001,2024-02-01 05:00:00,229.48,230.9,234.29,1.73,3.9,2.75,0.275,0.106
MTR0001,2024-02-01 05:15:00,229.48,230.9,234.29,1.73,3.9,2.75,0.275,0.106
MTR0001,2024-02-01 05:30:00,229.48,230.9,234.29,1.73,3.9,2.75,0.275,0.106
MTR0001,2024-02-01 05:45:00,229.48,230.9,234.29,1.73,3.9,2.75,0.275,0.106
MTR0001,2024-02-01 06:00:00,213.2,213.3,215.81,4.88,5.39,5.41,0.426,0.232
MTR0001,2024-02-01 06:15:00,213.2,213.3,215.81,4.88,5.39,5.41,0.426,0.232
MTR0001,2024-02-01 06:30:00,213.2,213.3,215.81,4.88,5.39,5.41,0.426,0.232
MTR0001,2024-02-01 06:45:00,213.2,213.3,215.81,4.88,5.39,5.41,0.426,0.232
MTR0001,2024-02-01 07:00:00,210.28,211.68,212.36,4.44,6.76,5.85,0.479,0.275
MTR0001,2024-02-01 07:15:00,210.28,211.68,212.36,4.44,6.76,5.85,0.479,0.275
MTR0001,2024-02-01 07:30:00,210.28,211.68,212.36,4.44,6.76,5.85,0.479,0.275
MTR0001,2024-02-01 07:45:00,210.28,211.68,212.36,4.44,6.76,5.85,0.479,0.275
MTR0001,2024-02-01 08:00:00,223.25,224.16,222.13,9.11,6.21,3.16,0.544,0.225
MTR0001,2024-02-01 08:15:00,223.25,224.16,222.13,9.11,6.21,3.16,0.544,0.225
MTR0001,2024-02-01 08:30:00,223.25,224.16,222.13,9.11,6.21,3.16,0.544,0.225
MTR0001,2024-02-01 08:45:00,223.25,224.16,222.13,9.11,6.21,3.16,0.544,0.225
MTR0001,2024-02-01 09:00:00,214.99,214.0,215.73,7.96,6.38,4.82,0.521,0.288
MTR0001,2024-02-01 09:15:00,214.99,214.0,215.73,7.96,6.38,4.82,0.521,0.288
MTR0001,2024-02-01 09:30:00,214.99,214.0,215.73,7.96,6.38,4.82,0.521,0.288
MTR0001,2024-02-01 09:45:00,214.99,214.0,215.73,7.96,6.38,4.82,0.521,0.288
MTR0001,2024-02-01 10:00:00,217.36,214.24,215.26,6.54,5.53,8.12,0.524,0.271
MTR0001,2024-02-01 10:15:00,217.36,214.24,215.26,6.54,5.53,8.12,0.524,0.271
MTR0001,2024-02-01 10:30:00,217.36,214.24,215.26,6.54,5.53,8.12,0.524,0.271
MTR0001,2024-02-01 10:45:00,217.36,214.24,215.26,6.54,5.53,8.12,0.524,0.271
MTR0001,2024-02-01 11:00:00,226.29,227.13,228.85,6.31,7.28,7.04,0.595,0.309
MTR0001,2024-02-01 11:15:00,226.29,227.13,228.85,6.31,7.28,7.04,0.595,0.309
MTR0001,2024-02-01 11:30:00,226.29,227.13,228.85,6.31,7.28,7.04,0.595,0.309
MTR0001,2024-02-01 11:45:00,226.29,227.13,228.85,6.31,7.28,7.04,0.595,0.309
MTR0001,2024-02-01 12:00:00,220.78,221.16,218.27,6.8,6.52,7.03,0.583,0.255
MTR0001,2024-02-01 12:15:00,220.78,221.16,218.27,6.8,6.52,7.03,0.583,0.255
MTR0001,2024-02-01 12:30:00,220.78,221.16,218.27,6.8,6.52,7.03,0.583,0.255
MTR0001,2024-02-01 12:45:00,220.78,221.16,218.27,6.8,6.52,7.03,0.583,0.255
MTR0001,2024-02-01 13:00:00,222.78,222.81,222.62,6.34,7.04,6.7,0.593,0.274
MTR0001,2024-02-01 13:15:00,222.78,222.81,222.62,6.34,7.04,6.7,0.593,0.274
MTR0001,2024-02-01 13:30:00,222.78,222.81,222.62,6.34,7.04,6.7,0.593,0.274
MTR0001,2024-02-01 13:45:00,222.78,222.81,222.62,6.34,7.04,6.7,0.593,0.274
MTR0001,2024-02-01 14:00:00,216.81,217.15,218.2,6.84,5.41,8.18,0.577,0.246
MTR0001,2024-02-01 14:15:00,216.81,217.15,218.2,6.84,5.41,8.18,0.577,0.246
MTR0001,2024-02-01 14:30:00,216.81,217.15,218.2,6.84,5.41,8.18,0.577,0.246
MTR0001,2024-02-01 14:45:00,216.81,217.15,218.2,6.84,5.41,8.18,0.577,0.246
MTR0001,2024-02-01 15:00:00,211.53,213.88,218.61,6.17,4.5,8.55,0.494,0.311
MTR0001,2024-02-01 15:15:00,211.53,213.88,218.61,6.17,4.5,8.55,0.494,0.311
MTR0001,2024-02-01 15:30:00,211.53,213.88,218.61,6.17,4.5,8.55,0.494,0.311
MTR0001,2024-02-01 15:45:00,211.53,213.88,218.61,6.17,4.5,8.55,0.494,0.311
MTR0001,2024-02-01 16:00:00,214.8,215.74,216.61,8.14,6.18,4.2,0.516,0.257
MTR0001,2024-02-01 16:15:00,214.8,215.74,216.61,8.14,6.18,4.2,0.516,0.257
MTR0001,2024-02-01 16:30:00,214.8,215.74,216.61,8.14,6.18,4.2,0.516,0.257
MTR0001,2024-02-01 16:45:00,214.8,215.74,216.61,8.14,6.18,4.2,0.516,0.257
MTR0001,2024-02-01 17:00:00,229.74,229.15,230.87,5.39,4.67,6.64,0.497,0.23
MTR0001,2024-02-01 17:15:00,229.74,229.15,230.87,5.39,4.67,6.64,0.497,0.23
MTR0001,2024-02-01 17:30:00,229.74,229.15,230.87,5.39,4.67,6.64,0.497,0.23
MTR0001,2024-02-01 17:45:00,229.74,229.15,230.87,5.39,4.67,6.64,0.497,0.23
MTR0001,2024-02-01 18:00:00,211.53,217.47,215.91,5.36,5.27,5.47,0.418,0.246
MTR0001,2024-02-01 18:15:00,211.53,217.47,215.91,5.36,5.27,5.47,0.418,0.246
MTR0001,2024-02-01 18:30:00,211.53,217.47,215.91,5.36,5.27,5.47,0.418,0.246
MTR0001,2024-02-01 18:45:00,211.53,217.47,215.91,5.36,5.27,5.47,0.418,0.246
MTR0001,2024-02-01 19:00:00,214.23,214.01,213.64,6.72,4.99,2.68,0.409,0.169
MTR0001,2024-02-01 19:15:00,214.23,214.01,213.64,6.72,4.99,2.68,0.409,0.169
MTR0001,2024-02-01 19:30:00,214.23,214.01,213.64,6.72,4.99,2.68,0.409,0.169
MTR0001,2024-02-01 19:45:00,214.23,214.01,213.64,6.72,4.99,2.68,0.409,0.169
MTR0001,2024-02-01 20:00:00,215.3,218.38,215.83,4.56,3.23,5.98,0.385,0.172
MTR0001,2024-02-01 20:15:00,215.3,218.38,215.83,4.56,3.23,5.98,0.385,0.172
MTR0001,2024-02-01 20:30:00,215.3,218.38,215.83,4.56,3.23,5.98,0.385,0.172
MTR0001,2024-02-01 20:45:00,215.3,218.38,215.83,4.56,3.23,5.98,0.385,0.172
MTR0001,2024-02-01 21:00:00,213.86,216.76,211.29,5.29,3.83,2.96,0.333,0.182
MTR0001,2024-02-01 21:15:00,213.86,216.76,211.29,5.29,3.83,2.96,0.333,0.182
MTR0001,2024-02-01 21:30:00,213.86,216.76,211.29,5.29,3.83,2.96,0.333,0.182
MTR0001,2024-02-01 21:45:00,213.86,216.76,211.29,5.29,3.83,2.96,0.333,0.182
MTR0001,2024-02-01 22:00:00,228.16,231.86,228.01,3.99,3.42,4.96,0.38,0.172
MTR0001,2024-02-01 22:15:00,228.16,231.86,228.01,3.99,3.42,4.96,0.38,0.172
MTR0001,2024-02-01 22:30:00,228.16,231.86,228.01,3.99,3.42,4.96,0.38,0.172
MTR0001,2024-02-01 22:45:00,228.16,231.86,228.01,3.99,3.42,4.96,0.38,0.172
MTR0001,2024-02-01 23:00:00,214.78,220.6,215.2,2.37,5.01,3.67,0.332,0.129
MTR0001,2024-02-01 23:15:00,214.78,220.6,215.2,2.37,5.01,3.67,0.332,0.129
MTR0001,2024-02-01 23:30:00,214.78,220.6,215.2,2.37,5.01,3.67,0.332,0.129
MTR0001,2024-02-01 23:45:00,214.78,220.6,215.2,2.37,5.01,3.67,0.332,0.129
MTR0001,2024-02-02 00:00:00,228.76,231.86,232.21,3.73,2.67,1.42,0.219,0.132
MTR0001,2024-02-02 00:15:00,228.76,231.86,232.21,3.73,2.67,1.42,0.219,0.132
MTR0001,2024-02-02 00:30:00,228.76,231.86,232.21,3.73,2.67,1.42,0.219,0.132
MTR0001,2024-02-02 00:45:00,228.76,231.86,232.21,3.73,2.67,1.42,0.219,0.132
MTR0001,2024-02-02 01:00:00,214.98,217.53,214.5,2.73,2.57,2.8,0.246,0.115
MTR0001,2024-02-02 01:15:00,214.98,217.53,214.5,2.73,2.57,2.8,0.246,0.115
MTR0001,2024-02-02 01:30:00,214.98,217.53,214.5,2.73,2.57,2.8,0.246,0.115
MTR0001,2024-02-02 01:45:00,214.98,217.53,214.5,2.73,2.57,2.8,0.246,0.115
MTR0001,2024-02-02 02:00:00,221.23,218.11,219.29,3.3,2.72,1.99,0.234,0.09
MTR0001,2024-02-02 02:15:00,221.23,218.11,219.29,3.3,2.72,1.99,0.234,0.09
MTR0001,2024-02-02 02:30:00,221.23,218.11,219.29,3.3,2.72,1.99,0.234,0.09
MTR0001,2024-02-02 02:45:00,221.23,218.11,219.29,3.3,2.72,1.99,0.234,0.09
MTR0001,2024-02-02 03:00:00,215.49,216.05,215.13,4.0,2.55,1.51,0.244,0.078
MTR0001,2024-02-02 03:15:00,215.49,216.05,215.13,4.0,2.55,1.51,0.244,0.078
MTR0001,2024-02-02 03:30:00,215.49,216.05,215.13,4.0,2.55,1.51,0.244,0.078
MTR0001,2024-02-02 03:45:00,215.49,216.05,215.13,4.0,2.55,1.51,0.244,0.078
MTR0001,2024-02-02 04:00:00,207.91,212.23,210.34,2.5,2.61,2.71,0.193,0.081
MTR0001,2024-02-02 04:15:00,207.91,212.23,210.34,2.5,2.61,2.71,0.193,0.081
MTR0001,2024-02-02 04:30:00,207.91,212.23,210.34,2.5,2.61,2.71,0.193,0.081
MTR0001,2024-02-02 04:45:00,207.91,212.23,210.34,2.5,2.61,2.71,0.193,0.081
MTR0001,2024-02-02 05:00:00,225.67,224.76,224.9,3.68,2.52,1.7,0.183,0.13
MTR0001,2024-02-02 05:15:00,225.67,224.76,224.9,3.68,2.52,1.7,0.183,0.13
MTR0001,2024-02-02 05:30:00,225.67,224.76,224.9,3.68,2.52,1.7,0.183,0.13
MTR0001,2024-02-02 05:45:00,225.67,224.76,224.9,3.68,2.52,1.7,0.183,0.13
MTR0001,2024-02-02 06:00:00,212.07,209.0,212.57,6.1,4.98,4.42,0.427,0.22
MTR0001,2024-02-02 06:15:00,212.07,209.0,212.57,6.1,4.98,4.42,0.427,0.22
MTR0001,2024-02-02 06:30:00,212.07,209.0,212.57,6.1,4.98,4.42,0.427,0.22
MTR0001,2024-02-02 06:45:00,212.07,209.0,212.57,6.1,4.98,4.42,0.427,0.22
MTR0001,2024-02-02 07:00:00,213.83,211.99,214.97,5.93,4.84,6.25,0.465,0.274
MTR0001,2024-02-02 07:15:00,213.83,211.99,214.97,5.93,4.84,6.25,0.465,0.274
MTR0001,2024-02-02 07:30:00,213.83,211.99,214.97,5.93,4.84,6.25,0.465,0.274
MTR0001,2024-02-02 07:45:00,213.83,211.99,214.97,5.93,4.84,6.25,0.465,0.274
MTR0001,2024-02-02 08:00:00,211.71,213.54,210.31,3.99,7.98,6.09,0.502,0.24
MTR0001,2024-02-02 08:15:00,211.71,213.54,210.31,3.99,7.98,6.09,0.502,0.24
MTR0001,2024-02-02 08:30:00,211.71,213.54,210.31,3.99,7.98,6.09,0.502,0.24
MTR0001,2024-02-02 08:45:00,211.71,213.54,210.31,3.99,7.98,6.09,0.502,0.24
MTR0001,2024-02-02 09:00:00,229.11,229.28,229.39,3.46,9.04,6.64,0.541,0.321
MTR0001,2024-02-02 09:15:00,229.11,229.28,229.39,3.46,9.04,6.64,0.541,0.321
MTR0001,2024-02-02 09:30:00,229.11,229.28,229.39,3.46,9.04,6.64,0.541,0.321
MTR0001,2024-02-02 09:45:00,229.11,229.28,229.39,3.46,9.04,6.64,0.541,0.321
MTR0001,2024-02-02 10:00:00,217.63,218.85,220.62,6.54,6.67,6.65,0.533,0.322
MTR0001,2024-02-02 10:15:00,217.63,218.85,220.62,6.54,6.67,6.65,0.533,0.322
MTR0001,2024-02-02 10:30:00,217.63,218.85,220.62,6.54,6.67,6.65,0.533,0.322
MTR0001,2024-02-02 10:45:00,217.63,218.85,220.62,6.54,6.67,6.65,0.533,0.322
MTR0001,2024-02-02 11:00:00,225.38,227.31,226.21,8.23,6.79,5.38,0.573,0.314
MTR0001,2024-02-02 11:15:00,225.38,227.31,226.21,8.23,6.79,5.38,0.573,0.314
MTR0001,2024-02-02 11:30:00,225.38,227.31,226.21,8.23,6.79,5.38,0.573,0.314
MTR0001,2024-02-02 11:45:00,225.38,227.31,226.21,8.23,6.79,5.38,0.573,0.314
MTR0001,2024-02-02 12:00:00,229.91,230.37,230.85,6.75,5.52,8.31,0.649,0.24
MTR0001,2024-02-02 12:15:00,229.91,230.37,230.85,6.75,5.52,8.31,0.649,0.24
MTR0001,2024-02-02 12:30:00,229.91,230.37,230.85,6.75,5.52,8.31,0.649,0.24
MTR0001,2024-02-02 12:45:00,229.91,230.37,230.85,6.75,5.52,8.31,0.649,0.24
MTR0001,2024-02-02 13:00:00,214.98,211.53,213.5,8.74,6.61,5.28,0.597,0.257
MTR0001,2024-02-02 13:15:00,214.98,211.53,213.5,8.74,6.61,5.28,0.597,0.257
MTR0001,2024-02-02 13:30:00,214.98,211.53,213.5,8.74,6.61,5.28,0.597,0.257
MTR0001,2024-02-02 13:45:00,214.98,211.53,213.5,8.74,6.61,5.28,0.597,0.257
MTR0001,2024-02-02 14:00:00,232.52,230.24,233.76,3.63,9.05,6.78,0.613,0.254
MTR0001,2024-02-02 14:15:00,232.52,230.24,233.76,3.63,9.05,6.78,0.613,0.254
MTR0001,2024-02-02 14:30:00,232.52,230.24,233.76,3.63,9.05,6.78,0.613,0.254
MTR0001,2024-02-02 14:45:00,232.52,230.24,233.76,3.63,9.05,6.78,0.613,0.254
MTR0001,2024-02-02 15:00:00,223.24,225.95,224.49,6.16,3.93,8.94,0.589,0.271
MTR0001,2024-02-02 15:15:00,223.24,225.95,224.49,6.16,3.93,8.94,0.589,0.271
MTR0001,2024-02-02 15:30:00,223.24,225.95,224.49,6.16,3.93,8.94,0.589,0.271
MTR0001,2024-02-02 15:45:00,223.24,225.95,224.49,6.16,3.93,8.94,0.589,0.271
MTR0001,2024-02-02 16:00:00,216.11,216.4,214.99,5.7,6.11,6.24,0.48,0.291
MTR0001,2024-02-02 16:15:00,216.11,216.4,214.99,5.7,6.11,6.24,0.48,0.291
MTR0001,2024-02-02 16:30:00,216.11,216.4,214.99,5.7,6.11,6.24,0.48,0.291
MTR0001,2024-02-02 16:45:00,216.11,216.4,214.99,5.7,6.11,6.24,0.48,0.291
MTR0001,2024-02-02 17:00:00,211.84,210.72,211.15,4.59,6.82,5.8,0.466,0.207
MTR0001,2024-02-02 17:15:00,211.84,210.72,211.15,4.59,6.82,5.8,0.466,0.207
MTR0001,2024-02-02 17:30:00,211.84,210.72,211.15,4.59,6.82,5.8,0.466,0.207
MTR0001,2024-02-02 17:45:00,211.84,210.72,211.15,4.59,6.82,5.8,0.466,0.207
MTR0001,2024-02-02 18:00:00,213.27,213.22,214.31,3.47,6.9,5.52,0.439,0.243
MTR0001,2024-02-02 18:15:00,213.27,213.22,214.31,3.47,6.9,5.52,0.439,0.243
MTR0001,2024-02-02 18:30:00,213.27,213.22,214.31,3.47,6.9,5.52,0.439,0.243
MTR0001,2024-02-02 18:45:00,213.27,213.22,214.31,3.47,6.9,5.52,0.439,0.243
MTR0001,2024-02-02 19:00:00,210.45,213.63,210.89,4.97,2.52,7.39,0.377,0.228
MTR0001,2024-02-02 19:15:00,210.45,213.63,210.89,4.97,2.52,7.39,0.377,0.228
MTR0001,2024-02-02 19:30:00,210.45,213.63,210.89,4.97,2.52,7.39,0.377,0.228
MTR0001,2024-02-02 19:45:00,210.45,213.63,210.89,4.97,2.52,7.39,0.377,0.228
MTR0001,2024-02-02 20:00:00,222.13,221.47,221.49,5.77,4.42,3.18,0.409,0.171
MTR0001,2024-02-02 20:15:00,222.13,221.47,221.49,5.77,4.42,3.18,0.409,0.171
MTR0001,2024-02-02 20:30:00,222.13,221.47,221.49,5.77,4.42,3.18,0.409,0.171
MTR0001,2024-02-02 20:45:00,222.13,221.47,221.49,5.77,4.42,3.18,0.409,0.171
MTR0001,2024-02-02 21:00:00,219.23,219.8,218.13,4.21,3.94,4.35,0.366,0.141
MTR0001,2024-02-02 21:15:00,219.23,219.8,218.13,4.21,3.94,4.35,0.366,0.141
MTR0001,2024-02-02 21:30:00,219.23,219.8,218.13,4.21,3.94,4.35,0.366,0.141
MTR0001,2024-02-02 21:45:00,219.23,219.8,218.13,4.21,3.94,4.35,0.366,0.141
MTR0001,2024-02-02 22:00:00,224.16,223.34,221.54,3.73,3.98,3.88,0.36,0.123
MTR0001,2024-02-02 22:15:00,224.16,223.34,221.54,3.73,3.98,3.88,0.36,0.123
MTR0001,2024-02-02 22:30:00,224.16,223.34,221.54,3.73,3.98,3.88,0.36,0.123
MTR0001,2024-02-02 22:45:00,224.16,223.34,221.54,3.73,3.98,3.88,0.36,0.123
MTR0001,2024-02-02 23:00:00,212.74,211.98,209.26,3.14,4.11,3.58,0.271,0.155
MTR0001,2024-02-02 23:15:00,212.74,211.98,209.26,3.14,4.11,3.58,0.271,0.155
MTR0001,2024-02-02 23:30:00,212.74,211.98,209.26,3.14,4.11,3.58,0.271,0.155
MTR0001,2024-02-02 23:45:00,212.74,211.98,209.26,3.14,4.11,3.58,0.271,0.155
MTR0001,2024-02-03 00:00:00,218.91,218.96,216.69,2.09,1.69,1.33,0.153,0.086
MTR0001,2024-02-03 00:15:00,218.91,218.96,216.69,2.34,1.89,1.49,0.169,0.095
MTR0001,2024-02-03 00:30:00,218.91,218.96,216.69,2.34,1.89,1.49,0.169,0.095
MTR0001,2024-02-03 00:45:00,218.91,218.96,216.69,2.34,1.89,1.49,0.169,0.095
MTR0001,2024-02-03 01:00:00,223.52,226.17,226.28,1.62,2.74,1.79,0.171,0.077
MTR0001,2024-02-03 01:15:00,223.52,226.17,226.28,1.76,2.97,1.99,0.188,0.085
MTR0001,2024-02-03 01:30:00,223.52,226.17,226.28,1.76,2.97,1.99,0.188,0.085
MTR0001,2024-02-03 01:45:00,223.52,226.17,226.28,1.76,2.97,1.99,0.188,0.085
MTR0001,2024-02-03 02:00:00,214.24,215.09,215.43,2.11,2.17,2.2,0.226,0.097
MTR0001,2024-02-03 02:15:00,214.24,215.09,215.43,2.0,2.07,2.08,0.217,0.092
MTR0001,2024-02-03 02:30:00,214.24,215.09,215.43,2.0,2.07,2.08,0.217,0.092
MTR0001,2024-02-03 02:45:00,214.24,215.09,215.43,2.0,2.07,2.08,0.217,0.092
MTR0001,2024-02-03 03:00:00,214.42,216.29,214.81,2.3,1.86,1.94,0.169,0.072
MTR0001,2024-02-03 03:15:00,214.42,216.29,214.81,2.36,1.9,1.98,0.173,0.074
MTR0001,2024-02-03 03:30:00,214.42,216.29,214.81,2.36,1.9,1.98,0.173,0.074
MTR0001,2024-02-03 03:45:00,214.42,216.29,214.81,2.36,1.9,1.98,0.173,0.074
MTR0001,2024-02-03 04:00:00,231.02,231.74,230.93,1.6,2.45,1.88,0.157,0.093
MTR0001,2024-02-03 04:15:00,231.02,231.74,230.93,1.45,2.18,1.66,0.138,0.081
MTR0001,2024-02-03 04:30:00,231.02,231.74,230.93,1.45,2.18,1.66,0.138,0.081
MTR0001,2024-02-03 04:45:00,231.02,231.74,230.93,1.45,2.18,1.66,0.138,0.081
MTR0001,2024-02-03 05:00:00,219.11,217.4,218.65,1.36,1.18,2.52,0.149,0.066
MTR0001,2024-02-03 05:15:00,219.11,217.4,218.65,1.64,1.36,2.9,0.173,0.077
MTR0001,2024-02-03 05:30:00,219.11,217.4,218.65,1.64,1.36,2.9,0.173,0.077
MTR0001,2024-02-03 05:45:00,219.11,217.4,218.65,1.64,1.36,2.9,0.173,0.077
MTR0001,2024-02-03 06:00:00,230.11,230.17,231.12,3.88,4.71,4.45,0.425,0.156
MTR0001,2024-02-03 06:15:00,230.11,230.17,231.12,3.66,4.44,4.19,0.402,0.147
MTR0001,2024-02-03 06:30:00,230.11,230.17,231.12,3.66,4.44,4.19,0.402,0.147
MTR0001,2024-02-03 06:45:00,230.11,230.17,231.12,3.66,4.44,4.19,0.402,0.147
MTR0001,2024-02-03 07:00:00,219.38,218.49,219.93,5.19,4.16,3.61,0.372,0.148
MTR0001,2024-02-03 07:15:00,219.38,218.49,219.93,4.2,3.34,2.92,0.299,0.117
MTR0001,2024-02-03 07:30:00,219.38,218.49,219.93,4.2,3.34,2.92,0.299,0.117
MTR0001,2024-02-03 07:45:00,219.38,218.49,219.93,4.2,3.34,2.92,0.299,0.117
MTR0001,2024-02-03 08:00:00,222.68,225.79,224.01,4.19,3.73,3.15,0.312,0.158
MTR0001,2024-02-03 08:15:00,222.68,225.79,224.01,4.55,4.04,3.44,0.34,0.172
MTR0001,2024-02-03 08:30:00,222.68,225.79,224.01,4.55,4.04,3.44,0.34,0.172
MTR0001,2024-02-03 08:45:00,222.68,225.79,224.01,4.55,4.04,3.44,0.34,0.172
MTR0001,2024-02-03 09:00:00,230.32,230.96,229.41,2.46,5.87,4.31,0.331,0.216
MTR0001,2024-02-03 09:15:00,230.32,230.96,229.41,2.34,5.56,4.09,0.313,0.205
MTR0001,2024-02-03 09:30:00,230.32,230.96,229.41,2.34,5.56,4.09,0.313,0.205
MTR0001,2024-02-03 09:45:00,230.32,230.96,229.41,2.34,5.56,4.09,0.313,0.205
MTR0001,2024-02-03 10:00:00,224.4,221.24,223.47,3.53,4.5,4.01,0.369,0.213
MTR0001,2024-02-03 10:15:00,224.4,221.24,223.47,3.68,4.69,4.18,0.383,0.222
MTR0001,2024-02-03 10:30:00,224.4,221.24,223.47,3.68,4.69,4.18,0.383,0.222
MTR0001,2024-02-03 10:45:00,224.4,221.24,223.47,3.68,4.69,4.18,0.383,0.222
MTR0001,2024-02-03 11:00:00,222.52,219.6,223.88,4.83,2.51,6.81,0.456,0.151
MTR0001,2024-02-03 11:15:00,222.52,219.6,223.88,5.21,2.71,7.39,0.491,0.164
MTR0001,2024-02-03 11:30:00,222.52,219.6,223.88,5.21,2.71,7.39,0.491,0.164
MTR0001,2024-02-03 11:45:00,222.52,219.6,223.88,5.21,2.71,7.39,0.491,0.164
MTR0001,2024-02-03 12:00:00,224.98,228.72,226.98,4.88,3.83,6.03,0.477,0.171
MTR0001,2024-02-03 12:15:00,224.98,228.72,226.98,5.0,3.92,6.17,0.488,0.175
MTR0001,2024-02-03 12:30:00,224.98,228.72,226.98,5.0,3.92,6.17,0.488,0.175
MTR0001,2024-02-03 12:45:00,224.98,228.72,226.98,5.0,3.92,6.17,0.488,0.175
MTR0001,2024-02-03 13:00:00,225.29,225.18,223.55,3.73,5.99,5.18,0.449,0.178
MTR0001,2024-02-03 13:15:00,225.29,225.18,223.55,4.0,6.46,5.57,0.484,0.192
MTR0001,2024-02-03 13:30:00,225.29,225.18,223.55,4.0,6.46,5.57,0.484,0.192
MTR0001,2024-02-03 13:45:00,225.29,225.18,223.55,4.0,6.46,5.57,0.484,0.192
MTR0001,2024-02-03 14:00:00,212.3,215.84,214.02,5.26,4.69,5.65,0.446,0.217
MTR0001,2024-02-03 14:15:00,212.3,215.84,214.02,4.92,4.38,5.27,0.418,0.202
MTR0001,2024-02-03 14:30:00,212.3,215.84,214.02,4.92,4.38,5.27,0.418,0.202
MTR0001,2024-02-03 14:45:00,212.3,215.84,214.02,4.92,4.38,5.27,0.418,0.202
MTR0001,2024-02-03 15:00:00,215.6,214.01,215.25,3.89,5.35,4.91,0.376,0.182
MTR0001,2024-02-03 15:15:00,215.6,214.01,215.25,3.73,5.14,4.71,0.36,0.174
MTR0001,2024-02-03 15:30:00,215.6,214.01,215.25,3.73,5.14,4.71,0.36,0.174
MTR0001,2024-02-03 15:45:00,215.6,214.01,215.25,3.73,5.14,4.71,0.36,0.174
MTR0001,2024-02-03 16:00:00,214.62,213.74,214.76,6.08,4.18,2.41,0.38,0.122
MTR0001,2024-02-03 16:15:00,214.62,213.74,214.76,6.94,4.79,2.78,0.434,0.14
MTR0001,2024-02-03 16:30:00,214.62,213.74,214.76,6.94,4.79,2.78,0.434,0.14
MTR0001,2024-02-03 16:45:00,214.62,213.74,214.76,6.94,4.79,2.78,0.434,0.14
MTR0001,2024-02-03 17:00:00,217.95,215.61,216.2,5.93,4.34,3.25,0.433,0.187
MTR0001,2024-02-03 17:15:00,217.95,215.61,216.2,5.65,4.13,3.09,0.415,0.179
MTR0001,2024-02-03 17:30:00,217.95,215.61,216.2,5.65,4.13,3.09,0.415,0.179
MTR0001,2024-02-03 17:45:00,217.95,215.61,216.2,5.65,4.13,3.09,0.415,0.179
MTR0001,2024-02-03 18:00:00,211.79,213.12,213.57,3.42,4.64,4.31,0.316,0.202
MTR0001,2024-02-03 18:15:00,211.79,213.12,213.57,3.34,4.52,4.21,0.308,0.197
MTR0001,2024-02-03 18:30:00,211.79,213.12,213.57,3.34,4.52,4.21,0.308,0.197
MTR0001,2024-02-03 18:45:00,211.79,213.12,213.57,3.34,4.52,4.21,0.308,0.197
MTR0001,2024-02-03 19:00:00,224.84,227.58,226.58,4.78,3.35,2.22,0.334,0.113
MTR0001,2024-02-03 19:15:00,224.84,227.58,226.58,5.08,3.56,2.35,0.354,0.121
MTR0001,2024-02-03 19:30:00,224.84,227.58,226.58,5.08,3.56,2.35,0.354,0.121
MTR0001,2024-02-03 19:45:00,224.84,227.58,226.58,5.08,3.56,2.35,0.354,0.121
MTR0001,2024-02-03 20:00:00,230.26,230.76,228.5,4.22,3.62,3.14,0.338,0.153
MTR0001,2024-02-03 20:15:00,230.26,230.76,228.5,3.78,3.25,2.82,0.303,0.138
MTR0001,2024-02-03 20:30:00,230.26,230.76,228.5,3.78,3.25,2.82,0.303,0.138
MTR0001,2024-02-03 20:45:00,230.26,230.76,228.5,3.78,3.25,2.82,0.303,0.138
MTR0001,2024-02-03 21:00:00,224.04,223.24,225.41,3.88,3.04,1.78,0.255,0.133
MTR0001,2024-02-03 21:15:00,224.04,223.24,225.41,3.41,2.72,1.59,0.228,0.118
MTR0001,2024-02-03 21:30:00,224.04,223.24,225.41,3.41,2.72,1.59,0.228,0.118
MTR0001,2024-02-03 21:45:00,224.04,223.24,225.41,3.41,2.72,1.59,0.228,0.118
MTR0001,2024-02-03 22:00:00,231.95,230.12,231.0,2.42,1.5,3.67,0.246,0.096
MTR0001,2024-02-03 22:15:00,231.95,230.12,231.0,3.08,1.86,4.67,0.308,0.122
MTR0001,2024-02-03 22:30:00,231.95,230.12,231.0,3.08,1.86,4.67,0.308,0.122
MTR0001,2024-02-03 22:45:00,231.95,230.12,231.0,3.08,1.86,4.67,0.308,0.122
MTR0001,2024-02-03 23:00:00,223.42,224.87,223.72,2.74,1.83,3.84,0.236,0.094
MTR0001,2024-02-03 23:15:00,223.42,224.87,223.72,2.54,1.68,3.57,0.217,0.087
MTR0001,2024-02-03 23:30:00,223.42,224.87,223.72,2.54,1.68,3.57,0.217,0.087
MTR0001,2024-02-03 23:45:00,223.42,224.87,223.72,2.54,1.68,3.57,0.217,0.087
MTR0001,2024-02-04 00:00:00,229.6,230.45,227.57,1.62,1.69,1.24,0.15,0.05
MTR0001,2024-02-04 00:15:00,229.6,230.45,227.57,1.41,1.52,1.08,0.133,0.045
MTR0001,2024-02-04 00:30:00,229.6,230.45,227.57,1.41,1.52,1.08,0.133,0.045
MTR0001,2024-02-04 00:45:00,229.6,230.45,227.57,1.41,1.52,1.08,0.133,0.045
MTR0001,2024-02-04 01:00:00,221.0,222.49,223.31,1.06,0.81,1.85,0.098,0.054
MTR0001,2024-02-04 01:15:00,221.0,222.49,223.31,1.36,0.98,2.3,0.124,0.068
MTR0001,2024-02-04 01:30:00,221.0,222.49,223.31,1.36,0.98,2.3,0.124,0.068
MTR0001,2024-02-04 01:45:00,221.0,222.49,223.31,1.36,0.98,2.3,0.124,0.068
MTR0001,2024-02-04 02:00:00,229.24,227.77,225.74,1.4,1.6,1.69,0.159,0.051
MTR0001,2024-02-04 02:15:00,229.24,227.77,225.74,1.13,1.24,1.36,0.129,0.041
MTR0001,2024-02-04 02:30:00,229.24,227.77,225.74,1.13,1.24,1.36,0.129,0.041
MTR0001,2024-02-04 02:45:00,229.24,227.77,225.74,1.13,1.24,1.36,0.129,0.041
MTR0001,2024-02-04 03:00:00,214.22,216.17,212.54,0.73,1.72,1.27,0.093,0.053
MTR0001,2024-02-04 03:15:00,214.22,216.17,212.54,0.85,2.07,1.51,0.112,0.064
MTR0001,2024-02-04 03:30:00,214.22,216.17,212.54,0.85,2.07,1.51,0.112,0.064
MTR0001,2024-02-04 03:45:00,214.22,216.17,212.54,0.85,2.07,1.51,0.112,0.064
MTR0001,2024-02-04 04:00:00,230.19,230.62,230.53,1.98,1.32,0.93,0.146,0.067
MTR0001,2024-02-04 04:15:00,230.19,230.62,230.53,1.73,1.14,0.81,0.13,0.058
MTR0001,2024-02-04 04:30:00,230.19,230.62,230.53,1.73,1.14,0.81,0.13,0.058
MTR0001,2024-02-04 04:45:00,230.19,230.62,230.53,1.73,1.14,0.81,0.13,0.058
MTR0001,2024-02-04 05:00:00,213.78,214.54,214.56,1.22,0.76,1.54,0.071,0.054
MTR0001,2024-02-04 05:15:00,213.78,214.54,214.56,1.2,0.75,1.51,0.07,0.054
MTR0001,2024-02-04 05:30:00,213.78,214.54,214.56,1.2,0.75,1.51,0.07,0.054
MTR0001,2024-02-04 05:45:00,213.78,214.54,214.56,1.2,0.75,1.51,0.07,0.054
MTR0001,2024-02-04 06:00:00,218.31,217.71,223.15,2.55,1.62,3.71,0.254,0.098
MTR0001,2024-02-04 06:15:00,218.31,217.71,223.15,2.88,1.81,4.19,0.283,0.111
MTR0001,2024-02-04 06:30:00,218.31,217.71,223.15,2.88,1.81,4.19,0.283,0.111
MTR0001,2024-02-04 06:45:00,218.31,217.71,223.15,2.88,1.81,4.19,0.283,0.111
MTR0001,2024-02-04 07:00:00,225.0,225.4,222.78,3.17,2.02,4.12,0.278,0.133
MTR0001,2024-02-04 07:15:00,225.0,225.4,222.78,2.59,1.64,3.31,0.226,0.107
MTR0001,2024-02-04 07:30:00,225.0,225.4,222.78,2.59,1.64,3.31,0.226,0.107
MTR0001,2024-02-04 07:45:00,225.0,225.4,222.78,2.59,1.64,3.31,0.226,0.107
MTR0001,2024-02-04 08:00:00,230.84,230.86,230.63,2.74,1.53,4.05,0.226,0.121
MTR0001,2024-02-04 08:15:00,230.84,230.86,230.63,2.69,1.5,3.98,0.221,0.119
MTR0001,2024-02-04 08:30:00,230.84,230.86,230.63,2.69,1.5,3.98,0.221,0.119
MTR0001,2024-02-04 08:45:00,230.84,230.86,230.63,2.69,1.5,3.98,0.221,0.119
MTR0001,2024-02-04 09:00:00,228.45,224.63,223.85,3.97,2.51,1.71,0.235,0.124
MTR0001,2024-02-04 09:15:00,228.45,224.63,223.85,4.15,2.64,1.8,0.247,0.129
MTR0001,2024-02-04 09:30:00,228.45,224.63,223.85,4.15,2.64,1.8,0.247,0.129
MTR0001,2024-02-04 09:45:00,228.45,224.63,223.85,4.15,2.64,1.8,0.247,0.129
MTR0001,2024-02-04 10:00:00,211.19,211.99,209.82,2.29,3.33,3.02,0.215,0.122
MTR0001,2024-02-04 10:15:00,211.19,211.99,209.82,2.27,3.31,3.0,0.213,0.121
MTR0001,2024-02-04 10:30:00,211.19,211.99,209.82,2.27,3.31,3.0,0.213,0.121
MTR0001,2024-02-04 10:45:00,211.19,211.99,209.82,2.27,3.31,3.0,0.213,0.121
MTR0001,2024-02-04 11:00:00,218.88,219.21,218.92,3.89,3.33,2.58,0.279,0.164
MTR0001,2024-02-04 11:15:00,218.88,219.21,218.92,4.65,3.94,3.07,0.33,0.194
MTR0001,2024-02-04 11:30:00,218.88,219.21,218.92,4.65,3.94,3.07,0.33,0.194
MTR0001,2024-02-04 11:45:00,218.88,219.21,218.92,4.65,3.94,3.07,0.33,0.194
MTR0001,2024-02-04 12:00:00,213.25,214.52,217.65,3.55,2.51,4.81,0.301,0.165
MTR0001,2024-02-04 12:15:00,213.25,214.52,217.65,3.97,2.8,5.39,0.337,0.185
MTR0001,2024-02-04 12:30:00,213.25,214.52,217.65,3.97,2.8,5.39,0.337,0.185
MTR0001,2024-02-04 12:45:00,213.25,214.52,217.65,3.97,2.8,5.39,0.337,0.185
MTR0001,2024-02-04 13:00:00,222.96,223.1,220.2,3.78,2.11,5.95,0.352,0.17
MTR0001,2024-02-04 13:15:00,222.96,223.1,220.2,3.17,1.77,5.05,0.299,0.143
MTR0001,2024-02-04 13:30:00,222.96,223.1,220.2,3.17,1.77,5.05,0.299,0.143
MTR0001,2024-02-04 13:45:00,222.96,223.1,220.2,3.17,1.77,5.05,0.299,0.143
MTR0001,2024-02-04 14:00:00,220.92,220.7,223.71,2.12,4.35,3.66,0.307,0.146
MTR0001,2024-02-04 14:15:00,220.92,220.7,223.71,1.87,3.86,3.27,0.274,0.129
MTR0001,2024-02-04 14:30:00,220.92,220.7,223.71,1.87,3.86,3.27,0.274,0.129
MTR0001,2024-02-04 14:45:00,220.92,220.7,223.71,1.87,3.86,3.27,0.274,0.129
MTR0001,2024-02-04 15:00:00,226.31,233.11,230.15,2.11,3.67,3.07,0.241,0.134
MTR0001,2024-02-04 15:15:00,226.31,233.11,230.15,1.95,3.4,2.85,0.223,0.124
MTR0001,2024-02-04 15:30:00,226.31,233.11,230.15,1.95,3.4,2.85,0.223,0.124
MTR0001,2024-02-04 15:45:00,226.31,233.11,230.15,1.95,3.4,2.85,0.223,0.124
MTR0001,2024-02-04 16:00:00,232.01,234.81,230.86,2.18,2.89,2.53,0.272,0.124
MTR0001,2024-02-04 16:15:00,232.01,234.81,230.86,2.82,3.77,3.32,0.34,0.162
MTR0001,2024-02-04 16:30:00,232.01,234.81,230.86,2.82,3.77,3.32,0.34,0.162
MTR0001,2024-02-04 16:45:00,232.01,234.81,230.86,2.82,3.77,3.32,0.34,0.162
MTR0001,2024-02-04 17:00:00,229.08,227.99,227.36,3.1,2.14,4.19,0.292,0.156
MTR0001,2024-02-04 17:15:00,229.08,227.99,227.36,2.42,1.68,3.26,0.232,0.122
MTR0001,2024-02-04 17:30:00,229.08,227.99,227.36,2.42,1.68,3.26,0.232,0.122
MTR0001,2024-02-04 17:45:00,229.08,227.99,227.36,2.42,1.68,3.26,0.232,0.122
MTR0001,2024-02-04 18:00:00,218.55,218.14,217.86,2.26,2.08,2.35,0.185,0.099
MTR0001,2024-02-04 18:15:00,218.55,218.14,217.86,2.78,2.54,2.93,0.228,0.123
MTR0001,2024-02-04 18:30:00,218.55,218.14,217.86,2.78,2.54,2.93,0.228,0.123
MTR0001,2024-02-04 18:45:00,218.55,218.14,217.86,2.78,2.54,2.93,0.228,0.123
MTR0001,2024-02-04 19:00:00,216.73,218.43,215.3,3.85,2.56,1.36,0.172,0.127
MTR0001,2024-02-04 19:15:00,216.73,218.43,215.3,3.73,2.48,1.32,0.165,0.123
MTR0001,2024-02-04 19:30:00,216.73,218.43,215.3,3.73,2.48,1.32,0.165,0.123
MTR0001,2024-02-04 19:45:00,216.73,218.43,215.3,3.73,2.48,1.32,0.165,0.123
MTR0001,2024-02-04 20:00:00,229.13,228.76,227.43,1.78,2.75,2.14,0.207,0.117
MTR0001,2024-02-04 20:15:00,229.13,228.76,227.43,2.03,3.12,2.47,0.234,0.133
MTR0001,2024-02-04 20:30:00,229.13,228.76,227.43,2.03,3.12,2.47,0.234,0.133
MTR0001,2024-02-04 20:45:00,229.13,228.76,227.43,2.03,3.12,2.47,0.234,0.133
MTR0001,2024-02-04 21:00:00,212.33,211.4,213.58,1.22,3.28,2.24,0.185,0.075
MTR0001,2024-02-04 21:15:00,212.33,211.4,213.58,0.81,2.27,1.49,0.124,0.05
MTR0001,2024-02-04 21:30:00,212.33,211.4,213.58,0.81,2.27,1.49,0.124,0.05
MTR0001,2024-02-04 21:45:00,212.33,211.4,213.58,0.81,2.27,1.49,0.124,0.05
MTR0001,2024-02-04 22:00:00,210.48,211.93,214.16,2.23,1.58,1.01,0.11,0.05
MTR0001,2024-02-04 22:15:00,210.48,211.93,214.16,2.75,1.93,1.21,0.141,0.063
MTR0001,2024-02-04 22:30:00,210.48,211.93,214.16,2.75,1.93,1.21,0.141,0.063
MTR0001,2024-02-04 22:45:00,210.48,211.93,214.16,2.75,1.93,1.21,0.141,0.063
MTR0001,2024-02-04 23:00:00,225.83,227.62,228.33,2.24,1.84,1.51,0.149,0.078
MTR0001,2024-02-04 23:15:00,225.83,227.62,228.33,1.92,1.59,1.3,0.126,0.067
MTR0001,2024-02-04 23:30:00,225.83,227.62,228.33,1.92,1.59,1.3,0.126,0.067
MTR0001,2024-02-04 23:45:00,225.83,227.62,228.33,1.92,1.59,1.3,0.126,0.067
MTR0001,2024-02-05 00:00:00,207.82,211.63,212.73,2.47,2.74,2.85,0.239,0.086
MTR0001,2024-02-05 00:15:00,207.82,211.63,212.73,2.47,2.74,2.85,0.239,0.086
MTR0001,2024-02-05 00:30:00,207.82,211.63,212.73,2.47,2.74,2.85,0.239,0.086
MTR0001,2024-02-05 00:45:00,207.82,211.63,212.73,2.47,2.74,2.85,0.239,0.086
MTR0001,2024-02-05 01:00:00,224.37,225.86,225.49,3.12,2.66,2.41,0.227,0.111
MTR0001,2024-02-05 01:15:00,224.37,225.86,225.49,3.12,2.66,2.41,0.227,0.111
MTR0001,2024-02-05 01:30:00,224.37,225.86,225.49,3.12,2.66,2.41,0.227,0.111
MTR0001,2024-02-05 01:45:00,224.37,225.86,225.49,3.12,2.66,2.41,0.227,0.111
MTR0001,2024-02-05 02:00:00,223.14,222.25,220.68,3.8,2.79,1.46,0.191,0.136
MTR0001,2024-02-05 02:15:00,223.14,222.25,220.68,3.8,2.79,1.46,0.191,0.136
MTR0001,2024-02-05 02:30:00,223.14,222.25,220.68,3.8,2.79,1.46,0.191,0.136
MTR0001,2024-02-05 02:45:00,223.14,222.25,220.68,3.8,2.79,1.46,0.191,0.136
MTR0001,2024-02-05 03:00:00,225.19,228.95,227.08,2.13,2.06,3.37,0.239,0.098
MTR0001,2024-02-05 03:15:00,225.19,228.95,227.08,2.13,2.06,3.37,0.239,0.098
MTR0001,2024-02-05 03:30:00,225.19,228.95,227.08,2.13,2.06,3.37,0.239,0.098
MTR0001,2024-02-05 03:45:00,225.19,228.95,227.08,2.13,2.06,3.37,0.239,0.098
MTR0001,2024-02-05 04:00:00,228.14,229.11,230.52,2.58,2.08,2.97,0.232,0.098
MTR0001,2024-02-05 04:15:00,228.14,229.11,230.52,2.58,2.08,2.97,0.232,0.098
MTR0001,2024-02-05 04:30:00,228.14,229.11,230.52,2.58,2.08,2.97,0.232,0.098
MTR0001,2024-02-05 04:45:00,228.14,229.11,230.52,2.58,2.08,2.97,0.232,0.098
MTR0001,2024-02-05 05:00:00,224.44,222.84,225.02,2.52,2.5,2.54,0.195,0.113
MTR0001,2024-02-05 05:15:00,224.44,222.84,225.02,2.52,2.5,2.54,0.195,0.113
MTR0001,2024-02-05 05:30:00,224.44,222.84,225.02,2.52,2.5,2.54,0.195,0.113
MTR0001,2024-02-05 05:45:00,224.44,222.84,225.02,2.52,2.5,2.54,0.195,0.113
MTR0001,2024-02-05 06:00:00,226.34,227.68,226.65,5.03,3.64,7.25,0.438,0.257
MTR0001,2024-02-05 06:15:00,226.34,227.68,226.65,5.03,3.64,7.25,0.438,0.257
MTR0001,2024-02-05 06:30:00,226.34,227.68,226.65,5.03,3.64,7.25,0.438,0.257
MTR0001,2024-02-05 06:45:00,226.34,227.68,226.65,5.03,3.64,7.25,0.438,0.257
MTR0001,2024-02-05 07:00:00,230.73,232.04,233.49,5.68,3.12,8.76,0.522,0.25
MTR0001,2024-02-05 07:15:00,230.73,232.04,233.49,5.68,3.12,8.76,0.522,0.25
MTR0001,2024-02-05 07:30:00,230.73,232.04,233.49,5.68,3.12,8.76,0.522,0.25
MTR0001,2024-02-05 07:45:00,230.73,232.04,233.49,5.68,3.12,8.76,0.522,0.25
MTR0001,2024-02-05 08:00:00,210.0,213.02,211.63,6.09,4.3,7.47,0.467,0.269
MTR0001,2024-02-05 08:15:00,210.0,213.02,211.63,6.09,4.3,7.47,0.467,0.269
MTR0001,2024-02-05 08:30:00,210.0,213.02,211.63,6.09,4.3,7.47,0.467,0.269
MTR0001,2024-02-05 08:45:00,210.0,213.02,211.63,6.09,4.3,7.47,0.467,0.269
MTR0001,2024-02-05 09:00:00,217.11,219.57,218.66,6.29,6.59,6.75,0.538,0.276
MTR0001,2024-02-05 09:15:00,217.11,219.57,218.66,6.29,6.59,6.75,0.538,0.276
MTR0001,2024-02-05 09:30:00,217.11,219.57,218.66,6.29,6.59,6.75,0.538,0.276
MTR0001,2024-02-05 09:45:00,217.11,219.57,218.66,6.29,6.59,6.75,0.538,0.276
MTR0001,2024-02-05 10:00:00,229.01,231.0,226.34,5.43,7.86,7.05,0.611,0.313
MTR0001,2024-02-05 10:15:00,229.01,231.0,226.34,5.43,7.86,7.05,0.611,0.313
MTR0001,2024-02-05 10:30:00,229.01,231.0,226.34,5.43,7.86,7.05,0.611,0.313
MTR0001,2024-02-05 10:45:00,229.01,231.0,226.34,5.43,7.86,7.05,0.611,0.313
MTR0001,2024-02-05 11:00:00,213.88,210.52,212.32,6.76,4.46,9.48,0.597,0.232
MTR0001,2024-02-05 11:15:00,213.88,210.52,212.32,6.76,4.46,9.48,0.597,0.232
MTR0001,2024-02-05 11:30:00,213.88,210.52,212.32,6.76,4.46,9.48,0.597,0.232
MTR0001,2024-02-05 11:45:00,213.88,210.52,212.32,6.76,4.46,9.48,0.597,0.232
MTR0001,2024-02-05 12:00:00,225.25,224.76,225.05,6.84,5.08,8.88,0.577,0.336
MTR0001,2024-02-05 12:15:00,225.25,224.76,225.05,6.84,5.08,8.88,0.577,0.336
MTR0001,2024-02-05 12:30:00,225.25,224.76,225.05,6.84,5.08,8.88,0.577,0.336
MTR0001,2024-02-05 12:45:00,225.25,224.76,225.05,6.84,5.08,8.88,0.577,0.336
MTR0001,2024-02-05 13:00:00,222.61,222.43,221.49,4.52,8.51,7.06,0.614,0.281
MTR0001,2024-02-05 13:15:00,222.61,222.43,221.49,4.52,8.51,7.06,0.614,0.281
MTR0001,2024-02-05 13:30:00,222.61,222.43,221.49,4.52,8.51,7.06,0.614,0.281
MTR0001,2024-02-05 13:45:00,222.61,222.43,221.49,4.52,8.51,7.06,0.614,0.281
MTR0001,2024-02-05 14:00:00,216.18,219.83,216.83,6.9,6.52,6.15,0.489,0.297
MTR0001,2024-02-05 14:15:00,216.18,219.83,216.83,6.9,6.52,6.15,0.489,0.297
MTR0001,2024-02-05 14:30:00,216.18,219.83,216.83,6.9,6.52,6.15,0.489,0.297
MTR0001,2024-02-05 14:45:00,216.18,219.83,216.83,6.9,6.52,6.15,0.489,0.297
MTR0001,2024-02-05 15:00:00,227.55,227.01,226.33,8.61,6.51,4.26,0.598,0.29
MTR0001,2024-02-05 15:15:00,227.55,227.01,226.33,8.61,6.51,4.26,0.598,0.29
MTR0001,2024-02-05 15:30:00,227.55,227.01,226.33,8.61,6.51,4.26,0.598,0.29
MTR0001,2024-02-05 15:45:00,227.55,227.01,226.33,8.61,6.51,4.26,0.598,0.29
MTR0001,2024-02-05 16:00:00,216.29,218.04,216.83,4.05,8.24,6.27,0.485,0.273
MTR0001,2024-02-05 16:15:00,216.29,218.04,216.83,4.05,8.24,6.27,0.485,0.273
MTR0001,2024-02-05 16:30:00,216.29,218.04,216.83,4.05,8.24,6.27,0.485,0.273
MTR0001,2024-02-05 16:45:00,216.29,218.04,216.83,4.05,8.24,6.27,0.485,0.273
MTR0001,2024-02-05 17:00:00,224.06,226.74,228.09,6.99,5.48,4.31,0.494,0.276
MTR0001,2024-02-05 17:15:00,224.06,226.74,228.09,6.99,5.48,4.31,0.494,0.276
MTR0001,2024-02-05 17:30:00,224.06,226.74,228.09,6.99,5.48,4.31,0.494,0.276
MTR0001,2024-02-05 17:45:00,224.06,226.74,228.09,6.99,5.48,4.31,0.494,0.276
MTR0001,2024-02-05 18:00:00,211.49,211.47,212.27,5.05,2.61,8.1,0.444,0.188
MTR0001,2024-02-05 18:15:00,211.49,211.47,212.27,5.05,2.61,8.1,0.444,0.188
MTR0001,2024-02-05 18:30:00,211.49,211.47,212.27,5.05,2.61,8.1,0.444,0.188
MTR0001,2024-02-05 18:45:00,211.49,211.47,212.27,5.05,2.61,8.1,0.444,0.188
MTR0001,2024-02-05 19:00:00,214.77,215.67,214.05,3.22,6.08,5.0,0.412,0.168
MTR0001,2024-02-05 19:15:00,214.77,215.67,214.05,3.22,6.08,5.0,0.412,0.168
MTR0001,2024-02-05 19:30:00,214.77,215.67,214.05,3.22,6.08,5.0,0.412,0.168
MTR0001,2024-02-05 19:45:00,214.77,215.67,214.05,3.22,6.08,5.0,0.412,0.168
MTR0001,2024-02-05 20:00:00,222.49,223.1,220.69,4.48,4.32,4.88,0.348,0.236
MTR0001,2024-02-05 20:15:00,222.49,223.1,220.69,4.48,4.32,4.88,0.348,0.236
MTR0001,2024-02-05 20:30:00,222.49,223.1,220.69,4.48,4.32,4.88,0.348,0.236
MTR0001,2024-02-05 20:45:00,222.49,223.1,220.69,4.48,4.32,4.88,0.348,0.236
MTR0001,2024-02-05 21:00:00,215.43,217.25,218.81,5.85,4.06,2.48,0.327,0.156
MTR0001,2024-02-05 21:15:00,215.43,217.25,218.81,5.85,4.06,2.48,0.327,0.156
MTR0001,2024-02-05 21:30:00,215.43,217.25,218.81,5.85,4.06,2.48,0.327,0.156
MTR0001,2024-02-05 21:45:00,215.43,217.25,218.81,5.85,4.06,2.48,0.327,0.156
MTR0001,2024-02-05 22:00:00,223.72,224.09,223.44,3.73,4.49,4.04,0.351,0.175
MTR0001,2024-02-05 22:15:00,223.72,224.09,223.44,3.73,4.49,4.04,0.351,0.175
MTR0001,2024-02-05 22:30:00,223.72,224.09,223.44,3.73,4.49,4.04,0.351,0.175
MTR0001,2024-02-05 22:45:00,223.72,224.09,223.44,3.73,4.49,4.04,0.351,0.175
MTR0001,2024-02-05 23:00:00,222.02,228.1,228.41,3.98,3.97,3.59,0.348,0.167
MTR0001,2024-02-05 23:15:00,222.02,228.1,228.41,3.98,3.97,3.59,0.348,0.167
MTR0001,2024-02-05 23:30:00,222.02,228.1,228.41,3.98,3.97,3.59,0.348,0.167
MTR0001,2024-02-05 23:45:00,222.02,228.1,228.41,3.98,3.97,3.59,0.348,0.167
MTR0001,2024-02-06 00:00:00,228.18,227.92,228.39,2.55,1.78,3.65,0.22,0.13
MTR0001,2024-02-06 00:15:00,228.18,227.92,228.39,2.55,1.78,3.65,0.22,0.13
MTR0001,2024-02-06 00:30:00,228.18,227.92,228.39,2.55,1.78,3.65,0.22,0.13
MTR0001,2024-02-06 00:45:00,228.18,227.92,228.39,2.55,1.78,3.65,0.22,0.13
MTR0001,2024-02-06 01:00:00,210.97,212.48,212.16,3.38,2.84,2.26,0.2,0.131
MTR0001,2024-02-06 01:15:00,210.97,212.48,212.16,3.38,2.84,2.26,0.2,0.131
MTR0001,2024-02-06 01:30:00,210.97,212.48,212.16,3.38,2.84,2.26,0.2,0.131
MTR0001,2024-02-06 01:45:00,210.97,212.48,212.16,3.38,2.84,2.26,0.2,0.131
MTR0001,2024-02-06 02:00:00,223.78,226.12,223.39,2.94,2.16,3.16,0.185,0.14
MTR0001,2024-02-06 02:15:00,223.78,226.12,223.39,2.94,2.16,3.16,0.185,0.14
MTR0001,2024-02-06 02:30:00,223.78,226.12,223.39,2.94,2.16,3.16,0.185,0.14
MTR0001,2024-02-06 02:45:00,223.78,226.12,223.39,2.94,2.16,3.16,0.185,0.14
MTR0001,2024-02-06 03:00:00,214.34,215.28,215.84,3.23,2.62,1.89,0.215,0.088
MTR0001,2024-02-06 03:15:00,214.34,215.28,215.84,3.23,2.62,1.89,0.215,0.088
MTR0001,2024-02-06 03:30:00,214.34,215.28,215.84,3.23,2.62,1.89,0.215,0.088
MTR0001,2024-02-06 03:45:00,214.34,215.28,215.84,3.23,2.62,1.89,0.215,0.088
MTR0001,2024-02-06 04:00:00,229.64,230.88,231.42,2.68,1.6,3.91,0.287,0.114
MTR0001,2024-02-06 04:15:00,229.64,230.88,231.42,2.68,1.6,3.91,0.287,0.114
MTR0001,2024-02-06 04:30:00,229.64,230.88,231.42,2.68,1.6,3.91,0.287,0.114
MTR0001,2024-02-06 04:45:00,229.64,230.88,231.42,2.68,1.6,3.91,0.287,0.114
MTR0001,2024-02-06 05:00:00,225.73,227.7,228.68,2.45,2.42,3.16,0.249,0.122
MTR0001,2024-02-06 05:15:00,225.73,227.7,228.68,2.45,2.42,3.16,0.249,0.122
MTR0001,2024-02-06 05:30:00,225.73,227.7,228.68,2.45,2.42,3.16,0.249,0.122
MTR0001,2024-02-06 05:45:00,225.73,227.7,228.68,2.45,2.42,3.16,0.249,0.122
MTR0001,2024-02-06 06:00:00,228.15,223.79,226.8,2.86,7.32,5.36,0.479,0.174
MTR0001,2024-02-06 06:15:00,228.15,223.79,226.8,2.86,7.32,5.36,0.479,0.174
MTR0001,2024-02-06 06:30:00,228.15,223.79,226.8,2.86,7.32,5.36,0.479,0.174
MTR0001,2024-02-06 06:45:00,228.15,223.79,226.8,2.86,7.32,5.36,0.479,0.174
MTR0001,2024-02-06 07:00:00,226.13,226.66,227.83,5.33,5.01,6.39,0.526,0.228
MTR0001,2024-02-06 07:15:00,226.13,226.66,227.83,5.33,5.01,6.39,0.526,0.228
MTR0001,2024-02-06 07:30:00,226.13,226.66,227.83,5.33,5.01,6.39,0.526,0.228
MTR0001,2024-02-06 07:45:00,226.13,226.66,227.83,5.33,5.01,6.39,0.526,0.228
MTR0001,2024-02-06 08:00:00,216.99,214.88,213.92,7.34,5.72,4.94,0.53,0.181
MTR0001,2024-02-06 08:15:00,216.99,214.88,213.92,7.34,5.72,4.94,0.53,0.181
MTR0001,2024-02-06 08:30:00,216.99,214.88,213.92,7.34,5.72,4.94,0.53,0.181
MTR0001,2024-02-06 08:45:00,216.99,214.88,213.92,7.34,5.72,4.94,0.53,0.181
MTR0001,2024-02-06 09:00:00,216.67,217.12,213.11,6.37,5.95,6.81,0.478,0.297
MTR0001,2024-02-06 09:15:00,216.67,217.12,213.11,6.37,5.95,6.81,0.478,0.297
MTR0001,2024-02-06 09:30:00,216.67,217.12,213.11,6.37,5.95,6.81,0.478,0.297
MTR0001,2024-02-06 09:45:00,216.67,217.12,213.11,6.37,5.95,6.81,0.478,0.297
MTR0001,2024-02-06 10:00:00,230.57,231.48,233.84,7.39,6.51,6.24,0.586,0.318
MTR0001,2024-02-06 10:15:00,230.57,231.48,233.84,7.39,6.51,6.24,0.586,0.318
MTR0001,2024-02-06 10:30:00,230.57,231.48,233.84,7.39,6.51,6.24,0.586,0.318
MTR0001,2024-02-06 10:45:00,230.57,231.48,233.84,7.39,6.51,6.24,0.586,0.318
MTR0001,2024-02-06 11:00:00,222.51,222.77,224.67,6.74,5.44,8.73,0.61,0.238
MTR0001,2024-02-06 11:15:00,222.51,222.77,224.67,6.74,5.44,8.73,0.61,0.238
MTR0001,2024-02-06 11:30:00,222.51,222.77,224.67,6.74,5.44,8.73,0.61,0.238
MTR0001,2024-02-06 11:45:00,222.51,222.77,224.67,6.74,5.44,8.73,0.61,0.238
MTR0001,2024-02-06 12:00:00,224.22,227.1,226.07,3.64,9.47,7.04,0.621,0.252
MTR0001,2024-02-06 12:15:00,224.22,227.1,226.07,3.64,9.47,7.04,0.621,0.252
MTR0001,2024-02-06 12:30:00,224.22,227.1,226.07,3.64,9.47,7.04,0.621,0.252
MTR0001,2024-02-06 12:45:00,224.22,227.1,226.07,3.64,9.47,7.04,0.621,0.252
MTR0001,2024-02-06 13:00:00,225.63,226.99,225.65,6.76,4.27,9.21,0.61,0.304
MTR0001,2024-02-06 13:15:00,225.63,226.99,225.65,6.76,4.27,9.21,0.61,0.304
MTR0001,2024-02-06 13:30:00,225.63,226.99,225.65,6.76,4.27,9.21,0.61,0.304
MTR0001,2024-02-06 13:45:00,225.63,226.99,225.65,6.76,4.27,9.21,0.61,0.304
MTR0001,2024-02-06 14:00:00,232.38,231.06,233.49,6.73,6.69,6.42,0.598,0.272
MTR0001,2024-02-06 14:15:00,232.38,231.06,233.49,6.73,6.69,6.42,0.598,0.272
MTR0001,2024-02-06 14:30:00,232.38,231.06,233.49,6.73,6.69,6.42,0.598,0.272
MTR0001,2024-02-06 14:45:00,232.38,231.06,233.49,6.73,6.69,6.42,0.598,0.272
MTR0001,2024-02-06 15:00:00,211.73,214.2,210.28,3.57,8.84,6.47,0.497,0.302
MTR0001,2024-02-06 15:15:00,211.73,214.2,210.28,3.57,8.84,6.47,0.497,0.302
MTR0001,2024-02-06 15:30:00,211.73,214.2,210.28,3.57,8.84,6.47,0.497,0.302
MTR0001,2024-02-06 15:45:00,211.73,214.2,210.28,3.57,8.84,6.47,0.497,0.302
MTR0001,2024-02-06 16:00:00,228.92,230.48,229.51,5.9,5.01,7.18,0.5,0.305
MTR0001,2024-02-06 16:15:00,228.92,230.48,229.51,5.9,5.01,7.18,0.5,0.305
MTR0001,2024-02-06 16:30:00,228.92,230.48,229.51,5.9,5.01,7.18,0.5,0.305
MTR0001,2024-02-06 16:45:00,228.92,230.48,229.51,5.9,5.01,7.18,0.5,0.305
MTR0001,2024-02-06 17:00:00,222.07,219.74,220.78,5.95,5.58,6.05,0.499,0.289
MTR0001,2024-02-06 17:15:00,222.07,219.74,220.78,5.95,5.58,6.05,0.499,0.289
MTR0001,2024-02-06 17:30:00,222.07,219.74,220.78,5.95,5.58,6.05,0.499,0.289
MTR0001,2024-02-06 17:45:00,222.07,219.74,220.78,5.95,5.58,6.05,0.499,0.289
MTR0001,2024-02-06 18:00:00,229.26,229.17,232.11,3.05,7.2,5.37,0.446,0.255
MTR0001,2024-02-06 18:15:00,229.26,229.17,232.11,3.05,7.2,5.37,0.446,0.255
MTR0001,2024-02-06 18:30:00,229.26,229.17,232.11,3.05,7.2,5.37,0.446,0.255
MTR0001,2024-02-06 18:45:00,229.26,229.17,232.11,3.05,7.2,5.37,0.446,0.255
MTR0001,2024-02-06 19:00:00,210.56,213.57,214.48,4.84,3.43,6.55,0.411,0.141
MTR0001,2024-02-06 19:15:00,210.56,213.57,214.48,4.84,3.43,6.55,0.411,0.141
MTR0001,2024-02-06 19:30:00,210.56,213.57,214.48,4.84,3.43,6.55,0.411,0.141
MTR0001,2024-02-06 19:45:00,210.56,213.57,214.48,4.84,3.43,6.55,0.411,0.141
MTR0001,2024-02-06 20:00:00,231.43,232.85,232.1,4.33,3.26,5.85,0.425,0.166
MTR0001,2024-02-06 20:15:00,231.43,232.85,232.1,4.33,3.26,5.85,0.425,0.166
MTR0001,2024-02-06 20:30:00,231.43,232.85,232.1,4.33,3.26,5.85,0.425,0.166
MTR0001,2024-02-06 20:45:00,231.43,232.85,232.1,4.33,3.26,5.85,0.425,0.166
MTR0001,2024-02-06 21:00:00,223.92,226.9,224.95,3.95,4.13,4.27,0.335,0.189
MTR0001,2024-02-06 21:15:00,223.92,226.9,224.95,3.95,4.13,4.27,0.335,0.189
MTR0001,2024-02-06 21:30:00,223.92,226.9,224.95,3.95,4.13,4.27,0.335,0.189
MTR0001,2024-02-06 21:45:00,223.92,226.9,224.95,3.95,4.13,4.27,0.335,0.189
MTR0001,2024-02-06 22:00:00,229.94,230.12,229.83,4.37,4.04,3.56,0.345,0.146
MTR0001,2024-02-06 22:15:00,229.94,230.12,229.83,4.37,4.04,3.56,0.345,0.146
MTR0001,2024-02-06 22:30:00,229.94,230.12,229.83,4.37,4.04,3.56,0.345,0.146
MTR0001,2024-02-06 22:45:00,229.94,230.12,229.83,4.37,4.04,3.56,0.345,0.146
MTR0001,2024-02-06 23:00:00,215.09,216.42,217.78,3.76,3.13,4.51,0.328,0.11
MTR0001,2024-02-06 23:15:00,215.09,216.42,217.78,3.76,3.13,4.51,0.328,0.11
MTR0001,2024-02-06 23:30:00,215.09,216.42,217.78,3.76,3.13,4.51,0.328,0.11
MTR0001,2024-02-06 23:45:00,215.09,216.42,217.78,3.76,3.13,4.51,0.328,0.11
MTR0001,2024-02-07 00:00:00,220.26,221.66,220.87,1.82,3.4,2.86,0.238,0.117
MTR0001,2024-02-07 00:15:00,220.26,221.66,220.87,1.82,3.4,2.86,0.238,0.117
MTR0001,2024-02-07 00:30:00,220.26,221.66,220.87,1.82,3.4,2.86,0.238,0.117
MTR0001,2024-02-07 00:45:00,220.26,221.66,220.87,1.82,3.4,2.86,0.238,0.117
MTR0001,2024-02-07 01:00:00,225.15,225.88,226.19,2.62,1.77,3.48,0.254,0.102
MTR0001,2024-02-07 01:15:00,225.15,225.88,226.19,2.62,1.77,3.48,0.254,0.102
MTR0001,2024-02-07 01:30:00,225.15,225.88,226.19,2.62,1.77,3.48,0.254,0.102
MTR0001,2024-02-07 01:45:00,225.15,225.88,226.19,2.62,1.77,3.48,0.254,0.102
MTR0001,2024-02-07 02:00:00,212.81,212.01,210.94,3.43,2.51,1.45,0.218,0.083
MTR0001,2024-02-07 02:15:00,212.81,212.01,210.94,3.43,2.51,1.45,0.218,0.083
MTR0001,2024-02-07 02:30:00,212.81,212.01,210.94,3.43,2.51,1.45,0.218,0.083
MTR0001,2024-02-07 02:45:00,212.81,212.01,210.94,3.43,2.51,1.45,0.218,0.083
MTR0001,2024-02-07 03:00:00,222.12,225.06,223.8,2.3,3.09,2.67,0.252,0.097
MTR0001,2024-02-07 03:15:00,222.12,225.06,223.8,2.3,3.09,2.67,0.252,0.097
MTR0001,2024-02-07 03:30:00,222.12,225.06,223.8,2.3,3.09,2.67,0.252,0.097
MTR0001,2024-02-07 03:45:00,222.12,225.06,223.8,2.3,3.09,2.67,0.252,0.097
MTR0001,2024-02-07 04:00:00,225.0,228.28,224.37,3.71,2.72,1.7,0.179,0.129
MTR0001,2024-02-07 04:15:00,225.0,228.28,224.37,3.71,2.72,1.7,0.179,0.129
MTR0001,2024-02-07 04:30:00,225.0,228.28,224.37,3.71,2.72,1.7,0.179,0.129
MTR0001,2024-02-07 04:45:00,225.0,228.28,224.37,3.71,2.72,1.7,0.179,0.129
MTR0001,2024-02-07 05:00:00,225.37,226.52,226.55,2.64,1.23,3.87,0.231,0.125
MTR0001,2024-02-07 05:15:00,225.37,226.52,226.55,2.64,1.23,3.87,0.231,0.125
MTR0001,2024-02-07 05:30:00,225.37,226.52,226.55,2.64,1.23,3.87,0.231,0.125
MTR0001,2024-02-07 05:45:00,225.37,226.52,226.55,2.64,1.23,3.87,0.231,0.125
MTR0001,2024-02-07 06:00:00,210.25,213.55,212.72,5.06,2.92,7.78,0.43,0.216
MTR0001,2024-02-07 06:15:00,210.25,213.55,212.72,5.06,2.92,7.78,0.43,0.216
MTR0001,2024-02-07 06:30:00,210.25,213.55,212.72,5.06,2.92,7.78,0.43,0.216
MTR0001,2024-02-07 06:45:00,210.25,213.55,212.72,5.06,2.92,7.78,0.43,0.216
MTR0001,2024-02-07 07:00:00,211.98,211.86,215.42,7.49,5.43,3.88,0.478,0.201
MTR0001,2024-02-07 07:15:00,211.98,211.86,215.42,7.49,5.43,3.88,0.478,0.201
MTR0001,2024-02-07 07:30:00,211.98,211.86,215.42,7.49,5.43,3.88,0.478,0.201
MTR0001,2024-02-07 07:45:00,211.98,211.86,215.42,7.49,5.43,3.88,0.478,0.201
MTR0001,2024-02-07 08:00:00,230.45,233.24,232.97,3.51,8.51,6.2,0.542,0.225
MTR0001,2024-02-07 08:15:00,230.45,233.24,232.97,3.51,8.51,6.2,0.542,0.225
MTR0001,2024-02-07 08:30:00,230.45,233.24,232.97,3.51,8.51,6.2,0.542,0.225
MTR0001,2024-02-07 08:45:00,230.45,233.24,232.97,3.51,8.51,6.2,0.542,0.225
MTR0001,2024-02-07 09:00:00,225.52,226.6,228.3,8.12,6.63,4.44,0.543,0.294
MTR0001,2024-02-07 09:15:00,225.52,226.6,228.3,8.12,6.63,4.44,0.543,0.294
MTR0001,2024-02-07 09:30:00,225.52,226.6,228.3,8.12,6.63,4.44,0.543,0.294
MTR0001,2024-02-07 09:45:00,225.52,226.6,228.3,8.12,6.63,4.44,0.543,0.294
MTR0001,2024-02-07 10:00:00,216.71,216.58,219.23,4.55,8.7,6.94,0.6,0.245
MTR0001,2024-02-07 10:15:00,216.71,216.58,219.23,4.55,8.7,6.94,0.6,0.245
MTR0001,2024-02-07 10:30:00,216.71,216.58,219.23,4.55,8.7,6.94,0.6,0.245
MTR0001,2024-02-07 10:45:00,216.71,216.58,219.23,4.55,8.7,6.94,0.6,0.245
MTR0001,2024-02-07 11:00:00,213.36,212.11,211.72,7.64,6.72,6.3,0.578,0.293
MTR0001,2024-02-07 11:15:00,213.36,212.11,211.72,7.64,6.72,6.3,0.578,0.293
MTR0001,2024-02-07 11:30:00,213.36,212.11,211.72,7.64,6.72,6.3,0.578,0.293
MTR0001,2024-02-07 11:45:00,213.36,212.11,211.72,7.64,6.72,6.3,0.578,0.293
MTR0001,2024-02-07 12:00:00,216.09,216.38,215.38,8.23,6.81,5.61,0.585,0.245
MTR0001,2024-02-07 12:15:00,216.09,216.38,215.38,8.23,6.81,5.61,0.585,0.245
MTR0001,2024-02-07 12:30:00,216.09,216.38,215.38,8.23,6.81,5.61,0.585,0.245
MTR0001,2024-02-07 12:45:00,216.09,216.38,215.38,8.23,6.81,5.61,0.585,0.245
MTR0001,2024-02-07 13:00:00,230.28,231.6,228.92,6.02,7.57,6.96,0.596,0.332
MTR0001,2024-02-07 13:15:00,230.28,231.6,228.92,6.02,7.57,6.96,0.596,0.332
MTR0001,2024-02-07 13:30:00,230.28,231.6,228.92,6.02,7.57,6.96,0.596,0.332
MTR0001,2024-02-07 13:45:00,230.28,231.6,228.92,6.02,7.57,6.96,0.596,0.332
MTR0001,2024-02-07 14:00:00,213.54,216.29,213.55,6.08,6.72,7.08,0.541,0.31
MTR0001,2024-02-07 14:15:00,213.54,216.29,213.55,6.08,6.72,7.08,0.541,0.31
MTR0001,2024-02-07 14:30:00,213.54,216.29,213.55,6.08,6.72,7.08,0.541,0.31
MTR0001,2024-02-07 14:45:00,213.54,216.29,213.55,6.08,6.72,7.08,0.541,0.31
MTR0001,2024-02-07 15:00:00,210.88,212.44,214.04,7.39,6.34,5.23,0.47,0.301
MTR0001,2024-02-07 15:15:00,210.88,212.44,214.04,7.39,6.34,5.23,0.47,0.301
MTR0001,2024-02-07 15:30:00,210.88,212.44,214.04,7.39,6.34,5.23,0.47,0.301
MTR0001,2024-02-07 15:45:00,210.88,212.44,214.04,7.39,6.34,5.23,0.47,0.301
MTR0001,2024-02-07 16:00:00,210.92,214.04,213.98,6.78,6.27,5.61,0.501,0.181
MTR0001,2024-02-07 16:15:00,210.92,214.04,213.98,6.78,6.27,5.61,0.501,0.181
MTR0001,2024-02-07 16:30:00,210.92,214.04,213.98,6.78,6.27,5.61,0.501,0.181
MTR0001,2024-02-07 16:45:00,210.92,214.04,213.98,6.78,6.27,5.61,0.501,0.181
MTR0001,2024-02-07 17:00:00,228.78,227.76,226.33,5.6,4.42,6.97,0.503,0.251
MTR0001,2024-02-07 17:15:00,228.78,227.76,226.33,5.6,4.42,6.97,0.503,0.251
MTR0001,2024-02-07 17:30:00,228.78,227.76,226.33,5.6,4.42,6.97,0.503,0.251
MTR0001,2024-02-07 17:45:00,228.78,227.76,226.33,5.6,4.42,6.97,0.503,0.251
MTR0001,2024-02-07 18:00:00,222.16,227.06,222.93,4.32,6.01,5.55,0.453,0.188
MTR0001,2024-02-07 18:15:00,222.16,227.06,222.93,4.32,6.01,5.55,0.453,0.188
MTR0001,2024-02-07 18:30:00,222.16,227.06,222.93,4.32,6.01,5.55,0.453,0.188
MTR0001,2024-02-07 18:45:00,222.16,227.06,222.93,4.32,6.01,5.55,0.453,0.188
MTR0001,2024-02-07 19:00:00,227.23,226.01,223.72,4.55,5.19,5.03,0.418,0.237
MTR0001,2024-02-07 19:15:00,227.23,226.01,223.72,4.55,5.19,5.03,0.418,0.237
MTR0001,2024-02-07 19:30:00,227.23,226.01,223.72,4.55,5.19,5.03,0.418,0.237
MTR0001,2024-02-07 19:45:00,227.23,226.01,223.72,4.55,5.19,5.03,0.418,0.237
MTR0001,2024-02-07 20:00:00,228.13,227.46,227.76,4.35,3.57,5.83,0.409,0.235
MTR0001,2024-02-07 20:15:00,228.13,227.46,227.76,4.35,3.57,5.83,0.409,0.235
MTR0001,2024-02-07 20:30:00,228.13,227.46,227.76,4.35,3.57,5.83,0.409,0.235
MTR0001,2024-02-07 20:45:00,228.13,227.46,227.76,4.35,3.57,5.83,0.409,0.235
MTR0001,2024-02-07 21:00:00,229.85,230.49,230.92,4.45,3.48,4.85,0.405,0.155
MTR0001,2024-02-07 21:15:00,229.85,230.49,230.92,4.45,3.48,4.85,0.405,0.155
MTR0001,2024-02-07 21:30:00,229.85,230.49,230.92,4.45,3.48,4.85,0.405,0.155
MTR0001,2024-02-07 21:45:00,229.85,230.49,230.92,4.45,3.48,4.85,0.405,0.155
MTR0001,2024-02-07 22:00:00,225.3,229.25,227.61,3.9,3.04,4.94,0.336,0.123
MTR0001,2024-02-07 22:15:00,225.3,229.25,227.61,3.9,3.04,4.94,0.336,0.123
MTR0001,2024-02-07 22:30:00,225.3,229.25,227.61,3.9,3.04,4.94,0.336,0.123
MTR0001,2024-02-07 22:45:00,225.3,229.25,227.61,3.9,3.04,4.94,0.336,0.123
MTR0001,2024-02-07 23:00:00,212.84,216.49,214.62,5.14,3.86,2.31,0.339,0.141
MTR0001,2024-02-07 23:15:00,212.84,216.49,214.62,5.14,3.86,2.31,0.339,0.141
MTR0001,2024-02-07 23:30:00,212.84,216.49,214.62,5.14,3.86,2.31,0.339,0.141
MTR0001,2024-02-07 23:45:00,212.84,216.49,214.62,5.14,3.86,2.31,0.339,0.141
MTR0001,2024-02-08 00:00:00,222.58,225.66,221.57,3.29,2.38,1.82,0.205,0.109
MTR0001,2024-02-08 00:15:00,222.58,225.66,221.57,3.29,2.38,1.82,0.205,0.109
MTR0001,2024-02-08 00:30:00,222.58,225.66,221.57,3.29,2.38,1.82,0.205,0.109
MTR0001,2024-02-08 00:45:00,222.58,225.66,221.57,3.29,2.38,1.82,0.205,0.109
MTR0001,2024-02-08 01:00:00,215.61,215.74,213.37,1.38,3.76,2.52,0.191,0.129
MTR0001,2024-02-08 01:15:00,215.61,215.74,213.37,1.38,3.76,2.52,0.191,0.129
MTR0001,2024-02-08 01:30:00,215.61,215.74,213.37,1.38,3.76,2.52,0.191,0.129
MTR0001,2024-02-08 01:45:00,215.61,215.74,213.37,1.38,3.76,2.52,0.191,0.129
MTR0001,2024-02-08 02:00:00,222.51,219.88,222.8,2.69,2.61,2.79,0.26,0.115
MTR0001,2024-02-08 02:15:00,222.51,219.88,222.8,2.69,2.61,2.79,0.26,0.115
MTR0001,2024-02-08 02:30:00,222.51,219.88,222.8,2.69,2.61,2.79,0.26,0.115
MTR0001,2024-02-08 02:45:00,222.51,219.88,222.8,2.69,2.61,2.79,0.26,0.115
MTR0001,2024-02-08 03:00:00,231.87,231.52,234.81,2.71,2.3,3.28,0.258,0.119
MTR0001,2024-02-08 03:15:00,231.87,231.52,234.81,2.71,2.3,3.28,0.258,0.119
MTR0001,2024-02-08 03:30:00,231.87,231.52,234.81,2.71,2.3,3.28,0.258,0.119
MTR0001,2024-02-08 03:45:00,231.87,231.52,234.81,2.71,2.3,3.28,0.258,0.119
MTR0001,2024-02-08 04:00:00,224.28,224.17,224.31,2.81,2.43,2.83,0.254,0.111
MTR0001,2024-02-08 04:15:00,224.28,224.17,224.31,2.81,2.43,2.83,0.254,0.111
MTR0001,2024-02-08 04:30:00,224.28,224.17,224.31,2.81,2.43,2.83,0.254,0.111
MTR0001,2024-02-08 04:45:00,224.28,224.17,224.31,2.81,2.43,2.83,0.254,0.111
MTR0001,2024-02-08 05:00:00,215.22,212.04,212.0,2.63,2.48,2.56,0.209,0.117
MTR0001,2024-02-08 05:15:00,215.22,212.04,212.0,2.63,2.48,2.56,0.209,0.117
MTR0001,2024-02-08 05:30:00,215.22,212.04,212.0,2.63,2.48,2.56,0.209,0.117
MTR0001,2024-02-08 05:45:00,215.22,212.04,212.0,2.63,2.48,2.56,0.209,0.117
MTR0001,2024-02-08 06:00:00,214.42,214.54,214.96,4.91,5.42,5.65,0.41,0.221
MTR0001,2024-02-08 06:15:00,214.42,214.54,214.96,4.91,5.42,5.65,0.41,0.221
MTR0001,2024-02-08 06:30:00,214.42,214.54,214.96,4.91,5.42,5.65,0.41,0.221
MTR0001,2024-02-08 06:45:00,214.42,214.54,214.96,4.91,5.42,5.65,0.41,0.221
MTR0001,2024-02-08 07:00:00,227.66,223.95,224.73,8.23,5.71,3.39,0.532,0.196
MTR0001,2024-02-08 07:15:00,227.66,223.95,224.73,8.23,5.71,3.39,0.532,0.196
MTR0001,2024-02-08 07:30:00,227.66,223.95,224.73,8.23,5.71,3.39,0.532,0.196
MTR0001,2024-02-08 07:45:00,227.66,223.95,224.73,8.23,5.71,3.39,0.532,0.196
MTR0001,2024-02-08 08:00:00,223.89,224.79,225.68,3.88,8.29,6.16,0.57,0.226
MTR0001,2024-02-08 08:15:00,223.89,224.79,225.68,3.88,8.29,6.16,0.57,0.226
MTR0001,2024-02-08 08:30:00,223.89,224.79,225.68,3.88,8.29,6.16,0.57,0.226
MTR0001,2024-02-08 08:45:00,223.89,224.79,225.68,3.88,8.29,6.16,0.57,0.226
MTR0001,2024-02-08 09:00:00,208.91,211.36,211.91,3.3,9.34,6.61,0.468,0.306
MTR0001,2024-02-08 09:15:00,208.91,211.36,211.91,3.3,9.34,6.61,0.468,0.306
MTR0001,2024-02-08 09:30:00,208.91,211.36,211.91,3.3,9.34,6.61,0.468,0.306
MTR0001,2024-02-08 09:45:00,208.91,211.36,211.91,3.3,9.34,6.61,0.468,0.306
MTR0001,2024-02-08 10:00:00,229.97,230.84,232.18,9.94,6.44,3.36,0.592,0.321
MTR0001,2024-02-08 10:15:00,229.97,230.84,232.18,9.94,6.44,3.36,0.592,0.321
MTR0001,2024-02-08 10:30:00,229.97,230.84,232.18,9.94,6.44,3.36,0.592,0.321
MTR0001,2024-02-08 10:45:00,229.97,230.84,232.18,9.94,6.44,3.36,0.592,0.321
MTR0001,2024-02-08 11:00:00,228.25,225.31,229.21,6.76,6.56,6.91,0.603,0.274
MTR0001,2024-02-08 11:15:00,228.25,225.31,229.21,6.76,6.56,6.91,0.603,0.274
MTR0001,2024-02-08 11:30:00,228.25,225.31,229.21,6.76,6.56,6.91,0.603,0.274
MTR0001,2024-02-08 11:45:00,228.25,225.31,229.21,6.76,6.56,6.91,0.603,0.274
MTR0001,2024-02-08 12:00:00,213.45,216.98,215.3,6.71,4.8,9.11,0.573,0.223
MTR0001,2024-02-08 12:15:00,213.45,216.98,215.3,6.71,4.8,9.11,0.573,0.223
MTR0001,2024-02-08 12:30:00,213.45,216.98,215.3,6.71,4.8,9.11,0.573,0.223
MTR0001,2024-02-08 12:45:00,213.45,216.98,215.3,6.71,4.8,9.11,0.573,0.223
MTR0001,2024-02-08 13:00:00,223.29,226.53,224.63,6.71,4.13,9.9,0.601,0.341
MTR0001,2024-02-08 13:15:00,223.29,226.53,224.63,6.71,4.13,9.9,0.601,0.341
MTR0001,2024-02-08 13:30:00,223.29,226.53,224.63,6.71,4.13,9.9,0.601,0.341
MTR0001,2024-02-08 13:45:00,223.29,226.53,224.63,6.71,4.13,9.9,0.601,0.341
MTR0001,2024-02-08 14:00:00,219.82,220.3,221.94,6.53,3.7,10.0,0.594,0.293
MTR0001,2024-02-08 14:15:00,219.82,220.3,221.94,6.53,3.7,10.0,0.594,0.293
MTR0001,2024-02-08 14:30:00,219.82,220.3,221.94,6.53,3.7,10.0,0.594,0.293
MTR0001,2024-02-08 14:45:00,219.82,220.3,221.94,6.53,3.7,10.0,0.594,0.293
MTR0001,2024-02-08 15:00:00,211.44,214.25,213.96,3.48,8.93,6.73,0.556,0.23
MTR0001,2024-02-08 15:15:00,211.44,214.25,213.96,3.48,8.93,6.73,0.556,0.23
MTR0001,2024-02-08 15:30:00,211.44,214.25,213.96,3.48,8.93,6.73,0.556,0.23
MTR0001,2024-02-08 15:45:00,211.44,214.25,213.96,3.48,8.93,6.73,0.556,0.23
MTR0001,2024-02-08 16:00:00,226.91,229.63,227.94,7.56,5.99,4.65,0.545,0.229
MTR0001,2024-02-08 16:15:00,226.91,229.63,227.94,7.56,5.99,4.65,0.545,0.229
MTR0001,2024-02-08 16:30:00,226.91,229.63,227.94,7.56,5.99,4.65,0.545,0.229
MTR0001,2024-02-08 16:45:00,226.91,229.63,227.94,7.56,5.99,4.65,0.545,0.229
MTR0001,2024-02-08 17:00:00,228.58,230.39,231.03,5.51,2.98,8.57,0.546,0.178
MTR0001,2024-02-08 17:15:00,228.58,230.39,231.03,5.51,2.98,8.57,0.546,0.178
MTR0001,2024-02-08 17:30:00,228.58,230.39,231.03,5.51,2.98,8.57,0.546,0.178
MTR0001,2024-02-08 17:45:00,228.58,230.39,231.03,5.51,2.98,8.57,0.546,0.178
MTR0001,2024-02-08 18:00:00,222.56,222.54,222.94,5.03,4.31,6.36,0.47,0.201
MTR0001,2024-02-08 18:15:00,222.56,222.54,222.94,5.03,4.31,6.36,0.47,0.201
MTR0001,2024-02-08 18:30:00,222.56,222.54,222.94,5.03,4.31,6.36,0.47,0.201
MTR0001,2024-02-08 18:45:00,222.56,222.54,222.94,5.03,4.31,6.36,0.47,0.201
MTR0001,2024-02-08 19:00:00,215.87,220.28,215.88,6.2,4.91,3.79,0.443,0.18
MTR0001,2024-02-08 19:15:00,215.87,220.28,215.88,6.2,4.91,3.79,0.443,0.18
MTR0001,2024-02-08 19:30:00,215.87,220.28,215.88,6.2,4.91,3.79,0.443,0.18
MTR0001,2024-02-08 19:45:00,215.87,220.28,215.88,6.2,4.91,3.79,0.443,0.18
MTR0001,2024-02-08 20:00:00,212.74,218.66,217.82,5.49,4.54,3.72,0.407,0.209
MTR0001,2024-02-08 20:15:00,212.74,218.66,217.82,5.49,4.54,3.72,0.407,0.209
MTR0001,2024-02-08 20:30:00,212.74,218.66,217.82,5.49,4.54,3.72,0.407,0.209
MTR0001,2024-02-08 20:45:00,212.74,218.66,217.82,5.49,4.54,3.72,0.407,0.209
MTR0001,2024-02-08 21:00:00,209.98,213.69,213.31,2.89,4.99,4.5,0.33,0.179
MTR0001,2024-02-08 21:15:00,209.98,213.69,213.31,2.89,4.99,4.5,0.33,0.179
MTR0001,2024-02-08 21:30:00,209.98,213.69,213.31,2.89,4.99,4.5,0.33,0.179
MTR0001,2024-02-08 21:45:00,209.98,213.69,213.31,2.89,4.99,4.5,0.33,0.179
MTR0001,2024-02-08 22:00:00,225.28,226.06,228.65,5.41,4.11,2.95,0.371,0.136
MTR0001,2024-02-08 22:15:00,225.28,226.06,228.65,5.41,4.11,2.95,0.371,0.136
MTR0001,2024-02-08 22:30:00,225.28,226.06,228.65,5.41,4.11,2.95,0.371,0.136
MTR0001,2024-02-08 22:45:00,225.28,226.06,228.65,5.41,4.11,2.95,0.371,0.136
MTR0001,2024-02-08 23:00:00,207.35,210.84,211.03,2.82,4.2,3.63,0.266,0.165
MTR0001,2024-02-08 23:15:00,207.35,210.84,211.03,2.82,4.2,3.63,0.266,0.165
MTR0001,2024-02-08 23:30:00,207.35,210.84,211.03,2.82,4.2,3.63,0.266,0.165
MTR0001,2024-02-08 23:45:00,207.35,210.84,211.03,2.82,4.2,3.63,0.266,0.165
MTR0001,2024-02-09 00:00:00,221.99,224.2,220.65,3.37,2.61,2.18,0.256,0.091
MTR0001,2024-02-09 00:15:00,221.99,224.2,220.65,3.37,2.61,2.18,0.256,0.091
MTR0001,2024-02-09 00:30:00,221.99,224.2,220.65,3.37,2.61,2.18,0.256,0.091
MTR0001,2024-02-09 00:45:00,221.99,224.2,220.65,3.37,2.61,2.18,0.256,0.091
MTR0001,2024-02-09 01:00:00,216.28,215.78,216.02,1.77,3.93,2.74,0.225,0.091
MTR0001,2024-02-09 01:15:00,216.28,215.78,216.02,1.77,3.93,2.74,0.225,0.091
MTR0001,2024-02-09 01:30:00,216.28,215.78,216.02,1.77,3.93,2.74,0.225,0.091
MTR0001,2024-02-09 01:45:00,216.28,215.78,216.02,1.77,3.93,2.74,0.225,0.091
MTR0001,2024-02-09 02:00:00,228.04,229.01,230.07,2.6,2.86,2.87,0.234,0.135
MTR0001,2024-02-09 02:15:00,228.04,229.01,230.07,2.6,2.86,2.87,0.234,0.135
MTR0001,2024-02-09 02:30:00,228.04,229.01,230.07,2.6,2.86,2.87,0.234,0.135
MTR0001,2024-02-09 02:45:00,228.04,229.01,230.07,2.6,2.86,2.87,0.234,0.135
MTR0001,2024-02-09 03:00:00,226.9,227.32,226.05,2.53,2.06,3.49,0.227,0.128
MTR0001,2024-02-09 03:15:00,226.9,227.32,226.05,2.53,2.06,3.49,0.227,0.128
MTR0001,2024-02-09 03:30:00,226.9,227.32,226.05,2.53,2.06,3.49,0.227,0.128
MTR0001,2024-02-09 03:45:00,226.9,227.32,226.05,2.53,2.06,3.49,0.227,0.128
MTR0001,2024-02-09 04:00:00,212.09,211.88,214.26,2.5,1.46,4.01,0.195,0.09
MTR0001,2024-02-09 04:15:00,212.09,211.88,214.26,2.5,1.46,4.01,0.195,0.09
MTR0001,2024-02-09 04:30:00,212.09,211.88,214.26,2.5,1.46,4.01,0.195,0.09
MTR0001,2024-02-09 04:45:00,212.09,211.88,214.26,2.5,1.46,4.01,0.195,0.09
MTR0001,2024-02-09 05:00:00,210.43,215.07,212.09,2.68,2.9,2.59,0.247,0.086
MTR0001,2024-02-09 05:15:00,210.43,215.07,212.09,2.68,2.9,2.59,0.247,0.086
MTR0001,2024-02-09 05:30:00,210.43,215.07,212.09,2.68,2.9,2.59,0.247,0.086
MTR0001,2024-02-09 05:45:00,210.43,215.07,212.09,2.68,2.9,2.59,0.247,0.086
MTR0001,2024-02-09 06:00:00,227.52,229.84,230.95,5.32,3.44,7.28,0.477,0.267
MTR0001,2024-02-09 06:15:00,227.52,229.84,230.95,5.32,3.44,7.28,0.477,0.267
MTR0001,2024-02-09 06:30:00,227.52,229.84,230.95,5.32,3.44,7.28,0.477,0.267
MTR0001,2024-02-09 06:45:00,227.52,229.84,230.95,5.32,3.44,7.28,0.477,0.267
MTR0001,2024-02-09 07:00:00,224.95,221.78,225.65,5.61,4.27,7.03,0.504,0.193
MTR0001,2024-02-09 07:15:00,224.95,221.78,225.65,5.61,4.27,7.03,0.504,0.193
MTR0001,2024-02-09 07:30:00,224.95,221.78,225.65,5.61,4.27,7.03,0.504,0.193
MTR0001,2024-02-09 07:45:00,224.95,221.78,225.65,5.61,4.27,7.03,0.504,0.193
MTR0001,2024-02-09 08:00:00,220.04,219.88,218.1,6.27,4.51,7.79,0.509,0.292
MTR0001,2024-02-09 08:15:00,220.04,219.88,218.1,6.27,4.51,7.79,0.509,0.292
MTR0001,2024-02-09 08:30:00,220.04,219.88,218.1,6.27,4.51,7.79,0.509,0.292
MTR0001,2024-02-09 08:45:00,220.04,219.88,218.1,6.27,4.51,7.79,0.509,0.292
MTR0001,2024-02-09 09:00:00,223.7,220.78,220.83,3.57,9.08,6.52,0.524,0.279
MTR0001,2024-02-09 09:15:00,223.7,220.78,220.83,3.57,9.08,6.52,0.524,0.279
MTR0001,2024-02-09 09:30:00,223.7,220.78,220.83,3.57,9.08,6.52,0.524,0.279
MTR0001,2024-02-09 09:45:00,223.7,220.78,220.83,3.57,9.08,6.52,0.524,0.279
MTR0001,2024-02-09 10:00:00,214.45,214.2,214.18,6.47,6.77,7.13,0.576,0.249
MTR0001,2024-02-09 10:15:00,214.45,214.2,214.18,6.47,6.77,7.13,0.576,0.249
MTR0001,2024-02-09 10:30:00,214.45,214.2,214.18,6.47,6.77,7.13,0.576,0.249
MTR0001,2024-02-09 10:45:00,214.45,214.2,214.18,6.47,6.77,7.13,0.576,0.249
MTR0001,2024-02-09 11:00:00,214.45,214.78,215.14,4.12,8.87,6.97,0.568,0.203
MTR0001,2024-02-09 11:15:00,214.45,214.78,215.14,4.12,8.87,6.97,0.568,0.203
MTR0001,2024-02-09 11:30:00,214.45,214.78,215.14,4.12,8.87,6.97,0.568,0.203
MTR0001,2024-02-09 11:45:00,214.45,214.78,215.14,4.12,8.87,6.97,0.568,0.203
MTR0001,2024-02-09 12:00:00,224.73,223.71,228.58,7.59,6.69,6.2,0.597,0.308
MTR0001,2024-02-09 12:15:00,224.73,223.71,228.58,7.59,6.69,6.2,0.597,0.308
MTR0001,2024-02-09 12:30:00,224.73,223.71,228.58,7.59,6.69,6.2,0.597,0.308
MTR0001,2024-02-09 12:45:00,224.73,223.71,228.58,7.59,6.69,6.2,0.597,0.308
MTR0001,2024-02-09 13:00:00,228.72,229.4,229.49,6.61,6.49,7.19,0.552,0.317
MTR0001,2024-02-09 13:15:00,228.72,229.4,229.49,6.61,6.49,7.19,0.552,0.317
MTR0001,2024-02-09 13:30:00,228.72,229.4,229.49,6.61,6.49,7.19,0.552,0.317
MTR0001,2024-02-09 13:45:00,228.72,229.4,229.49,6.61,6.49,7.19,0.552,0.317
MTR0001,2024-02-09 14:00:00,222.4,226.91,226.58,9.05,6.39,5.03,0.636,0.223
MTR0001,2024-02-09 14:15:00,222.4,226.91,226.58,9.05,6.39,5.03,0.636,0.223
MTR0001,2024-02-09 14:30:00,222.4,226.91,226.58,9.05,6.39,5.03,0.636,0.223
MTR0001,2024-02-09 14:45:00,222.4,226.91,226.58,9.05,6.39,5.03,0.636,0.223
MTR0001,2024-02-09 15:00:00,227.12,224.74,227.23,9.52,6.39,3.36,0.526,0.328
MTR0001,2024-02-09 15:15:00,227.12,224.74,227.23,9.52,6.39,3.36,0.526,0.328
MTR0001,2024-02-09 15:30:00,227.12,224.74,227.23,9.52,6.39,3.36,0.526,0.328
MTR0001,2024-02-09 15:45:00,227.12,224.74,227.23,9.52,6.39,3.36,0.526,0.328
MTR0001,2024-02-09 16:00:00,210.01,211.66,209.06,6.12,3.99,7.94,0.53,0.192
MTR0001,2024-02-09 16:15:00,210.01,211.66,209.06,6.12,3.99,7.94,0.53,0.192
MTR0001,2024-02-09 16:30:00,210.01,211.66,209.06,6.12,3.99,7.94,0.53,0.192
MTR0001,2024-02-09 16:45:00,210.01,211.66,209.06,6.12,3.99,7.94,0.53,0.192
MTR0001,2024-02-09 17:00:00,211.7,206.01,210.1,2.92,8.14,5.89,0.495,0.189
MTR0001,2024-02-09 17:15:00,211.7,206.01,210.1,2.92,8.14,5.89,0.495,0.189
MTR0001,2024-02-09 17:30:00,211.7,206.01,210.1,2.92,8.14,5.89,0.495,0.189
MTR0001,2024-02-09 17:45:00,211.7,206.01,210.1,2.92,8.14,5.89,0.495,0.189
MTR0001,2024-02-09 18:00:00,217.61,218.08,221.49,5.06,4.13,6.88,0.45,0.24
MTR0001,2024-02-09 18:15:00,217.61,218.08,221.49,5.06,4.13,6.88,0.45,0.24
MTR0001,2024-02-09 18:30:00,217.61,218.08,221.49,5.06,4.13,6.88,0.45,0.24
MTR0001,2024-02-09 18:45:00,217.61,218.08,221.49,5.06,4.13,6.88,0.45,0.24
MTR0001,2024-02-09 19:00:00,229.89,232.2,232.86,5.67,4.96,3.94,0.461,0.173
MTR0001,2024-02-09 19:15:00,229.89,232.2,232.86,5.67,4.96,3.94,0.461,0.173
MTR0001,2024-02-09 19:30:00,229.89,232.2,232.86,5.67,4.96,3.94,0.461,0.173
MTR0001,2024-02-09 19:45:00,229.89,232.2,232.86,5.67,4.96,3.94,0.461,0.173
MTR0001,2024-02-09 20:00:00,219.32,217.63,219.82,4.56,3.1,6.29,0.424,0.153
MTR0001,2024-02-09 20:15:00,219.32,217.63,219.82,4.56,3.1,6.29,0.424,0.153
MTR0001,2024-02-09 20:30:00,219.32,217.63,219.82,4.56,3.1,6.29,0.424,0.153
MTR0001,2024-02-09 20:45:00,219.32,217.63,219.82,4.56,3.1,6.29,0.424,0.153
MTR0001,2024-02-09 21:00:00,231.67,232.53,231.44,4.53,4.09,4.22,0.353,0.19
MTR0001,2024-02-09 21:15:00,231.67,232.53,231.44,4.53,4.09,4.22,0.353,0.19
MTR0001,2024-02-09 21:30:00,231.67,232.53,231.44,4.53,4.09,4.22,0.353,0.19
MTR0001,2024-02-09 21:45:00,231.67,232.53,231.44,4.53,4.09,4.22,0.353,0.19
MTR0001,2024-02-09 22:00:00,219.96,221.79,220.94,5.66,3.94,2.05,0.31,0.19
MTR0001,2024-02-09 22:15:00,219.96,221.79,220.94,5.66,3.94,2.05,0.31,0.19
MTR0001,2024-02-09 22:30:00,219.96,221.79,220.94,5.66,3.94,2.05,0.31,0.19
MTR0001,2024-02-09 22:45:00,219.96,221.79,220.94,5.66,3.94,2.05,0.31,0.19
MTR0001,2024-02-09 23:00:00,221.44,220.5,224.52,2.98,4.5,3.67,0.325,0.161
MTR0001,2024-02-09 23:15:00,221.44,220.5,224.52,2.98,4.5,3.67,0.325,0.161
MTR0001,2024-02-09 23:30:00,221.44,220.5,224.52,2.98,4.5,3.67,0.325,0.161
MTR0001,2024-02-09 23:45:00,221.44,220.5,224.52,2.98,4.5,3.67,0.325,0.161
MTR0001,2024-02-10 00:00:00,217.13,220.33,218.07,1.24,2.19,1.81,0.167,0.075
MTR0001,2024-02-10 00:15:00,217.13,220.33,218.07,1.4,2.44,2.02,0.183,0.085
MTR0001,2024-02-10 00:30:00,217.13,220.33,218.07,1.4,2.44,2.02,0.183,0.085
MTR0001,2024-02-10 00:45:00,217.13,220.33,218.07,1.4,2.44,2.02,0.183,0.085
MTR0001,2024-02-10 01:00:00,227.13,224.25,225.91,2.05,1.98,1.95,0.186,0.059
MTR0001,2024-02-10 01:15:00,227.13,224.25,225.91,1.94,1.87,1.84,0.176,0.055
MTR0001,2024-02-10 01:30:00,227.13,224.25,225.91,1.94,1.87,1.84,0.176,0.055
MTR0001,2024-02-10 01:45:00,227.13,224.25,225.91,1.94,1.87,1.84,0.176,0.055
MTR0001,2024-02-10 02:00:00,216.2,220.27,217.47,1.96,1.28,2.16,0.129,0.077
MTR0001,2024-02-10 02:15:00,216.2,220.27,217.47,2.27,1.52,2.55,0.155,0.091
MTR0001,2024-02-10 02:30:00,216.2,220.27,217.47,2.27,1.52,2.55,0.155,0.091
MTR0001,2024-02-10 02:45:00,216.2,220.27,217.47,2.27,1.52,2.55,0.155,0.091
MTR0001,2024-02-10 03:00:00,227.62,228.36,228.45,1.84,2.65,2.09,0.224,0.089
MTR0001,2024-02-10 03:15:00,227.62,228.36,228.45,1.62,2.31,1.8,0.198,0.077
MTR0001,2024-02-10 03:30:00,227.62,228.36,228.45,1.62,2.31,1.8,0.198,0.077
MTR0001,2024-02-10 03:45:00,227.62,228.36,228.45,1.62,2.31,1.8,0.198,0.077
MTR0001,2024-02-10 04:00:00,226.65,228.79,227.58,2.26,1.72,1.86,0.181,0.073
MTR0001,2024-02-10 04:15:00,226.65,228.79,227.58,2.18,1.65,1.79,0.174,0.07
MTR0001,2024-02-10 04:30:00,226.65,228.79,227.58,2.18,1.65,1.79,0.174,0.07
MTR0001,2024-02-10 04:45:00,226.65,228.79,227.58,2.18,1.65,1.79,0.174,0.07
MTR0001,2024-02-10 05:00:00,210.81,213.27,213.03,1.94,0.72,2.68,0.131,0.065
MTR0001,2024-02-10 05:15:00,210.81,213.27,213.03,2.14,0.82,3.0,0.148,0.072
MTR0001,2024-02-10 05:30:00,210.81,213.27,213.03,2.14,0.82,3.0,0.148,0.072
MTR0001,2024-02-10 05:45:00,210.81,213.27,213.03,2.14,0.82,3.0,0.148,0.072
MTR0001,2024-02-10 06:00:00,223.94,228.07,227.39,5.67,3.74,2.33,0.399,0.176
MTR0001,2024-02-10 06:15:00,223.94,228.07,227.39,5.2,3.42,2.15,0.37,0.162
MTR0001,2024-02-10 06:30:00,223.94,228.07,227.39,5.2,3.42,2.15,0.37,0.162
MTR0001,2024-02-10 06:45:00,223.94,228.07,227.39,5.2,3.42,2.15,0.37,0.162
MTR0001,2024-02-10 07:00:00,231.08,232.34,232.67,4.33,3.57,3.37,0.318,0.175
MTR0001,2024-02-10 07:15:00,231.08,232.34,232.67,4.13,3.4,3.21,0.303,0.167
MTR0001,2024-02-10 07:30:00,231.08,232.34,232.67,4.13,3.4,3.21,0.303,0.167
MTR0001,2024-02-10 07:45:00,231.08,232.34,232.67,4.13,3.4,3.21,0.303,0.167
MTR0001,2024-02-10 08:00:00,222.45,224.27,224.85,5.53,3.95,2.17,0.335,0.154
MTR0001,2024-02-10 08:15:00,222.45,224.27,224.85,6.28,4.47,2.49,0.382,0.176
MTR0001,2024-02-10 08:30:00,222.45,224.27,224.85,6.28,4.47,2.49,0.382,0.176
MTR0001,2024-02-10 08:45:00,222.45,224.27,224.85,6.28,4.47,2.49,0.382,0.176
MTR0001,2024-02-10 09:00:00,223.78,224.17,227.75,4.56,3.65,5.74,0.407,0.203
MTR0001,2024-02-10 09:15:00,223.78,224.17,227.75,4.31,3.46,5.43,0.386,0.192
MTR0001,2024-02-10 09:30:00,223.78,224.17,227.75,4.31,3.46,5.43,0.386,0.192
MTR0001,2024-02-10 09:45:00,223.78,224.17,227.75,4.31,3.46,5.43,0.386,0.192
MTR0001,2024-02-10 10:00:00,211.17,213.67,213.14,4.54,4.28,4.54,0.394,0.154
MTR0001,2024-02-10 10:15:00,211.17,213.67,213.14,5.14,4.86,5.18,0.446,0.175
MTR0001,2024-02-10 10:30:00,211.17,213.67,213.14,5.14,4.86,5.18,0.446,0.175
MTR0001,2024-02-10 10:45:00,211.17,213.67,213.14,5.14,4.86,5.18,0.446,0.175
MTR0001,2024-02-10 11:00:00,231.26,232.19,231.73,5.79,4.84,4.7,0.433,0.219
MTR0001,2024-02-10 11:15:00,231.26,232.19,231.73,5.35,4.46,4.35,0.398,0.202
MTR0001,2024-02-10 11:30:00,231.26,232.19,231.73,5.35,4.46,4.35,0.398,0.202
MTR0001,2024-02-10 11:45:00,231.26,232.19,231.73,5.35,4.46,4.35,0.398,0.202
MTR0001,2024-02-10 12:00:00,212.94,212.32,212.1,4.83,5.24,5.22,0.45,0.221
MTR0001,2024-02-10 12:15:00,212.94,212.32,212.1,5.31,5.8,5.76,0.493,0.244
MTR0001,2024-02-10 12:30:00,212.94,212.32,212.1,5.31,5.8,5.76,0.493,0.244
MTR0001,2024-02-10 12:45:00,212.94,212.32,212.1,5.31,5.8,5.76,0.493,0.244
MTR0001,2024-02-10 13:00:00,217.54,219.96,218.64,5.44,3.94,7.18,0.539,0.192
MTR0001,2024-02-10 13:15:00,217.54,219.96,218.64,5.26,3.81,6.94,0.523,0.185
MTR0001,2024-02-10 13:30:00,217.54,219.96,218.64,5.26,3.81,6.94,0.523,0.185
MTR0001,2024-02-10 13:45:00,217.54,219.96,218.64,5.26,3.81,6.94,0.523,0.185
MTR0001,2024-02-10 14:00:00,224.97,222.23,224.04,6.81,5.42,3.49,0.489,0.169
MTR0001,2024-02-10 14:15:00,224.97,222.23,224.04,6.13,4.91,3.12,0.442,0.152
MTR0001,2024-02-10 14:30:00,224.97,222.23,224.04,6.13,4.91,3.12,0.442,0.152
MTR0001,2024-02-10 14:45:00,224.97,222.23,224.04,6.13,4.91,3.12,0.442,0.152
MTR0001,2024-02-10 15:00:00,221.92,221.97,223.77,6.46,4.56,2.4,0.375,0.178
MTR0001,2024-02-10 15:15:00,221.92,221.97,223.77,6.93,4.87,2.58,0.403,0.191
MTR0001,2024-02-10 15:30:00,221.92,221.97,223.77,6.93,4.87,2.58,0.403,0.191
MTR0001,2024-02-10 15:45:00,221.92,221.97,223.77,6.93,4.87,2.58,0.403,0.191
MTR0001,2024-02-10 16:00:00,229.48,230.95,230.12,4.3,4.94,4.41,0.422,0.19
MTR0001,2024-02-10 16:15:00,229.48,230.95,230.12,3.78,4.39,3.85,0.372,0.168
MTR0001,2024-02-10 16:30:00,229.48,230.95,230.12,3.78,4.39,3.85,0.372,0.168
MTR0001,2024-02-10 16:45:00,229.48,230.95,230.12,3.78,4.39,3.85,0.372,0.168
MTR0001,2024-02-10 17:00:00,230.71,231.06,230.07,3.33,3.91,3.51,0.29,0.164
MTR0001,2024-02-10 17:15:00,230.71,231.06,230.07,3.2,3.77,3.37,0.278,0.158
MTR0001,2024-02-10 17:30:00,230.71,231.06,230.07,3.2,3.77,3.37,0.278,0.158
MTR0001,2024-02-10 17:45:00,230.71,231.06,230.07,3.2,3.77,3.37,0.278,0.158
MTR0001,2024-02-10 18:00:00,219.81,220.35,222.6,2.24,4.39,3.51,0.296,0.153
MTR0001,2024-02-10 18:15:00,219.81,220.35,222.6,2.82,5.5,4.4,0.368,0.192
MTR0001,2024-02-10 18:30:00,219.81,220.35,222.6,2.82,5.5,4.4,0.368,0.192
MTR0001,2024-02-10 18:45:00,219.81,220.35,222.6,2.82,5.5,4.4,0.368,0.192
MTR0001,2024-02-10 19:00:00,229.58,228.38,228.37,1.84,5.76,3.87,0.365,0.19
MTR0001,2024-02-10 19:15:00,229.58,228.38,228.37,1.47,4.75,3.15,0.306,0.154
MTR0001,2024-02-10 19:30:00,229.58,228.38,228.37,1.47,4.75,3.15,0.306,0.154
MTR0001,2024-02-10 19:45:00,229.58,228.38,228.37,1.47,4.75,3.15,0.306,0.154
MTR0001,2024-02-10 20:00:00,224.72,227.34,227.04,4.03,2.76,1.92,0.242,0.109
MTR0001,2024-02-10 20:15:00,224.72,227.34,227.04,3.96,2.71,1.88,0.237,0.107
MTR0001,2024-02-10 20:30:00,224.72,227.34,227.04,3.96,2.71,1.88,0.237,0.107
MTR0001,2024-02-10 20:45:00,224.72,227.34,227.04,3.96,2.71,1.88,0.237,0.107
MTR0001,2024-02-10 21:00:00,212.31,212.36,212.27,3.18,2.72,2.08,0.192,0.126
MTR0001,2024-02-10 21:15:00,212.31,212.36,212.27,3.62,3.07,2.35,0.22,0.143
MTR0001,2024-02-10 21:30:00,212.31,212.36,212.27,3.62,3.07,2.35,0.22,0.143
MTR0001,2024-02-10 21:45:00,212.31,212.36,212.27,3.62,3.07,2.35,0.22,0.143
MTR0001,2024-02-10 22:00:00,222.8,224.54,221.06,1.47,4.28,3.16,0.232,0.095
MTR0001,2024-02-10 22:15:00,222.8,224.54,221.06,1.59,4.64,3.41,0.254,0.103
MTR0001,2024-02-10 22:30:00,222.8,224.54,221.06,1.59,4.64,3.41,0.254,0.103
MTR0001,2024-02-10 22:45:00,222.8,224.54,221.06,1.59,4.64,3.41,0.254,0.103
MTR0001,2024-02-10 23:00:00,231.34,232.69,231.08,3.03,2.74,3.31,0.271,0.128
MTR0001,2024-02-10 23:15:00,231.34,232.69,231.08,2.74,2.47,2.98,0.244,0.115
MTR0001,2024-02-10 23:30:00,231.34,232.69,231.08,2.74,2.47,2.98,0.244,0.115
MTR0001,2024-02-10 23:45:00,231.34,232.69,231.08,2.74,2.47,2.98,0.244,0.115
MTR0001,2024-02-11 00:00:00,230.23,229.89,233.08,0.6,1.84,1.4,0.144,0.049
MTR0001,2024-02-11 00:15:00,230.23,229.89,233.08,0.72,2.13,1.61,0.163,0.057
MTR0001,2024-02-11 00:30:00,230.23,229.89,233.08,0.72,2.13,1.61,0.163,0.057
MTR0001,2024-02-11 00:45:00,230.23,229.89,233.08,0.72,2.13,1.61,0.163,0.057
MTR0001,2024-02-11 01:00:00,229.79,230.22,232.09,1.47,0.92,2.13,0.147,0.06
MTR0001,2024-02-11 01:15:00,229.79,230.22,232.09,1.21,0.78,1.74,0.122,0.051
MTR0001,2024-02-11 01:30:00,229.79,230.22,232.09,1.21,0.78,1.74,0.122,0.051
MTR0001,2024-02-11 01:45:00,229.79,230.22,232.09,1.21,0.78,1.74,0.122,0.051
MTR0001,2024-02-11 02:00:00,215.4,217.58,218.43,0.97,1.3,1.09,0.086,0.057
MTR0001,2024-02-11 02:15:00,215.4,217.58,218.43,0.84,1.16,0.95,0.075,0.051
MTR0001,2024-02-11 02:30:00,215.4,217.58,218.43,0.84,1.16,0.95,0.075,0.051
MTR0001,2024-02-11 02:45:00,215.4,217.58,218.43,0.84,1.16,0.95,0.075,0.051
MTR0001,2024-02-11 03:00:00,212.67,210.21,210.74,1.21,1.28,1.23,0.116,0.045
MTR0001,2024-02-11 03:15:00,212.67,210.21,210.74,1.48,1.53,1.52,0.139,0.055
MTR0001,2024-02-11 03:30:00,212.67,210.21,210.74,1.48,1.53,1.52,0.139,0.055
MTR0001,2024-02-11 03:45:00,212.67,210.21,210.74,1.48,1.53,1.52,0.139,0.055
MTR0001,2024-02-11 04:00:00,225.56,228.53,229.08,0.74,1.92,1.59,0.135,0.083
MTR0001,2024-02-11 04:15:00,225.56,228.53,229.08,0.67,1.78,1.48,0.126,0.077
MTR0001,2024-02-11 04:30:00,225.56,228.53,229.08,0.67,1.78,1.48,0.126,0.077
MTR0001,2024-02-11 04:45:00,225.56,228.53,229.08,0.67,1.78,1.48,0.126,0.077
MTR0001,2024-02-11 05:00:00,227.68,227.71,227.09,0.85,1.93,1.43,0.121,0.046
MTR0001,2024-02-11 05:15:00,227.68,227.71,227.09,0.89,2.02,1.5,0.127,0.048
MTR0001,2024-02-11 05:30:00,227.68,227.71,227.09,0.89,2.02,1.5,0.127,0.048
MTR0001,2024-02-11 05:45:00,227.68,227.71,227.09,0.89,2.02,1.5,0.127,0.048
MTR0001,2024-02-11 06:00:00,221.36,222.05,221.53,3.83,2.79,1.54,0.22,0.1
MTR0001,2024-02-11 06:15:00,221.36,222.05,221.53,3.54,2.58,1.4,0.201,0.092
MTR0001,2024-02-11 06:30:00,221.36,222.05,221.53,3.54,2.58,1.4,0.201,0.092
MTR0001,2024-02-11 06:45:00,221.36,222.05,221.53,3.54,2.58,1.4,0.201,0.092
MTR0001,2024-02-11 07:00:00,214.72,214.05,214.51,2.45,1.47,4.27,0.231,0.119
MTR0001,2024-02-11 07:15:00,214.72,214.05,214.51,2.91,1.7,4.97,0.269,0.139
MTR0001,2024-02-11 07:30:00,214.72,214.05,214.51,2.91,1.7,4.97,0.269,0.139
MTR0001,2024-02-11 07:45:00,214.72,214.05,214.51,2.91,1.7,4.97,0.269,0.139
MTR0001,2024-02-11 08:00:00,224.09,224.92,224.39,3.32,2.63,4.2,0.284,0.171
MTR0001,2024-02-11 08:15:00,224.09,224.92,224.39,2.64,2.1,3.34,0.226,0.136
MTR0001,2024-02-11 08:30:00,224.09,224.92,224.39,2.64,2.1,3.34,0.226,0.136
MTR0001,2024-02-11 08:45:00,224.09,224.92,224.39,2.64,2.1,3.34,0.226,0.136
MTR0001,2024-02-11 09:00:00,212.16,211.98,211.09,2.77,2.82,3.04,0.263,0.092
MTR0001,2024-02-11 09:15:00,212.16,211.98,211.09,3.13,3.17,3.39,0.294,0.103
MTR0001,2024-02-11 09:30:00,212.16,211.98,211.09,3.13,3.17,3.39,0.294,0.103
MTR0001,2024-02-11 09:45:00,212.16,211.98,211.09,3.13,3.17,3.39,0.294,0.103
MTR0001,2024-02-11 10:00:00,219.32,221.44,220.91,3.13,2.85,4.04,0.279,0.12
MTR0001,2024-02-11 10:15:00,219.32,221.44,220.91,3.11,2.83,4.01,0.276,0.119
MTR0001,2024-02-11 10:30:00,219.32,221.44,220.91,3.11,2.83,4.01,0.276,0.119
MTR0001,2024-02-11 10:45:00,219.32,221.44,220.91,3.11,2.83,4.01,0.276,0.119
MTR0001,2024-02-11 11:00:00,214.03,215.37,214.54,1.86,5.08,3.51,0.267,0.144
MTR0001,2024-02-11 11:15:00,214.03,215.37,214.54,2.24,5.89,4.13,0.316,0.171
MTR0001,2024-02-11 11:30:00,214.03,215.37,214.54,2.24,5.89,4.13,0.316,0.171
MTR0001,2024-02-11 11:45:00,214.03,215.37,214.54,2.24,5.89,4.13,0.316,0.171
MTR0001,2024-02-11 12:00:00,227.13,228.64,228.02,5.49,4.0,2.48,0.337,0.197
MTR0001,2024-02-11 12:15:00,227.13,228.64,228.02,4.2,3.08,1.88,0.257,0.15
MTR0001,2024-02-11 12:30:00,227.13,228.64,228.02,4.2,3.08,1.88,0.257,0.15
MTR0001,2024-02-11 12:45:00,227.13,228.64,228.02,4.2,3.08,1.88,0.257,0.15
MTR0001,2024-02-11 13:00:00,228.29,229.13,228.07,4.25,2.66,1.73,0.3,0.114
MTR0001,2024-02-11 13:15:00,228.29,229.13,228.07,4.91,3.13,2.03,0.343,0.133
MTR0001,2024-02-11 13:30:00,228.29,229.13,228.07,4.91,3.13,2.03,0.343,0.133
MTR0001,2024-02-11 13:45:00,228.29,229.13,228.07,4.91,3.13,2.03,0.343,0.133
MTR0001,2024-02-11 14:00:00,212.71,214.18,214.73,4.79,3.13,2.07,0.27,0.133
MTR0001,2024-02-11 14:15:00,212.71,214.18,214.73,4.59,2.98,1.97,0.258,0.127
MTR0001,2024-02-11 14:30:00,212.71,214.18,214.73,4.59,2.98,1.97,0.258,0.127
MTR0001,2024-02-11 14:45:00,212.71,214.18,214.73,4.59,2.98,1.97,0.258,0.127
MTR0001,2024-02-11 15:00:00,222.76,223.36,226.83,2.54,3.65,3.32,0.262,0.164
MTR0001,2024-02-11 15:15:00,222.76,223.36,226.83,2.71,3.88,3.52,0.278,0.174
MTR0001,2024-02-11 15:30:00,222.76,223.36,226.83,2.71,3.88,3.52,0.278,0.174
MTR0001,2024-02-11 15:45:00,222.76,223.36,226.83,2.71,3.88,3.52,0.278,0.174
MTR0001,2024-02-11 16:00:00,211.15,213.96,211.99,3.7,2.99,2.87,0.288,0.116
MTR0001,2024-02-11 16:15:00,211.15,213.96,211.99,3.97,3.23,3.09,0.309,0.125
MTR0001,2024-02-11 16:30:00,211.15,213.96,211.99,3.97,3.23,3.09,0.309,0.125
MTR0001,2024-02-11 16:45:00,211.15,213.96,211.99,3.97,3.23,3.09,0.309,0.125
MTR0001,2024-02-11 17:00:00,224.88,222.54,221.71,2.05,4.53,3.23,0.267,0.11
MTR0001,2024-02-11 17:15:00,224.88,222.54,221.71,1.74,3.79,2.68,0.219,0.093
MTR0001,2024-02-11 17:30:00,224.88,222.54,221.71,1.74,3.79,2.68,0.219,0.093
MTR0001,2024-02-11 17:45:00,224.88,222.54,221.71,1.74,3.79,2.68,0.219,0.093
MTR0001,2024-02-11 18:00:00,228.92,229.46,232.26,2.37,1.71,3.25,0.237,0.08
MTR0001,2024-02-11 18:15:00,228.92,229.46,232.26,2.56,1.84,3.51,0.255,0.087
MTR0001,2024-02-11 18:30:00,228.92,229.46,232.26,2.56,1.84,3.51,0.255,0.087
MTR0001,2024-02-11 18:45:00,228.92,229.46,232.26,2.56,1.84,3.51,0.255,0.087
MTR0001,2024-02-11 19:00:00,220.63,221.26,219.22,2.08,3.04,2.68,0.194,0.133
MTR0001,2024-02-11 19:15:00,220.63,221.26,219.22,2.35,3.51,3.07,0.225,0.152
MTR0001,2024-02-11 19:30:00,220.63,221.26,219.22,2.35,3.51,3.07,0.225,0.152
MTR0001,2024-02-11 19:45:00,220.63,221.26,219.22,2.35,3.51,3.07,0.225,0.152
MTR0001,2024-02-11 20:00:00,215.78,218.89,221.72,2.52,2.51,3.24,0.254,0.093
MTR0001,2024-02-11 20:15:00,215.78,218.89,221.72,1.93,1.99,2.55,0.201,0.073
MTR0001,2024-02-11 20:30:00,215.78,218.89,221.72,1.93,1.99,2.55,0.201,0.073
MTR0001,2024-02-11 20:45:00,215.78,218.89,221.72,1.93,1.99,2.55,0.201,0.073
MTR0001,2024-02-11 21:00:00,231.93,230.58,229.14,1.97,1.05,2.46,0.181,0.089
MTR0001,2024-02-11 21:15:00,231.93,230.58,229.14,1.79,0.93,2.21,0.165,0.079
MTR0001,2024-02-11 21:30:00,231.93,230.58,229.14,1.79,0.93,2.21,0.165,0.079
MTR0001,2024-02-11 21:45:00,231.93,230.58,229.14,1.79,0.93,2.21,0.165,0.079
MTR0001,2024-02-11 22:00:00,229.12,228.76,228.27,1.19,2.02,1.83,0.159,0.065
MTR0001,2024-02-11 22:15:00,229.12,228.76,228.27,1.59,2.82,2.45,0.214,0.09
MTR0001,2024-02-11 22:30:00,229.12,228.76,228.27,1.59,2.82,2.45,0.214,0.09
MTR0001,2024-02-11 22:45:00,229.12,228.76,228.27,1.59,2.82,2.45,0.214,0.09
MTR0001,2024-02-11 23:00:00,219.29,217.34,221.42,2.1,2.04,2.24,0.2,0.072
MTR0001,2024-02-11 23:15:00,219.29,217.34,221.42,2.15,2.1,2.3,0.205,0.074
MTR0001,2024-02-11 23:30:00,219.29,217.34,221.42,2.15,2.1,2.3,0.205,0.074
MTR0001,2024-02-11 23:45:00,219.29,217.34,221.42,2.15,2.1,2.3,0.205,0.074
MTR0001,2024-02-12 00:00:00,227.76,229.69,229.93,3.77,2.71,1.65,0.231,0.121
MTR0001,2024-02-12 00:15:00,227.76,229.69,229.93,3.77,2.71,1.65,0.231,0.121
MTR0001,2024-02-12 00:30:00,227.76,229.69,229.93,3.77,2.71,1.65,0.231,0.121
MTR0001,2024-02-12 00:45:00,227.76,229.69,229.93,3.77,2.71,1.65,0.231,0.121
MTR0001,2024-02-12 01:00:00,211.63,212.88,211.02,2.34,3.06,2.62,0.272,0.103
MTR0001,2024-02-12 01:15:00,211.63,212.88,211.02,2.34,3.06,2.62,0.272,0.103
MTR0001,2024-02-12 01:30:00,211.63,212.88,211.02,2.34,3.06,2.62,0.272,0.103
MTR0001,2024-02-12 01:45:00,211.63,212.88,211.02,2.34,3.06,2.62,0.272,0.103
MTR0001,2024-02-12 02:00:00,224.78,223.88,224.94,3.35,2.7,1.92,0.231,0.108
MTR0001,2024-02-12 02:15:00,224.78,223.88,224.94,3.35,2.7,1.92,0.231,0.108
MTR0001,2024-02-12 02:30:00,224.78,223.88,224.94,3.35,2.7,1.92,0.231,0.108
MTR0001,2024-02-12 02:45:00,224.78,223.88,224.94,3.35,2.7,1.92,0.231,0.108
MTR0001,2024-02-12 03:00:00,227.76,228.82,228.11,3.52,2.47,1.86,0.231,0.108
MTR0001,2024-02-12 03:15:00,227.76,228.82,228.11,3.52,2.47,1.86,0.231,0.108
MTR0001,2024-02-12 03:30:00,227.76,228.82,228.11,3.52,2.47,1.86,0.231,0.108
MTR0001,2024-02-12 03:45:00,227.76,228.82,228.11,3.52,2.47,1.86,0.231,0.108
MTR0001,2024-02-12 04:00:00,225.86,226.37,228.08,2.62,1.62,3.78,0.246,0.098
MTR0001,2024-02-12 04:15:00,225.86,226.37,228.08,2.62,1.62,3.78,0.246,0.098
MTR0001,2024-02-12 04:30:00,225.86,226.37,228.08,2.62,1.62,3.78,0.246,0.098
MTR0001,2024-02-12 04:45:00,225.86,226.37,228.08,2.62,1.62,3.78,0.246,0.098
MTR0001,2024-02-12 05:00:00,224.61,229.43,227.53,2.6,1.51,3.87,0.235,0.122
MTR0001,2024-02-12 05:15:00,224.61,229.43,227.53,2.6,1.51,3.87,0.235,0.122
MTR0001,2024-02-12 05:30:00,224.61,229.43,227.53,2.6,1.51,3.87,0.235,0.122
MTR0001,2024-02-12 05:45:00,224.61,229.43,227.53,2.6,1.51,3.87,0.235,0.122
MTR0001,2024-02-12 06:00:00,211.53,210.95,209.04,7.25,5.1,3.72,0.497,0.184
MTR0001,2024-02-12 06:15:00,211.53,210.95,209.04,7.25,5.1,3.72,0.497,0.184
MTR0001,2024-02-12 06:30:00,211.53,210.95,209.04,7.25,5.1,3.72,0.497,0.184
MTR0001,2024-02-12 06:45:00,211.53,210.95,209.04,7.25,5.1,3.72,0.497,0.184
MTR0001,2024-02-12 07:00:00,220.96,220.85,222.05,8.24,5.55,3.56,0.496,0.279
MTR0001,2024-02-12 07:15:00,220.96,220.85,222.05,8.24,5.55,3.56,0.496,0.279
MTR0001,2024-02-12 07:30:00,220.96,220.85,222.05,8.24,5.55,3.56,0.496,0.279
MTR0001,2024-02-12 07:45:00,220.96,220.85,222.05,8.24,5.55,3.56,0.496,0.279
MTR0001,2024-02-12 08:00:00,227.78,228.34,229.72,6.06,6.05,6.18,0.553,0.24
MTR0001,2024-02-12 08:15:00,227.78,228.34,229.72,6.06,6.05,6.18,0.553,0.24
MTR0001,2024-02-12 08:30:00,227.78,228.34,229.72,6.06,6.05,6.18,0.553,0.24
MTR0001,2024-02-12 08:45:00,227.78,228.34,229.72,6.06,6.05,6.18,0.553,0.24
MTR0001,2024-02-12 09:00:00,230.66,234.49,231.26,6.53,6.24,6.32,0.547,0.261
MTR0001,2024-02-12 09:15:00,230.66,234.49,231.26,6.53,6.24,6.32,0.547,0.261
MTR0001,2024-02-12 09:30:00,230.66,234.49,231.26,6.53,6.24,6.32,0.547,0.261
MTR0001,2024-02-12 09:45:00,230.66,234.49,231.26,6.53,6.24,6.32,0.547,0.261
MTR0001,2024-02-12 10:00:00,216.48,219.09,218.47,7.65,6.5,5.54,0.556,0.317
MTR0001,2024-02-12 10:15:00,216.48,219.09,218.47,7.65,6.5,5.54,0.556,0.317
MTR0001,2024-02-12 10:30:00,216.48,219.09,218.47,7.65,6.5,5.54,0.556,0.317
MTR0001,2024-02-12 10:45:00,216.48,219.09,218.47,7.65,6.5,5.54,0.556,0.317
MTR0001,2024-02-12 11:00:00,218.5,221.47,221.77,7.02,6.7,6.98,0.589,0.331
MTR0001,2024-02-12 11:15:00,218.5,221.47,221.77,7.02,6.7,6.98,0.589,0.331
MTR0001,2024-02-12 11:30:00,218.5,221.47,221.77,7.02,6.7,6.98,0.589,0.331
MTR0001,2024-02-12 11:45:00,218.5,221.47,221.77,7.02,6.7,6.98,0.589,0.331
MTR0001,2024-02-12 12:00:00,220.35,224.74,225.05,6.76,4.89,9.45,0.623,0.221
MTR0001,2024-02-12 12:15:00,220.35,224.74,225.05,6.76,4.89,9.45,0.623,0.221
MTR0001,2024-02-12 12:30:00,220.35,224.74,225.05,6.76,4.89,9.45,0.623,0.221
MTR0001,2024-02-12 12:45:00,220.35,224.74,225.05,6.76,4.89,9.45,0.623,0.221
MTR0001,2024-02-12 13:00:00,222.52,223.54,223.85,4.29,9.07,6.97,0.593,0.314
MTR0001,2024-02-12 13:15:00,222.52,223.54,223.85,4.29,9.07,6.97,0.593,0.314
MTR0001,2024-02-12 13:30:00,222.52,223.54,223.85,4.29,9.07,6.97,0.593,0.314
MTR0001,2024-02-12 13:45:00,222.52,223.54,223.85,4.29,9.07,6.97,0.593,0.314
MTR0001,2024-02-12 14:00:00,225.19,227.46,228.02,7.66,6.44,5.65,0.568,0.241
MTR0001,2024-02-12 14:15:00,225.19,227.46,228.02,7.66,6.44,5.65,0.568,0.241
MTR0001,2024-02-12 14:30:00,225.19,227.46,228.02,7.66,6.44,5.65,0.568,0.241
MTR0001,2024-02-12 14:45:00,225.19,227.46,228.02,7.66,6.44,5.65,0.568,0.241
MTR0001,2024-02-12 15:00:00,220.88,221.34,224.97,6.33,3.71,9.6,0.562,0.282
MTR0001,2024-02-12 15:15:00,220.88,221.34,224.97,6.33,3.71,9.6,0.562,0.282
MTR0001,2024-02-12 15:30:00,220.88,221.34,224.97,6.33,3.71,9.6,0.562,0.282
MTR0001,2024-02-12 15:45:00,220.88,221.34,224.97,6.33,3.71,9.6,0.562,0.282
MTR0001,2024-02-12 16:00:00,221.49,216.1,216.97,4.44,7.75,5.97,0.522,0.222
MTR0001,2024-02-12 16:15:00,221.49,216.1,216.97,4.44,7.75,5.97,0.522,0.222
MTR0001,2024-02-12 16:30:00,221.49,216.1,216.97,4.44,7.75,5.97,0.522,0.222
MTR0001,2024-02-12 16:45:00,221.49,216.1,216.97,4.44,7.75,5.97,0.522,0.222
MTR0001,2024-02-12 17:00:00,220.34,219.78,221.39,4.11,7.51,5.84,0.526,0.292
MTR0001,2024-02-12 17:15:00,220.34,219.78,221.39,4.11,7.51,5.84,0.526,0.292
MTR0001,2024-02-12 17:30:00,220.34,219.78,221.39,4.11,7.51,5.84,0.526,0.292
MTR0001,2024-02-12 17:45:00,220.34,219.78,221.39,4.11,7.51,5.84,0.526,0.292
MTR0001,2024-02-12 18:00:00,207.33,210.37,210.08,5.28,4.83,5.79,0.434,0.225
MTR0001,2024-02-12 18:15:00,207.33,210.37,210.08,5.28,4.83,5.79,0.434,0.225
MTR0001,2024-02-12 18:30:00,207.33,210.37,210.08,5.28,4.83,5.79,0.434,0.225
MTR0001,2024-02-12 18:45:00,207.33,210.37,210.08,5.28,4.83,5.79,0.434,0.225
MTR0001,2024-02-12 19:00:00,229.45,230.27,230.4,6.31,4.62,3.16,0.419,0.225
MTR0001,2024-02-12 19:15:00,229.45,230.27,230.4,6.31,4.62,3.16,0.419,0.225
MTR0001,2024-02-12 19:30:00,229.45,230.27,230.4,6.31,4.62,3.16,0.419,0.225
MTR0001,2024-02-12 19:45:00,229.45,230.27,230.4,6.31,4.62,3.16,0.419,0.225
MTR0001,2024-02-12 20:00:00,215.01,212.94,213.9,2.23,6.59,4.53,0.372,0.199
MTR0001,2024-02-12 20:15:00,215.01,212.94,213.9,2.23,6.59,4.53,0.372,0.199
MTR0001,2024-02-12 20:30:00,215.01,212.94,213.9,2.23,6.59,4.53,0.372,0.199
MTR0001,2024-02-12 20:45:00,215.01,212.94,213.9,2.23,6.59,4.53,0.372,0.199
MTR0001,2024-02-12 21:00:00,225.13,227.44,225.6,2.32,6.01,4.45,0.373,0.172
MTR0001,2024-02-12 21:15:00,225.13,227.44,225.6,2.32,6.01,4.45,0.373,0.172
MTR0001,2024-02-12 21:30:00,225.13,227.44,225.6,2.32,6.01,4.45,0.373,0.172
MTR0001,2024-02-12 21:45:00,225.13,227.44,225.6,2.32,6.01,4.45,0.373,0.172
MTR0001,2024-02-12 22:00:00,215.01,218.34,217.55,4.39,4.13,3.34,0.327,0.188
MTR0001,2024-02-12 22:15:00,215.01,218.34,217.55,4.39,4.13,3.34,0.327,0.188
MTR0001,2024-02-12 22:30:00,215.01,218.34,217.55,4.39,4.13,3.34,0.327,0.188
MTR0001,2024-02-12 22:45:00,215.01,218.34,217.55,4.39,4.13,3.34,0.327,0.188
MTR0001,2024-02-12 23:00:00,226.72,226.55,230.97,4.13,2.71,5.17,0.394,0.195
MTR0001,2024-02-12 23:15:00,226.72,226.55,230.97,4.13,2.71,5.17,0.394,0.195
MTR0001,2024-02-12 23:30:00,226.72,226.55,230.97,4.13,2.71,5.17,0.394,0.195
MTR0001,2024-02-12 23:45:00,226.72,226.55,230.97,4.13,2.71,5.17,0.394,0.195
MTR0001,2024-02-13 00:00:00,213.78,216.84,218.07,2.04,3.26,2.64,0.197,0.126
MTR0001,2024-02-13 00:15:00,213.78,216.84,218.07,2.04,3.26,2.64,0.197,0.126
MTR0001,2024-02-13 00:30:00,213.78,216.84,218.07,2.04,3.26,2.64,0.197,0.126
MTR0001,2024-02-13 00:45:00,213.78,216.84,218.07,2.04,3.26,2.64,0.197,0.126
MTR0001,2024-02-13 01:00:00,220.73,219.21,222.4,2.87,2.53,2.5,0.217,0.128
MTR0001,2024-02-13 01:15:00,220.73,219.21,222.4,2.87,2.53,2.5,0.217,0.128
MTR0001,2024-02-13 01:30:00,220.73,219.21,222.4,2.87,2.53,2.5,0.217,0.128
MTR0001,2024-02-13 01:45:00,220.73,219.21,222.4,2.87,2.53,2.5,0.217,0.128
MTR0001,2024-02-13 02:00:00,213.88,217.84,215.39,2.29,2.51,3.06,0.188,0.128
MTR0001,2024-02-13 02:15:00,213.88,217.84,215.39,2.29,2.51,3.06,0.188,0.128
MTR0001,2024-02-13 02:30:00,213.88,217.84,215.39,2.29,2.51,3.06,0.188,0.128
MTR0001,2024-02-13 02:45:00,213.88,217.84,215.39,2.29,2.51,3.06,0.188,0.128
MTR0001,2024-02-13 03:00:00,210.2,208.84,211.06,2.92,2.39,2.92,0.249,0.128
MTR0001,2024-02-13 03:15:00,210.2,208.84,211.06,2.92,2.39,2.92,0.249,0.128
MTR0001,2024-02-13 03:30:00,210.2,208.84,211.06,2.92,2.39,2.92,0.249,0.128
MTR0001,2024-02-13 03:45:00,210.2,208.84,211.06,2.92,2.39,2.92,0.249,0.128
MTR0001,2024-02-13 04:00:00,226.73,227.69,225.6,2.84,1.65,3.48,0.222,0.098
MTR0001,2024-02-13 04:15:00,226.73,227.69,225.6,2.84,1.65,3.48,0.222,0.098
MTR0001,2024-02-13 04:30:00,226.73,227.69,225.6,2.84,1.65,3.48,0.222,0.098
MTR0001,2024-02-13 04:45:00,226.73,227.69,225.6,2.84,1.65,3.48,0.222,0.098
MTR0001,2024-02-13 05:00:00,218.91,218.9,221.51,1.58,3.64,3.01,0.238,0.092
MTR0001,2024-02-13 05:15:00,218.91,218.9,221.51,1.58,3.64,3.01,0.238,0.092
MTR0001,2024-02-13 05:30:00,218.91,218.9,221.51,1.58,3.64,3.01,0.238,0.092
MTR0001,2024-02-13 05:45:00,218.91,218.9,221.51,1.58,3.64,3.01,0.238,0.092
MTR0001,2024-02-13 06:00:00,229.24,229.14,228.08,5.0,5.47,5.28,0.437,0.243
MTR0001,2024-02-13 06:15:00,229.24,229.14,228.08,5.0,5.47,5.28,0.437,0.243
MTR0001,2024-02-13 06:30:00,229.24,229.14,228.08,5.0,5.47,5.28,0.437,0.243
MTR0001,2024-02-13 06:45:00,229.24,229.14,228.08,5.0,5.47,5.28,0.437,0.243
MTR0001,2024-02-13 07:00:00,220.66,223.37,223.35,6.09,5.62,5.75,0.498,0.293
MTR0001,2024-02-13 07:15:00,220.66,223.37,223.35,6.09,5.62,5.75,0.498,0.293
MTR0001,2024-02-13 07:30:00,220.66,223.37,223.35,6.09,5.62,5.75,0.498,0.293
MTR0001,2024-02-13 07:45:00,220.66,223.37,223.35,6.09,5.62,5.75,0.498,0.293
MTR0001,2024-02-13 08:00:00,217.95,219.93,220.09,5.05,6.87,6.1,0.497,0.267
MTR0001,2024-02-13 08:15:00,217.95,219.93,220.09,5.05,6.87,6.1,0.497,0.267
MTR0001,2024-02-13 08:30:00,217.95,219.93,220.09,5.05,6.87,6.1,0.497,0.267
MTR0001,2024-02-13 08:45:00,217.95,219.93,220.09,5.05,6.87,6.1,0.497,0.267
MTR0001,2024-02-13 09:00:00,220.47,219.94,217.59,9.36,6.17,3.58,0.54,0.2
MTR0001,2024-02-13 09:15:00,220.47,219.94,217.59,9.36,6.17,3.58,0.54,0.2
MTR0001,2024-02-13 09:30:00,220.47,219.94,217.59,9.36,6.17,3.58,0.54,0.2
MTR0001,2024-02-13 09:45:00,220.47,219.94,217.59,9.36,6.17,3.58,0.54,0.2
MTR0001,2024-02-13 10:00:00,216.98,218.81,222.44,6.81,6.59,6.77,0.51,0.328
MTR0001,2024-02-13 10:15:00,216.98,218.81,222.44,6.81,6.59,6.77,0.51,0.328
MTR0001,2024-02-13 10:30:00,216.98,218.81,222.44,6.81,6.59,6.77,0.51,0.328
MTR0001,2024-02-13 10:45:00,216.98,218.81,222.44,6.81,6.59,6.77,0.51,0.328
MTR0001,2024-02-13 11:00:00,223.36,226.3,227.24,6.91,4.36,9.55,0.568,0.346
MTR0001,2024-02-13 11:15:00,223.36,226.3,227.24,6.91,4.36,9.55,0.568,0.346
MTR0001,2024-02-13 11:30:00,223.36,226.3,227.24,6.91,4.36,9.55,0.568,0.346
MTR0001,2024-02-13 11:45:00,223.36,226.3,227.24,6.91,4.36,9.55,0.568,0.346
MTR0001,2024-02-13 12:00:00,214.63,213.46,216.88,6.51,6.94,7.11,0.55,0.332
MTR0001,2024-02-13 12:15:00,214.63,213.46,216.88,6.51,6.94,7.11,0.55,0.332
MTR0001,2024-02-13 12:30:00,214.63,213.46,216.88,6.51,6.94,7.11,0.55,0.332
MTR0001,2024-02-13 12:45:00,214.63,213.46,216.88,6.51,6.94,7.11,0.55,0.332
MTR0001,2024-02-13 13:00:00,221.04,224.59,222.82,6.64,4.98,8.94,0.607,0.24
MTR0001,2024-02-13 13:15:00,221.04,224.59,222.82,6.64,4.98,8.94,0.607,0.24
MTR0001,2024-02-13 13:30:00,221.04,224.59,222.82,6.64,4.98,8.94,0.607,0.24
MTR0001,2024-02-13 13:45:00,221.04,224.59,222.82,6.64,4.98,8.94,0.607,0.24
MTR0001,2024-02-13 14:00:00,217.08,220.24,219.23,6.57,6.89,6.88,0.586,0.272
MTR0001,2024-02-13 14:15:00,217.08,220.24,219.23,6.57,6.89,6.88,0.586,0.272
MTR0001,2024-02-13 14:30:00,217.08,220.24,219.23,6.57,6.89,6.88,0.586,0.272
MTR0001,2024-02-13 14:45:00,217.08,220.24,219.23,6.57,6.89,6.88,0.586,0.272
MTR0001,2024-02-13 15:00:00,218.12,216.95,216.36,5.16,7.5,6.42,0.531,0.268
MTR0001,2024-02-13 15:15:00,218.12,216.95,216.36,5.16,7.5,6.42,0.531,0.268
MTR0001,2024-02-13 15:30:00,218.12,216.95,216.36,5.16,7.5,6.42,0.531,0.268
MTR0001,2024-02-13 15:45:00,218.12,216.95,216.36,5.16,7.5,6.42,0.531,0.268
MTR0001,2024-02-13 16:00:00,211.47,212.43,212.16,6.04,4.72,7.9,0.506,0.213
MTR0001,2024-02-13 16:15:00,211.47,212.43,212.16,6.04,4.72,7.9,0.506,0.213
MTR0001,2024-02-13 16:30:00,211.47,212.43,212.16,6.04,4.72,7.9,0.506,0.213
MTR0001,2024-02-13 16:45:00,211.47,212.43,212.16,6.04,4.72,7.9,0.506,0.213
MTR0001,2024-02-13 17:00:00,211.37,211.4,214.99,5.7,5.59,5.89,0.476,0.199
MTR0001,2024-02-13 17:15:00,211.37,211.4,214.99,5.7,5.59,5.89,0.476,0.199
MTR0001,2024-02-13 17:30:00,211.37,211.4,214.99,5.7,5.59,5.89,0.476,0.199
MTR0001,2024-02-13 17:45:00,211.37,211.4,214.99,5.7,5.59,5.89,0.476,0.199
MTR0001,2024-02-13 18:00:00,230.42,231.78,230.66,6.78,5.37,3.69,0.497,0.209
MTR0001,2024-02-13 18:15:00,230.42,231.78,230.66,6.78,5.37,3.69,0.497,0.209
MTR0001,2024-02-13 18:30:00,230.42,231.78,230.66,6.78,5.37,3.69,0.497,0.209
MTR0001,2024-02-13 18:45:00,230.42,231.78,230.66,6.78,5.37,3.69,0.497,0.209
MTR0001,2024-02-13 19:00:00,209.57,212.22,211.86,4.83,3.25,6.74,0.391,0.211
MTR0001,2024-02-13 19:15:00,209.57,212.22,211.86,4.83,3.25,6.74,0.391,0.211
MTR0001,2024-02-13 19:30:00,209.57,212.22,211.86,4.83,3.25,6.74,0.391,0.211
MTR0001,2024-02-13 19:45:00,209.57,212.22,211.86,4.83,3.25,6.74,0.391,0.211
MTR0001,2024-02-13 20:00:00,217.8,220.59,217.23,6.48,4.32,2.36,0.385,0.194
MTR0001,2024-02-13 20:15:00,217.8,220.59,217.23,6.48,4.32,2.36,0.385,0.194
MTR0001,2024-02-13 20:30:00,217.8,220.59,217.23,6.48,4.32,2.36,0.385,0.194
MTR0001,2024-02-13 20:45:00,217.8,220.59,217.23,6.48,4.32,2.36,0.385,0.194
MTR0001,2024-02-13 21:00:00,230.74,230.44,231.28,4.01,4.29,4.41,0.404,0.144
MTR0001,2024-02-13 21:15:00,230.74,230.44,231.28,4.01,4.29,4.41,0.404,0.144
MTR0001,2024-02-13 21:30:00,230.74,230.44,231.28,4.01,4.29,4.41,0.404,0.144
MTR0001,2024-02-13 21:45:00,230.74,230.44,231.28,4.01,4.29,4.41,0.404,0.144
MTR0001,2024-02-13 22:00:00,223.66,222.03,224.1,4.65,3.81,3.59,0.391,0.164
MTR0001,2024-02-13 22:15:00,223.66,222.03,224.1,4.65,3.81,3.59,0.391,0.164
MTR0001,2024-02-13 22:30:00,223.66,222.03,224.1,4.65,3.81,3.59,0.391,0.164
MTR0001,2024-02-13 22:45:00,223.66,222.03,224.1,4.65,3.81,3.59,0.391,0.164
MTR0001,2024-02-13 23:00:00,215.5,213.23,214.1,3.44,4.08,3.67,0.294,0.176
MTR0001,2024-02-13 23:15:00,215.5,213.23,214.1,3.44,4.08,3.67,0.294,0.176
MTR0001,2024-02-13 23:30:00,215.5,213.23,214.1,3.44,4.08,3.67,0.294,0.176
MTR0001,2024-02-13 23:45:00,215.5,213.23,214.1,3.44,4.08,3.67,0.294,0.176
MTR0001,2024-02-14 00:00:00,220.31,220.89,223.27,2.77,2.65,2.42,0.246,0.106
MTR0001,2024-02-14 00:15:00,220.31,220.89,223.27,2.77,2.65,2.42,0.246,0.106
MTR0001,2024-02-14 00:30:00,220.31,220.89,223.27,2.77,2.65,2.42,0.246,0.106
MTR0001,2024-02-14 00:45:00,220.31,220.89,223.27,2.77,2.65,2.42,0.246,0.106
MTR0001,2024-02-14 01:00:00,216.17,210.87,211.44,3.67,2.6,1.76,0.202,0.111
MTR0001,2024-02-14 01:15:00,216.17,210.87,211.44,3.67,2.6,1.76,0.202,0.111
MTR0001,2024-02-14 01:30:00,216.17,210.87,211.44,3.67,2.6,1.76,0.202,0.111
MTR0001,2024-02-14 01:45:00,216.17,210.87,211.44,3.67,2.6,1.76,0.202,0.111
MTR0001,2024-02-14 02:00:00,224.04,224.55,223.57,2.47,1.5,3.97,0.19,0.139
MTR0001,2024-02-14 02:15:00,224.04,224.55,223.57,2.47,1.5,3.97,0.19,0.139
MTR0001,2024-02-14 02:30:00,224.04,224.55,223.57,2.47,1.5,3.97,0.19,0.139
MTR0001,2024-02-14 02:45:00,224.04,224.55,223.57,2.47,1.5,3.97,0.19,0.139
MTR0001,2024-02-14 03:00:00,228.39,229.47,229.49,2.48,2.1,3.38,0.236,0.106
MTR0001,2024-02-14 03:15:00,228.39,229.47,229.49,2.48,2.1,3.38,0.236,0.106
MTR0001,2024-02-14 03:30:00,228.39,229.47,229.49,2.48,2.1,3.38,0.236,0.106
MTR0001,2024-02-14 03:45:00,228.39,229.47,229.49,2.48,2.1,3.38,0.236,0.106
MTR0001,2024-02-14 04:00:00,226.39,223.13,223.1,1.9,3.4,2.83,0.239,0.109
MTR0001,2024-02-14 04:15:00,226.39,223.13,223.1,1.9,3.4,2.83,0.239,0.109
MTR0001,2024-02-14 04:30:00,226.39,223.13,223.1,1.9,3.4,2.83,0.239,0.109
MTR0001,2024-02-14 04:45:00,226.39,223.13,223.1,1.9,3.4,2.83,0.239,0.109
MTR0001,2024-02-14 05:00:00,220.66,220.39,223.8,1.85,3.61,2.63,0.238,0.119
MTR0001,2024-02-14 05:15:00,220.66,220.39,223.8,1.85,3.61,2.63,0.238,0.119
MTR0001,2024-02-14 05:30:00,220.66,220.39,223.8,1.85,3.61,2.63,0.238,0.119
MTR0001,2024-02-14 05:45:00,220.66,220.39,223.8,1.85,3.61,2.63,0.238,0.119
MTR0001,2024-02-14 06:00:00,230.09,228.68,232.13,4.27,5.98,5.35,0.441,0.265
MTR0001,2024-02-14 06:15:00,230.09,228.68,232.13,4.27,5.98,5.35,0.441,0.265
MTR0001,2024-02-14 06:30:00,230.09,228.68,232.13,4.27,5.98,5.35,0.441,0.265
MTR0001,2024-02-14 06:45:00,230.09,228.68,232.13,4.27,5.98,5.35,0.441,0.265
MTR0001,2024-02-14 07:00:00,210.83,211.54,212.05,6.08,5.54,5.2,0.463,0.256
MTR0001,2024-02-14 07:15:00,210.83,211.54,212.05,6.08,5.54,5.2,0.463,0.256
MTR0001,2024-02-14 07:30:00,210.83,211.54,212.05,6.08,5.54,5.2,0.463,0.256
MTR0001,2024-02-14 07:45:00,210.83,211.54,212.05,6.08,5.54,5.2,0.463,0.256
MTR0001,2024-02-14 08:00:00,230.63,230.98,230.27,3.97,8.34,6.35,0.57,0.225
MTR0001,2024-02-14 08:15:00,230.63,230.98,230.27,3.97,8.34,6.35,0.57,0.225
MTR0001,2024-02-14 08:30:00,230.63,230.98,230.27,3.97,8.34,6.35,0.57,0.225
MTR0001,2024-02-14 08:45:00,230.63,230.98,230.27,3.97,8.34,6.35,0.57,0.225
MTR0001,2024-02-14 09:00:00,217.75,218.56,217.44,8.53,6.29,4.07,0.561,0.241
MTR0001,2024-02-14 09:15:00,217.75,218.56,217.44,8.53,6.29,4.07,0.561,0.241
MTR0001,2024-02-14 09:30:00,217.75,218.56,217.44,8.53,6.29,4.07,0.561,0.241
MTR0001,2024-02-14 09:45:00,217.75,218.56,217.44,8.53,6.29,4.07,0.561,0.241
MTR0001,2024-02-14 10:00:00,210.75,214.2,211.79,6.61,6.21,7.16,0.526,0.319
MTR0001,2024-02-14 10:15:00,210.75,214.2,211.79,6.61,6.21,7.16,0.526,0.319
MTR0001,2024-02-14 10:30:00,210.75,214.2,211.79,6.61,6.21,7.16,0.526,0.319
MTR0001,2024-02-14 10:45:00,210.75,214.2,211.79,6.61,6.21,7.16,0.526,0.319
MTR0001,2024-02-14 11:00:00,229.99,231.95,231.36,6.6,3.59,10.59,0.649,0.268
MTR0001,2024-02-14 11:15:00,229.99,231.95,231.36,6.6,3.59,10.59,0.649,0.268
MTR0001,2024-02-14 11:30:00,229.99,231.95,231.36,6.6,3.59,10.59,0.649,0.268
MTR0001,2024-02-14 11:45:00,229.99,231.95,231.36,6.6,3.59,10.59,0.649,0.268
MTR0001,2024-02-14 12:00:00,229.19,232.64,229.27,4.92,8.68,6.93,0.64,0.303
MTR0001,2024-02-14 12:15:00,229.19,232.64,229.27,4.92,8.68,6.93,0.64,0.303
MTR0001,2024-02-14 12:30:00,229.19,232.64,229.27,4.92,8.68,6.93,0.64,0.303
MTR0001,2024-02-14 12:45:00,229.19,232.64,229.27,4.92,8.68,6.93,0.64,0.303
MTR0001,2024-02-14 13:00:00,216.75,214.82,216.67,8.08,6.73,5.12,0.562,0.273
MTR0001,2024-02-14 13:15:00,216.75,214.82,216.67,8.08,6.73,5.12,0.562,0.273
MTR0001,2024-02-14 13:30:00,216.75,214.82,216.67,8.08,6.73,5.12,0.562,0.273
MTR0001,2024-02-14 13:45:00,216.75,214.82,216.67,8.08,6.73,5.12,0.562,0.273
MTR0001,2024-02-14 14:00:00,220.73,224.87,222.28,7.37,6.5,6.02,0.524,0.337
MTR0001,2024-02-14 14:15:00,220.73,224.87,222.28,7.37,6.5,6.02,0.524,0.337
MTR0001,2024-02-14 14:30:00,220.73,224.87,222.28,7.37,6.5,6.02,0.524,0.337
MTR0001,2024-02-14 14:45:00,220.73,224.87,222.28,7.37,6.5,6.02,0.524,0.337
MTR0001,2024-02-14 15:00:00,222.3,218.61,219.06,6.32,3.89,8.9,0.582,0.186
MTR0001,2024-02-14 15:15:00,222.3,218.61,219.06,6.32,3.89,8.9,0.582,0.186
MTR0001,2024-02-14 15:30:00,222.3,218.61,219.06,6.32,3.89,8.9,0.582,0.186
MTR0001,2024-02-14 15:45:00,222.3,218.61,219.06,6.32,3.89,8.9,0.582,0.186
MTR0001,2024-02-14 16:00:00,217.51,218.55,216.13,4.35,7.36,6.24,0.486,0.277
MTR0001,2024-02-14 16:15:00,217.51,218.55,216.13,4.35,7.36,6.24,0.486,0.277
MTR0001,2024-02-14 16:30:00,217.51,218.55,216.13,4.35,7.36,6.24,0.486,0.277
MTR0001,2024-02-14 16:45:00,217.51,218.55,216.13,4.35,7.36,6.24,0.486,0.277
MTR0001,2024-02-14 17:00:00,216.29,216.89,216.76,6.54,5.47,4.8,0.431,0.269
MTR0001,2024-02-14 17:15:00,216.29,216.89,216.76,6.54,5.47,4.8,0.431,0.269
MTR0001,2024-02-14 17:30:00,216.29,216.89,216.76,6.54,5.47,4.8,0.431,0.269
MTR0001,2024-02-14 17:45:00,216.29,216.89,216.76,6.54,5.47,4.8,0.431,0.269
MTR0001,2024-02-14 18:00:00,215.95,218.76,215.86,7.0,5.37,3.52,0.426,0.245
MTR0001,2024-02-14 18:15:00,215.95,218.76,215.86,7.0,5.37,3.52,0.426,0.245
MTR0001,2024-02-14 18:30:00,215.95,218.76,215.86,7.0,5.37,3.52,0.426,0.245
MTR0001,2024-02-14 18:45:00,215.95,218.76,215.86,7.0,5.37,3.52,0.426,0.245
MTR0001,2024-02-14 19:00:00,226.29,227.58,228.33,3.53,6.22,5.18,0.43,0.209
MTR0001,2024-02-14 19:15:00,226.29,227.58,228.33,3.53,6.22,5.18,0.43,0.209
MTR0001,2024-02-14 19:30:00,226.29,227.58,228.33,3.53,6.22,5.18,0.43,0.209
MTR0001,2024-02-14 19:45:00,226.29,227.58,228.33,3.53,6.22,5.18,0.43,0.209
MTR0001,2024-02-14 20:00:00,227.52,231.93,230.44,3.83,5.23,4.63,0.424,0.168
MTR0001,2024-02-14 20:15:00,227.52,231.93,230.44,3.83,5.23,4.63,0.424,0.168
MTR0001,2024-02-14 20:30:00,227.52,231.93,230.44,3.83,5.23,4.63,0.424,0.168
MTR0001,2024-02-14 20:45:00,227.52,231.93,230.44,3.83,5.23,4.63,0.424,0.168
MTR0001,2024-02-14 21:00:00,212.07,211.05,211.86,4.76,4.11,3.8,0.32,0.128
MTR0001,2024-02-14 21:15:00,212.07,211.05,211.86,4.76,4.11,3.8,0.32,0.128
MTR0001,2024-02-14 21:30:00,212.07,211.05,211.86,4.76,4.11,3.8,0.32,0.128
MTR0001,2024-02-14 21:45:00,212.07,211.05,211.86,4.76,4.11,3.8,0.32,0.128
MTR0001,2024-02-14 22:00:00,219.18,221.76,219.18,4.24,3.97,3.45,0.334,0.149
MTR0001,2024-02-14 22:15:00,219.18,221.76,219.18,4.24,3.97,3.45,0.334,0.149
MTR0001,2024-02-14 22:30:00,219.18,221.76,219.18,4.24,3.97,3.45,0.334,0.149
MTR0001,2024-02-14 22:45:00,219.18,221.76,219.18,4.24,3.97,3.45,0.334,0.149
MTR0001,2024-02-14 23:00:00,212.07,216.75,213.93,3.71,1.98,5.39,0.329,0.135
MTR0001,2024-02-14 23:15:00,212.07,216.75,213.93,3.71,1.98,5.39,0.329,0.135
MTR0001,2024-02-14 23:30:00,212.07,216.75,213.93,3.71,1.98,5.39,0.329,0.135
MTR0001,2024-02-14 23:45:00,212.07,216.75,213.93,3.71,1.98,5.39,0.329,0.135
MTR0001,2024-02-15 00:00:00,219.98,218.71,219.22,1.49,3.77,2.9,0.21,0.134
MTR0001,2024-02-15 00:15:00,219.98,218.71,219.22,1.49,3.77,2.9,0.21,0.134
MTR0001,2024-02-15 00:30:00,219.98,218.71,219.22,1.49,3.77,2.9,0.21,0.134
MTR0001,2024-02-15 00:45:00,219.98,218.71,219.22,1.49,3.77,2.9,0.21,0.134
MTR0001,2024-02-15 01:00:00,210.54,211.09,214.85,3.63,2.77,1.52,0.253,0.081
MTR0001,2024-02-15 01:15:00,210.54,211.09,214.85,3.63,2.77,1.52,0.253,0.081
MTR0001,2024-02-15 01:30:00,210.54,211.09,214.85,3.63,2.77,1.52,0.253,0.081
MTR0001,2024-02-15 01:45:00,210.54,211.09,214.85,3.63,2.77,1.52,0.253,0.081
MTR0001,2024-02-15 02:00:00,219.41,217.92,219.44,3.28,2.69,2.23,0.245,0.099
MTR0001,2024-02-15 02:15:00,219.41,217.92,219.44,3.28,2.69,2.23,0.245,0.099
MTR0001,2024-02-15 02:30:00,219.41,217.92,219.44,3.28,2.69,2.23,0.245,0.099
MTR0001,2024-02-15 02:45:00,219.41,217.92,219.44,3.28,2.69,2.23,0.245,0.099
MTR0001,2024-02-15 03:00:00,226.14,230.2,229.47,2.26,2.23,3.11,0.212,0.112
MTR0001,2024-02-15 03:15:00,226.14,230.2,229.47,2.26,2.23,3.11,0.212,0.112
MTR0001,2024-02-15 03:30:00,226.14,230.2,229.47,2.26,2.23,3.11,0.212,0.112
MTR0001,2024-02-15 03:45:00,226.14,230.2,229.47,2.26,2.23,3.11,0.212,0.112
MTR0001,2024-02-15 04:00:00,222.49,220.48,225.46,3.81,2.84,1.59,0.238,0.103
MTR0001,2024-02-15 04:15:00,222.49,220.48,225.46,3.81,2.84,1.59,0.238,0.103
MTR0001,2024-02-15 04:30:00,222.49,220.48,225.46,3.81,2.84,1.59,0.238,0.103
MTR0001,2024-02-15 04:45:00,222.49,220.48,225.46,3.81,2.84,1.59,0.238,0.103
MTR0001,2024-02-15 05:00:00,214.04,213.57,211.49,2.66,1.73,3.56,0.195,0.116
MTR0001,2024-02-15 05:15:00,214.04,213.57,211.49,2.66,1.73,3.56,0.195,0.116
MTR0001,2024-02-15 05:30:00,214.04,213.57,211.49,2.66,1.73,3.56,0.195,0.116
MTR0001,2024-02-15 05:45:00,214.04,213.57,211.49,2.66,1.73,3.56,0.195,0.116
MTR0001,2024-02-15 06:00:00,220.18,220.42,221.61,7.68,5.23,2.89,0.472,0.241
MTR0001,2024-02-15 06:15:00,220.18,220.42,221.61,7.68,5.23,2.89,0.472,0.241
MTR0001,2024-02-15 06:30:00,220.18,220.42,221.61,7.68,5.23,2.89,0.472,0.241
MTR0001,2024-02-15 06:45:00,220.18,220.42,221.61,7.68,5.23,2.89,0.472,0.241
MTR0001,2024-02-15 07:00:00,226.54,226.66,224.7,5.88,4.71,7.18,0.497,0.293
MTR0001,2024-02-15 07:15:00,226.54,226.66,224.7,5.88,4.71,7.18,0.497,0.293
MTR0001,2024-02-15 07:30:00,226.54,226.66,224.7,5.88,4.71,7.18,0.497,0.293
MTR0001,2024-02-15 07:45:00,226.54,226.66,224.7,5.88,4.71,7.18,0.497,0.293
MTR0001,2024-02-15 08:00:00,224.78,226.96,225.03,7.02,6.06,5.43,0.579,0.246
MTR0001,2024-02-15 08:15:00,224.78,226.96,225.03,7.02,6.06,5.43,0.579,0.246
MTR0001,2024-02-15 08:30:00,224.78,226.96,225.03,7.02,6.06,5.43,0.579,0.246
MTR0001,2024-02-15 08:45:00,224.78,226.96,225.03,7.02,6.06,5.43,0.579,0.246
MTR0001,2024-02-15 09:00:00,211.92,211.34,212.26,5.45,7.4,6.75,0.504,0.304
MTR0001,2024-02-15 09:15:00,211.92,211.34,212.26,5.45,7.4,6.75,0.504,0.304
MTR0001,2024-02-15 09:30:00,211.92,211.34,212.26,5.45,7.4,6.75,0.504,0.304
MTR0001,2024-02-15 09:45:00,211.92,211.34,212.26,5.45,7.4,6.75,0.504,0.304
MTR0001,2024-02-15 10:00:00,218.47,219.31,218.03,4.37,8.57,7.12,0.558,0.342
MTR0001,2024-02-15 10:15:00,218.47,219.31,218.03,4.37,8.57,7.12,0.558,0.342
MTR0001,2024-02-15 10:30:00,218.47,219.31,218.03,4.37,8.57,7.12,0.558,0.342
MTR0001,2024-02-15 10:45:00,218.47,219.31,218.03,4.37,8.57,7.12,0.558,0.342
MTR0001,2024-02-15 11:00:00,219.71,218.51,224.47,8.32,6.57,5.3,0.586,0.208
MTR0001,2024-02-15 11:15:00,219.71,218.51,224.47,8.32,6.57,5.3,0.586,0.208
MTR0001,2024-02-15 11:30:00,219.71,218.51,224.47,8.32,6.57,5.3,0.586,0.208
MTR0001,2024-02-15 11:45:00,219.71,218.51,224.47,8.32,6.57,5.3,0.586,0.208
MTR0001,2024-02-15 12:00:00,222.2,222.75,222.37,8.06,6.6,6.08,0.605,0.329
MTR0001,2024-02-15 12:15:00,222.2,222.75,222.37,8.06,6.6,6.08,0.605,0.329
MTR0001,2024-02-15 12:30:00,222.2,222.75,222.37,8.06,6.6,6.08,0.605,0.329
MTR0001,2024-02-15 12:45:00,222.2,222.75,222.37,8.06,6.6,6.08,0.605,0.329
MTR0001,2024-02-15 13:00:00,219.43,217.4,218.52,8.67,6.73,4.81,0.593,0.271
MTR0001,2024-02-15 13:15:00,219.43,217.4,218.52,8.67,6.73,4.81,0.593,0.271
MTR0001,2024-02-15 13:30:00,219.43,217.4,218.52,8.67,6.73,4.81,0.593,0.271
MTR0001,2024-02-15 13:45:00,219.43,217.4,218.52,8.67,6.73,4.81,0.593,0.271
MTR0001,2024-02-15 14:00:00,229.14,229.53,230.03,3.78,9.26,7.02,0.569,0.324
MTR0001,2024-02-15 14:15:00,229.14,229.53,230.03,3.78,9.26,7.02,0.569,0.324
MTR0001,2024-02-15 14:30:00,229.14,229.53,230.03,3.78,9.26,7.02,0.569,0.324
MTR0001,2024-02-15 14:45:00,229.14,229.53,230.03,3.78,9.26,7.02,0.569,0.324
MTR0001,2024-02-15 15:00:00,208.07,213.09,212.8,8.67,6.36,4.05,0.521,0.24
MTR0001,2024-02-15 15:15:00,208.07,213.09,212.8,8.67,6.36,4.05,0.521,0.24
MTR0001,2024-02-15 15:30:00,208.07,213.09,212.8,8.67,6.36,4.05,0.521,0.24
MTR0001,2024-02-15 15:45:00,208.07,213.09,212.8,8.67,6.36,4.05,0.521,0.24
MTR0001,2024-02-15 16:00:00,222.86,221.92,220.91,6.04,4.96,7.1,0.521,0.264
MTR0001,2024-02-15 16:15:00,222.86,221.92,220.91,6.04,4.96,7.1,0.521,0.264
MTR0001,2024-02-15 16:30:00,222.86,221.92,220.91,6.04,4.96,7.1,0.521,0.264
MTR0001,2024-02-15 16:45:00,222.86,221.92,220.91,6.04,4.96,7.1,0.521,0.264
MTR0001,2024-02-15 17:00:00,220.59,222.97,223.28,7.3,5.6,4.47,0.529,0.229
MTR0001,2024-02-15 17:15:00,220.59,222.97,223.28,7.3,5.6,4.47,0.529,0.229
MTR0001,2024-02-15 17:30:00,220.59,222.97,223.28,7.3,5.6,4.47,0.529,0.229
MTR0001,2024-02-15 17:45:00,220.59,222.97,223.28,7.3,5.6,4.47,0.529,0.229
MTR0001,2024-02-15 18:00:00,222.99,221.88,221.68,6.32,4.76,4.3,0.474,0.221
MTR0001,2024-02-15 18:15:00,222.99,221.88,221.68,6.32,4.76,4.3,0.474,0.221
MTR0001,2024-02-15 18:30:00,222.99,221.88,221.68,6.32,4.76,4.3,0.474,0.221
MTR0001,2024-02-15 18:45:00,222.99,221.88,221.68,6.32,4.76,4.3,0.474,0.221
MTR0001,2024-02-15 19:00:00,229.7,229.62,233.55,5.28,5.05,4.64,0.462,0.197
MTR0001,2024-02-15 19:15:00,229.7,229.62,233.55,5.28,5.05,4.64,0.462,0.197
MTR0001,2024-02-15 19:30:00,229.7,229.62,233.55,5.28,5.05,4.64,0.462,0.197
MTR0001,2024-02-15 19:45:00,229.7,229.62,233.55,5.28,5.05,4.64,0.462,0.197
MTR0001,2024-02-15 20:00:00,221.6,222.64,221.67,5.29,4.4,3.83,0.385,0.204
MTR0001,2024-02-15 20:15:00,221.6,222.64,221.67,5.29,4.4,3.83,0.385,0.204
MTR0001,2024-02-15 20:30:00,221.6,222.64,221.67,5.29,4.4,3.83,0.385,0.204
MTR0001,2024-02-15 20:45:00,221.6,222.64,221.67,5.29,4.4,3.83,0.385,0.204
MTR0001,2024-02-15 21:00:00,221.3,222.61,222.39,4.35,4.07,4.43,0.392,0.188
MTR0001,2024-02-15 21:15:00,221.3,222.61,222.39,4.35,4.07,4.43,0.392,0.188
MTR0001,2024-02-15 21:30:00,221.3,222.61,222.39,4.35,4.07,4.43,0.392,0.188
MTR0001,2024-02-15 21:45:00,221.3,222.61,222.39,4.35,4.07,4.43,0.392,0.188
MTR0001,2024-02-15 22:00:00,211.67,213.45,210.94,3.83,1.97,5.83,0.275,0.13
MTR0001,2024-02-15 22:15:00,211.67,213.45,210.94,3.83,1.97,5.83,0.275,0.13
MTR0001,2024-02-15 22:30:00,211.67,213.45,210.94,3.83,1.97,5.83,0.275,0.13
MTR0001,2024-02-15 22:45:00,211.67,213.45,210.94,3.83,1.97,5.83,0.275,0.13
MTR0001,2024-02-15 23:00:00,230.96,231.44,230.99,5.62,3.52,2.45,0.392,0.169
MTR0001,2024-02-15 23:15:00,230.96,231.44,230.99,5.62,3.52,2.45,0.392,0.169
MTR0001,2024-02-15 23:30:00,230.96,231.44,230.99,5.62,3.52,2.45,0.392,0.169
MTR0001,2024-02-15 23:45:00,230.96,231.44,230.99,5.62,3.52,2.45,0.392,0.169
MTR0001,2024-02-16 00:00:00,225.85,228.09,225.91,1.59,3.47,2.73,0.208,0.091
MTR0001,2024-02-16 00:15:00,225.85,228.09,225.91,1.59,3.47,2.73,0.208,0.091
MTR0001,2024-02-16 00:30:00,225.85,228.09,225.91,1.59,3.47,2.73,0.208,0.091
MTR0001,2024-02-16 00:45:00,225.85,228.09,225.91,1.59,3.47,2.73,0.208,0.091
MTR0001,2024-02-16 01:00:00,219.56,218.67,217.94,2.69,2.48,2.78,0.217,0.091
MTR0001,2024-02-16 01:15:00,219.56,218.67,217.94,2.69,2.48,2.78,0.217,0.091
MTR0001,2024-02-16 01:30:00,219.56,218.67,217.94,2.69,2.48,2.78,0.217,0.091
MTR0001,2024-02-16 01:45:00,219.56,218.67,217.94,2.69,2.48,2.78,0.217,0.091
MTR0001,2024-02-16 02:00:00,214.9,212.54,213.45,1.73,3.83,2.81,0.234,0.085
MTR0001,2024-02-16 02:15:00,214.9,212.54,213.45,1.73,3.83,2.81,0.234,0.085
MTR0001,2024-02-16 02:30:00,214.9,212.54,213.45,1.73,3.83,2.81,0.234,0.085
MTR0001,2024-02-16 02:45:00,214.9,212.54,213.45,1.73,3.83,2.81,0.234,0.085
MTR0001,2024-02-16 03:00:00,221.2,220.17,223.83,1.97,3.37,2.59,0.248,0.118
MTR0001,2024-02-16 03:15:00,221.2,220.17,223.83,1.97,3.37,2.59,0.248,0.118
MTR0001,2024-02-16 03:30:00,221.2,220.17,223.83,1.97,3.37,2.59,0.248,0.118
MTR0001,2024-02-16 03:45:00,221.2,220.17,223.83,1.97,3.37,2.59,0.248,0.118
MTR0001,2024-02-16 04:00:00,218.13,220.93,216.29,2.69,1.9,3.31,0.221,0.104
MTR0001,2024-02-16 04:15:00,218.13,220.93,216.29,2.69,1.9,3.31,0.221,0.104
MTR0001,2024-02-16 04:30:00,218.13,220.93,216.29,2.69,1.9,3.31,0.221,0.104
MTR0001,2024-02-16 04:45:00,218.13,220.93,216.29,2.69,1.9,3.31,0.221,0.104
MTR0001,2024-02-16 05:00:00,230.48,228.05,230.1,2.34,1.67,3.91,0.224,0.121
MTR0001,2024-02-16 05:15:00,230.48,228.05,230.1,2.34,1.67,3.91,0.224,0.121
MTR0001,2024-02-16 05:30:00,230.48,228.05,230.1,2.34,1.67,3.91,0.224,0.121
MTR0001,2024-02-16 05:45:00,230.48,228.05,230.1,2.34,1.67,3.91,0.224,0.121
MTR0001,2024-02-16 06:00:00,213.33,213.23,215.04,5.23,4.86,5.77,0.478,0.169
MTR0001,2024-02-16 06:15:00,213.33,213.23,215.04,5.23,4.86,5.77,0.478,0.169
MTR0001,2024-02-16 06:30:00,213.33,213.23,215.04,5.23,4.86,5.77,0.478,0.169
MTR0001,2024-02-16 06:45:00,213.33,213.23,215.04,5.23,4.86,5.77,0.478,0.169
MTR0001,2024-02-16 07:00:00,217.57,213.8,216.87,5.67,4.52,7.41,0.484,0.209
MTR0001,2024-02-16 07:15:00,217.57,213.8,216.87,5.67,4.52,7.41,0.484,0.209
MTR0001,2024-02-16 07:30:00,217.57,213.8,216.87,5.67,4.52,7.41,0.484,0.209
MTR0001,2024-02-16 07:45:00,217.57,213.8,216.87,5.67,4.52,7.41,0.484,0.209
MTR0001,2024-02-16 08:00:00,219.71,220.45,222.3,4.2,7.68,6.03,0.504,0.248
MTR0001,2024-02-16 08:15:00,219.71,220.45,222.3,4.2,7.68,6.03,0.504,0.248
MTR0001,2024-02-16 08:30:00,219.71,220.45,222.3,4.2,7.68,6.03,0.504,0.248
MTR0001,2024-02-16 08:45:00,219.71,220.45,222.3,4.2,7.68,6.03,0.504,0.248
MTR0001,2024-02-16 09:00:00,231.41,229.55,232.59,6.77,6.44,6.14,0.566,0.225
MTR0001,2024-02-16 09:15:00,231.41,229.55,232.59,6.77,6.44,6.14,0.566,0.225
MTR0001,2024-02-16 09:30:00,231.41,229.55,232.59,6.77,6.44,6.14,0.566,0.225
MTR0001,2024-02-16 09:45:00,231.41,229.55,232.59,6.77,6.44,6.14,0.566,0.225
MTR0001,2024-02-16 10:00:00,224.07,229.94,227.61,3.85,9.46,6.88,0.597,0.32
MTR0001,2024-02-16 10:15:00,224.07,229.94,227.61,3.85,9.46,6.88,0.597,0.32
MTR0001,2024-02-16 10:30:00,224.07,229.94,227.61,3.85,9.46,6.88,0.597,0.32
MTR0001,2024-02-16 10:45:00,224.07,229.94,227.61,3.85,9.46,6.88,0.597,0.32
MTR0001,2024-02-16 11:00:00,215.72,212.94,211.33,7.02,3.79,10.11,0.531,0.311
MTR0001,2024-02-16 11:15:00,215.72,212.94,211.33,7.02,3.79,10.11,0.531,0.311
MTR0001,2024-02-16 11:30:00,215.72,212.94,211.33,7.02,3.79,10.11,0.531,0.311
MTR0001,2024-02-16 11:45:00,215.72,212.94,211.33,7.02,3.79,10.11,0.531,0.311
MTR0001,2024-02-16 12:00:00,231.56,231.63,230.28,7.1,5.74,7.85,0.613,0.339
MTR0001,2024-02-16 12:15:00,231.56,231.63,230.28,7.1,5.74,7.85,0.613,0.339
MTR0001,2024-02-16 12:30:00,231.56,231.63,230.28,7.1,5.74,7.85,0.613,0.339
MTR0001,2024-02-16 12:45:00,231.56,231.63,230.28,7.1,5.74,7.85,0.613,0.339
MTR0001,2024-02-16 13:00:00,220.0,220.24,218.96,6.84,3.9,10.09,0.543,0.338
MTR0001,2024-02-16 13:15:00,220.0,220.24,218.96,6.84,3.9,10.09,0.543,0.338
MTR0001,2024-02-16 13:30:00,220.0,220.24,218.96,6.84,3.9,10.09,0.543,0.338
MTR0001,2024-02-16 13:45:00,220.0,220.24,218.96,6.84,3.9,10.09,0.543,0.338
MTR0001,2024-02-16 14:00:00,210.41,213.04,214.88,5.8,7.49,7.15,0.548,0.289
MTR0001,2024-02-16 14:15:00,210.41,213.04,214.88,5.8,7.49,7.15,0.548,0.289
MTR0001,2024-02-16 14:30:00,210.41,213.04,214.88,5.8,7.49,7.15,0.548,0.289
MTR0001,2024-02-16 14:45:00,210.41,213.04,214.88,5.8,7.49,7.15,0.548,0.289
MTR0001,2024-02-16 15:00:00,210.71,211.48,214.29,8.4,6.65,4.82,0.551,0.274
MTR0001,2024-02-16 15:15:00,210.71,211.48,214.29,8.4,6.65,4.82,0.551,0.274
MTR0001,2024-02-16 15:30:00,210.71,211.48,214.29,8.4,6.65,4.82,0.551,0.274
MTR0001,2024-02-16 15:45:00,210.71,211.48,214.29,8.4,6.65,4.82,0.551,0.274
MTR0001,2024-02-16 16:00:00,210.85,211.46,209.64,6.12,4.01,8.32,0.488,0.261
MTR0001,2024-02-16 16:15:00,210.85,211.46,209.64,6.12,4.01,8.32,0.488,0.261
MTR0001,2024-02-16 16:30:00,210.85,211.46,209.64,6.12,4.01,8.32,0.488,0.261
MTR0001,2024-02-16 16:45:00,210.85,211.46,209.64,6.12,4.01,8.32,0.488,0.261
MTR0001,2024-02-16 17:00:00,230.65,232.52,233.76,5.8,2.85,8.67,0.531,0.21
MTR0001,2024-02-16 17:15:00,230.65,232.52,233.76,5.8,2.85,8.67,0.531,0.21
MTR0001,2024-02-16 17:30:00,230.65,232.52,233.76,5.8,2.85,8.67,0.531,0.21
MTR0001,2024-02-16 17:45:00,230.65,232.52,233.76,5.8,2.85,8.67,0.531,0.21
MTR0001,2024-02-16 18:00:00,222.21,224.21,223.38,5.12,2.5,8.04,0.433,0.263
MTR0001,2024-02-16 18:15:00,222.21,224.21,223.38,5.12,2.5,8.04,0.433,0.263
MTR0001,2024-02-16 18:30:00,222.21,224.21,223.38,5.12,2.5,8.04,0.433,0.263
MTR0001,2024-02-16 18:45:00,222.21,224.21,223.38,5.12,2.5,8.04,0.433,0.263
MTR0001,2024-02-16 19:00:00,209.69,210.74,212.96,4.61,5.02,4.98,0.393,0.187
MTR0001,2024-02-16 19:15:00,209.69,210.74,212.96,4.61,5.02,4.98,0.393,0.187
MTR0001,2024-02-16 19:30:00,209.69,210.74,212.96,4.61,5.02,4.98,0.393,0.187
MTR0001,2024-02-16 19:45:00,209.69,210.74,212.96,4.61,5.02,4.98,0.393,0.187
MTR0001,2024-02-16 20:00:00,214.65,213.43,215.13,6.37,4.51,2.38,0.38,0.157
MTR0001,2024-02-16 20:15:00,214.65,213.43,215.13,6.37,4.51,2.38,0.38,0.157
MTR0001,2024-02-16 20:30:00,214.65,213.43,215.13,6.37,4.51,2.38,0.38,0.157
MTR0001,2024-02-16 20:45:00,214.65,213.43,215.13,6.37,4.51,2.38,0.38,0.157
MTR0001,2024-02-16 21:00:00,219.08,218.84,218.83,4.54,4.12,3.65,0.362,0.16
MTR0001,2024-02-16 21:15:00,219.08,218.84,218.83,4.54,4.12,3.65,0.362,0.16
MTR0001,2024-02-16 21:30:00,219.08,218.84,218.83,4.54,4.12,3.65,0.362,0.16
MTR0001,2024-02-16 21:45:00,219.08,218.84,218.83,4.54,4.12,3.65,0.362,0.16
MTR0001,2024-02-16 22:00:00,223.86,224.86,224.71,2.54,5.41,4.04,0.329,0.192
MTR0001,2024-02-16 22:15:00,223.86,224.86,224.71,2.54,5.41,4.04,0.329,0.192
MTR0001,2024-02-16 22:30:00,223.86,224.86,224.71,2.54,5.41,4.04,0.329,0.192
MTR0001,2024-02-16 22:45:00,223.86,224.86,224.71,2.54,5.41,4.04,0.329,0.192
MTR0001,2024-02-16 23:00:00,210.3,211.0,211.53,3.92,3.86,3.6,0.331,0.11
MTR0001,2024-02-16 23:15:00,210.3,211.0,211.53,3.92,3.86,3.6,0.331,0.11
MTR0001,2024-02-16 23:30:00,210.3,211.0,211.53,3.92,3.86,3.6,0.331,0.11
MTR0001,2024-02-16 23:45:00,210.3,211.0,211.53,3.92,3.86,3.6,0.331,0.11
MTR0001,2024-02-17 00:00:00,209.45,211.48,208.58,1.54,1.57,1.63,0.183,0.058
MTR0001,2024-02-17 00:15:00,209.45,211.48,208.58,1.95,1.97,2.08,0.218,0.073
MTR0001,2024-02-17 00:30:00,209.45,211.48,208.58,1.95,1.97,2.08,0.218,0.073
MTR0001,2024-02-17 00:45:00,209.45,211.48,208.58,1.95,1.97,2.08,0.218,0.073
MTR0001,2024-02-17 01:00:00,215.99,215.19,216.47,1.98,1.35,3.01,0.151,0.105
MTR0001,2024-02-17 01:15:00,215.99,215.19,216.47,1.73,1.2,2.67,0.131,0.093
MTR0001,2024-02-17 01:30:00,215.99,215.19,216.47,1.73,1.2,2.67,0.131,0.093
MTR0001,2024-02-17 01:45:00,215.99,215.19,216.47,1.73,1.2,2.67,0.131,0.093
MTR0001,2024-02-17 02:00:00,220.29,220.38,218.71,1.53,0.84,2.32,0.129,0.067
MTR0001,2024-02-17 02:15:00,220.29,220.38,218.71,1.5,0.83,2.28,0.127,0.066
MTR0001,2024-02-17 02:30:00,220.29,220.38,218.71,1.5,0.83,2.28,0.127,0.066
MTR0001,2024-02-17 02:45:00,220.29,220.38,218.71,1.5,0.83,2.28,0.127,0.066
MTR0001,2024-02-17 03:00:00,212.69,214.13,214.96,1.38,2.4,1.63,0.126,0.067
MTR0001,2024-02-17 03:15:00,212.69,214.13,214.96,1.43,2.48,1.69,0.132,0.069
MTR0001,2024-02-17 03:30:00,212.69,214.13,214.96,1.43,2.48,1.69,0.132,0.069
MTR0001,2024-02-17 03:45:00,212.69,214.13,214.96,1.43,2.48,1.69,0.132,0.069
MTR0001,2024-02-17 04:00:00,227.66,229.5,232.2,1.11,2.16,2.05,0.157,0.095
MTR0001,2024-02-17 04:15:00,227.66,229.5,232.2,0.97,1.88,1.83,0.139,0.084
MTR0001,2024-02-17 04:30:00,227.66,229.5,232.2,0.97,1.88,1.83,0.139,0.084
MTR0001,2024-02-17 04:45:00,227.66,229.5,232.2,0.97,1.88,1.83,0.139,0.084
MTR0001,2024-02-17 05:00:00,219.28,222.52,220.88,2.3,1.7,1.11,0.14,0.075
MTR0001,2024-02-17 05:15:00,219.28,222.52,220.88,2.39,1.76,1.16,0.146,0.077
MTR0001,2024-02-17 05:30:00,219.28,222.52,220.88,2.39,1.76,1.16,0.146,0.077
MTR0001,2024-02-17 05:45:00,219.28,222.52,220.88,2.39,1.76,1.16,0.146,0.077
MTR0001,2024-02-17 06:00:00,224.26,220.84,219.48,2.7,4.03,3.51,0.324,0.143
MTR0001,2024-02-17 06:15:00,224.26,220.84,219.48,2.97,4.47,3.88,0.355,0.158
MTR0001,2024-02-17 06:30:00,224.26,220.84,219.48,2.97,4.47,3.88,0.355,0.158
MTR0001,2024-02-17 06:45:00,224.26,220.84,219.48,2.97,4.47,3.88,0.355,0.158
MTR0001,2024-02-17 07:00:00,212.08,210.98,213.45,2.84,5.29,4.21,0.35,0.158
MTR0001,2024-02-17 07:15:00,212.08,210.98,213.45,2.81,5.25,4.18,0.347,0.156
MTR0001,2024-02-17 07:30:00,212.08,210.98,213.45,2.81,5.25,4.18,0.347,0.156
MTR0001,2024-02-17 07:45:00,212.08,210.98,213.45,2.81,5.25,4.18,0.347,0.156
MTR0001,2024-02-17 08:00:00,211.73,210.83,213.15,2.55,5.99,4.18,0.344,0.205
MTR0001,2024-02-17 08:15:00,211.73,210.83,213.15,2.75,6.48,4.54,0.372,0.222
MTR0001,2024-02-17 08:30:00,211.73,210.83,213.15,2.75,6.48,4.54,0.372,0.222
MTR0001,2024-02-17 08:45:00,211.73,210.83,213.15,2.75,6.48,4.54,0.372,0.222
MTR0001,2024-02-17 09:00:00,219.37,219.16,221.39,5.97,4.75,3.57,0.447,0.155
MTR0001,2024-02-17 09:15:00,219.37,219.16,221.39,6.06,4.82,3.62,0.453,0.157
MTR0001,2024-02-17 09:30:00,219.37,219.16,221.39,6.06,4.82,3.62,0.453,0.157
MTR0001,2024-02-17 09:45:00,219.37,219.16,221.39,6.06,4.82,3.62,0.453,0.157
MTR0001,2024-02-17 10:00:00,231.91,229.62,228.66,4.17,6.14,5.43,0.468,0.254
MTR0001,2024-02-17 10:15:00,231.91,229.62,228.66,3.83,5.62,4.99,0.43,0.234
MTR0001,2024-02-17 10:30:00,231.91,229.62,228.66,3.83,5.62,4.99,0.43,0.234
MTR0001,2024-02-17 10:45:00,231.91,229.62,228.66,3.83,5.62,4.99,0.43,0.234
MTR0001,2024-02-17 11:00:00,225.39,228.65,226.63,5.78,4.8,3.82,0.432,0.201
MTR0001,2024-02-17 11:15:00,225.39,228.65,226.63,5.69,4.73,3.76,0.425,0.198
MTR0001,2024-02-17 11:30:00,225.39,228.65,226.63,5.69,4.73,3.76,0.425,0.198
MTR0001,2024-02-17 11:45:00,225.39,228.65,226.63,5.69,4.73,3.76,0.425,0.198
MTR0001,2024-02-17 12:00:00,221.46,222.41,225.34,3.69,5.5,4.99,0.427,0.146
MTR0001,2024-02-17 12:15:00,221.46,222.41,225.34,3.68,5.48,4.97,0.426,0.146
MTR0001,2024-02-17 12:30:00,221.46,222.41,225.34,3.68,5.48,4.97,0.426,0.146
MTR0001,2024-02-17 12:45:00,221.46,222.41,225.34,3.68,5.48,4.97,0.426,0.146
MTR0001,2024-02-17 13:00:00,224.18,223.95,224.15,4.72,3.71,5.59,0.407,0.15
MTR0001,2024-02-17 13:15:00,224.18,223.95,224.15,5.3,4.17,6.31,0.461,0.169
MTR0001,2024-02-17 13:30:00,224.18,223.95,224.15,5.3,4.17,6.31,0.461,0.169
MTR0001,2024-02-17 13:45:00,224.18,223.95,224.15,5.3,4.17,6.31,0.461,0.169
MTR0001,2024-02-17 14:00:00,213.92,215.24,212.23,5.1,4.0,6.52,0.399,0.248
MTR0001,2024-02-17 14:15:00,213.92,215.24,212.23,4.04,3.2,5.15,0.313,0.197
MTR0001,2024-02-17 14:30:00,213.92,215.24,212.23,4.04,3.2,5.15,0.313,0.197
MTR0001,2024-02-17 14:45:00,213.92,215.24,212.23,4.04,3.2,5.15,0.313,0.197
MTR0001,2024-02-17 15:00:00,227.97,230.79,229.18,3.57,4.19,4.2,0.382,0.135
MTR0001,2024-02-17 15:15:00,227.97,230.79,229.18,3.68,4.3,4.31,0.392,0.139
MTR0001,2024-02-17 15:30:00,227.97,230.79,229.18,3.68,4.3,4.31,0.392,0.139
MTR0001,2024-02-17 15:45:00,227.97,230.79,229.18,3.68,4.3,4.31,0.392,0.139
MTR0001,2024-02-17 16:00:00,225.98,227.07,229.69,3.41,3.82,4.08,0.338,0.174
MTR0001,2024-02-17 16:15:00,225.98,227.07,229.69,3.52,3.94,4.2,0.349,0.179
MTR0001,2024-02-17 16:30:00,225.98,227.07,229.69,3.52,3.94,4.2,0.349,0.179
MTR0001,2024-02-17 16:45:00,225.98,227.07,229.69,3.52,3.94,4.2,0.349,0.179
MTR0001,2024-02-17 17:00:00,212.92,216.44,212.97,3.8,3.75,3.5,0.321,0.121
MTR0001,2024-02-17 17:15:00,212.92,216.44,212.97,4.02,3.95,3.69,0.339,0.127
MTR0001,2024-02-17 17:30:00,212.92,216.44,212.97,4.02,3.95,3.69,0.339,0.127
MTR0001,2024-02-17 17:45:00,212.92,216.44,212.97,4.02,3.95,3.69,0.339,0.127
MTR0001,2024-02-17 18:00:00,227.21,222.58,224.1,3.56,3.1,3.45,0.284,0.137
MTR0001,2024-02-17 18:15:00,227.21,222.58,224.1,3.68,3.22,3.57,0.295,0.142
MTR0001,2024-02-17 18:30:00,227.21,222.58,224.1,3.68,3.22,3.57,0.295,0.142
MTR0001,2024-02-17 18:45:00,227.21,222.58,224.1,3.68,3.22,3.57,0.295,0.142
MTR0001,2024-02-17 19:00:00,220.15,219.6,225.74,3.54,2.37,4.45,0.304,0.149
MTR0001,2024-02-17 19:15:00,220.15,219.6,225.74,3.06,2.0,3.83,0.263,0.127
MTR0001,2024-02-17 19:30:00,220.15,219.6,225.74,3.06,2.0,3.83,0.263,0.127
MTR0001,2024-02-17 19:45:00,220.15,219.6,225.74,3.06,2.0,3.83,0.263,0.127
MTR0001,2024-02-17 20:00:00,214.42,218.92,217.96,3.92,2.48,1.44,0.246,0.116
MTR0001,2024-02-17 20:15:00,214.42,218.92,217.96,4.89,3.16,1.85,0.303,0.145
MTR0001,2024-02-17 20:30:00,214.42,218.92,217.96,4.89,3.16,1.85,0.303,0.145
MTR0001,2024-02-17 20:45:00,214.42,218.92,217.96,4.89,3.16,1.85,0.303,0.145
MTR0001,2024-02-17 21:00:00,215.33,215.35,214.92,3.35,3.24,2.67,0.241,0.097
MTR0001,2024-02-17 21:15:00,215.33,215.35,214.92,3.55,3.41,2.83,0.256,0.103
MTR0001,2024-02-17 21:30:00,215.33,215.35,214.92,3.55,3.41,2.83,0.256,0.103
MTR0001,2024-02-17 21:45:00,215.33,215.35,214.92,3.55,3.41,2.83,0.256,0.103
MTR0001,2024-02-17 22:00:00,214.97,215.0,214.34,1.43,4.88,3.22,0.243,0.108
MTR0001,2024-02-17 22:15:00,214.97,215.0,214.34,1.08,3.85,2.5,0.182,0.083
MTR0001,2024-02-17 22:30:00,214.97,215.0,214.34,1.08,3.85,2.5,0.182,0.083
MTR0001,2024-02-17 22:45:00,214.97,215.0,214.34,1.08,3.85,2.5,0.182,0.083
MTR0001,2024-02-17 23:00:00,218.88,221.18,221.44,2.14,1.41,3.08,0.222,0.09
MTR0001,2024-02-17 23:15:00,218.88,221.18,221.44,2.61,1.74,3.71,0.263,0.11
MTR0001,2024-02-17 23:30:00,218.88,221.18,221.44,2.61,1.74,3.71,0.263,0.11
MTR0001,2024-02-17 23:45:00,218.88,221.18,221.44,2.61,1.74,3.71,0.263,0.11
MTR0001,2024-02-18 00:00:00,221.73,224.46,222.46,1.61,1.63,1.1,0.124,0.046
MTR0001,2024-02-18 00:15:00,221.73,224.46,222.46,1.58,1.6,1.07,0.121,0.045
MTR0001,2024-02-18 00:30:00,221.73,224.46,222.46,1.58,1.6,1.07,0.121,0.045
MTR0001,2024-02-18 00:45:00,221.73,224.46,222.46,1.58,1.6,1.07,0.121,0.045
MTR0001,2024-02-18 01:00:00,216.73,217.45,214.69,1.34,0.87,2.08,0.11,0.077
MTR0001,2024-02-18 01:15:00,216.73,217.45,214.69,1.11,0.75,1.74,0.091,0.066
MTR0001,2024-02-18 01:30:00,216.73,217.45,214.69,1.11,0.75,1.74,0.091,0.066
MTR0001,2024-02-18 01:45:00,216.73,217.45,214.69,1.11,0.75,1.74,0.091,0.066
MTR0001,2024-02-18 02:00:00,225.58,228.54,225.77,1.6,1.13,1.05,0.116,0.043
MTR0001,2024-02-18 02:15:00,225.58,228.54,225.77,1.92,1.37,1.22,0.139,0.051
MTR0001,2024-02-18 02:30:00,225.58,228.54,225.77,1.92,1.37,1.22,0.139,0.051
MTR0001,2024-02-18 02:45:00,225.58,228.54,225.77,1.92,1.37,1.22,0.139,0.051
MTR0001,2024-02-18 03:00:00,214.04,214.38,216.52,1.26,1.19,1.54,0.115,0.057
MTR0001,2024-02-18 03:15:00,214.04,214.38,216.52,1.23,1.16,1.51,0.112,0.056
MTR0001,2024-02-18 03:30:00,214.04,214.38,216.52,1.23,1.16,1.51,0.112,0.056
MTR0001,2024-02-18 03:45:00,214.04,214.38,216.52,1.23,1.16,1.51,0.112,0.056
MTR0001,2024-02-18 04:00:00,221.93,224.38,220.63,0.71,1.88,1.45,0.089,0.065
MTR0001,2024-02-18 04:15:00,221.93,224.38,220.63,0.67,1.81,1.4,0.085,0.062
MTR0001,2024-02-18 04:30:00,221.93,224.38,220.63,0.67,1.81,1.4,0.085,0.062
MTR0001,2024-02-18 04:45:00,221.93,224.38,220.63,0.67,1.81,1.4,0.085,0.062
MTR0001,2024-02-18 05:00:00,220.55,223.67,224.45,1.45,1.15,1.63,0.152,0.057
MTR0001,2024-02-18 05:15:00,220.55,223.67,224.45,1.45,1.15,1.63,0.152,0.057
MTR0001,2024-02-18 05:30:00,220.55,223.67,224.45,1.45,1.15,1.63,0.152,0.057
MTR0001,2024-02-18 05:45:00,220.55,223.67,224.45,1.45,1.15,1.63,0.152,0.057
MTR0001,2024-02-18 06:00:00,223.19,224.84,225.21,1.13,3.94,2.85,0.237,0.118
MTR0001,2024-02-18 06:15:00,223.19,224.84,225.21,1.29,4.37,3.15,0.262,0.132
MTR0001,2024-02-18 06:30:00,223.19,224.84,225.21,1.29,4.37,3.15,0.262,0.132
MTR0001,2024-02-18 06:45:00,223.19,224.84,225.21,1.29,4.37,3.15,0.262,0.132
MTR0001,2024-02-18 07:00:00,220.33,223.94,221.83,1.98,4.35,3.43,0.29,0.127
MTR0001,2024-02-18 07:15:00,220.33,223.94,221.83,1.96,4.3,3.39,0.287,0.125
MTR0001,2024-02-18 07:30:00,220.33,223.94,221.83,1.96,4.3,3.39,0.287,0.125
MTR0001,2024-02-18 07:45:00,220.33,223.94,221.83,1.96,4.3,3.39,0.287,0.125
MTR0001,2024-02-18 08:00:00,228.23,225.47,228.05,1.82,4.78,3.79,0.314,0.127
MTR0001,2024-02-18 08:15:00,228.23,225.47,228.05,1.79,4.71,3.74,0.31,0.126
MTR0001,2024-02-18 08:30:00,228.23,225.47,228.05,1.79,4.71,3.74,0.31,0.126
MTR0001,2024-02-18 08:45:00,228.23,225.47,228.05,1.79,4.71,3.74,0.31,0.126
MTR0001,2024-02-18 09:00:00,215.12,210.37,210.39,4.59,3.67,2.56,0.299,0.167
MTR0001,2024-02-18 09:15:00,215.12,210.37,210.39,4.26,3.42,2.39,0.279,0.156
MTR0001,2024-02-18 09:30:00,215.12,210.37,210.39,4.26,3.42,2.39,0.279,0.156
MTR0001,2024-02-18 09:45:00,215.12,210.37,210.39,4.26,3.42,2.39,0.279,0.156
MTR0001,2024-02-18 10:00:00,227.54,228.49,227.81,3.59,3.45,3.7,0.304,0.157
MTR0001,2024-02-18 10:15:00,227.54,228.49,227.81,3.19,3.07,3.28,0.269,0.139
MTR0001,2024-02-18 10:30:00,227.54,228.49,227.81,3.19,3.07,3.28,0.269,0.139
MTR0001,2024-02-18 10:45:00,227.54,228.49,227.81,3.19,3.07,3.28,0.269,0.139
MTR0001,2024-02-18 11:00:00,217.47,217.36,213.71,3.46,2.46,3.45,0.271,0.133
MTR0001,2024-02-18 11:15:00,217.47,217.36,213.71,3.76,2.71,3.8,0.296,0.146
MTR0001,2024-02-18 11:30:00,217.47,217.36,213.71,3.76,2.71,3.8,0.296,0.146
MTR0001,2024-02-18 11:45:00,217.47,217.36,213.71,3.76,2.71,3.8,0.296,0.146
MTR0001,2024-02-18 12:00:00,207.63,212.0,209.71,3.48,2.25,4.72,0.258,0.166
MTR0001,2024-02-18 12:15:00,207.63,212.0,209.71,3.57,2.3,4.85,0.265,0.171
MTR0001,2024-02-18 12:30:00,207.63,212.0,209.71,3.57,2.3,4.85,0.265,0.171
MTR0001,2024-02-18 12:45:00,207.63,212.0,209.71,3.57,2.3,4.85,0.265,0.171
MTR0001,2024-02-18 13:00:00,226.09,226.77,225.28,3.55,2.42,4.6,0.322,0.101
MTR0001,2024-02-18 13:15:00,226.09,226.77,225.28,3.34,2.27,4.33,0.302,0.095
MTR0001,2024-02-18 13:30:00,226.09,226.77,225.28,3.34,2.27,4.33,0.302,0.095
MTR0001,2024-02-18 13:45:00,226.09,226.77,225.28,3.34,2.27,4.33,0.302,0.095
MTR0001,2024-02-18 14:00:00,228.33,225.87,225.29,1.98,4.31,3.21,0.286,0.143
MTR0001,2024-02-18 14:15:00,228.33,225.87,225.29,2.39,5.21,3.89,0.344,0.173
MTR0001,2024-02-18 14:30:00,228.33,225.87,225.29,2.39,5.21,3.89,0.344,0.173
MTR0001,2024-02-18 14:45:00,228.33,225.87,225.29,2.39,5.21,3.89,0.344,0.173
MTR0001,2024-02-18 15:00:00,209.48,209.57,210.29,3.87,3.17,4.18,0.297,0.136
MTR0001,2024-02-18 15:15:00,209.48,209.57,210.29,2.99,2.41,3.17,0.224,0.104
MTR0001,2024-02-18 15:30:00,209.48,209.57,210.29,2.99,2.41,3.17,0.224,0.104
MTR0001,2024-02-18 15:45:00,209.48,209.57,210.29,2.99,2.41,3.17,0.224,0.104
MTR0001,2024-02-18 16:00:00,211.18,212.43,210.69,2.55,1.55,3.88,0.221,0.113
MTR0001,2024-02-18 16:15:00,211.18,212.43,210.69,2.81,1.69,4.27,0.242,0.125
MTR0001,2024-02-18 16:30:00,211.18,212.43,210.69,2.81,1.69,4.27,0.242,0.125
MTR0001,2024-02-18 16:45:00,211.18,212.43,210.69,2.81,1.69,4.27,0.242,0.125
MTR0001,2024-02-18 17:00:00,226.29,227.0,225.89,2.72,2.29,3.66,0.266,0.096
MTR0001,2024-02-18 17:15:00,226.29,227.0,225.89,3.25,2.69,4.33,0.316,0.113
MTR0001,2024-02-18 17:30:00,226.29,227.0,225.89,3.25,2.69,4.33,0.316,0.113
MTR0001,2024-02-18 17:45:00,226.29,227.0,225.89,3.25,2.69,4.33,0.316,0.113
MTR0001,2024-02-18 18:00:00,213.09,212.79,214.72,3.02,3.1,3.11,0.268,0.121
MTR0001,2024-02-18 18:15:00,213.09,212.79,214.72,3.0,3.08,3.09,0.266,0.12
MTR0001,2024-02-18 18:30:00,213.09,212.79,214.72,3.0,3.08,3.09,0.266,0.12
MTR0001,2024-02-18 18:45:00,213.09,212.79,214.72,3.0,3.08,3.09,0.266,0.12
MTR0001,2024-02-18 19:00:00,210.86,211.53,212.28,3.06,2.81,2.46,0.242,0.114
MTR0001,2024-02-18 19:15:00,210.86,211.53,212.28,2.6,2.39,2.05,0.206,0.097
MTR0001,2024-02-18 19:30:00,210.86,211.53,212.28,2.6,2.39,2.05,0.206,0.097
MTR0001,2024-02-18 19:45:00,210.86,211.53,212.28,2.6,2.39,2.05,0.206,0.097
MTR0001,2024-02-18 20:00:00,230.64,232.41,231.42,2.26,1.11,3.41,0.209,0.099
MTR0001,2024-02-18 20:15:00,230.64,232.41,231.42,1.95,0.95,2.93,0.181,0.083
MTR0001,2024-02-18 20:30:00,230.64,232.41,231.42,1.95,0.95,2.93,0.181,0.083
MTR0001,2024-02-18 20:45:00,230.64,232.41,231.42,1.95,0.95,2.93,0.181,0.083
MTR0001,2024-02-18 21:00:00,217.62,215.44,214.73,1.76,0.72,2.54,0.151,0.089
MTR0001,2024-02-18 21:15:00,217.62,215.44,214.73,2.34,1.02,3.44,0.199,0.118
MTR0001,2024-02-18 21:30:00,217.62,215.44,214.73,2.34,1.02,3.44,0.199,0.118
MTR0001,2024-02-18 21:45:00,217.62,215.44,214.73,2.34,1.02,3.44,0.199,0.118
MTR0001,2024-02-18 22:00:00,210.99,210.28,208.03,2.19,2.42,2.39,0.2,0.09
MTR0001,2024-02-18 22:15:00,210.99,210.28,208.03,1.85,2.04,2.01,0.169,0.075
MTR0001,2024-02-18 22:30:00,210.99,210.28,208.03,1.85,2.04,2.01,0.169,0.075
MTR0001,2024-02-18 22:45:00,210.99,210.28,208.03,1.85,2.04,2.01,0.169,0.075
MTR0001,2024-02-18 23:00:00,222.21,220.57,222.42,2.27,1.66,1.17,0.127,0.08
MTR0001,2024-02-18 23:15:00,222.21,220.57,222.42,2.25,1.65,1.17,0.126,0.079
MTR0001,2024-02-18 23:30:00,222.21,220.57,222.42,2.25,1.65,1.17,0.126,0.079
MTR0001,2024-02-18 23:45:00,222.21,220.57,222.42,2.25,1.65,1.17,0.126,0.079
MTR0001,2024-02-19 00:00:00,214.1,218.19,217.47,2.64,1.64,3.55,0.21,0.12
MTR0001,2024-02-19 00:15:00,214.1,218.19,217.47,2.64,1.64,3.55,0.21,0.12
MTR0001,2024-02-19 00:30:00,214.1,218.19,217.47,2.64,1.64,3.55,0.21,0.12
MTR0001,2024-02-19 00:45:00,214.1,218.19,217.47,2.64,1.64,3.55,0.21,0.12
MTR0001,2024-02-19 01:00:00,220.5,221.94,223.51,2.54,1.73,3.67,0.241,0.116
MTR0001,2024-02-19 01:15:00,220.5,221.94,223.51,2.54,1.73,3.67,0.241,0.116
MTR0001,2024-02-19 01:30:00,220.5,221.94,223.51,2.54,1.73,3.67,0.241,0.116
MTR0001,2024-02-19 01:45:00,220.5,221.94,223.51,2.54,1.73,3.67,0.241,0.116
MTR0001,2024-02-19 02:00:00,228.74,231.11,230.14,1.92,3.24,2.57,0.208,0.107
MTR0001,2024-02-19 02:15:00,228.74,231.11,230.14,1.92,3.24,2.57,0.208,0.107
MTR0001,2024-02-19 02:30:00,228.74,231.11,230.14,1.92,3.24,2.57,0.208,0.107
MTR0001,2024-02-19 02:45:00,228.74,231.11,230.14,1.92,3.24,2.57,0.208,0.107
MTR0001,2024-02-19 03:00:00,217.83,220.31,217.72,1.23,3.76,2.7,0.222,0.107
MTR0001,2024-02-19 03:15:00,217.83,220.31,217.72,1.23,3.76,2.7,0.222,0.107
MTR0001,2024-02-19 03:30:00,217.83,220.31,217.72,1.23,3.76,2.7,0.222,0.107
MTR0001,2024-02-19 03:45:00,217.83,220.31,217.72,1.23,3.76,2.7,0.222,0.107
MTR0001,2024-02-19 04:00:00,224.53,227.83,225.0,1.47,4.01,2.71,0.269,0.091
MTR0001,2024-02-19 04:15:00,224.53,227.83,225.0,1.47,4.01,2.71,0.269,0.091
MTR0001,2024-02-19 04:30:00,224.53,227.83,225.0,1.47,4.01,2.71,0.269,0.091
MTR0001,2024-02-19 04:45:00,224.53,227.83,225.0,1.47,4.01,2.71,0.269,0.091
MTR0001,2024-02-19 05:00:00,223.11,222.45,225.87,2.67,1.54,3.71,0.211,0.122
MTR0001,2024-02-19 05:15:00,223.11,222.45,225.87,2.67,1.54,3.71,0.211,0.122
MTR0001,2024-02-19 05:30:00,223.11,222.45,225.87,2.67,1.54,3.71,0.211,0.122
MTR0001,2024-02-19 05:45:00,223.11,222.45,225.87,2.67,1.54,3.71,0.211,0.122
MTR0001,2024-02-19 06:00:00,215.87,217.44,215.43,4.11,6.39,5.31,0.45,0.208
MTR0001,2024-02-19 06:15:00,215.87,217.44,215.43,4.11,6.39,5.31,0.45,0.208
MTR0001,2024-02-19 06:30:00,215.87,217.44,215.43,4.11,6.39,5.31,0.45,0.208
MTR0001,2024-02-19 06:45:00,215.87,217.44,215.43,4.11,6.39,5.31,0.45,0.208
MTR0001,2024-02-19 07:00:00,219.44,220.59,221.28,5.14,6.24,5.94,0.471,0.297
MTR0001,2024-02-19 07:15:00,219.44,220.59,221.28,5.14,6.24,5.94,0.471,0.297
MTR0001,2024-02-19 07:30:00,219.44,220.59,221.28,5.14,6.24,5.94,0.471,0.297
MTR0001,2024-02-19 07:45:00,219.44,220.59,221.28,5.14,6.24,5.94,0.471,0.297
MTR0001,2024-02-19 08:00:00,227.68,229.27,228.27,3.98,8.05,6.32,0.529,0.217
MTR0001,2024-02-19 08:15:00,227.68,229.27,228.27,3.98,8.05,6.32,0.529,0.217
MTR0001,2024-02-19 08:30:00,227.68,229.27,228.27,3.98,8.05,6.32,0.529,0.217
MTR0001,2024-02-19 08:45:00,227.68,229.27,228.27,3.98,8.05,6.32,0.529,0.217
MTR0001,2024-02-19 09:00:00,212.97,212.88,216.22,7.96,6.34,4.44,0.54,0.259
MTR0001,2024-02-19 09:15:00,212.97,212.88,216.22,7.96,6.34,4.44,0.54,0.259
MTR0001,2024-02-19 09:30:00,212.97,212.88,216.22,7.96,6.34,4.44,0.54,0.259
MTR0001,2024-02-19 09:45:00,212.97,212.88,216.22,7.96,6.34,4.44,0.54,0.259
MTR0001,2024-02-19 10:00:00,209.02,210.38,210.21,6.53,5.45,8.46,0.533,0.315
MTR0001,2024-02-19 10:15:00,209.02,210.38,210.21,6.53,5.45,8.46,0.533,0.315
MTR0001,2024-02-19 10:30:00,209.02,210.38,210.21,6.53,5.45,8.46,0.533,0.315
MTR0001,2024-02-19 10:45:00,209.02,210.38,210.21,6.53,5.45,8.46,0.533,0.315
MTR0001,2024-02-19 11:00:00,216.31,215.6,214.76,8.13,6.7,5.46,0.578,0.279
MTR0001,2024-02-19 11:15:00,216.31,215.6,214.76,8.13,6.7,5.46,0.578,0.279
MTR0001,2024-02-19 11:30:00,216.31,215.6,214.76,8.13,6.7,5.46,0.578,0.279
MTR0001,2024-02-19 11:45:00,216.31,215.6,214.76,8.13,6.7,5.46,0.578,0.279
MTR0001,2024-02-19 12:00:00,224.06,227.08,226.54,5.58,8.22,6.92,0.618,0.243
MTR0001,2024-02-19 12:15:00,224.06,227.08,226.54,5.58,8.22,6.92,0.618,0.243
MTR0001,2024-02-19 12:30:00,224.06,227.08,226.54,5.58,8.22,6.92,0.618,0.243
MTR0001,2024-02-19 12:45:00,224.06,227.08,226.54,5.58,8.22,6.92,0.618,0.243
MTR0001,2024-02-19 13:00:00,225.58,229.05,225.42,9.84,6.64,3.78,0.573,0.334
MTR0001,2024-02-19 13:15:00,225.58,229.05,225.42,9.84,6.64,3.78,0.573,0.334
MTR0001,2024-02-19 13:30:00,225.58,229.05,225.42,9.84,6.64,3.78,0.573,0.334
MTR0001,2024-02-19 13:45:00,225.58,229.05,225.42,9.84,6.64,3.78,0.573,0.334
MTR0001,2024-02-19 14:00:00,213.85,209.73,212.21,6.78,3.32,9.94,0.555,0.243
MTR0001,2024-02-19 14:15:00,213.85,209.73,212.21,6.78,3.32,9.94,0.555,0.243
MTR0001,2024-02-19 14:30:00,213.85,209.73,212.21,6.78,3.32,9.94,0.555,0.243
MTR0001,2024-02-19 14:45:00,213.85,209.73,212.21,6.78,3.32,9.94,0.555,0.243
MTR0001,2024-02-19 15:00:00,213.63,212.62,212.47,8.48,5.91,4.1,0.528,0.184
MTR0001,2024-02-19 15:15:00,213.63,212.62,212.47,8.48,5.91,4.1,0.528,0.184
MTR0001,2024-02-19 15:30:00,213.63,212.62,212.47,8.48,5.91,4.1,0.528,0.184
MTR0001,2024-02-19 15:45:00,213.63,212.62,212.47,8.48,5.91,4.1,0.528,0.184
MTR0001,2024-02-19 16:00:00,224.04,224.66,223.43,5.97,3.47,8.89,0.511,0.299
MTR0001,2024-02-19 16:15:00,224.04,224.66,223.43,5.97,3.47,8.89,0.511,0.299
MTR0001,2024-02-19 16:30:00,224.04,224.66,223.43,5.97,3.47,8.89,0.511,0.299
MTR0001,2024-02-19 16:45:00,224.04,224.66,223.43,5.97,3.47,8.89,0.511,0.299
MTR0001,2024-02-19 17:00:00,219.63,222.1,218.98,5.44,3.02,8.93,0.527,0.206
MTR0001,2024-02-19 17:15:00,219.63,222.1,218.98,5.44,3.02,8.93,0.527,0.206
MTR0001,2024-02-19 17:30:00,219.63,222.1,218.98,5.44,3.02,8.93,0.527,0.206
MTR0001,2024-02-19 17:45:00,219.63,222.1,218.98,5.44,3.02,8.93,0.527,0.206
MTR0001,2024-02-19 18:00:00,229.94,229.45,230.62,4.48,5.92,5.48,0.48,0.248
MTR0001,2024-02-19 18:15:00,229.94,229.45,230.62,4.48,5.92,5.48,0.48,0.248
MTR0001,2024-02-19 18:30:00,229.94,229.45,230.62,4.48,5.92,5.48,0.48,0.248
MTR0001,2024-02-19 18:45:00,229.94,229.45,230.62,4.48,5.92,5.48,0.48,0.248
MTR0001,2024-02-19 19:00:00,219.67,219.21,221.04,3.12,6.62,5.07,0.408,0.206
MTR0001,2024-02-19 19:15:00,219.67,219.21,221.04,3.12,6.62,5.07,0.408,0.206
MTR0001,2024-02-19 19:30:00,219.67,219.21,221.04,3.12,6.62,5.07,0.408,0.206
MTR0001,2024-02-19 19:45:00,219.67,219.21,221.04,3.12,6.62,5.07,0.408,0.206
MTR0001,2024-02-19 20:00:00,226.27,227.79,223.83,4.64,4.42,4.18,0.393,0.15
MTR0001,2024-02-19 20:15:00,226.27,227.79,223.83,4.64,4.42,4.18,0.393,0.15
MTR0001,2024-02-19 20:30:00,226.27,227.79,223.83,4.64,4.42,4.18,0.393,0.15
MTR0001,2024-02-19 20:45:00,226.27,227.79,223.83,4.64,4.42,4.18,0.393,0.15
MTR0001,2024-02-19 21:00:00,222.81,221.84,221.66,5.85,4.07,2.53,0.33,0.211
MTR0001,2024-02-19 21:15:00,222.81,221.84,221.66,5.85,4.07,2.53,0.33,0.211
MTR0001,2024-02-19 21:30:00,222.81,221.84,221.66,5.85,4.07,2.53,0.33,0.211
MTR0001,2024-02-19 21:45:00,222.81,221.84,221.66,5.85,4.07,2.53,0.33,0.211
MTR0001,2024-02-19 22:00:00,214.44,215.62,215.38,3.91,3.96,4.02,0.355,0.147
MTR0001,2024-02-19 22:15:00,214.44,215.62,215.38,3.91,3.96,4.02,0.355,0.147
MTR0001,2024-02-19 22:30:00,214.44,215.62,215.38,3.91,3.96,4.02,0.355,0.147
MTR0001,2024-02-19 22:45:00,214.44,215.62,215.38,3.91,3.96,4.02,0.355,0.147
MTR0001,2024-02-19 23:00:00,218.98,216.25,218.2,3.46,3.93,3.57,0.262,0.174
MTR0001,2024-02-19 23:15:00,218.98,216.25,218.2,3.46,3.93,3.57,0.262,0.174
MTR0001,2024-02-19 23:30:00,218.98,216.25,218.2,3.46,3.93,3.57,0.262,0.174
MTR0001,2024-02-19 23:45:00,218.98,216.25,218.2,3.46,3.93,3.57,0.262,0.174
MTR0001,2024-02-20 00:00:00,216.84,217.95,218.06,3.58,2.6,1.66,0.177,0.127
MTR0001,2024-02-20 00:15:00,216.84,217.95,218.06,3.58,2.6,1.66,0.177,0.127
MTR0001,2024-02-20 00:30:00,216.84,217.95,218.06,3.58,2.6,1.66,0.177,0.127
MTR0001,2024-02-20 00:45:00,216.84,217.95,218.06,3.58,2.6,1.66,0.177,0.127
MTR0001,2024-02-20 01:00:00,218.91,217.4,217.34,2.6,1.58,3.98,0.214,0.135
MTR0001,2024-02-20 01:15:00,218.91,217.4,217.34,2.6,1.58,3.98,0.214,0.135
MTR0001,2024-02-20 01:30:00,218.91,217.4,217.34,2.6,1.58,3.98,0.214,0.135
MTR0001,2024-02-20 01:45:00,218.91,217.4,217.34,2.6,1.58,3.98,0.214,0.135
MTR0001,2024-02-20 02:00:00,212.4,215.29,213.85,3.51,2.59,1.66,0.256,0.1
MTR0001,2024-02-20 02:15:00,212.4,215.29,213.85,3.51,2.59,1.66,0.256,0.1
MTR0001,2024-02-20 02:30:00,212.4,215.29,213.85,3.51,2.59,1.66,0.256,0.1
MTR0001,2024-02-20 02:45:00,212.4,215.29,213.85,3.51,2.59,1.66,0.256,0.1
MTR0001,2024-02-20 03:00:00,211.38,217.18,211.17,2.72,1.38,3.88,0.203,0.107
MTR0001,2024-02-20 03:15:00,211.38,217.18,211.17,2.72,1.38,3.88,0.203,0.107
MTR0001,2024-02-20 03:30:00,211.38,217.18,211.17,2.72,1.38,3.88,0.203,0.107
MTR0001,2024-02-20 03:45:00,211.38,217.18,211.17,2.72,1.38,3.88,0.203,0.107
MTR0001,2024-02-20 04:00:00,214.16,215.22,216.83,2.74,2.24,3.07,0.235,0.124
MTR0001,2024-02-20 04:15:00,214.16,215.22,216.83,2.74,2.24,3.07,0.235,0.124
MTR0001,2024-02-20 04:30:00,214.16,215.22,216.83,2.74,2.24,3.07,0.235,0.124
MTR0001,2024-02-20 04:45:00,214.16,215.22,216.83,2.74,2.24,3.07,0.235,0.124
MTR0001,2024-02-20 05:00:00,227.39,231.37,232.16,2.62,2.22,3.02,0.216,0.126
MTR0001,2024-02-20 05:15:00,227.39,231.37,232.16,2.62,2.22,3.02,0.216,0.126
MTR0001,2024-02-20 05:30:00,227.39,231.37,232.16,2.62,2.22,3.02,0.216,0.126
MTR0001,2024-02-20 05:45:00,227.39,231.37,232.16,2.62,2.22,3.02,0.216,0.126
MTR0001,2024-02-20 06:00:00,212.64,214.54,214.7,5.28,2.76,8.01,0.439,0.199
MTR0001,2024-02-20 06:15:00,212.64,214.54,214.7,5.28,2.76,8.01,0.439,0.199
MTR0001,2024-02-20 06:30:00,212.64,214.54,214.7,5.28,2.76,8.01,0.439,0.199
MTR0001,2024-02-20 06:45:00,212.64,214.54,214.7,5.28,2.76,8.01,0.439,0.199
MTR0001,2024-02-20 07:00:00,227.2,231.51,229.17,5.38,5.76,5.97,0.495,0.19
MTR0001,2024-02-20 07:15:00,227.2,231.51,229.17,5.38,5.76,5.97,0.495,0.19
MTR0001,2024-02-20 07:30:00,227.2,231.51,229.17,5.38,5.76,5.97,0.495,0.19
MTR0001,2024-02-20 07:45:00,227.2,231.51,229.17,5.38,5.76,5.97,0.495,0.19
MTR0001,2024-02-20 08:00:00,215.39,216.5,215.71,5.51,6.51,6.43,0.502,0.249
MTR0001,2024-02-20 08:15:00,215.39,216.5,215.71,5.51,6.51,6.43,0.502,0.249
MTR0001,2024-02-20 08:30:00,215.39,216.5,215.71,5.51,6.51,6.43,0.502,0.249
MTR0001,2024-02-20 08:45:00,215.39,216.5,215.71,5.51,6.51,6.43,0.502,0.249
MTR0001,2024-02-20 09:00:00,217.78,220.54,221.95,9.09,6.34,3.53,0.506,0.297
MTR0001,2024-02-20 09:15:00,217.78,220.54,221.95,9.09,6.34,3.53,0.506,0.297
MTR0001,2024-02-20 09:30:00,217.78,220.54,221.95,9.09,6.34,3.53,0.506,0.297
MTR0001,2024-02-20 09:45:00,217.78,220.54,221.95,9.09,6.34,3.53,0.506,0.297
MTR0001,2024-02-20 10:00:00,227.72,228.8,227.5,6.94,4.55,8.99,0.633,0.255
MTR0001,2024-02-20 10:15:00,227.72,228.8,227.5,6.94,4.55,8.99,0.633,0.255
MTR0001,2024-02-20 10:30:00,227.72,228.8,227.5,6.94,4.55,8.99,0.633,0.255
MTR0001,2024-02-20 10:45:00,227.72,228.8,227.5,6.94,4.55,8.99,0.633,0.255
MTR0001,2024-02-20 11:00:00,222.81,225.02,220.0,6.98,5.56,8.21,0.569,0.314
MTR0001,2024-02-20 11:15:00,222.81,225.02,220.0,6.98,5.56,8.21,0.569,0.314
MTR0001,2024-02-20 11:30:00,222.81,225.02,220.0,6.98,5.56,8.21,0.569,0.314
MTR0001,2024-02-20 11:45:00,222.81,225.02,220.0,6.98,5.56,8.21,0.569,0.314
MTR0001,2024-02-20 12:00:00,213.3,213.92,216.22,9.2,7.0,4.93,0.572,0.259
MTR0001,2024-02-20 12:15:00,213.3,213.92,216.22,9.2,7.0,4.93,0.572,0.259
MTR0001,2024-02-20 12:30:00,213.3,213.92,216.22,9.2,7.0,4.93,0.572,0.259
MTR0001,2024-02-20 12:45:00,213.3,213.92,216.22,9.2,7.0,4.93,0.572,0.259
MTR0001,2024-02-20 13:00:00,211.17,212.45,212.54,7.83,6.87,5.76,0.615,0.212
MTR0001,2024-02-20 13:15:00,211.17,212.45,212.54,7.83,6.87,5.76,0.615,0.212
MTR0001,2024-02-20 13:30:00,211.17,212.45,212.54,7.83,6.87,5.76,0.615,0.212
MTR0001,2024-02-20 13:45:00,211.17,212.45,212.54,7.83,6.87,5.76,0.615,0.212
MTR0001,2024-02-20 14:00:00,213.29,213.5,210.48,5.66,7.42,6.79,0.564,0.274
MTR0001,2024-02-20 14:15:00,213.29,213.5,210.48,5.66,7.42,6.79,0.564,0.274
MTR0001,2024-02-20 14:30:00,213.29,213.5,210.48,5.66,7.42,6.79,0.564,0.274
MTR0001,2024-02-20 14:45:00,213.29,213.5,210.48,5.66,7.42,6.79,0.564,0.274
MTR0001,2024-02-20 15:00:00,215.18,214.08,217.59,8.41,6.4,4.54,0.583,0.221
MTR0001,2024-02-20 15:15:00,215.18,214.08,217.59,8.41,6.4,4.54,0.583,0.221
MTR0001,2024-02-20 15:30:00,215.18,214.08,217.59,8.41,6.4,4.54,0.583,0.221
MTR0001,2024-02-20 15:45:00,215.18,214.08,217.59,8.41,6.4,4.54,0.583,0.221
MTR0001,2024-02-20 16:00:00,227.78,230.53,227.05,4.92,7.15,6.06,0.508,0.311
MTR0001,2024-02-20 16:15:00,227.78,230.53,227.05,4.92,7.15,6.06,0.508,0.311
MTR0001,2024-02-20 16:30:00,227.78,230.53,227.05,4.92,7.15,6.06,0.508,0.311
MTR0001,2024-02-20 16:45:00,227.78,230.53,227.05,4.92,7.15,6.06,0.508,0.311
MTR0001,2024-02-20 17:00:00,208.63,211.26,213.04,7.26,5.63,3.77,0.491,0.177
MTR0001,2024-02-20 17:15:00,208.63,211.26,213.04,7.26,5.63,3.77,0.491,0.177
MTR0001,2024-02-20 17:30:00,208.63,211.26,213.04,7.26,5.63,3.77,0.491,0.177
MTR0001,2024-02-20 17:45:00,208.63,211.26,213.04,7.26,5.63,3.77,0.491,0.177
MTR0001,2024-02-20 18:00:00,211.1,212.07,210.61,7.98,5.03,2.7,0.426,0.18
MTR0001,2024-02-20 18:15:00,211.1,212.07,210.61,7.98,5.03,2.7,0.426,0.18
MTR0001,2024-02-20 18:30:00,211.1,212.07,210.61,7.98,5.03,2.7,0.426,0.18
MTR0001,2024-02-20 18:45:00,211.1,212.07,210.61,7.98,5.03,2.7,0.426,0.18
MTR0001,2024-02-20 19:00:00,217.49,219.03,218.47,4.52,3.08,7.23,0.419,0.214
MTR0001,2024-02-20 19:15:00,217.49,219.03,218.47,4.52,3.08,7.23,0.419,0.214
MTR0001,2024-02-20 19:30:00,217.49,219.03,218.47,4.52,3.08,7.23,0.419,0.214
MTR0001,2024-02-20 19:45:00,217.49,219.03,218.47,4.52,3.08,7.23,0.419,0.214
MTR0001,2024-02-20 20:00:00,211.91,211.98,210.44,4.49,2.95,5.95,0.404,0.156
MTR0001,2024-02-20 20:15:00,211.91,211.98,210.44,4.49,2.95,5.95,0.404,0.156
MTR0001,2024-02-20 20:30:00,211.91,211.98,210.44,4.49,2.95,5.95,0.404,0.156
MTR0001,2024-02-20 20:45:00,211.91,211.98,210.44,4.49,2.95,5.95,0.404,0.156
MTR0001,2024-02-20 21:00:00,226.24,225.54,222.42,5.02,4.04,3.38,0.404,0.136
MTR0001,2024-02-20 21:15:00,226.24,225.54,222.42,5.02,4.04,3.38,0.404,0.136
MTR0001,2024-02-20 21:30:00,226.24,225.54,222.42,5.02,4.04,3.38,0.404,0.136
MTR0001,2024-02-20 21:45:00,226.24,225.54,222.42,5.02,4.04,3.38,0.404,0.136
MTR0001,2024-02-20 22:00:00,209.78,211.52,208.95,3.99,3.33,4.81,0.289,0.172
MTR0001,2024-02-20 22:15:00,209.78,211.52,208.95,3.99,3.33,4.81,0.289,0.172
MTR0001,2024-02-20 22:30:00,209.78,211.52,208.95,3.99,3.33,4.81,0.289,0.172
MTR0001,2024-02-20 22:45:00,209.78,211.52,208.95,3.99,3.33,4.81,0.289,0.172
MTR0001,2024-02-20 23:00:00,218.74,220.76,217.41,1.91,5.54,4.01,0.323,0.116
MTR0001,2024-02-20 23:15:00,218.74,220.76,217.41,1.91,5.54,4.01,0.323,0.116
MTR0001,2024-02-20 23:30:00,218.74,220.76,217.41,1.91,5.54,4.01,0.323,0.116
MTR0001,2024-02-20 23:45:00,218.74,220.76,217.41,1.91,5.54,4.01,0.323,0.116
MTR0001,2024-02-21 00:00:00,229.93,233.5,232.44,1.95,3.19,2.86,0.238,0.131
MTR0001,2024-02-21 00:15:00,229.93,233.5,232.44,1.95,3.19,2.86,0.238,0.131
MTR0001,2024-02-21 00:30:00,229.93,233.5,232.44,1.95,3.19,2.86,0.238,0.131
MTR0001,2024-02-21 00:45:00,229.93,233.5,232.44,1.95,3.19,2.86,0.238,0.131
MTR0001,2024-02-21 01:00:00,216.95,216.44,219.96,2.59,1.69,3.99,0.242,0.104
MTR0001,2024-02-21 01:15:00,216.95,216.44,219.96,2.59,1.69,3.99,0.242,0.104
MTR0001,2024-02-21 01:30:00,216.95,216.44,219.96,2.59,1.69,3.99,0.242,0.104
MTR0001,2024-02-21 01:45:00,216.95,216.44,219.96,2.59,1.69,3.99,0.242,0.104
MTR0001,2024-02-21 02:00:00,228.09,234.52,231.14,2.63,2.16,3.29,0.28,0.115
MTR0001,2024-02-21 02:15:00,228.09,234.52,231.14,2.63,2.16,3.29,0.28,0.115
MTR0001,2024-02-21 02:30:00,228.09,234.52,231.14,2.63,2.16,3.29,0.28,0.115
MTR0001,2024-02-21 02:45:00,228.09,234.52,231.14,2.63,2.16,3.29,0.28,0.115
MTR0001,2024-02-21 03:00:00,230.36,231.84,231.37,2.38,3.05,2.88,0.243,0.118
MTR0001,2024-02-21 03:15:00,230.36,231.84,231.37,2.38,3.05,2.88,0.243,0.118
MTR0001,2024-02-21 03:30:00,230.36,231.84,231.37,2.38,3.05,2.88,0.243,0.118
MTR0001,2024-02-21 03:45:00,230.36,231.84,231.37,2.38,3.05,2.88,0.243,0.118
MTR0001,2024-02-21 04:00:00,213.8,216.86,214.41,2.41,2.56,2.71,0.208,0.122
MTR0001,2024-02-21 04:15:00,213.8,216.86,214.41,2.41,2.56,2.71,0.208,0.122
MTR0001,2024-02-21 04:30:00,213.8,216.86,214.41,2.41,2.56,2.71,0.208,0.122
MTR0001,2024-02-21 04:45:00,213.8,216.86,214.41,2.41,2.56,2.71,0.208,0.122
MTR0001,2024-02-21 05:00:00,211.26,209.12,213.57,3.44,2.6,2.0,0.235,0.078
MTR0001,2024-02-21 05:15:00,211.26,209.12,213.57,3.44,2.6,2.0,0.235,0.078
MTR0001,2024-02-21 05:30:00,211.26,209.12,213.57,3.44,2.6,2.0,0.235,0.078
MTR0001,2024-02-21 05:45:00,211.26,209.12,213.57,3.44,2.6,2.0,0.235,0.078
MTR0001,2024-02-21 06:00:00,216.07,213.85,218.95,5.96,4.96,4.65,0.49,0.21
MTR0001,2024-02-21 06:15:00,216.07,213.85,218.95,5.96,4.96,4.65,0.49,0.21
MTR0001,2024-02-21 06:30:00,216.07,213.85,218.95,5.96,4.96,4.65,0.49,0.21
MTR0001,2024-02-21 06:45:00,216.07,213.85,218.95,5.96,4.96,4.65,0.49,0.21
MTR0001,2024-02-21 07:00:00,225.69,225.9,225.94,4.59,6.93,5.81,0.502,0.263
MTR0001,2024-02-21 07:15:00,225.69,225.9,225.94,4.59,6.93,5.81,0.502,0.263
MTR0001,2024-02-21 07:30:00,225.69,225.9,225.94,4.59,6.93,5.81,0.502,0.263
MTR0001,2024-02-21 07:45:00,225.69,225.9,225.94,4.59,6.93,5.81,0.502,0.263
MTR0001,2024-02-21 08:00:00,220.52,220.99,218.41,3.44,8.21,6.63,0.569,0.187
MTR0001,2024-02-21 08:15:00,220.52,220.99,218.41,3.44,8.21,6.63,0.569,0.187
MTR0001,2024-02-21 08:30:00,220.52,220.99,218.41,3.44,8.21,6.63,0.569,0.187
MTR0001,2024-02-21 08:45:00,220.52,220.99,218.41,3.44,8.21,6.63,0.569,0.187
MTR0001,2024-02-21 09:00:00,214.71,216.69,214.28,7.4,6.56,5.83,0.565,0.211
MTR0001,2024-02-21 09:15:00,214.71,216.69,214.28,7.4,6.56,5.83,0.565,0.211
MTR0001,2024-02-21 09:30:00,214.71,216.69,214.28,7.4,6.56,5.83,0.565,0.211
MTR0001,2024-02-21 09:45:00,214.71,216.69,214.28,7.4,6.56,5.83,0.565,0.211
MTR0001,2024-02-21 10:00:00,215.18,213.16,215.7,6.66,6.76,7.02,0.565,0.215
MTR0001,2024-02-21 10:15:00,215.18,213.16,215.7,6.66,6.76,7.02,0.565,0.215
MTR0001,2024-02-21 10:30:00,215.18,213.16,215.7,6.66,6.76,7.02,0.565,0.215
MTR0001,2024-02-21 10:45:00,215.18,213.16,215.7,6.66,6.76,7.02,0.565,0.215
MTR0001,2024-02-21 11:00:00,229.7,230.7,229.68,6.89,5.84,8.33,0.668,0.213
MTR0001,2024-02-21 11:15:00,229.7,230.7,229.68,6.89,5.84,8.33,0.668,0.213
MTR0001,2024-02-21 11:30:00,229.7,230.7,229.68,6.89,5.84,8.33,0.668,0.213
MTR0001,2024-02-21 11:45:00,229.7,230.7,229.68,6.89,5.84,8.33,0.668,0.213
MTR0001,2024-02-21 12:00:00,230.05,230.45,228.8,4.02,9.33,6.73,0.599,0.277
MTR0001,2024-02-21 12:15:00,230.05,230.45,228.8,4.02,9.33,6.73,0.599,0.277
MTR0001,2024-02-21 12:30:00,230.05,230.45,228.8,4.02,9.33,6.73,0.599,0.277
MTR0001,2024-02-21 12:45:00,230.05,230.45,228.8,4.02,9.33,6.73,0.599,0.277
MTR0001,2024-02-21 13:00:00,230.01,232.03,229.78,8.6,6.56,5.64,0.603,0.318
MTR0001,2024-02-21 13:15:00,230.01,232.03,229.78,8.6,6.56,5.64,0.603,0.318
MTR0001,2024-02-21 13:30:00,230.01,232.03,229.78,8.6,6.56,5.64,0.603,0.318
MTR0001,2024-02-21 13:45:00,230.01,232.03,229.78,8.6,6.56,5.64,0.603,0.318
MTR0001,2024-02-21 14:00:00,220.95,222.9,221.84,5.56,7.65,6.79,0.591,0.298
MTR0001,2024-02-21 14:15:00,220.95,222.9,221.84,5.56,7.65,6.79,0.591,0.298
MTR0001,2024-02-21 14:30:00,220.95,222.9,221.84,5.56,7.65,6.79,0.591,0.298
MTR0001,2024-02-21 14:45:00,220.95,222.9,221.84,5.56,7.65,6.79,0.591,0.298
MTR0001,2024-02-21 15:00:00,224.57,225.48,226.43,7.8,6.13,5.22,0.607,0.206
MTR0001,2024-02-21 15:15:00,224.57,225.48,226.43,7.8,6.13,5.22,0.607,0.206
MTR0001,2024-02-21 15:30:00,224.57,225.48,226.43,7.8,6.13,5.22,0.607,0.206
MTR0001,2024-02-21 15:45:00,224.57,225.48,226.43,7.8,6.13,5.22,0.607,0.206
MTR0001,2024-02-21 16:00:00,212.48,212.82,213.24,4.75,7.28,6.55,0.532,0.254
MTR0001,2024-02-21 16:15:00,212.48,212.82,213.24,4.75,7.28,6.55,0.532,0.254
MTR0001,2024-02-21 16:30:00,212.48,212.82,213.24,4.75,7.28,6.55,0.532,0.254
MTR0001,2024-02-21 16:45:00,212.48,212.82,213.24,4.75,7.28,6.55,0.532,0.254
MTR0001,2024-02-21 17:00:00,221.89,222.78,222.39,3.44,7.98,5.84,0.49,0.231
MTR0001,2024-02-21 17:15:00,221.89,222.78,222.39,3.44,7.98,5.84,0.49,0.231
MTR0001,2024-02-21 17:30:00,221.89,222.78,222.39,3.44,7.98,5.84,0.49,0.231
MTR0001,2024-02-21 17:45:00,221.89,222.78,222.39,3.44,7.98,5.84,0.49,0.231
MTR0001,2024-02-21 18:00:00,229.83,228.14,229.33,5.13,4.09,6.64,0.454,0.196
MTR0001,2024-02-21 18:15:00,229.83,228.14,229.33,5.13,4.09,6.64,0.454,0.196
MTR0001,2024-02-21 18:30:00,229.83,228.14,229.33,5.13,4.09,6.64,0.454,0.196
MTR0001,2024-02-21 18:45:00,229.83,228.14,229.33,5.13,4.09,6.64,0.454,0.196
MTR0001,2024-02-21 19:00:00,223.63,226.02,222.74,4.93,3.0,6.72,0.418,0.211
MTR0001,2024-02-21 19:15:00,223.63,226.02,222.74,4.93,3.0,6.72,0.418,0.211
MTR0001,2024-02-21 19:30:00,223.63,226.02,222.74,4.93,3.0,6.72,0.418,0.211
MTR0001,2024-02-21 19:45:00,223.63,226.02,222.74,4.93,3.0,6.72,0.418,0.211
MTR0001,2024-02-21 20:00:00,229.22,229.24,232.65,6.44,4.68,2.62,0.411,0.206
MTR0001,2024-02-21 20:15:00,229.22,229.24,232.65,6.44,4.68,2.62,0.411,0.206
MTR0001,2024-02-21 20:30:00,229.22,229.24,232.65,6.44,4.68,2.62,0.411,0.206
MTR0001,2024-02-21 20:45:00,229.22,229.24,232.65,6.44,4.68,2.62,0.411,0.206
MTR0001,2024-02-21 21:00:00,228.35,228.59,230.0,4.3,3.51,5.15,0.372,0.144
MTR0001,2024-02-21 21:15:00,228.35,228.59,230.0,4.3,3.51,5.15,0.372,0.144
MTR0001,2024-02-21 21:30:00,228.35,228.59,230.0,4.3,3.51,5.15,0.372,0.144
MTR0001,2024-02-21 21:45:00,228.35,228.59,230.0,4.3,3.51,5.15,0.372,0.144
MTR0001,2024-02-21 22:00:00,216.1,217.15,216.84,2.7,4.97,4.02,0.288,0.193
MTR0001,2024-02-21 22:15:00,216.1,217.15,216.84,2.7,4.97,4.02,0.288,0.193
MTR0001,2024-02-21 22:30:00,216.1,217.15,216.84,2.7,4.97,4.02,0.288,0.193
MTR0001,2024-02-21 22:45:00,216.1,217.15,216.84,2.7,4.97,4.02,0.288,0.193
MTR0001,2024-02-21 23:00:00,217.4,216.55,218.15,3.72,3.56,3.94,0.331,0.187
MTR0001,2024-02-21 23:15:00,217.4,216.55,218.15,3.72,3.56,3.94,0.331,0.187
MTR0001,2024-02-21 23:30:00,217.4,216.55,218.15,3.72,3.56,3.94,0.331,0.187
MTR0001,2024-02-21 23:45:00,217.4,216.55,218.15,3.72,3.56,3.94,0.331,0.187
MTR0001,2024-02-22 00:00:00,229.91,234.05,232.02,2.2,3.0,2.9,0.253,0.137
MTR0001,2024-02-22 00:15:00,229.91,234.05,232.02,2.2,3.0,2.9,0.253,0.137
MTR0001,2024-02-22 00:30:00,229.91,234.05,232.02,2.2,3.0,2.9,0.253,0.137
MTR0001,2024-02-22 00:45:00,229.91,234.05,232.02,2.2,3.0,2.9,0.253,0.137
MTR0001,2024-02-22 01:00:00,212.46,214.53,214.97,2.6,2.09,2.97,0.204,0.079
MTR0001,2024-02-22 01:15:00,212.46,214.53,214.97,2.6,2.09,2.97,0.204,0.079
MTR0001,2024-02-22 01:30:00,212.46,214.53,214.97,2.6,2.09,2.97,0.204,0.079
MTR0001,2024-02-22 01:45:00,212.46,214.53,214.97,2.6,2.09,2.97,0.204,0.079
MTR0001,2024-02-22 02:00:00,220.24,221.96,221.41,3.42,2.43,1.7,0.213,0.08
MTR0001,2024-02-22 02:15:00,220.24,221.96,221.41,3.42,2.43,1.7,0.213,0.08
MTR0001,2024-02-22 02:30:00,220.24,221.96,221.41,3.42,2.43,1.7,0.213,0.08
MTR0001,2024-02-22 02:45:00,220.24,221.96,221.41,3.42,2.43,1.7,0.213,0.08
MTR0001,2024-02-22 03:00:00,212.93,211.48,211.55,2.18,3.12,2.59,0.207,0.101
MTR0001,2024-02-22 03:15:00,212.93,211.48,211.55,2.18,3.12,2.59,0.207,0.101
MTR0001,2024-02-22 03:30:00,212.93,211.48,211.55,2.18,3.12,2.59,0.207,0.101
MTR0001,2024-02-22 03:45:00,212.93,211.48,211.55,2.18,3.12,2.59,0.207,0.101
MTR0001,2024-02-22 04:00:00,227.63,226.0,225.91,2.72,2.77,3.26,0.266,0.102
MTR0001,2024-02-22 04:15:00,227.63,226.0,225.91,2.72,2.77,3.26,0.266,0.102
MTR0001,2024-02-22 04:30:00,227.63,226.0,225.91,2.72,2.77,3.26,0.266,0.102
MTR0001,2024-02-22 04:45:00,227.63,226.0,225.91,2.72,2.77,3.26,0.266,0.102
MTR0001,2024-02-22 05:00:00,230.68,230.86,231.23,2.42,1.45,3.81,0.247,0.125
MTR0001,2024-02-22 05:15:00,230.68,230.86,231.23,2.42,1.45,3.81,0.247,0.125
MTR0001,2024-02-22 05:30:00,230.68,230.86,231.23,2.42,1.45,3.81,0.247,0.125
MTR0001,2024-02-22 05:45:00,230.68,230.86,231.23,2.42,1.45,3.81,0.247,0.125
MTR0001,2024-02-22 06:00:00,224.91,225.97,223.7,5.28,2.63,8.47,0.455,0.268
MTR0001,2024-02-22 06:15:00,224.91,225.97,223.7,5.28,2.63,8.47,0.455,0.268
MTR0001,2024-02-22 06:30:00,224.91,225.97,223.7,5.28,2.63,8.47,0.455,0.268
MTR0001,2024-02-22 06:45:00,224.91,225.97,223.7,5.28,2.63,8.47,0.455,0.268
MTR0001,2024-02-22 07:00:00,230.01,228.97,230.72,5.89,4.02,7.39,0.494,0.296
MTR0001,2024-02-22 07:15:00,230.01,228.97,230.72,5.89,4.02,7.39,0.494,0.296
MTR0001,2024-02-22 07:30:00,230.01,228.97,230.72,5.89,4.02,7.39,0.494,0.296
MTR0001,2024-02-22 07:45:00,230.01,228.97,230.72,5.89,4.02,7.39,0.494,0.296
MTR0001,2024-02-22 08:00:00,222.1,228.02,224.2,6.12,4.69,7.27,0.547,0.221
MTR0001,2024-02-22 08:15:00,222.1,228.02,224.2,6.12,4.69,7.27,0.547,0.221
MTR0001,2024-02-22 08:30:00,222.1,228.02,224.2,6.12,4.69,7.27,0.547,0.221
MTR0001,2024-02-22 08:45:00,222.1,228.02,224.2,6.12,4.69,7.27,0.547,0.221
MTR0001,2024-02-22 09:00:00,226.52,226.78,231.36,6.38,4.6,8.48,0.605,0.212
MTR0001,2024-02-22 09:15:00,226.52,226.78,231.36,6.38,4.6,8.48,0.605,0.212
MTR0001,2024-02-22 09:30:00,226.52,226.78,231.36,6.38,4.6,8.48,0.605,0.212
MTR0001,2024-02-22 09:45:00,226.52,226.78,231.36,6.38,4.6,8.48,0.605,0.212
MTR0001,2024-02-22 10:00:00,219.42,221.58,221.01,6.49,6.03,7.44,0.551,0.304
MTR0001,2024-02-22 10:15:00,219.42,221.58,221.01,6.49,6.03,7.44,0.551,0.304
MTR0001,2024-02-22 10:30:00,219.42,221.58,221.01,6.49,6.03,7.44,0.551,0.304
MTR0001,2024-02-22 10:45:00,219.42,221.58,221.01,6.49,6.03,7.44,0.551,0.304
MTR0001,2024-02-22 11:00:00,223.22,224.42,222.81,6.73,3.69,10.02,0.602,0.284
MTR0001,2024-02-22 11:15:00,223.22,224.42,222.81,6.73,3.69,10.02,0.602,0.284
MTR0001,2024-02-22 11:30:00,223.22,224.42,222.81,6.73,3.69,10.02,0.602,0.284
MTR0001,2024-02-22 11:45:00,223.22,224.42,222.81,6.73,3.69,10.02,0.602,0.284
MTR0001,2024-02-22 12:00:00,230.06,233.0,231.98,4.53,9.01,7.24,0.562,0.336
MTR0001,2024-02-22 12:15:00,230.06,233.0,231.98,4.53,9.01,7.24,0.562,0.336
MTR0001,2024-02-22 12:30:00,230.06,233.0,231.98,4.53,9.01,7.24,0.562,0.336
MTR0001,2024-02-22 12:45:00,230.06,233.0,231.98,4.53,9.01,7.24,0.562,0.336
MTR0001,2024-02-22 13:00:00,223.08,222.46,223.51,6.88,6.85,7.0,0.64,0.227
MTR0001,2024-02-22 13:15:00,223.08,222.46,223.51,6.88,6.85,7.0,0.64,0.227
MTR0001,2024-02-22 13:30:00,223.08,222.46,223.51,6.88,6.85,7.0,0.64,0.227
MTR0001,2024-02-22 13:45:00,223.08,222.46,223.51,6.88,6.85,7.0,0.64,0.227
MTR0001,2024-02-22 14:00:00,217.54,217.81,221.62,8.4,6.71,5.08,0.568,0.279
MTR0001,2024-02-22 14:15:00,217.54,217.81,221.62,8.4,6.71,5.08,0.568,0.279
MTR0001,2024-02-22 14:30:00,217.54,217.81,221.62,8.4,6.71,5.08,0.568,0.279
MTR0001,2024-02-22 14:45:00,217.54,217.81,221.62,8.4,6.71,5.08,0.568,0.279
MTR0001,2024-02-22 15:00:00,212.44,211.23,212.31,6.54,3.4,10.01,0.547,0.235
MTR0001,2024-02-22 15:15:00,212.44,211.23,212.31,6.54,3.4,10.01,0.547,0.235
MTR0001,2024-02-22 15:30:00,212.44,211.23,212.31,6.54,3.4,10.01,0.547,0.235
MTR0001,2024-02-22 15:45:00,212.44,211.23,212.31,6.54,3.4,10.01,0.547,0.235
MTR0001,2024-02-22 16:00:00,228.29,230.48,228.95,7.41,5.85,4.77,0.527,0.268
MTR0001,2024-02-22 16:15:00,228.29,230.48,228.95,7.41,5.85,4.77,0.527,0.268
MTR0001,2024-02-22 16:30:00,228.29,230.48,228.95,7.41,5.85,4.77,0.527,0.268
MTR0001,2024-02-22 16:45:00,228.29,230.48,228.95,7.41,5.85,4.77,0.527,0.268
MTR0001,2024-02-22 17:00:00,214.02,214.55,213.02,5.38,2.95,8.52,0.459,0.247
MTR0001,2024-02-22 17:15:00,214.02,214.55,213.02,5.38,2.95,8.52,0.459,0.247
MTR0001,2024-02-22 17:30:00,214.02,214.55,213.02,5.38,2.95,8.52,0.459,0.247
MTR0001,2024-02-22 17:45:00,214.02,214.55,213.02,5.38,2.95,8.52,0.459,0.247
MTR0001,2024-02-22 18:00:00,209.42,209.84,211.39,4.71,5.63,5.37,0.446,0.169
MTR0001,2024-02-22 18:15:00,209.42,209.84,211.39,4.71,5.63,5.37,0.446,0.169
MTR0001,2024-02-22 18:30:00,209.42,209.84,211.39,4.71,5.63,5.37,0.446,0.169
MTR0001,2024-02-22 18:45:00,209.42,209.84,211.39,4.71,5.63,5.37,0.446,0.169
MTR0001,2024-02-22 19:00:00,225.31,229.92,228.69,5.25,4.74,4.35,0.473,0.149
MTR0001,2024-02-22 19:15:00,225.31,229.92,228.69,5.25,4.74,4.35,0.473,0.149
MTR0001,2024-02-22 19:30:00,225.31,229.92,228.69,5.25,4.74,4.35,0.473,0.149
MTR0001,2024-02-22 19:45:00,225.31,229.92,228.69,5.25,4.74,4.35,0.473,0.149
MTR0001,2024-02-22 20:00:00,212.37,213.72,214.36,6.51,4.47,2.34,0.354,0.184
MTR0001,2024-02-22 20:15:00,212.37,213.72,214.36,6.51,4.47,2.34,0.354,0.184
MTR0001,2024-02-22 20:30:00,212.37,213.72,214.36,6.51,4.47,2.34,0.354,0.184
MTR0001,2024-02-22 20:45:00,212.37,213.72,214.36,6.51,4.47,2.34,0.354,0.184
MTR0001,2024-02-22 21:00:00,226.59,228.73,229.74,3.45,4.84,4.17,0.334,0.202
MTR0001,2024-02-22 21:15:00,226.59,228.73,229.74,3.45,4.84,4.17,0.334,0.202
MTR0001,2024-02-22 21:30:00,226.59,228.73,229.74,3.45,4.84,4.17,0.334,0.202
MTR0001,2024-02-22 21:45:00,226.59,228.73,229.74,3.45,4.84,4.17,0.334,0.202
MTR0001,2024-02-22 22:00:00,225.34,227.94,226.64,4.11,2.64,5.31,0.345,0.199
MTR0001,2024-02-22 22:15:00,225.34,227.94,226.64,4.11,2.64,5.31,0.345,0.199
MTR0001,2024-02-22 22:30:00,225.34,227.94,226.64,4.11,2.64,5.31,0.345,0.199
MTR0001,2024-02-22 22:45:00,225.34,227.94,226.64,4.11,2.64,5.31,0.345,0.199
MTR0001,2024-02-22 23:00:00,216.39,218.36,221.0,3.82,3.48,3.78,0.287,0.117
MTR0001,2024-02-22 23:15:00,216.39,218.36,221.0,3.82,3.48,3.78,0.287,0.117
MTR0001,2024-02-22 23:30:00,216.39,218.36,221.0,3.82,3.48,3.78,0.287,0.117
MTR0001,2024-02-22 23:45:00,216.39,218.36,221.0,3.82,3.48,3.78,0.287,0.117
MTR0001,2024-02-23 00:00:00,224.89,226.05,226.95,1.3,3.84,2.54,0.224,0.122
MTR0001,2024-02-23 00:15:00,224.89,226.05,226.95,1.3,3.84,2.54,0.224,0.122
MTR0001,2024-02-23 00:30:00,224.89,226.05,226.95,1.3,3.84,2.54,0.224,0.122
MTR0001,2024-02-23 00:45:00,224.89,226.05,226.95,1.3,3.84,2.54,0.224,0.122
MTR0001,2024-02-23 01:00:00,224.55,224.58,224.39,2.49,1.32,4.01,0.257,0.087
MTR0001,2024-02-23 01:15:00,224.55,224.58,224.39,2.49,1.32,4.01,0.257,0.087
MTR0001,2024-02-23 01:30:00,224.55,224.58,224.39,2.49,1.32,4.01,0.257,0.087
MTR0001,2024-02-23 01:45:00,224.55,224.58,224.39,2.49,1.32,4.01,0.257,0.087
MTR0001,2024-02-23 02:00:00,221.36,223.73,224.02,2.79,2.15,3.25,0.212,0.137
MTR0001,2024-02-23 02:15:00,221.36,223.73,224.02,2.79,2.15,3.25,0.212,0.137
MTR0001,2024-02-23 02:30:00,221.36,223.73,224.02,2.79,2.15,3.25,0.212,0.137
MTR0001,2024-02-23 02:45:00,221.36,223.73,224.02,2.79,2.15,3.25,0.212,0.137
MTR0001,2024-02-23 03:00:00,211.26,211.76,210.63,2.77,2.53,2.7,0.222,0.133
MTR0001,2024-02-23 03:15:00,211.26,211.76,210.63,2.77,2.53,2.7,0.222,0.133
MTR0001,2024-02-23 03:30:00,211.26,211.76,210.63,2.77,2.53,2.7,0.222,0.133
MTR0001,2024-02-23 03:45:00,211.26,211.76,210.63,2.77,2.53,2.7,0.222,0.133
MTR0001,2024-02-23 04:00:00,226.05,224.41,225.44,2.61,2.23,3.43,0.233,0.106
MTR0001,2024-02-23 04:15:00,226.05,224.41,225.44,2.61,2.23,3.43,0.233,0.106
MTR0001,2024-02-23 04:30:00,226.05,224.41,225.44,2.61,2.23,3.43,0.233,0.106
MTR0001,2024-02-23 04:45:00,226.05,224.41,225.44,2.61,2.23,3.43,0.233,0.106
MTR0001,2024-02-23 05:00:00,220.64,219.19,226.04,2.22,2.2,3.3,0.222,0.101
MTR0001,2024-02-23 05:15:00,220.64,219.19,226.04,2.22,2.2,3.3,0.222,0.101
MTR0001,2024-02-23 05:30:00,220.64,219.19,226.04,2.22,2.2,3.3,0.222,0.101
MTR0001,2024-02-23 05:45:00,220.64,219.19,226.04,2.22,2.2,3.3,0.222,0.101
MTR0001,2024-02-23 06:00:00,209.35,212.91,213.38,5.7,5.19,4.98,0.449,0.188
MTR0001,2024-02-23 06:15:00,209.35,212.91,213.38,5.7,5.19,4.98,0.449,0.188
MTR0001,2024-02-23 06:30:00,209.35,212.91,213.38,5.7,5.19,4.98,0.449,0.188
MTR0001,2024-02-23 06:45:00,209.35,212.91,213.38,5.7,5.19,4.98,0.449,0.188
MTR0001,2024-02-23 07:00:00,217.89,220.24,217.36,5.56,4.88,6.21,0.458,0.195
MTR0001,2024-02-23 07:15:00,217.89,220.24,217.36,5.56,4.88,6.21,0.458,0.195
MTR0001,2024-02-23 07:30:00,217.89,220.24,217.36,5.56,4.88,6.21,0.458,0.195
MTR0001,2024-02-23 07:45:00,217.89,220.24,217.36,5.56,4.88,6.21,0.458,0.195
MTR0001,2024-02-23 08:00:00,227.99,227.37,230.4,8.64,6.05,3.33,0.548,0.245
MTR0001,2024-02-23 08:15:00,227.99,227.37,230.4,8.64,6.05,3.33,0.548,0.245
MTR0001,2024-02-23 08:30:00,227.99,227.37,230.4,8.64,6.05,3.33,0.548,0.245
MTR0001,2024-02-23 08:45:00,227.99,227.37,230.4,8.64,6.05,3.33,0.548,0.245
MTR0001,2024-02-23 09:00:00,219.59,217.3,215.89,5.58,7.47,6.34,0.528,0.279
MTR0001,2024-02-23 09:15:00,219.59,217.3,215.89,5.58,7.47,6.34,0.528,0.279
MTR0001,2024-02-23 09:30:00,219.59,217.3,215.89,5.58,7.47,6.34,0.528,0.279
MTR0001,2024-02-23 09:45:00,219.59,217.3,215.89,5.58,7.47,6.34,0.528,0.279
MTR0001,2024-02-23 10:00:00,213.89,217.72,214.52,6.66,4.92,9.15,0.551,0.32
MTR0001,2024-02-23 10:15:00,213.89,217.72,214.52,6.66,4.92,9.15,0.551,0.32
MTR0001,2024-02-23 10:30:00,213.89,217.72,214.52,6.66,4.92,9.15,0.551,0.32
MTR0001,2024-02-23 10:45:00,213.89,217.72,214.52,6.66,4.92,9.15,0.551,0.32
MTR0001,2024-02-23 11:00:00,224.02,227.62,223.13,6.04,7.55,7.11,0.545,0.325
MTR0001,2024-02-23 11:15:00,224.02,227.62,223.13,6.04,7.55,7.11,0.545,0.325
MTR0001,2024-02-23 11:30:00,224.02,227.62,223.13,6.04,7.55,7.11,0.545,0.325
MTR0001,2024-02-23 11:45:00,224.02,227.62,223.13,6.04,7.55,7.11,0.545,0.325
MTR0001,2024-02-23 12:00:00,232.0,230.48,229.76,9.78,6.73,3.84,0.651,0.235
MTR0001,2024-02-23 12:15:00,232.0,230.48,229.76,9.78,6.73,3.84,0.651,0.235
MTR0001,2024-02-23 12:30:00,232.0,230.48,229.76,9.78,6.73,3.84,0.651,0.235
MTR0001,2024-02-23 12:45:00,232.0,230.48,229.76,9.78,6.73,3.84,0.651,0.235
MTR0001,2024-02-23 13:00:00,226.99,226.59,223.6,7.47,6.81,6.17,0.604,0.231
MTR0001,2024-02-23 13:15:00,226.99,226.59,223.6,7.47,6.81,6.17,0.604,0.231
MTR0001,2024-02-23 13:30:00,226.99,226.59,223.6,7.47,6.81,6.17,0.604,0.231
MTR0001,2024-02-23 13:45:00,226.99,226.59,223.6,7.47,6.81,6.17,0.604,0.231
MTR0001,2024-02-23 14:00:00,215.27,213.52,215.32,7.12,6.48,6.66,0.597,0.247
MTR0001,2024-02-23 14:15:00,215.27,213.52,215.32,7.12,6.48,6.66,0.597,0.247
MTR0001,2024-02-23 14:30:00,215.27,213.52,215.32,7.12,6.48,6.66,0.597,0.247
MTR0001,2024-02-23 14:45:00,215.27,213.52,215.32,7.12,6.48,6.66,0.597,0.247
MTR0001,2024-02-23 15:00:00,222.31,224.36,227.88,7.19,6.19,5.81,0.577,0.233
MTR0001,2024-02-23 15:15:00,222.31,224.36,227.88,7.19,6.19,5.81,0.577,0.233
MTR0001,2024-02-23 15:30:00,222.31,224.36,227.88,7.19,6.19,5.81,0.577,0.233
MTR0001,2024-02-23 15:45:00,222.31,224.36,227.88,7.19,6.19,5.81,0.577,0.233
MTR0001,2024-02-23 16:00:00,220.8,224.85,221.16,6.2,4.62,7.49,0.528,0.236
MTR0001,2024-02-23 16:15:00,220.8,224.85,221.16,6.2,4.62,7.49,0.528,0.236
MTR0001,2024-02-23 16:30:00,220.8,224.85,221.16,6.2,4.62,7.49,0.528,0.236
MTR0001,2024-02-23 16:45:00,220.8,224.85,221.16,6.2,4.62,7.49,0.528,0.236
MTR0001,2024-02-23 17:00:00,228.66,227.28,228.21,6.68,5.57,4.94,0.493,0.23
MTR0001,2024-02-23 17:15:00,228.66,227.28,228.21,6.68,5.57,4.94,0.493,0.23
MTR0001,2024-02-23 17:30:00,228.66,227.28,228.21,6.68,5.57,4.94,0.493,0.23
MTR0001,2024-02-23 17:45:00,228.66,227.28,228.21,6.68,5.57,4.94,0.493,0.23
MTR0001,2024-02-23 18:00:00,220.51,223.62,222.79,5.06,5.03,5.38,0.443,0.232
MTR0001,2024-02-23 18:15:00,220.51,223.62,222.79,5.06,5.03,5.38,0.443,0.232
MTR0001,2024-02-23 18:30:00,220.51,223.62,222.79,5.06,5.03,5.38,0.443,0.232
MTR0001,2024-02-23 18:45:00,220.51,223.62,222.79,5.06,5.03,5.38,0.443,0.232
MTR0001,2024-02-23 19:00:00,220.57,223.45,221.92,4.41,5.38,5.06,0.392,0.209
MTR0001,2024-02-23 19:15:00,220.57,223.45,221.92,4.41,5.38,5.06,0.392,0.209
MTR0001,2024-02-23 19:30:00,220.57,223.45,221.92,4.41,5.38,5.06,0.392,0.209
MTR0001,2024-02-23 19:45:00,220.57,223.45,221.92,4.41,5.38,5.06,0.392,0.209
MTR0001,2024-02-23 20:00:00,226.85,228.64,228.21,4.43,3.52,5.73,0.397,0.201
MTR0001,2024-02-23 20:15:00,226.85,228.64,228.21,4.43,3.52,5.73,0.397,0.201
MTR0001,2024-02-23 20:30:00,226.85,228.64,228.21,4.43,3.52,5.73,0.397,0.201
MTR0001,2024-02-23 20:45:00,226.85,228.64,228.21,4.43,3.52,5.73,0.397,0.201
MTR0001,2024-02-23 21:00:00,228.28,228.98,230.46,4.15,3.4,5.41,0.381,0.193
MTR0001,2024-02-23 21:15:00,228.28,228.98,230.46,4.15,3.4,5.41,0.381,0.193
MTR0001,2024-02-23 21:30:00,228.28,228.98,230.46,4.15,3.4,5.41,0.381,0.193
MTR0001,2024-02-23 21:45:00,228.28,228.98,230.46,4.15,3.4,5.41,0.381,0.193
MTR0001,2024-02-23 22:00:00,223.34,221.47,223.95,5.68,4.03,2.03,0.351,0.151
MTR0001,2024-02-23 22:15:00,223.34,221.47,223.95,5.68,4.03,2.03,0.351,0.151
MTR0001,2024-02-23 22:30:00,223.34,221.47,223.95,5.68,4.03,2.03,0.351,0.151
MTR0001,2024-02-23 22:45:00,223.34,221.47,223.95,5.68,4.03,2.03,0.351,0.151
MTR0001,2024-02-23 23:00:00,212.97,216.02,214.01,3.45,3.95,3.74,0.343,0.139
MTR0001,2024-02-23 23:15:00,212.97,216.02,214.01,3.45,3.95,3.74,0.343,0.139
MTR0001,2024-02-23 23:30:00,212.97,216.02,214.01,3.45,3.95,3.74,0.343,0.139
MTR0001,2024-02-23 23:45:00,212.97,216.02,214.01,3.45,3.95,3.74,0.343,0.139
MTR0001,2024-02-24 00:00:00,215.37,214.65,214.1,2.78,1.99,1.79,0.197,0.077
MTR0001,2024-02-24 00:15:00,215.37,214.65,214.1,2.87,2.05,1.83,0.202,0.079
MTR0001,2024-02-24 00:30:00,215.37,214.65,214.1,2.87,2.05,1.83,0.202,0.079
MTR0001,2024-02-24 00:45:00,215.37,214.65,214.1,2.87,2.05,1.83,0.202,0.079
MTR0001,2024-02-24 01:00:00,220.76,218.49,215.98,2.3,2.02,1.97,0.205,0.081
MTR0001,2024-02-24 01:15:00,220.76,218.49,215.98,2.03,1.74,1.68,0.181,0.07
MTR0001,2024-02-24 01:30:00,220.76,218.49,215.98,2.03,1.74,1.68,0.181,0.07
MTR0001,2024-02-24 01:45:00,220.76,218.49,215.98,2.03,1.74,1.68,0.181,0.07
MTR0001,2024-02-24 02:00:00,210.0,214.65,214.61,1.93,1.0,2.53,0.155,0.081
MTR0001,2024-02-24 02:15:00,210.0,214.65,214.61,1.83,0.94,2.39,0.147,0.077
MTR0001,2024-02-24 02:30:00,210.0,214.65,214.61,1.83,0.94,2.39,0.147,0.077
MTR0001,2024-02-24 02:45:00,210.0,214.65,214.61,1.83,0.94,2.39,0.147,0.077
MTR0001,2024-02-24 03:00:00,232.11,230.06,230.92,1.76,1.13,2.14,0.114,0.076
MTR0001,2024-02-24 03:15:00,232.11,230.06,230.92,1.68,1.07,2.03,0.107,0.072
MTR0001,2024-02-24 03:30:00,232.11,230.06,230.92,1.68,1.07,2.03,0.107,0.072
MTR0001,2024-02-24 03:45:00,232.11,230.06,230.92,1.68,1.07,2.03,0.107,0.072
MTR0001,2024-02-24 04:00:00,225.71,225.67,221.59,1.77,1.6,1.53,0.155,0.079
MTR0001,2024-02-24 04:15:00,225.71,225.67,221.59,1.91,1.73,1.68,0.167,0.085
MTR0001,2024-02-24 04:30:00,225.71,225.67,221.59,1.91,1.73,1.68,0.167,0.085
MTR0001,2024-02-24 04:45:00,225.71,225.67,221.59,1.91,1.73,1.68,0.167,0.085
MTR0001,2024-02-24 05:00:00,224.53,225.96,223.98,1.31,2.12,1.74,0.139,0.076
MTR0001,2024-02-24 05:15:00,224.53,225.96,223.98,1.26,2.0,1.65,0.132,0.071
MTR0001,2024-02-24 05:30:00,224.53,225.96,223.98,1.26,2.0,1.65,0.132,0.071
MTR0001,2024-02-24 05:45:00,224.53,225.96,223.98,1.26,2.0,1.65,0.132,0.071
MTR0001,2024-02-24 06:00:00,212.78,213.91,212.77,1.81,4.57,3.39,0.262,0.152
MTR0001,2024-02-24 06:15:00,212.78,213.91,212.77,2.24,5.64,4.17,0.324,0.185
MTR0001,2024-02-24 06:30:00,212.78,213.91,212.77,2.24,5.64,4.17,0.324,0.185
MTR0001,2024-02-24 06:45:00,212.78,213.91,212.77,2.24,5.64,4.17,0.324,0.185
MTR0001,2024-02-24 07:00:00,211.25,211.77,210.77,4.34,4.31,4.75,0.412,0.127
MTR0001,2024-02-24 07:15:00,211.25,211.77,210.77,3.62,3.62,3.97,0.348,0.106
MTR0001,2024-02-24 07:30:00,211.25,211.77,210.77,3.62,3.62,3.97,0.348,0.106
MTR0001,2024-02-24 07:45:00,211.25,211.77,210.77,3.62,3.62,3.97,0.348,0.106
MTR0001,2024-02-24 08:00:00,209.16,210.01,212.96,3.23,4.64,3.93,0.294,0.191
MTR0001,2024-02-24 08:15:00,209.16,210.01,212.96,3.71,5.32,4.53,0.339,0.219
MTR0001,2024-02-24 08:30:00,209.16,210.01,212.96,3.71,5.32,4.53,0.339,0.219
MTR0001,2024-02-24 08:45:00,209.16,210.01,212.96,3.71,5.32,4.53,0.339,0.219
MTR0001,2024-02-24 09:00:00,216.89,218.53,218.01,5.25,4.3,4.46,0.397,0.189
MTR0001,2024-02-24 09:15:00,216.89,218.53,218.01,5.17,4.23,4.39,0.391,0.187
MTR0001,2024-02-24 09:30:00,216.89,218.53,218.01,5.17,4.23,4.39,0.391,0.187
MTR0001,2024-02-24 09:45:00,216.89,218.53,218.01,5.17,4.23,4.39,0.391,0.187
MTR0001,2024-02-24 10:00:00,221.45,226.74,227.06,4.5,3.11,6.8,0.385,0.243
MTR0001,2024-02-24 10:15:00,221.45,226.74,227.06,4.84,3.34,7.28,0.414,0.261
MTR0001,2024-02-24 10:30:00,221.45,226.74,227.06,4.84,3.34,7.28,0.414,0.261
MTR0001,2024-02-24 10:45:00,221.45,226.74,227.06,4.84,3.34,7.28,0.414,0.261
MTR0001,2024-02-24 11:00:00,208.44,211.78,210.08,5.21,3.29,7.44,0.404,0.246
MTR0001,2024-02-24 11:15:00,208.44,211.78,210.08,4.2,2.63,6.02,0.323,0.199
MTR0001,2024-02-24 11:30:00,208.44,211.78,210.08,4.2,2.63,6.02,0.323,0.199
MTR0001,2024-02-24 11:45:00,208.44,211.78,210.08,4.2,2.63,6.02,0.323,0.199
MTR0001,2024-02-24 12:00:00,207.57,212.12,210.88,4.49,4.34,4.43,0.358,0.169
MTR0001,2024-02-24 12:15:00,207.57,212.12,210.88,4.31,4.18,4.27,0.344,0.163
MTR0001,2024-02-24 12:30:00,207.57,212.12,210.88,4.31,4.18,4.27,0.344,0.163
MTR0001,2024-02-24 12:45:00,207.57,212.12,210.88,4.31,4.18,4.27,0.344,0.163
MTR0001,2024-02-24 13:00:00,217.82,220.79,221.46,4.28,4.11,4.05,0.354,0.198
MTR0001,2024-02-24 13:15:00,217.82,220.79,221.46,5.13,4.91,4.85,0.421,0.236
MTR0001,2024-02-24 13:30:00,217.82,220.79,221.46,5.13,4.91,4.85,0.421,0.236
MTR0001,2024-02-24 13:45:00,217.82,220.79,221.46,5.13,4.91,4.85,0.421,0.236
MTR0001,2024-02-24 14:00:00,221.42,225.22,223.0,4.86,3.03,6.78,0.435,0.186
MTR0001,2024-02-24 14:15:00,221.42,225.22,223.0,4.78,2.98,6.67,0.428,0.182
MTR0001,2024-02-24 14:30:00,221.42,225.22,223.0,4.78,2.98,6.67,0.428,0.182
MTR0001,2024-02-24 14:45:00,221.42,225.22,223.0,4.78,2.98,6.67,0.428,0.182
MTR0001,2024-02-24 15:00:00,211.11,209.02,212.12,4.29,2.36,6.94,0.389,0.188
MTR0001,2024-02-24 15:15:00,211.11,209.02,212.12,4.5,2.47,7.27,0.407,0.198
MTR0001,2024-02-24 15:30:00,211.11,209.02,212.12,4.5,2.47,7.27,0.407,0.198
MTR0001,2024-02-24 15:45:00,211.11,209.02,212.12,4.5,2.47,7.27,0.407,0.198
MTR0001,2024-02-24 16:00:00,225.94,226.51,228.19,6.77,4.47,2.32,0.401,0.187
MTR0001,2024-02-24 16:15:00,225.94,226.51,228.19,5.96,3.94,2.04,0.352,0.165
MTR0001,2024-02-24 16:30:00,225.94,226.51,228.19,5.96,3.94,2.04,0.352,0.165
MTR0001,2024-02-24 16:45:00,225.94,226.51,228.19,5.96,3.94,2.04,0.352,0.165
MTR0001,2024-02-24 17:00:00,210.07,211.44,214.27,3.18,4.0,4.1,0.312,0.17
MTR0001,2024-02-24 17:15:00,210.07,211.44,214.27,3.78,4.78,4.81,0.368,0.2
MTR0001,2024-02-24 17:30:00,210.07,211.44,214.27,3.78,4.78,4.81,0.368,0.2
MTR0001,2024-02-24 17:45:00,210.07,211.44,214.27,3.78,4.78,4.81,0.368,0.2
MTR0001,2024-02-24 18:00:00,227.36,231.45,228.57,4.11,3.66,4.82,0.355,0.191
MTR0001,2024-02-24 18:15:00,227.36,231.45,228.57,3.5,3.13,4.1,0.3,0.163
MTR0001,2024-02-24 18:30:00,227.36,231.45,228.57,3.5,3.13,4.1,0.3,0.163
MTR0001,2024-02-24 18:45:00,227.36,231.45,228.57,3.5,3.13,4.1,0.3,0.163
MTR0001,2024-02-24 19:00:00,218.22,219.52,220.76,3.21,1.85,4.45,0.279,0.107
MTR0001,2024-02-24 19:15:00,218.22,219.52,220.76,3.01,1.72,4.17,0.261,0.101
MTR0001,2024-02-24 19:30:00,218.22,219.52,220.76,3.01,1.72,4.17,0.261,0.101
MTR0001,2024-02-24 19:45:00,218.22,219.52,220.76,3.01,1.72,4.17,0.261,0.101
MTR0001,2024-02-24 20:00:00,229.65,232.25,232.12,3.0,1.77,3.95,0.294,0.101
MTR0001,2024-02-24 20:15:00,229.65,232.25,232.12,2.98,1.75,3.92,0.292,0.101
MTR0001,2024-02-24 20:30:00,229.65,232.25,232.12,2.98,1.75,3.92,0.292,0.101
MTR0001,2024-02-24 20:45:00,229.65,232.25,232.12,2.98,1.75,3.92,0.292,0.101
MTR0001,2024-02-24 21:00:00,231.41,229.17,232.9,2.94,2.78,2.63,0.258,0.101
MTR0001,2024-02-24 21:15:00,231.41,229.17,232.9,3.66,3.44,3.26,0.319,0.128
MTR0001,2024-02-24 21:30:00,231.41,229.17,232.9,3.66,3.44,3.26,0.319,0.128
MTR0001,2024-02-24 21:45:00,231.41,229.17,232.9,3.66,3.44,3.26,0.319,0.128
MTR0001,2024-02-24 22:00:00,222.34,224.28,221.63,3.03,2.57,3.13,0.235,0.152
MTR0001,2024-02-24 22:15:00,222.34,224.28,221.63,2.84,2.4,2.91,0.219,0.142
MTR0001,2024-02-24 22:30:00,222.34,224.28,221.63,2.84,2.4,2.91,0.219,0.142
MTR0001,2024-02-24 22:45:00,222.34,224.28,221.63,2.84,2.4,2.91,0.219,0.142
MTR0001,2024-02-24 23:00:00,211.5,212.51,212.8,1.26,4.17,2.82,0.227,0.108
MTR0001,2024-02-24 23:15:00,211.5,212.51,212.8,1.1,3.71,2.5,0.201,0.096
MTR0001,2024-02-24 23:30:00,211.5,212.51,212.8,1.1,3.71,2.5,0.201,0.096
MTR0001,2024-02-24 23:45:00,211.5,212.51,212.8,1.1,3.71,2.5,0.201,0.096
MTR0001,2024-02-25 00:00:00,206.43,210.75,208.33,0.58,1.52,1.42,0.107,0.03
MTR0001,2024-02-25 00:15:00,206.43,210.75,208.33,0.86,1.98,1.81,0.138,0.042
MTR0001,2024-02-25 00:30:00,206.43,210.75,208.33,0.86,1.98,1.81,0.138,0.042
MTR0001,2024-02-25 00:45:00,206.43,210.75,208.33,0.86,1.98,1.81,0.138,0.042
MTR0001,2024-02-25 01:00:00,231.01,231.08,231.51,2.29,1.64,0.89,0.17,0.084
MTR0001,2024-02-25 01:15:00,231.01,231.08,231.51,2.18,1.57,0.85,0.164,0.08
MTR0001,2024-02-25 01:30:00,231.01,231.08,231.51,2.18,1.57,0.85,0.164,0.08
MTR0001,2024-02-25 01:45:00,231.01,231.08,231.51,2.18,1.57,0.85,0.164,0.08
MTR0001,2024-02-25 02:00:00,217.64,216.71,216.81,1.22,1.37,1.37,0.121,0.056
MTR0001,2024-02-25 02:15:00,217.64,216.71,216.81,1.23,1.39,1.39,0.122,0.056
MTR0001,2024-02-25 02:30:00,217.64,216.71,216.81,1.23,1.39,1.39,0.122,0.056
MTR0001,2024-02-25 02:45:00,217.64,216.71,216.81,1.23,1.39,1.39,0.122,0.056
MTR0001,2024-02-25 03:00:00,230.06,231.38,230.72,1.68,1.5,1.91,0.171,0.053
MTR0001,2024-02-25 03:15:00,230.06,231.38,230.72,1.34,1.19,1.52,0.139,0.042
MTR0001,2024-02-25 03:30:00,230.06,231.38,230.72,1.34,1.19,1.52,0.139,0.042
MTR0001,2024-02-25 03:45:00,230.06,231.38,230.72,1.34,1.19,1.52,0.139,0.042
MTR0001,2024-02-25 04:00:00,231.76,230.99,230.25,1.07,1.14,1.23,0.085,0.041
MTR0001,2024-02-25 04:15:00,231.76,230.99,230.25,1.09,1.17,1.25,0.087,0.042
MTR0001,2024-02-25 04:30:00,231.76,230.99,230.25,1.09,1.17,1.25,0.087,0.042
MTR0001,2024-02-25 04:45:00,231.76,230.99,230.25,1.09,1.17,1.25,0.087,0.042
MTR0001,2024-02-25 05:00:00,214.22,214.37,214.14,1.21,0.87,1.38,0.105,0.056
MTR0001,2024-02-25 05:15:00,214.22,214.37,214.14,1.18,0.84,1.34,0.102,0.054
MTR0001,2024-02-25 05:30:00,214.22,214.37,214.14,1.18,0.84,1.34,0.102,0.054
MTR0001,2024-02-25 05:45:00,214.22,214.37,214.14,1.18,0.84,1.34,0.102,0.054
MTR0001,2024-02-25 06:00:00,214.56,213.72,215.19,2.32,2.24,2.39,0.182,0.105
MTR0001,2024-02-25 06:15:00,214.56,213.72,215.19,2.48,2.4,2.55,0.194,0.112
MTR0001,2024-02-25 06:30:00,214.56,213.72,215.19,2.48,2.4,2.55,0.194,0.112
MTR0001,2024-02-25 06:45:00,214.56,213.72,215.19,2.48,2.4,2.55,0.194,0.112
MTR0001,2024-02-25 07:00:00,208.25,211.27,209.39,2.37,2.1,2.81,0.167,0.109
MTR0001,2024-02-25 07:15:00,208.25,211.27,209.39,2.66,2.36,3.14,0.19,0.123
MTR0001,2024-02-25 07:30:00,208.25,211.27,209.39,2.66,2.36,3.14,0.19,0.123
MTR0001,2024-02-25 07:45:00,208.25,211.27,209.39,2.66,2.36,3.14,0.19,0.123
MTR0001,2024-02-25 08:00:00,219.27,216.02,220.2,2.65,3.74,3.29,0.247,0.134
MTR0001,2024-02-25 08:15:00,219.27,216.02,220.2,2.95,4.22,3.7,0.281,0.151
MTR0001,2024-02-25 08:30:00,219.27,216.02,220.2,2.95,4.22,3.7,0.281,0.151
MTR0001,2024-02-25 08:45:00,219.27,216.02,220.2,2.95,4.22,3.7,0.281,0.151
MTR0001,2024-02-25 09:00:00,214.29,212.97,214.97,3.3,4.04,3.84,0.319,0.177
MTR0001,2024-02-25 09:15:00,214.29,212.97,214.97,2.46,3.0,2.86,0.243,0.132
MTR0001,2024-02-25 09:30:00,214.29,212.97,214.97,2.46,3.0,2.86,0.243,0.132
MTR0001,2024-02-25 09:45:00,214.29,212.97,214.97,2.46,3.0,2.86,0.243,0.132
MTR0001,2024-02-25 10:00:00,225.04,225.16,228.08,3.16,2.65,2.51,0.207,0.101
MTR0001,2024-02-25 10:15:00,225.04,225.16,228.08,3.16,2.65,2.51,0.208,0.101
MTR0001,2024-02-25 10:30:00,225.04,225.16,228.08,3.16,2.65,2.51,0.208,0.101
MTR0001,2024-02-25 10:45:00,225.04,225.16,228.08,3.16,2.65,2.51,0.208,0.101
MTR0001,2024-02-25 11:00:00,221.11,220.28,222.63,2.16,3.4,3.01,0.24,0.106
MTR0001,2024-02-25 11:15:00,221.11,220.28,222.63,2.74,4.33,3.8,0.307,0.137
MTR0001,2024-02-25 11:30:00,221.11,220.28,222.63,2.74,4.33,3.8,0.307,0.137
MTR0001,2024-02-25 11:45:00,221.11,220.28,222.63,2.74,4.33,3.8,0.307,0.137
MTR0001,2024-02-25 12:00:00,218.92,218.63,217.67,3.17,3.96,3.89,0.354,0.178
MTR0001,2024-02-25 12:15:00,218.92,218.63,217.67,3.45,4.31,4.21,0.379,0.193
MTR0001,2024-02-25 12:30:00,218.92,218.63,217.67,3.45,4.31,4.21,0.379,0.193
MTR0001,2024-02-25 12:45:00,218.92,218.63,217.67,3.45,4.31,4.21,0.379,0.193
MTR0001,2024-02-25 13:00:00,213.78,216.88,214.85,4.12,4.08,4.03,0.361,0.17
MTR0001,2024-02-25 13:15:00,213.78,216.88,214.85,2.88,2.88,2.81,0.258,0.122
MTR0001,2024-02-25 13:30:00,213.78,216.88,214.85,2.88,2.88,2.81,0.258,0.122
MTR0001,2024-02-25 13:45:00,213.78,216.88,214.85,2.88,2.88,2.81,0.258,0.122
MTR0001,2024-02-25 14:00:00,231.81,233.44,232.25,2.57,1.95,3.9,0.238,0.121
MTR0001,2024-02-25 14:15:00,231.81,233.44,232.25,2.88,2.16,4.33,0.267,0.134
MTR0001,2024-02-25 14:30:00,231.81,233.44,232.25,2.88,2.16,4.33,0.267,0.134
MTR0001,2024-02-25 14:45:00,231.81,233.44,232.25,2.88,2.16,4.33,0.267,0.134
MTR0001,2024-02-25 15:00:00,217.54,221.45,217.41,2.9,2.75,2.95,0.236,0.136
MTR0001,2024-02-25 15:15:00,217.54,221.45,217.41,3.52,3.34,3.61,0.287,0.166
MTR0001,2024-02-25 15:30:00,217.54,221.45,217.41,3.52,3.34,3.61,0.287,0.166
MTR0001,2024-02-25 15:45:00,217.54,221.45,217.41,3.52,3.34,3.61,0.287,0.166
MTR0001,2024-02-25 16:00:00,222.46,225.05,225.4,2.04,4.48,3.39,0.311,0.143
MTR0001,2024-02-25 16:15:00,222.46,225.05,225.4,2.03,4.46,3.38,0.31,0.143
MTR0001,2024-02-25 16:30:00,222.46,225.05,225.4,2.03,4.46,3.38,0.31,0.143
MTR0001,2024-02-25 16:45:00,222.46,225.05,225.4,2.03,4.46,3.38,0.31,0.143
MTR0001,2024-02-25 17:00:00,215.26,210.67,215.01,2.9,3.07,3.22,0.248,0.102
MTR0001,2024-02-25 17:15:00,215.26,210.67,215.01,2.99,3.19,3.33,0.257,0.106
MTR0001,2024-02-25 17:30:00,215.26,210.67,215.01,2.99,3.19,3.33,0.257,0.106
MTR0001,2024-02-25 17:45:00,215.26,210.67,215.01,2.99,3.19,3.33,0.257,0.106
MTR0001,2024-02-25 18:00:00,225.08,226.91,231.72,3.25,1.64,4.75,0.268,0.132
MTR0001,2024-02-25 18:15:00,225.08,226.91,231.72,2.72,1.35,3.96,0.22,0.11
MTR0001,2024-02-25 18:30:00,225.08,226.91,231.72,2.72,1.35,3.96,0.22,0.11
MTR0001,2024-02-25 18:45:00,225.08,226.91,231.72,2.72,1.35,3.96,0.22,0.11
MTR0001,2024-02-25 19:00:00,217.37,222.57,217.61,2.45,2.44,2.05,0.196,0.087
MTR0001,2024-02-25 19:15:00,217.37,222.57,217.61,2.12,2.15,1.78,0.171,0.075
MTR0001,2024-02-25 19:30:00,217.37,222.57,217.61,2.12,2.15,1.78,0.171,0.075
MTR0001,2024-02-25 19:45:00,217.37,222.57,217.61,2.12,2.15,1.78,0.171,0.075
MTR0001,2024-02-25 20:00:00,217.31,217.82,216.78,2.05,2.17,1.9,0.21,0.098
MTR0001,2024-02-25 20:15:00,217.31,217.82,216.78,2.13,2.25,1.99,0.217,0.103
MTR0001,2024-02-25 20:30:00,217.31,217.82,216.78,2.13,2.25,1.99,0.217,0.103
MTR0001,2024-02-25 20:45:00,217.31,217.82,216.78,2.13,2.25,1.99,0.217,0.103
MTR0001,2024-02-25 21:00:00,213.98,214.89,214.71,1.49,2.04,1.88,0.142,0.087
MTR0001,2024-02-25 21:15:00,213.98,214.89,214.71,1.43,1.97,1.81,0.136,0.083
MTR0001,2024-02-25 21:30:00,213.98,214.89,214.71,1.43,1.97,1.81,0.136,0.083
MTR0001,2024-02-25 21:45:00,213.98,214.89,214.71,1.43,1.97,1.81,0.136,0.083
MTR0001,2024-02-25 22:00:00,230.32,229.79,230.66,1.13,1.19,2.33,0.128,0.08
MTR0001,2024-02-25 22:15:00,230.32,229.79,230.66,1.36,1.34,2.66,0.148,0.091
MTR0001,2024-02-25 22:30:00,230.32,229.79,230.66,1.36,1.34,2.66,0.148,0.091
MTR0001,2024-02-25 22:45:00,230.32,229.79,230.66,1.36,1.34,2.66,0.148,0.091
MTR0001,2024-02-25 23:00:00,215.67,216.03,214.28,2.05,1.61,1.81,0.166,0.069
MTR0001,2024-02-25 23:15:00,215.67,216.03,214.28,2.54,2.05,2.22,0.204,0.085
MTR0001,2024-02-25 23:30:00,215.67,216.03,214.28,2.54,2.05,2.22,0.204,0.085
MTR0001,2024-02-25 23:45:00,215.67,216.03,214.28,2.54,2.05,2.22,0.204,0.085
MTR0001,2024-02-26 00:00:00,226.88,226.34,226.21,1.92,3.16,2.72,0.223,0.083
MTR0001,2024-02-26 00:15:00,226.88,226.34,226.21,1.92,3.16,2.72,0.223,0.083
MTR0001,2024-02-26 00:30:00,226.88,226.34,226.21,1.92,3.16,2.72,0.223,0.083
MTR0001,2024-02-26 00:45:00,226.88,226.34,226.21,1.92,3.16,2.72,0.223,0.083
MTR0001,2024-02-26 01:00:00,223.72,221.11,222.35,1.81,3.48,2.56,0.252,0.101
MTR0001,2024-02-26 01:15:00,223.72,221.11,222.35,1.81,3.48,2.56,0.252,0.101
MTR0001,2024-02-26 01:30:00,223.72,221.11,222.35,1.81,3.48,2.56,0.252,0.101
MTR0001,2024-02-26 01:45:00,223.72,221.11,222.35,1.81,3.48,2.56,0.252,0.101
MTR0001,2024-02-26 02:00:00,225.77,225.18,225.95,2.77,2.41,2.93,0.218,0.133
MTR0001,2024-02-26 02:15:00,225.77,225.18,225.95,2.77,2.41,2.93,0.218,0.133
MTR0001,2024-02-26 02:30:00,225.77,225.18,225.95,2.77,2.41,2.93,0.218,0.133
MTR0001,2024-02-26 02:45:00,225.77,225.18,225.95,2.77,2.41,2.93,0.218,0.133
MTR0001,2024-02-26 03:00:00,215.96,216.21,213.04,2.84,1.92,3.48,0.23,0.119
MTR0001,2024-02-26 03:15:00,215.96,216.21,213.04,2.84,1.92,3.48,0.23,0.119
MTR0001,2024-02-26 03:30:00,215.96,216.21,213.04,2.84,1.92,3.48,0.23,0.119
MTR0001,2024-02-26 03:45:00,215.96,216.21,213.04,2.84,1.92,3.48,0.23,0.119
MTR0001,2024-02-26 04:00:00,217.11,213.79,215.0,3.21,2.63,2.22,0.213,0.128
MTR0001,2024-02-26 04:15:00,217.11,213.79,215.0,3.21,2.63,2.22,0.213,0.128
MTR0001,2024-02-26 04:30:00,217.11,213.79,215.0,3.21,2.63,2.22,0.213,0.128
MTR0001,2024-02-26 04:45:00,217.11,213.79,215.0,3.21,2.63,2.22,0.213,0.128
MTR0001,2024-02-26 05:00:00,222.57,226.03,224.15,2.63,2.47,2.56,0.238,0.108
MTR0001,2024-02-26 05:15:00,222.57,226.03,224.15,2.63,2.47,2.56,0.238,0.108
MTR0001,2024-02-26 05:30:00,222.57,226.03,224.15,2.63,2.47,2.56,0.238,0.108
MTR0001,2024-02-26 05:45:00,222.57,226.03,224.15,2.63,2.47,2.56,0.238,0.108
MTR0001,2024-02-26 06:00:00,217.31,217.54,219.27,7.49,5.1,2.99,0.421,0.258
MTR0001,2024-02-26 06:15:00,217.31,217.54,219.27,7.49,5.1,2.99,0.421,0.258
MTR0001,2024-02-26 06:30:00,217.31,217.54,219.27,7.49,5.1,2.99,0.421,0.258
MTR0001,2024-02-26 06:45:00,217.31,217.54,219.27,7.49,5.1,2.99,0.421,0.258
MTR0001,2024-02-26 07:00:00,227.1,231.66,231.76,3.42,8.06,5.77,0.505,0.292
MTR0001,2024-02-26 07:15:00,227.1,231.66,231.76,3.42,8.06,5.77,0.505,0.292
MTR0001,2024-02-26 07:30:00,227.1,231.66,231.76,3.42,8.06,5.77,0.505,0.292
MTR0001,2024-02-26 07:45:00,227.1,231.66,231.76,3.42,8.06,5.77,0.505,0.292
MTR0001,2024-02-26 08:00:00,217.78,219.32,222.15,6.15,4.46,7.85,0.542,0.191
MTR0001,2024-02-26 08:15:00,217.78,219.32,222.15,6.15,4.46,7.85,0.542,0.191
MTR0001,2024-02-26 08:30:00,217.78,219.32,222.15,6.15,4.46,7.85,0.542,0.191
MTR0001,2024-02-26 08:45:00,217.78,219.32,222.15,6.15,4.46,7.85,0.542,0.191
MTR0001,2024-02-26 09:00:00,223.19,222.75,222.46,9.01,6.24,3.87,0.512,0.308
MTR0001,2024-02-26 09:15:00,223.19,222.75,222.46,9.01,6.24,3.87,0.512,0.308
MTR0001,2024-02-26 09:30:00,223.19,222.75,222.46,9.01,6.24,3.87,0.512,0.308
MTR0001,2024-02-26 09:45:00,223.19,222.75,222.46,9.01,6.24,3.87,0.512,0.308
MTR0001,2024-02-26 10:00:00,221.11,223.93,227.06,6.6,6.61,6.88,0.544,0.297
MTR0001,2024-02-26 10:15:00,221.11,223.93,227.06,6.6,6.61,6.88,0.544,0.297
MTR0001,2024-02-26 10:30:00,221.11,223.93,227.06,6.6,6.61,6.88,0.544,0.297
MTR0001,2024-02-26 10:45:00,221.11,223.93,227.06,6.6,6.61,6.88,0.544,0.297
MTR0001,2024-02-26 11:00:00,223.91,225.1,223.37,6.73,4.45,9.37,0.618,0.257
MTR0001,2024-02-26 11:15:00,223.91,225.1,223.37,6.73,4.45,9.37,0.618,0.257
MTR0001,2024-02-26 11:30:00,223.91,225.1,223.37,6.73,4.45,9.37,0.618,0.257
MTR0001,2024-02-26 11:45:00,223.91,225.1,223.37,6.73,4.45,9.37,0.618,0.257
MTR0001,2024-02-26 12:00:00,230.74,231.16,233.13,6.81,5.82,7.94,0.608,0.33
MTR0001,2024-02-26 12:15:00,230.74,231.16,233.13,6.81,5.82,7.94,0.608,0.33
MTR0001,2024-02-26 12:30:00,230.74,231.16,233.13,6.81,5.82,7.94,0.608,0.33
MTR0001,2024-02-26 12:45:00,230.74,231.16,233.13,6.81,5.82,7.94,0.608,0.33
MTR0001,2024-02-26 13:00:00,220.97,222.43,223.85,5.93,7.38,6.8,0.597,0.27
MTR0001,2024-02-26 13:15:00,220.97,222.43,223.85,5.93,7.38,6.8,0.597,0.27
MTR0001,2024-02-26 13:30:00,220.97,222.43,223.85,5.93,7.38,6.8,0.597,0.27
MTR0001,2024-02-26 13:45:00,220.97,222.43,223.85,5.93,7.38,6.8,0.597,0.27
MTR0001,2024-02-26 14:00:00,212.67,219.67,218.17,5.98,6.97,6.96,0.53,0.289
MTR0001,2024-02-26 14:15:00,212.67,219.67,218.17,5.98,6.97,6.96,0.53,0.289
MTR0001,2024-02-26 14:30:00,212.67,219.67,218.17,5.98,6.97,6.96,0.53,0.289
MTR0001,2024-02-26 14:45:00,212.67,219.67,218.17,5.98,6.97,6.96,0.53,0.289
MTR0001,2024-02-26 15:00:00,222.67,224.26,224.76,6.37,5.46,7.62,0.529,0.305
MTR0001,2024-02-26 15:15:00,222.67,224.26,224.76,6.37,5.46,7.62,0.529,0.305
MTR0001,2024-02-26 15:30:00,222.67,224.26,224.76,6.37,5.46,7.62,0.529,0.305
MTR0001,2024-02-26 15:45:00,222.67,224.26,224.76,6.37,5.46,7.62,0.529,0.305
MTR0001,2024-02-26 16:00:00,224.95,228.78,227.36,5.38,6.81,6.66,0.559,0.251
MTR0001,2024-02-26 16:15:00,224.95,228.78,227.36,5.38,6.81,6.66,0.559,0.251
MTR0001,2024-02-26 16:30:00,224.95,228.78,227.36,5.38,6.81,6.66,0.559,0.251
MTR0001,2024-02-26 16:45:00,224.95,228.78,227.36,5.38,6.81,6.66,0.559,0.251
MTR0001,2024-02-26 17:00:00,229.85,231.08,230.84,7.87,5.55,4.07,0.542,0.254
MTR0001,2024-02-26 17:15:00,229.85,231.08,230.84,7.87,5.55,4.07,0.542,0.254
MTR0001,2024-02-26 17:30:00,229.85,231.08,230.84,7.87,5.55,4.07,0.542,0.254
MTR0001,2024-02-26 17:45:00,229.85,231.08,230.84,7.87,5.55,4.07,0.542,0.254
MTR0001,2024-02-26 18:00:00,209.12,211.19,209.46,4.93,5.74,5.58,0.441,0.232
MTR0001,2024-02-26 18:15:00,209.12,211.19,209.46,4.93,5.74,5.58,0.441,0.232
MTR0001,2024-02-26 18:30:00,209.12,211.19,209.46,4.93,5.74,5.58,0.441,0.232
MTR0001,2024-02-26 18:45:00,209.12,211.19,209.46,4.93,5.74,5.58,0.441,0.232
MTR0001,2024-02-26 19:00:00,225.31,227.08,223.64,5.53,4.76,4.11,0.472,0.154
MTR0001,2024-02-26 19:15:00,225.31,227.08,223.64,5.53,4.76,4.11,0.472,0.154
MTR0001,2024-02-26 19:30:00,225.31,227.08,223.64,5.53,4.76,4.11,0.472,0.154
MTR0001,2024-02-26 19:45:00,225.31,227.08,223.64,5.53,4.76,4.11,0.472,0.154
MTR0001,2024-02-26 20:00:00,228.28,226.64,230.29,4.39,4.49,4.72,0.416,0.199
MTR0001,2024-02-26 20:15:00,228.28,226.64,230.29,4.39,4.49,4.72,0.416,0.199
MTR0001,2024-02-26 20:30:00,228.28,226.64,230.29,4.39,4.49,4.72,0.416,0.199
MTR0001,2024-02-26 20:45:00,228.28,226.64,230.29,4.39,4.49,4.72,0.416,0.199
MTR0001,2024-02-26 21:00:00,209.23,208.77,210.52,4.13,1.95,6.47,0.323,0.115
MTR0001,2024-02-26 21:15:00,209.23,208.77,210.52,4.13,1.95,6.47,0.323,0.115
MTR0001,2024-02-26 21:30:00,209.23,208.77,210.52,4.13,1.95,6.47,0.323,0.115
MTR0001,2024-02-26 21:45:00,209.23,208.77,210.52,4.13,1.95,6.47,0.323,0.115
MTR0001,2024-02-26 22:00:00,208.46,210.44,212.21,2.11,5.48,4.03,0.313,0.189
MTR0001,2024-02-26 22:15:00,208.46,210.44,212.21,2.11,5.48,4.03,0.313,0.189
MTR0001,2024-02-26 22:30:00,208.46,210.44,212.21,2.11,5.48,4.03,0.313,0.189
MTR0001,2024-02-26 22:45:00,208.46,210.44,212.21,2.11,5.48,4.03,0.313,0.189
MTR0001,2024-02-26 23:00:00,228.57,229.21,230.22,2.43,4.67,4.18,0.307,0.183
MTR0001,2024-02-26 23:15:00,228.57,229.21,230.22,2.43,4.67,4.18,0.307,0.183
MTR0001,2024-02-26 23:30:00,228.57,229.21,230.22,2.43,4.67,4.18,0.307,0.183
MTR0001,2024-02-26 23:45:00,228.57,229.21,230.22,2.43,4.67,4.18,0.307,0.183
MTR0001,2024-02-27 00:00:00,226.32,224.24,224.28,2.6,1.78,3.77,0.2,0.13
MTR0001,2024-02-27 00:15:00,226.32,224.24,224.28,2.6,1.78,3.77,0.2,0.13
MTR0001,2024-02-27 00:30:00,226.32,224.24,224.28,2.6,1.78,3.77,0.2,0.13
MTR0001,2024-02-27 00:45:00,226.32,224.24,224.28,2.6,1.78,3.77,0.2,0.13
MTR0001,2024-02-27 01:00:00,224.75,226.22,225.83,2.49,2.61,2.74,0.231,0.107
MTR0001,2024-02-27 01:15:00,224.75,226.22,225.83,2.49,2.61,2.74,0.231,0.107
MTR0001,2024-02-27 01:30:00,224.75,226.22,225.83,2.49,2.61,2.74,0.231,0.107
MTR0001,2024-02-27 01:45:00,224.75,226.22,225.83,2.49,2.61,2.74,0.231,0.107
MTR0001,2024-02-27 02:00:00,236.0,233.38,232.55,2.43,2.71,2.91,0.195,0.118
MTR0001,2024-02-27 02:15:00,236.0,233.38,232.55,2.43,2.71,2.91,0.195,0.118
MTR0001,2024-02-27 02:30:00,236.0,233.38,232.55,2.43,2.71,2.91,0.195,0.118
MTR0001,2024-02-27 02:45:00,236.0,233.38,232.55,2.43,2.71,2.91,0.195,0.118
MTR0001,2024-02-27 03:00:00,216.04,217.15,214.26,3.27,2.49,2.53,0.251,0.104
MTR0001,2024-02-27 03:15:00,216.04,217.15,214.26,3.27,2.49,2.53,0.251,0.104
MTR0001,2024-02-27 03:30:00,216.04,217.15,214.26,3.27,2.49,2.53,0.251,0.104
MTR0001,2024-02-27 03:45:00,216.04,217.15,214.26,3.27,2.49,2.53,0.251,0.104
MTR0001,2024-02-27 04:00:00,230.05,225.64,231.57,2.94,2.54,2.65,0.247,0.124
MTR0001,2024-02-27 04:15:00,230.05,225.64,231.57,2.94,2.54,2.65,0.247,0.124
MTR0001,2024-02-27 04:30:00,230.05,225.64,231.57,2.94,2.54,2.65,0.247,0.124
MTR0001,2024-02-27 04:45:00,230.05,225.64,231.57,2.94,2.54,2.65,0.247,0.124
MTR0001,2024-02-27 05:00:00,213.38,217.81,214.91,2.45,2.16,3.08,0.217,0.113
MTR0001,2024-02-27 05:15:00,213.38,217.81,214.91,2.45,2.16,3.08,0.217,0.113
MTR0001,2024-02-27 05:30:00,213.38,217.81,214.91,2.45,2.16,3.08,0.217,0.113
MTR0001,2024-02-27 05:45:00,213.38,217.81,214.91,2.45,2.16,3.08,0.217,0.113
MTR0001,2024-02-27 06:00:00,216.69,216.32,216.94,6.57,5.28,3.77,0.464,0.219
MTR0001,2024-02-27 06:15:00,216.69,216.32,216.94,6.57,5.28,3.77,0.464,0.219
MTR0001,2024-02-27 06:30:00,216.69,216.32,216.94,6.57,5.28,3.77,0.464,0.219
MTR0001,2024-02-27 06:45:00,216.69,216.32,216.94,6.57,5.28,3.77,0.464,0.219
MTR0001,2024-02-27 07:00:00,222.86,222.41,223.07,7.81,5.44,3.43,0.467,0.237
MTR0001,2024-02-27 07:15:00,222.86,222.41,223.07,7.81,5.44,3.43,0.467,0.237
MTR0001,2024-02-27 07:30:00,222.86,222.41,223.07,7.81,5.44,3.43,0.467,0.237
MTR0001,2024-02-27 07:45:00,222.86,222.41,223.07,7.81,5.44,3.43,0.467,0.237
MTR0001,2024-02-27 08:00:00,220.98,218.82,223.08,8.64,6.18,3.43,0.528,0.187
MTR0001,2024-02-27 08:15:00,220.98,218.82,223.08,8.64,6.18,3.43,0.528,0.187
MTR0001,2024-02-27 08:30:00,220.98,218.82,223.08,8.64,6.18,3.43,0.528,0.187
MTR0001,2024-02-27 08:45:00,220.98,218.82,223.08,8.64,6.18,3.43,0.528,0.187
MTR0001,2024-02-27 09:00:00,231.12,229.46,235.05,6.0,6.82,6.84,0.588,0.323
MTR0001,2024-02-27 09:15:00,231.12,229.46,235.05,6.0,6.82,6.84,0.588,0.323
MTR0001,2024-02-27 09:30:00,231.12,229.46,235.05,6.0,6.82,6.84,0.588,0.323
MTR0001,2024-02-27 09:45:00,231.12,229.46,235.05,6.0,6.82,6.84,0.588,0.323
MTR0001,2024-02-27 10:00:00,219.25,217.69,218.48,7.66,6.74,5.83,0.579,0.251
MTR0001,2024-02-27 10:15:00,219.25,217.69,218.48,7.66,6.74,5.83,0.579,0.251
MTR0001,2024-02-27 10:30:00,219.25,217.69,218.48,7.66,6.74,5.83,0.579,0.251
MTR0001,2024-02-27 10:45:00,219.25,217.69,218.48,7.66,6.74,5.83,0.579,0.251
MTR0001,2024-02-27 11:00:00,211.22,210.66,210.93,3.92,9.56,6.99,0.589,0.247
MTR0001,2024-02-27 11:15:00,211.22,210.66,210.93,3.92,9.56,6.99,0.589,0.247
MTR0001,2024-02-27 11:30:00,211.22,210.66,210.93,3.92,9.56,6.99,0.589,0.247
MTR0001,2024-02-27 11:45:00,211.22,210.66,210.93,3.92,9.56,6.99,0.589,0.247
MTR0001,2024-02-27 12:00:00,215.81,215.33,216.36,9.08,6.61,4.69,0.549,0.314
MTR0001,2024-02-27 12:15:00,215.81,215.33,216.36,9.08,6.61,4.69,0.549,0.314
MTR0001,2024-02-27 12:30:00,215.81,215.33,216.36,9.08,6.61,4.69,0.549,0.314
MTR0001,2024-02-27 12:45:00,215.81,215.33,216.36,9.08,6.61,4.69,0.549,0.314
MTR0001,2024-02-27 13:00:00,223.46,225.95,225.38,7.0,6.79,6.8,0.609,0.282
MTR0001,2024-02-27 13:15:00,223.46,225.95,225.38,7.0,6.79,6.8,0.609,0.282
MTR0001,2024-02-27 13:30:00,223.46,225.95,225.38,7.0,6.79,6.8,0.609,0.282
MTR0001,2024-02-27 13:45:00,223.46,225.95,225.38,7.0,6.79,6.8,0.609,0.282
MTR0001,2024-02-27 14:00:00,210.82,212.04,210.21,6.45,6.64,7.1,0.542,0.315
MTR0001,2024-02-27 14:15:00,210.82,212.04,210.21,6.45,6.64,7.1,0.542,0.315
MTR0001,2024-02-27 14:30:00,210.82,212.04,210.21,6.45,6.64,7.1,0.542,0.315
MTR0001,2024-02-27 14:45:00,210.82,212.04,210.21,6.45,6.64,7.1,0.542,0.315
MTR0001,2024-02-27 15:00:00,215.41,216.88,217.98,6.38,3.61,9.53,0.556,0.23
MTR0001,2024-02-27 15:15:00,215.41,216.88,217.98,6.38,3.61,9.53,0.556,0.23
MTR0001,2024-02-27 15:30:00,215.41,216.88,217.98,6.38,3.61,9.53,0.556,0.23
MTR0001,2024-02-27 15:45:00,215.41,216.88,217.98,6.38,3.61,9.53,0.556,0.23
MTR0001,2024-02-27 16:00:00,233.29,230.75,230.22,6.0,3.46,9.14,0.589,0.196
MTR0001,2024-02-27 16:15:00,233.29,230.75,230.22,6.0,3.46,9.14,0.589,0.196
MTR0001,2024-02-27 16:30:00,233.29,230.75,230.22,6.0,3.46,9.14,0.589,0.196
MTR0001,2024-02-27 16:45:00,233.29,230.75,230.22,6.0,3.46,9.14,0.589,0.196
MTR0001,2024-02-27 17:00:00,226.11,225.06,222.25,7.19,5.77,4.6,0.514,0.261
MTR0001,2024-02-27 17:15:00,226.11,225.06,222.25,7.19,5.77,4.6,0.514,0.261
MTR0001,2024-02-27 17:30:00,226.11,225.06,222.25,7.19,5.77,4.6,0.514,0.261
MTR0001,2024-02-27 17:45:00,226.11,225.06,222.25,7.19,5.77,4.6,0.514,0.261
MTR0001,2024-02-27 18:00:00,221.61,221.5,224.58,5.49,5.15,5.62,0.484,0.246
MTR0001,2024-02-27 18:15:00,221.61,221.5,224.58,5.49,5.15,5.62,0.484,0.246
MTR0001,2024-02-27 18:30:00,221.61,221.5,224.58,5.49,5.15,5.62,0.484,0.246
MTR0001,2024-02-27 18:45:00,221.61,221.5,224.58,5.49,5.15,5.62,0.484,0.246
MTR0001,2024-02-27 19:00:00,230.14,228.44,229.81,4.93,4.8,5.38,0.423,0.255
MTR0001,2024-02-27 19:15:00,230.14,228.44,229.81,4.93,4.8,5.38,0.423,0.255
MTR0001,2024-02-27 19:30:00,230.14,228.44,229.81,4.93,4.8,5.38,0.423,0.255
MTR0001,2024-02-27 19:45:00,230.14,228.44,229.81,4.93,4.8,5.38,0.423,0.255
MTR0001,2024-02-27 20:00:00,220.23,218.32,217.1,5.25,4.53,4.04,0.437,0.151
MTR0001,2024-02-27 20:15:00,220.23,218.32,217.1,5.25,4.53,4.04,0.437,0.151
MTR0001,2024-02-27 20:30:00,220.23,218.32,217.1,5.25,4.53,4.04,0.437,0.151
MTR0001,2024-02-27 20:45:00,220.23,218.32,217.1,5.25,4.53,4.04,0.437,0.151
MTR0001,2024-02-27 21:00:00,215.94,218.59,219.66,4.45,4.21,4.04,0.342,0.198
MTR0001,2024-02-27 21:15:00,215.94,218.59,219.66,4.45,4.21,4.04,0.342,0.198
MTR0001,2024-02-27 21:30:00,215.94,218.59,219.66,4.45,4.21,4.04,0.342,0.198
MTR0001,2024-02-27 21:45:00,215.94,218.59,219.66,4.45,4.21,4.04,0.342,0.198
MTR0001,2024-02-27 22:00:00,212.48,212.1,212.84,4.58,4.02,3.25,0.316,0.159
MTR0001,2024-02-27 22:15:00,212.48,212.1,212.84,4.58,4.02,3.25,0.316,0.159
MTR0001,2024-02-27 22:30:00,212.48,212.1,212.84,4.58,4.02,3.25,0.316,0.159
MTR0001,2024-02-27 22:45:00,212.48,212.1,212.84,4.58,4.02,3.25,0.316,0.159
MTR0001,2024-02-27 23:00:00,226.67,229.05,229.96,2.87,4.66,3.79,0.354,0.118
MTR0001,2024-02-27 23:15:00,226.67,229.05,229.96,2.87,4.66,3.79,0.354,0.118
MTR0001,2024-02-27 23:30:00,226.67,229.05,229.96,2.87,4.66,3.79,0.354,0.118
MTR0001,2024-02-27 23:45:00,226.67,229.05,229.96,2.87,4.66,3.79,0.354,0.118
MTR0001,2024-02-28 00:00:00,215.19,214.7,215.2,3.58,2.71,2.05,0.239,0.134
MTR0001,2024-02-28 00:15:00,215.19,214.7,215.2,3.58,2.71,2.05,0.239,0.134
MTR0001,2024-02-28 00:30:00,215.19,214.7,215.2,3.58,2.71,2.05,0.239,0.134
MTR0001,2024-02-28 00:45:00,215.19,214.7,215.2,3.58,2.71,2.05,0.239,0.134
MTR0001,2024-02-28 01:00:00,208.35,212.37,214.44,2.54,1.5,3.99,0.222,0.118
MTR0001,2024-02-28 01:15:00,208.35,212.37,214.44,2.54,1.5,3.99,0.222,0.118
MTR0001,2024-02-28 01:30:00,208.35,212.37,214.44,2.54,1.5,3.99,0.222,0.118
MTR0001,2024-02-28 01:45:00,208.35,212.37,214.44,2.54,1.5,3.99,0.222,0.118
MTR0001,2024-02-28 02:00:00,209.06,210.63,210.92,3.97,2.47,1.17,0.223,0.104
MTR0001,2024-02-28 02:15:00,209.06,210.63,210.92,3.97,2.47,1.17,0.223,0.104
MTR0001,2024-02-28 02:30:00,209.06,210.63,210.92,3.97,2.47,1.17,0.223,0.104
MTR0001,2024-02-28 02:45:00,209.06,210.63,210.92,3.97,2.47,1.17,0.223,0.104
MTR0001,2024-02-28 03:00:00,228.64,232.43,233.46,2.6,1.71,3.58,0.271,0.096
MTR0001,2024-02-28 03:15:00,228.64,232.43,233.46,2.6,1.71,3.58,0.271,0.096
MTR0001,2024-02-28 03:30:00,228.64,232.43,233.46,2.6,1.71,3.58,0.271,0.096
MTR0001,2024-02-28 03:45:00,228.64,232.43,233.46,2.6,1.71,3.58,0.271,0.096
MTR0001,2024-02-28 04:00:00,216.89,219.0,219.59,2.23,2.93,2.62,0.212,0.109
MTR0001,2024-02-28 04:15:00,216.89,219.0,219.59,2.23,2.93,2.62,0.212,0.109
MTR0001,2024-02-28 04:30:00,216.89,219.0,219.59,2.23,2.93,2.62,0.212,0.109
MTR0001,2024-02-28 04:45:00,216.89,219.0,219.59,2.23,2.93,2.62,0.212,0.109
MTR0001,2024-02-28 05:00:00,210.17,209.26,210.77,3.97,2.76,1.57,0.246,0.102
MTR0001,2024-02-28 05:15:00,210.17,209.26,210.77,3.97,2.76,1.57,0.246,0.102
MTR0001,2024-02-28 05:30:00,210.17,209.26,210.77,3.97,2.76,1.57,0.246,0.102
MTR0001,2024-02-28 05:45:00,210.17,209.26,210.77,3.97,2.76,1.57,0.246,0.102
MTR0001,2024-02-28 06:00:00,228.86,228.53,227.07,6.21,5.22,4.09,0.459,0.228
MTR0001,2024-02-28 06:15:00,228.86,228.53,227.07,6.21,5.22,4.09,0.459,0.228
MTR0001,2024-02-28 06:30:00,228.86,228.53,227.07,6.21,5.22,4.09,0.459,0.228
MTR0001,2024-02-28 06:45:00,228.86,228.53,227.07,6.21,5.22,4.09,0.459,0.228
MTR0001,2024-02-28 07:00:00,223.84,223.96,222.12,3.6,7.64,5.89,0.463,0.269
MTR0001,2024-02-28 07:15:00,223.84,223.96,222.12,3.6,7.64,5.89,0.463,0.269
MTR0001,2024-02-28 07:30:00,223.84,223.96,222.12,3.6,7.64,5.89,0.463,0.269
MTR0001,2024-02-28 07:45:00,223.84,223.96,222.12,3.6,7.64,5.89,0.463,0.269
MTR0001,2024-02-28 08:00:00,217.79,218.08,219.04,5.32,6.77,6.44,0.527,0.258
MTR0001,2024-02-28 08:15:00,217.79,218.08,219.04,5.32,6.77,6.44,0.527,0.258
MTR0001,2024-02-28 08:30:00,217.79,218.08,219.04,5.32,6.77,6.44,0.527,0.258
MTR0001,2024-02-28 08:45:00,217.79,218.08,219.04,5.32,6.77,6.44,0.527,0.258
MTR0001,2024-02-28 09:00:00,228.0,231.44,229.82,6.26,6.18,6.58,0.545,0.309
MTR0001,2024-02-28 09:15:00,228.0,231.44,229.82,6.26,6.18,6.58,0.545,0.309
MTR0001,2024-02-28 09:30:00,228.0,231.44,229.82,6.26,6.18,6.58,0.545,0.309
MTR0001,2024-02-28 09:45:00,228.0,231.44,229.82,6.26,6.18,6.58,0.545,0.309
MTR0001,2024-02-28 10:00:00,231.55,230.03,229.14,9.31,6.35,4.26,0.575,0.328
MTR0001,2024-02-28 10:15:00,231.55,230.03,229.14,9.31,6.35,4.26,0.575,0.328
MTR0001,2024-02-28 10:30:00,231.55,230.03,229.14,9.31,6.35,4.26,0.575,0.328
MTR0001,2024-02-28 10:45:00,231.55,230.03,229.14,9.31,6.35,4.26,0.575,0.328
MTR0001,2024-02-28 11:00:00,213.79,215.91,214.91,9.45,6.93,4.57,0.556,0.3
MTR0001,2024-02-28 11:15:00,213.79,215.91,214.91,9.45,6.93,4.57,0.556,0.3
MTR0001,2024-02-28 11:30:00,213.79,215.91,214.91,9.45,6.93,4.57,0.556,0.3
MTR0001,2024-02-28 11:45:00,213.79,215.91,214.91,9.45,6.93,4.57,0.556,0.3
MTR0001,2024-02-28 12:00:00,229.19,232.36,229.62,3.31,10.08,6.66,0.594,0.266
MTR0001,2024-02-28 12:15:00,229.19,232.36,229.62,3.31,10.08,6.66,0.594,0.266
MTR0001,2024-02-28 12:30:00,229.19,232.36,229.62,3.31,10.08,6.66,0.594,0.266
MTR0001,2024-02-28 12:45:00,229.19,232.36,229.62,3.31,10.08,6.66,0.594,0.266
MTR0001,2024-02-28 13:00:00,215.28,217.67,218.75,6.75,5.97,7.64,0.57,0.267
MTR0001,2024-02-28 13:15:00,215.28,217.67,218.75,6.75,5.97,7.64,0.57,0.267
MTR0001,2024-02-28 13:30:00,215.28,217.67,218.75,6.75,5.97,7.64,0.57,0.267
MTR0001,2024-02-28 13:45:00,215.28,217.67,218.75,6.75,5.97,7.64,0.57,0.267
MTR0001,2024-02-28 14:00:00,226.73,228.31,226.92,6.41,4.0,9.84,0.598,0.303
MTR0001,2024-02-28 14:15:00,226.73,228.31,226.92,6.41,4.0,9.84,0.598,0.303
MTR0001,2024-02-28 14:30:00,226.73,228.31,226.92,6.41,4.0,9.84,0.598,0.303
MTR0001,2024-02-28 14:45:00,226.73,228.31,226.92,6.41,4.0,9.84,0.598,0.303
MTR0001,2024-02-28 15:00:00,221.57,220.7,224.06,7.46,6.33,5.28,0.516,0.315
MTR0001,2024-02-28 15:15:00,221.57,220.7,224.06,7.46,6.33,5.28,0.516,0.315
MTR0001,2024-02-28 15:30:00,221.57,220.7,224.06,7.46,6.33,5.28,0.516,0.315
MTR0001,2024-02-28 15:45:00,221.57,220.7,224.06,7.46,6.33,5.28,0.516,0.315
MTR0001,2024-02-28 16:00:00,219.96,221.3,219.29,6.11,3.66,8.64,0.565,0.227
MTR0001,2024-02-28 16:15:00,219.96,221.3,219.29,6.11,3.66,8.64,0.565,0.227
MTR0001,2024-02-28 16:30:00,219.96,221.3,219.29,6.11,3.66,8.64,0.565,0.227
MTR0001,2024-02-28 16:45:00,219.96,221.3,219.29,6.11,3.66,8.64,0.565,0.227
MTR0001,2024-02-28 17:00:00,221.16,224.18,224.34,2.81,8.48,5.86,0.51,0.183
MTR0001,2024-02-28 17:15:00,221.16,224.18,224.34,2.81,8.48,5.86,0.51,0.183
MTR0001,2024-02-28 17:30:00,221.16,224.18,224.34,2.81,8.48,5.86,0.51,0.183
MTR0001,2024-02-28 17:45:00,221.16,224.18,224.34,2.81,8.48,5.86,0.51,0.183
MTR0001,2024-02-28 18:00:00,214.68,212.95,211.88,6.14,4.88,4.73,0.435,0.246
MTR0001,2024-02-28 18:15:00,214.68,212.95,211.88,6.14,4.88,4.73,0.435,0.246
MTR0001,2024-02-28 18:30:00,214.68,212.95,211.88,6.14,4.88,4.73,0.435,0.246
MTR0001,2024-02-28 18:45:00,214.68,212.95,211.88,6.14,4.88,4.73,0.435,0.246
MTR0001,2024-02-28 19:00:00,213.13,210.86,212.01,3.05,6.31,5.06,0.386,0.226
MTR0001,2024-02-28 19:15:00,213.13,210.86,212.01,3.05,6.31,5.06,0.386,0.226
MTR0001,2024-02-28 19:30:00,213.13,210.86,212.01,3.05,6.31,5.06,0.386,0.226
MTR0001,2024-02-28 19:45:00,213.13,210.86,212.01,3.05,6.31,5.06,0.386,0.226
MTR0001,2024-02-28 20:00:00,222.51,223.44,224.08,4.62,4.09,4.99,0.394,0.18
MTR0001,2024-02-28 20:15:00,222.51,223.44,224.08,4.62,4.09,4.99,0.394,0.18
MTR0001,2024-02-28 20:30:00,222.51,223.44,224.08,4.62,4.09,4.99,0.394,0.18
MTR0001,2024-02-28 20:45:00,222.51,223.44,224.08,4.62,4.09,4.99,0.394,0.18
MTR0001,2024-02-28 21:00:00,215.63,216.72,215.51,3.94,3.72,4.7,0.322,0.195
MTR0001,2024-02-28 21:15:00,215.63,216.72,215.51,3.94,3.72,4.7,0.322,0.195
MTR0001,2024-02-28 21:30:00,215.63,216.72,215.51,3.94,3.72,4.7,0.322,0.195
MTR0001,2024-02-28 21:45:00,215.63,216.72,215.51,3.94,3.72,4.7,0.322,0.195
MTR0001,2024-02-28 22:00:00,226.09,228.28,227.08,5.9,3.65,2.23,0.38,0.159
MTR0001,2024-02-28 22:15:00,226.09,228.28,227.08,5.9,3.65,2.23,0.38,0.159
MTR0001,2024-02-28 22:30:00,226.09,228.28,227.08,5.9,3.65,2.23,0.38,0.159
MTR0001,2024-02-28 22:45:00,226.09,228.28,227.08,5.9,3.65,2.23,0.38,0.159
MTR0001,2024-02-28 23:00:00,222.37,227.63,226.77,3.88,3.06,4.6,0.318,0.193
MTR0001,2024-02-28 23:15:00,222.37,227.63,226.77,3.88,3.06,4.6,0.318,0.193
MTR0001,2024-02-28 23:30:00,222.37,227.63,226.77,3.88,3.06,4.6,0.318,0.193
MTR0001,2024-02-28 23:45:00,222.37,227.63,226.77,3.88,3.06,4.6,0.318,0.193
MTR0001,2024-02-29 00:00:00,218.36,215.97,217.34,2.22,3.32,2.71,0.24,0.12
MTR0001,2024-02-29 00:15:00,218.36,215.97,217.34,2.22,3.32,2.71,0.24,0.12
MTR0001,2024-02-29 00:30:00,218.36,215.97,217.34,2.22,3.32,2.71,0.24,0.12
MTR0001,2024-02-29 00:45:00,218.36,215.97,217.34,2.22,3.32,2.71,0.24,0.12
MTR0001,2024-02-29 01:00:00,221.04,221.37,220.14,3.25,2.44,2.08,0.243,0.078
MTR0001,2024-02-29 01:15:00,221.04,221.37,220.14,3.25,2.44,2.08,0.243,0.078
MTR0001,2024-02-29 01:30:00,221.04,221.37,220.14,3.25,2.44,2.08,0.243,0.078
MTR0001,2024-02-29 01:45:00,221.04,221.37,220.14,3.25,2.44,2.08,0.243,0.078
MTR0001,2024-02-29 02:00:00,219.01,221.59,220.45,2.58,2.51,2.58,0.197,0.104
MTR0001,2024-02-29 02:15:00,219.01,221.59,220.45,2.58,2.51,2.58,0.197,0.104
MTR0001,2024-02-29 02:30:00,219.01,221.59,220.45,2.58,2.51,2.58,0.197,0.104
MTR0001,2024-02-29 02:45:00,219.01,221.59,220.45,2.58,2.51,2.58,0.197,0.104
MTR0001,2024-02-29 03:00:00,226.86,227.53,229.9,3.81,2.57,1.93,0.287,0.113
MTR0001,2024-02-29 03:15:00,226.86,227.53,229.9,3.81,2.57,1.93,0.287,0.113
MTR0001,2024-02-29 03:30:00,226.86,227.53,229.9,3.81,2.57,1.93,0.287,0.113
MTR0001,2024-02-29 03:45:00,226.86,227.53,229.9,3.81,2.57,1.93,0.287,0.113
MTR0001,2024-02-29 04:00:00,222.87,225.61,225.3,2.67,2.29,2.84,0.229,0.094
MTR0001,2024-02-29 04:15:00,222.87,225.61,225.3,2.67,2.29,2.84,0.229,0.094
MTR0001,2024-02-29 04:30:00,222.87,225.61,225.3,2.67,2.29,2.84,0.229,0.094
MTR0001,2024-02-29 04:45:00,222.87,225.61,225.3,2.67,2.29,2.84,0.229,0.094
MTR0001,2024-02-29 05:00:00,219.48,220.22,220.5,2.59,2.14,3.04,0.207,0.12
MTR0001,2024-02-29 05:15:00,219.48,220.22,220.5,2.59,2.14,3.04,0.207,0.12
MTR0001,2024-02-29 05:30:00,219.48,220.22,220.5,2.59,2.14,3.04,0.207,0.12
MTR0001,2024-02-29 05:45:00,219.48,220.22,220.5,2.59,2.14,3.04,0.207,0.12
MTR0001,2024-02-29 06:00:00,211.24,210.37,212.75,4.46,5.91,5.64,0.482,0.179
MTR0001,2024-02-29 06:15:00,211.24,210.37,212.75,4.46,5.91,5.64,0.482,0.179
MTR0001,2024-02-29 06:30:00,211.24,210.37,212.75,4.46,5.91,5.64,0.482,0.179
MTR0001,2024-02-29 06:45:00,211.24,210.37,212.75,4.46,5.91,5.64,0.482,0.179
MTR0001,2024-02-29 07:00:00,230.15,231.35,233.16,5.52,3.54,8.38,0.501,0.275
MTR0001,2024-02-29 07:15:00,230.15,231.35,233.16,5.52,3.54,8.38,0.501,0.275
MTR0001,2024-02-29 07:30:00,230.15,231.35,233.16,5.52,3.54,8.38,0.501,0.275
MTR0001,2024-02-29 07:45:00,230.15,231.35,233.16,5.52,3.54,8.38,0.501,0.275
MTR0001,2024-02-29 08:00:00,232.97,232.4,232.34,6.06,3.14,9.09,0.567,0.239
MTR0001,2024-02-29 08:15:00,232.97,232.4,232.34,6.06,3.14,9.09,0.567,0.239
MTR0001,2024-02-29 08:30:00,232.97,232.4,232.34,6.06,3.14,9.09,0.567,0.239
MTR0001,2024-02-29 08:45:00,232.97,232.4,232.34,6.06,3.14,9.09,0.567,0.239
MTR0001,2024-02-29 09:00:00,227.37,227.83,228.95,7.37,6.46,5.71,0.654,0.269
MTR0001,2024-02-29 09:15:00,227.37,227.83,228.95,7.37,6.46,5.71,0.654,0.269
MTR0001,2024-02-29 09:30:00,227.37,227.83,228.95,7.37,6.46,5.71,0.654,0.269
MTR0001,2024-02-29 09:45:00,227.37,227.83,228.95,7.37,6.46,5.71,0.654,0.269
MTR0001,2024-02-29 10:00:00,211.3,212.0,211.74,3.94,8.85,6.67,0.531,0.229
MTR0001,2024-02-29 10:15:00,211.3,212.0,211.74,3.94,8.85,6.67,0.531,0.229
MTR0001,2024-02-29 10:30:00,211.3,212.0,211.74,3.94,8.85,6.67,0.531,0.229
MTR0001,2024-02-29 10:45:00,211.3,212.0,211.74,3.94,8.85,6.67,0.531,0.229
MTR0001,2024-02-29 11:00:00,212.1,213.74,214.65,7.1,5.07,8.83,0.621,0.228
MTR0001,2024-02-29 11:15:00,212.1,213.74,214.65,7.1,5.07,8.83,0.621,0.228
MTR0001,2024-02-29 11:30:00,212.1,213.74,214.65,7.1,5.07,8.83,0.621,0.228
MTR0001,2024-02-29 11:45:00,212.1,213.74,214.65,7.1,5.07,8.83,0.621,0.228
MTR0001,2024-02-29 12:00:00,210.8,211.5,216.05,6.93,5.96,7.84,0.581,0.283
MTR0001,2024-02-29 12:15:00,210.8,211.5,216.05,6.93,5.96,7.84,0.581,0.283
MTR0001,2024-02-29 12:30:00,210.8,211.5,216.05,6.93,5.96,7.84,0.581,0.283
MTR0001,2024-02-29 12:45:00,210.8,211.5,216.05,6.93,5.96,7.84,0.581,0.283
MTR0001,2024-02-29 13:00:00,213.8,212.15,215.66,8.56,6.53,5.19,0.577,0.323
MTR0001,2024-02-29 13:15:00,213.8,212.15,215.66,8.56,6.53,5.19,0.577,0.323
MTR0001,2024-02-29 13:30:00,213.8,212.15,215.66,8.56,6.53,5.19,0.577,0.323
MTR0001,2024-02-29 13:45:00,213.8,212.15,215.66,8.56,6.53,5.19,0.577,0.323
MTR0001,2024-02-29 14:00:00,223.13,224.53,228.85,7.94,6.45,5.6,0.553,0.23
MTR0001,2024-02-29 14:15:00,223.13,224.53,228.85,7.94,6.45,5.6,0.553,0.23
MTR0001,2024-02-29 14:30:00,223.13,224.53,228.85,7.94,6.45,5.6,0.553,0.23
MTR0001,2024-02-29 14:45:00,223.13,224.53,228.85,7.94,6.45,5.6,0.553,0.23
MTR0001,2024-02-29 15:00:00,216.87,217.84,214.68,6.57,3.8,9.5,0.603,0.203
MTR0001,2024-02-29 15:15:00,216.87,217.84,214.68,6.57,3.8,9.5,0.603,0.203
MTR0001,2024-02-29 15:30:00,216.87,217.84,214.68,6.57,3.8,9.5,0.603,0.203
MTR0001,2024-02-29 15:45:00,216.87,217.84,214.68,6.57,3.8,9.5,0.603,0.203
MTR0001,2024-02-29 16:00:00,213.66,214.1,217.0,6.31,3.88,8.4,0.483,0.244
MTR0001,2024-02-29 16:15:00,213.66,214.1,217.0,6.31,3.88,8.4,0.483,0.244
MTR0001,2024-02-29 16:30:00,213.66,214.1,217.0,6.31,3.88,8.4,0.483,0.244
MTR0001,2024-02-29 16:45:00,213.66,214.1,217.0,6.31,3.88,8.4,0.483,0.244
MTR0001,2024-02-29 17:00:00,212.83,214.7,212.27,3.99,7.13,5.52,0.497,0.179
MTR0001,2024-02-29 17:15:00,212.83,214.7,212.27,3.99,7.13,5.52,0.497,0.179
MTR0001,2024-02-29 17:30:00,212.83,214.7,212.27,3.99,7.13,5.52,0.497,0.179
MTR0001,2024-02-29 17:45:00,212.83,214.7,212.27,3.99,7.13,5.52,0.497,0.179
MTR0001,2024-02-29 18:00:00,228.89,230.15,230.36,5.25,5.29,5.43,0.485,0.221
MTR0001,2024-02-29 18:15:00,228.89,230.15,230.36,5.25,5.29,5.43,0.485,0.221
MTR0001,2024-02-29 18:30:00,228.89,230.15,230.36,5.25,5.29,5.43,0.485,0.221
MTR0001,2024-02-29 18:45:00,228.89,230.15,230.36,5.25,5.29,5.43,0.485,0.221
MTR0001,2024-02-29 19:00:00,214.14,211.57,212.89,6.42,5.01,3.42,0.414,0.178
MTR0001,2024-02-29 19:15:00,214.14,211.57,212.89,6.42,5.01,3.42,0.414,0.178
MTR0001,2024-02-29 19:30:00,214.14,211.57,212.89,6.42,5.01,3.42,0.414,0.178
MTR0001,2024-02-29 19:45:00,214.14,211.57,212.89,6.42,5.01,3.42,0.414,0.178
MTR0001,2024-02-29 20:00:00,230.66,230.5,230.78,4.35,3.16,5.42,0.382,0.146
MTR0001,2024-02-29 20:15:00,230.66,230.5,230.78,4.35,3.16,5.42,0.382,0.146
MTR0001,2024-02-29 20:30:00,230.66,230.5,230.78,4.35,3.16,5.42,0.382,0.146
MTR0001,2024-02-29 20:45:00,230.66,230.5,230.78,4.35,3.16,5.42,0.382,0.146
MTR0001,2024-02-29 21:00:00,222.93,219.95,220.58,5.35,4.14,3.26,0.31,0.211
MTR0001,2024-02-29 21:15:00,222.93,219.95,220.58,5.35,4.14,3.26,0.31,0.211
MTR0001,2024-02-29 21:30:00,222.93,219.95,220.58,5.35,4.14,3.26,0.31,0.211
MTR0001,2024-02-29 21:45:00,222.93,219.95,220.58,5.35,4.14,3.26,0.31,0.211
MTR0001,2024-02-29 22:00:00,219.73,219.93,221.43,4.6,3.83,2.58,0.295,0.167
MTR0001,2024-02-29 22:15:00,219.73,219.93,221.43,4.6,3.83,2.58,0.295,0.167
MTR0001,2024-02-29 22:30:00,219.73,219.93,221.43,4.6,3.83,2.58,0.295,0.167
MTR0001,2024-02-29 22:45:00,219.73,219.93,221.43,4.6,3.83,2.58,0.295,0.167
MTR0001,2024-02-29 23:00:00,231.22,231.43,228.14,3.87,3.37,4.32,0.294,0.193
MTR0001,2024-02-29 23:15:00,231.22,231.43,228.14,3.87,3.37,4.32,0.294,0.193
MTR0001,2024-02-29 23:30:00,231.22,231.43,228.14,3.87,3.37,4.32,0.294,0.193
MTR0001,2024-02-29 23:45:00,231.22,231.43,228.14,3.87,3.37,4.32,0.294,0.193
MTR0001,2024-03-01 00:00:00,213.68,215.18,217.22,1.96,2.97,2.92,0.216,0.121
MTR0001,2024-03-01 00:15:00,213.68,215.18,217.22,1.96,2.97,2.92,0.216,0.121
MTR0001,2024-03-01 00:30:00,213.68,215.18,217.22,1.96,2.97,2.92,0.216,0.121
MTR0001,2024-03-01 00:45:00,213.68,215.18,217.22,1.96,2.97,2.92,0.216,0.121
MTR0001,2024-03-01 01:00:00,231.91,228.04,229.38,2.62,2.38,2.54,0.272,0.111
MTR0001,2024-03-01 01:15:00,231.91,228.04,229.38,2.62,2.38,2.54,0.272,0.111
MTR0001,2024-03-01 01:30:00,231.91,228.04,229.38,2.62,2.38,2.54,0.272,0.111
MTR0001,2024-03-01 01:45:00,231.91,228.04,229.38,2.62,2.38,2.54,0.272,0.111
MTR0001,2024-03-01 02:00:00,223.65,221.9,220.6,1.46,3.59,3.04,0.255,0.086
MTR0001,2024-03-01 02:15:00,223.65,221.9,220.6,1.46,3.59,3.04,0.255,0.086
MTR0001,2024-03-01 02:30:00,223.65,221.9,220.6,1.46,3.59,3.04,0.255,0.086
MTR0001,2024-03-01 02:45:00,223.65,221.9,220.6,1.46,3.59,3.04,0.255,0.086
MTR0001,2024-03-01 03:00:00,220.9,220.79,219.84,1.55,3.77,2.77,0.222,0.106
MTR0001,2024-03-01 03:15:00,220.9,220.79,219.84,1.55,3.77,2.77,0.222,0.106
MTR0001,2024-03-01 03:30:00,220.9,220.79,219.84,1.55,3.77,2.77,0.222,0.106
MTR0001,2024-03-01 03:45:00,220.9,220.79,219.84,1.55,3.77,2.77,0.222,0.106
MTR0001,2024-03-01 04:00:00,230.58,230.28,230.0,2.91,2.76,1.77,0.252,0.099
MTR0001,2024-03-01 04:15:00,230.58,230.28,230.0,2.91,2.76,1.77,0.252,0.099
MTR0001,2024-03-01 04:30:00,230.58,230.28,230.0,2.91,2.76,1.77,0.252,0.099
MTR0001,2024-03-01 04:45:00,230.58,230.28,230.0,2.91,2.76,1.77,0.252,0.099
MTR0001,2024-03-01 05:00:00,225.88,227.21,230.75,2.62,1.39,3.86,0.236,0.09
MTR0001,2024-03-01 05:15:00,225.88,227.21,230.75,2.62,1.39,3.86,0.236,0.09
MTR0001,2024-03-01 05:30:00,225.88,227.21,230.75,2.62,1.39,3.86,0.236,0.09
MTR0001,2024-03-01 05:45:00,225.88,227.21,230.75,2.62,1.39,3.86,0.236,0.09
MTR0001,2024-03-01 06:00:00,230.61,229.76,230.49,4.9,5.68,5.54,0.479,0.238
MTR0001,2024-03-01 06:15:00,230.61,229.76,230.49,4.9,5.68,5.54,0.479,0.238
MTR0001,2024-03-01 06:30:00,230.61,229.76,230.49,4.9,5.68,5.54,0.479,0.238
MTR0001,2024-03-01 06:45:00,230.61,229.76,230.49,4.9,5.68,5.54,0.479,0.238
MTR0001,2024-03-01 07:00:00,213.69,213.99,213.98,7.52,5.43,3.58,0.454,0.261
MTR0001,2024-03-01 07:15:00,213.69,213.99,213.98,7.52,5.43,3.58,0.454,0.261
MTR0001,2024-03-01 07:30:00,213.69,213.99,213.98,7.52,5.43,3.58,0.454,0.261
MTR0001,2024-03-01 07:45:00,213.69,213.99,213.98,7.52,5.43,3.58,0.454,0.261
MTR0001,2024-03-01 08:00:00,230.24,226.54,228.57,3.8,8.01,6.41,0.529,0.258
MTR0001,2024-03-01 08:15:00,230.24,226.54,228.57,3.8,8.01,6.41,0.529,0.258
MTR0001,2024-03-01 08:30:00,230.24,226.54,228.57,3.8,8.01,6.41,0.529,0.258
MTR0001,2024-03-01 08:45:00,230.24,226.54,228.57,3.8,8.01,6.41,0.529,0.258
MTR0001,2024-03-01 09:00:00,227.55,227.49,228.98,7.0,6.53,5.55,0.618,0.238
MTR0001,2024-03-01 09:15:00,227.55,227.49,228.98,7.0,6.53,5.55,0.618,0.238
MTR0001,2024-03-01 09:30:00,227.55,227.49,228.98,7.0,6.53,5.55,0.618,0.238
MTR0001,2024-03-01 09:45:00,227.55,227.49,228.98,7.0,6.53,5.55,0.618,0.238
MTR0001,2024-03-01 10:00:00,211.79,212.0,214.04,6.74,3.55,9.82,0.537,0.307
MTR0001,2024-03-01 10:15:00,211.79,212.0,214.04,6.74,3.55,9.82,0.537,0.307
MTR0001,2024-03-01 10:30:00,211.79,212.0,214.04,6.74,3.55,9.82,0.537,0.307
MTR0001,2024-03-01 10:45:00,211.79,212.0,214.04,6.74,3.55,9.82,0.537,0.307
MTR0001,2024-03-01 11:00:00,227.32,226.16,228.15,6.93,5.82,7.65,0.62,0.318
MTR0001,2024-03-01 11:15:00,227.32,226.16,228.15,6.93,5.82,7.65,0.62,0.318
MTR0001,2024-03-01 11:30:00,227.32,226.16,228.15,6.93,5.82,7.65,0.62,0.318
MTR0001,2024-03-01 11:45:00,227.32,226.16,228.15,6.93,5.82,7.65,0.62,0.318
MTR0001,2024-03-01 12:00:00,212.29,209.73,212.81,3.53,9.97,7.12,0.565,0.265
MTR0001,2024-03-01 12:15:00,212.29,209.73,212.81,3.53,9.97,7.12,0.565,0.265
MTR0001,2024-03-01 12:30:00,212.29,209.73,212.81,3.53,9.97,7.12,0.565,0.265
MTR0001,2024-03-01 12:45:00,212.29,209.73,212.81,3.53,9.97,7.12,0.565,0.265
MTR0001,2024-03-01 13:00:00,227.78,226.83,226.35,8.79,6.58,4.88,0.604,0.31
MTR0001,2024-03-01 13:15:00,227.78,226.83,226.35,8.79,6.58,4.88,0.604,0.31
MTR0001,2024-03-01 13:30:00,227.78,226.83,226.35,8.79,6.58,4.88,0.604,0.31
MTR0001,2024-03-01 13:45:00,227.78,226.83,226.35,8.79,6.58,4.88,0.604,0.31
MTR0001,2024-03-01 14:00:00,222.76,225.68,224.3,6.64,3.28,10.14,0.573,0.307
MTR0001,2024-03-01 14:15:00,222.76,225.68,224.3,6.64,3.28,10.14,0.573,0.307
MTR0001,2024-03-01 14:30:00,222.76,225.68,224.3,6.64,3.28,10.14,0.573,0.307
MTR0001,2024-03-01 14:45:00,222.76,225.68,224.3,6.64,3.28,10.14,0.573,0.307
MTR0001,2024-03-01 15:00:00,224.49,227.32,226.82,7.23,6.31,5.61,0.531,0.27
MTR0001,2024-03-01 15:15:00,224.49,227.32,226.82,7.23,6.31,5.61,0.531,0.27
MTR0001,2024-03-01 15:30:00,224.49,227.32,226.82,7.23,6.31,5.61,0.531,0.27
MTR0001,2024-03-01 15:45:00,224.49,227.32,226.82,7.23,6.31,5.61,0.531,0.27
MTR0001,2024-03-01 16:00:00,231.81,231.46,232.44,6.33,5.9,6.0,0.549,0.239
MTR0001,2024-03-01 16:15:00,231.81,231.46,232.44,6.33,5.9,6.0,0.549,0.239
MTR0001,2024-03-01 16:30:00,231.81,231.46,232.44,6.33,5.9,6.0,0.549,0.239
MTR0001,2024-03-01 16:45:00,231.81,231.46,232.44,6.33,5.9,6.0,0.549,0.239
MTR0001,2024-03-01 17:00:00,231.22,230.26,235.25,4.03,7.39,5.53,0.466,0.299
MTR0001,2024-03-01 17:15:00,231.22,230.26,235.25,4.03,7.39,5.53,0.466,0.299
MTR0001,2024-03-01 17:30:00,231.22,230.26,235.25,4.03,7.39,5.53,0.466,0.299
MTR0001,2024-03-01 17:45:00,231.22,230.26,235.25,4.03,7.39,5.53,0.466,0.299
MTR0001,2024-03-01 18:00:00,217.1,217.56,214.89,2.68,7.47,5.61,0.426,0.237
MTR0001,2024-03-01 18:15:00,217.1,217.56,214.89,2.68,7.47,5.61,0.426,0.237
MTR0001,2024-03-01 18:30:00,217.1,217.56,214.89,2.68,7.47,5.61,0.426,0.237
MTR0001,2024-03-01 18:45:00,217.1,217.56,214.89,2.68,7.47,5.61,0.426,0.237
MTR0001,2024-03-01 19:00:00,215.31,215.89,212.87,4.93,3.04,7.15,0.423,0.234
MTR0001,2024-03-01 19:15:00,215.31,215.89,212.87,4.93,3.04,7.15,0.423,0.234
MTR0001,2024-03-01 19:30:00,215.31,215.89,212.87,4.93,3.04,7.15,0.423,0.234
MTR0001,2024-03-01 19:45:00,215.31,215.89,212.87,4.93,3.04,7.15,0.423,0.234
MTR0001,2024-03-01 20:00:00,230.05,227.56,228.15,4.27,2.64,6.55,0.395,0.179
MTR0001,2024-03-01 20:15:00,230.05,227.56,228.15,4.27,2.64,6.55,0.395,0.179
MTR0001,2024-03-01 20:30:00,230.05,227.56,228.15,4.27,2.64,6.55,0.395,0.179
MTR0001,2024-03-01 20:45:00,230.05,227.56,228.15,4.27,2.64,6.55,0.395,0.179
MTR0001,2024-03-01 21:00:00,226.32,225.4,225.43,5.76,4.17,2.52,0.388,0.153
MTR0001,2024-03-01 21:15:00,226.32,225.4,225.43,5.76,4.17,2.52,0.388,0.153
MTR0001,2024-03-01 21:30:00,226.32,225.4,225.43,5.76,4.17,2.52,0.388,0.153
MTR0001,2024-03-01 21:45:00,226.32,225.4,225.43,5.76,4.17,2.52,0.388,0.153
MTR0001,2024-03-01 22:00:00,217.93,220.81,218.72,2.67,5.15,3.91,0.361,0.128
MTR0001,2024-03-01 22:15:00,217.93,220.81,218.72,2.67,5.15,3.91,0.361,0.128
MTR0001,2024-03-01 22:30:00,217.93,220.81,218.72,2.67,5.15,3.91,0.361,0.128
MTR0001,2024-03-01 22:45:00,217.93,220.81,218.72,2.67,5.15,3.91,0.361,0.128
MTR0001,2024-03-01 23:00:00,228.48,229.7,228.83,4.06,3.45,3.42,0.29,0.137
MTR0001,2024-03-01 23:15:00,228.48,229.7,228.83,4.06,3.45,3.42,0.29,0.137
MTR0001,2024-03-01 23:30:00,228.48,229.7,228.83,4.06,3.45,3.42,0.29,0.137
MTR0001,2024-03-01 23:45:00,228.48,229.7,228.83,4.06,3.45,3.42,0.29,0.137
MTR0001,2024-03-02 00:00:00,219.49,222.42,223.24,2.72,2.02,1.22,0.175,0.068
MTR0001,2024-03-02 00:15:00,219.49,222.42,223.24,2.46,1.84,1.11,0.159,0.062
MTR0001,2024-03-02 00:30:00,219.49,222.42,223.24,2.46,1.84,1.11,0.159,0.062
MTR0001,2024-03-02 00:45:00,219.49,222.42,223.24,2.46,1.84,1.11,0.159,0.062
MTR0001,2024-03-02 01:00:00,213.08,215.63,217.52,1.51,2.19,1.79,0.162,0.096
MTR0001,2024-03-02 01:15:00,213.08,215.63,217.52,1.4,2.04,1.65,0.152,0.09
MTR0001,2024-03-02 01:30:00,213.08,215.63,217.52,1.4,2.04,1.65,0.152,0.09
MTR0001,2024-03-02 01:45:00,213.08,215.63,217.52,1.4,2.04,1.65,0.152,0.09
MTR0001,2024-03-02 02:00:00,212.72,210.67,213.69,0.89,2.24,1.95,0.138,0.066
MTR0001,2024-03-02 02:15:00,212.72,210.67,213.69,0.92,2.33,2.01,0.143,0.068
MTR0001,2024-03-02 02:30:00,212.72,210.67,213.69,0.92,2.33,2.01,0.143,0.068
MTR0001,2024-03-02 02:45:00,212.72,210.67,213.69,0.92,2.33,2.01,0.143,0.068
MTR0001,2024-03-02 03:00:00,220.8,223.86,224.47,1.77,1.88,1.59,0.198,0.066
MTR0001,2024-03-02 03:15:00,220.8,223.86,224.47,2.03,2.12,1.8,0.219,0.075
MTR0001,2024-03-02 03:30:00,220.8,223.86,224.47,2.03,2.12,1.8,0.219,0.075
MTR0001,2024-03-02 03:45:00,220.8,223.86,224.47,2.03,2.12,1.8,0.219,0.075
MTR0001,2024-03-02 04:00:00,226.85,226.48,225.41,1.75,1.16,2.77,0.167,0.089
MTR0001,2024-03-02 04:15:00,226.85,226.48,225.41,1.8,1.19,2.85,0.171,0.092
MTR0001,2024-03-02 04:30:00,226.85,226.48,225.41,1.8,1.19,2.85,0.171,0.092
MTR0001,2024-03-02 04:45:00,226.85,226.48,225.41,1.8,1.19,2.85,0.171,0.092
MTR0001,2024-03-02 05:00:00,218.19,222.81,221.57,2.0,1.26,2.71,0.189,0.094
MTR0001,2024-03-02 05:15:00,218.19,222.81,221.57,1.67,1.03,2.26,0.16,0.08
MTR0001,2024-03-02 05:30:00,218.19,222.81,221.57,1.67,1.03,2.26,0.16,0.08
MTR0001,2024-03-02 05:45:00,218.19,222.81,221.57,1.67,1.03,2.26,0.16,0.08
MTR0001,2024-03-02 06:00:00,218.02,215.59,216.47,2.17,4.54,3.61,0.313,0.116
MTR0001,2024-03-02 06:15:00,218.02,215.59,216.47,2.42,5.02,3.99,0.346,0.129
MTR0001,2024-03-02 06:30:00,218.02,215.59,216.47,2.42,5.02,3.99,0.346,0.129
MTR0001,2024-03-02 06:45:00,218.02,215.59,216.47,2.42,5.02,3.99,0.346,0.129
MTR0001,2024-03-02 07:00:00,228.88,230.66,229.48,6.06,3.95,2.29,0.346,0.187
MTR0001,2024-03-02 07:15:00,228.88,230.66,229.48,6.26,4.08,2.36,0.357,0.194
MTR0001,2024-03-02 07:30:00,228.88,230.66,229.48,6.26,4.08,2.36,0.357,0.194
MTR0001,2024-03-02 07:45:00,228.88,230.66,229.48,6.26,4.08,2.36,0.357,0.194
MTR0001,2024-03-02 08:00:00,224.81,223.84,226.06,4.41,3.68,5.18,0.431,0.163
MTR0001,2024-03-02 08:15:00,224.81,223.84,226.06,3.62,3.0,4.25,0.359,0.134
MTR0001,2024-03-02 08:30:00,224.81,223.84,226.06,3.62,3.0,4.25,0.359,0.134
MTR0001,2024-03-02 08:45:00,224.81,223.84,226.06,3.62,3.0,4.25,0.359,0.134
MTR0001,2024-03-02 09:00:00,230.73,227.6,225.69,5.21,3.72,2.49,0.382,0.123
MTR0001,2024-03-02 09:15:00,230.73,227.6,225.69,6.17,4.42,2.98,0.45,0.146
MTR0001,2024-03-02 09:30:00,230.73,227.6,225.69,6.17,4.42,2.98,0.45,0.146
MTR0001,2024-03-02 09:45:00,230.73,227.6,225.69,6.17,4.42,2.98,0.45,0.146
MTR0001,2024-03-02 10:00:00,220.52,218.42,220.89,7.1,4.68,2.63,0.455,0.189
MTR0001,2024-03-02 10:15:00,220.52,218.42,220.89,7.19,4.74,2.67,0.46,0.191
MTR0001,2024-03-02 10:30:00,220.52,218.42,220.89,7.19,4.74,2.67,0.46,0.191
MTR0001,2024-03-02 10:45:00,220.52,218.42,220.89,7.19,4.74,2.67,0.46,0.191
MTR0001,2024-03-02 11:00:00,219.4,217.39,217.72,4.79,4.02,6.32,0.414,0.178
MTR0001,2024-03-02 11:15:00,219.4,217.39,217.72,5.15,4.3,6.76,0.446,0.191
MTR0001,2024-03-02 11:30:00,219.4,217.39,217.72,5.15,4.3,6.76,0.446,0.191
MTR0001,2024-03-02 11:45:00,219.4,217.39,217.72,5.15,4.3,6.76,0.446,0.191
MTR0001,2024-03-02 12:00:00,217.82,218.67,220.1,2.69,7.92,5.61,0.465,0.193
MTR0001,2024-03-02 12:15:00,217.82,218.67,220.1,2.76,8.12,5.75,0.477,0.198
MTR0001,2024-03-02 12:30:00,217.82,218.67,220.1,2.76,8.12,5.75,0.477,0.198
MTR0001,2024-03-02 12:45:00,217.82,218.67,220.1,2.76,8.12,5.75,0.477,0.198
MTR0001,2024-03-02 13:00:00,218.63,216.73,218.55,5.28,5.4,5.45,0.452,0.254
MTR0001,2024-03-02 13:15:00,218.63,216.73,218.55,4.97,5.09,5.13,0.427,0.239
MTR0001,2024-03-02 13:30:00,218.63,216.73,218.55,4.97,5.09,5.13,0.427,0.239
MTR0001,2024-03-02 13:45:00,218.63,216.73,218.55,4.97,5.09,5.13,0.427,0.239
MTR0001,2024-03-02 14:00:00,226.76,231.5,232.53,6.22,5.11,3.95,0.445,0.231
MTR0001,2024-03-02 14:15:00,226.76,231.5,232.53,5.67,4.67,3.6,0.406,0.21
MTR0001,2024-03-02 14:30:00,226.76,231.5,232.53,5.67,4.67,3.6,0.406,0.21
MTR0001,2024-03-02 14:45:00,226.76,231.5,232.53,5.67,4.67,3.6,0.406,0.21
MTR0001,2024-03-02 15:00:00,223.68,223.67,221.29,5.47,4.26,3.48,0.367,0.165
MTR0001,2024-03-02 15:15:00,223.68,223.67,221.29,5.89,4.6,3.75,0.397,0.179
MTR0001,2024-03-02 15:30:00,223.68,223.67,221.29,5.89,4.6,3.75,0.397,0.179
MTR0001,2024-03-02 15:45:00,223.68,223.67,221.29,5.89,4.6,3.75,0.397,0.179
MTR0001,2024-03-02 16:00:00,227.56,229.69,229.6,4.66,3.69,5.37,0.392,0.212
MTR0001,2024-03-02 16:15:00,227.56,229.69,229.6,4.06,3.18,4.66,0.339,0.184
MTR0001,2024-03-02 16:30:00,227.56,229.69,229.6,4.06,3.18,4.66,0.339,0.184
MTR0001,2024-03-02 16:45:00,227.56,229.69,229.6,4.06,3.18,4.66,0.339,0.184
MTR0001,2024-03-02 17:00:00,219.41,220.28,216.99,2.65,4.47,3.92,0.273,0.179
MTR0001,2024-03-02 17:15:00,219.41,220.28,216.99,2.74,4.62,4.05,0.284,0.186
MTR0001,2024-03-02 17:30:00,219.41,220.28,216.99,2.74,4.62,4.05,0.284,0.186
MTR0001,2024-03-02 17:45:00,219.41,220.28,216.99,2.74,4.62,4.05,0.284,0.186
MTR0001,2024-03-02 18:00:00,227.29,228.2,229.79,3.45,2.66,4.38,0.294,0.159
MTR0001,2024-03-02 18:15:00,227.29,228.2,229.79,4.08,3.11,5.22,0.351,0.188
MTR0001,2024-03-02 18:30:00,227.29,228.2,229.79,4.08,3.11,5.22,0.351,0.188
MTR0001,2024-03-02 18:45:00,227.29,228.2,229.79,4.08,3.11,5.22,0.351,0.188
MTR0001,2024-03-02 19:00:00,219.45,222.07,217.42,2.69,4.8,3.98,0.332,0.143
MTR0001,2024-03-02 19:15:00,219.45,222.07,217.42,2.19,3.91,3.26,0.271,0.116
MTR0001,2024-03-02 19:30:00,219.45,222.07,217.42,2.19,3.91,3.26,0.271,0.116
MTR0001,2024-03-02 19:45:00,219.45,222.07,217.42,2.19,3.91,3.26,0.271,0.116
MTR0001,2024-03-02 20:00:00,224.04,225.69,226.96,2.17,3.61,3.24,0.283,0.119
MTR0001,2024-03-02 20:15:00,224.04,225.69,226.96,2.34,3.87,3.47,0.303,0.128
MTR0001,2024-03-02 20:30:00,224.04,225.69,226.96,2.34,3.87,3.47,0.303,0.128
MTR0001,2024-03-02 20:45:00,224.04,225.69,226.96,2.34,3.87,3.47,0.303,0.128
MTR0001,2024-03-02 21:00:00,228.06,229.87,227.93,2.86,2.73,3.12,0.257,0.145
MTR0001,2024-03-02 21:15:00,228.06,229.87,227.93,3.06,2.94,3.33,0.274,0.156
MTR0001,2024-03-02 21:30:00,228.06,229.87,227.93,3.06,2.94,3.33,0.274,0.156
MTR0001,2024-03-02 21:45:00,228.06,229.87,227.93,3.06,2.94,3.33,0.274,0.156
MTR0001,2024-03-02 22:00:00,222.01,219.28,218.74,2.17,3.56,2.83,0.236,0.122
MTR0001,2024-03-02 22:15:00,222.01,219.28,218.74,2.24,3.66,2.92,0.244,0.125
MTR0001,2024-03-02 22:30:00,222.01,219.28,218.74,2.24,3.66,2.92,0.244,0.125
MTR0001,2024-03-02 22:45:00,222.01,219.28,218.74,2.24,3.66,2.92,0.244,0.125
MTR0001,2024-03-02 23:00:00,224.2,227.34,224.22,2.18,4.03,2.98,0.26,0.109
MTR0001,2024-03-02 23:15:00,224.2,227.34,224.22,1.87,3.44,2.51,0.219,0.094
MTR0001,2024-03-02 23:30:00,224.2,227.34,224.22,1.87,3.44,2.51,0.219,0.094
MTR0001,2024-03-02 23:45:00,224.2,227.34,224.22,1.87,3.44,2.51,0.219,0.094
MTR0001,2024-03-03 00:00:00,217.03,220.79,220.04,1.08,0.81,1.42,0.051,0.059
MTR0001,2024-03-03 00:15:00,217.03,220.79,220.04,1.3,1.03,1.66,0.069,0.07
MTR0001,2024-03-03 00:30:00,217.03,220.79,220.04,1.3,1.03,1.66,0.069,0.07
MTR0001,2024-03-03 00:45:00,217.03,220.79,220.04,1.3,1.03,1.66,0.069,0.07
MTR0001,2024-03-03 01:00:00,215.98,216.81,216.04,1.44,1.48,1.18,0.116,0.05
MTR0001,2024-03-03 01:15:00,215.98,216.81,216.04,1.4,1.43,1.14,0.112,0.049
MTR0001,2024-03-03 01:30:00,215.98,216.81,216.04,1.4,1.43,1.14,0.112,0.049
MTR0001,2024-03-03 01:45:00,215.98,216.81,216.04,1.4,1.43,1.14,0.112,0.049
MTR0001,2024-03-03 02:00:00,225.05,225.3,225.11,1.77,1.32,1.13,0.093,0.066
MTR0001,2024-03-03 02:15:00,225.05,225.3,225.11,1.84,1.38,1.18,0.098,0.069
MTR0001,2024-03-03 02:30:00,225.05,225.3,225.11,1.84,1.38,1.18,0.098,0.069
MTR0001,2024-03-03 02:45:00,225.05,225.3,225.11,1.84,1.38,1.18,0.098,0.069
MTR0001,2024-03-03 03:00:00,214.23,217.73,216.82,0.82,2.03,1.57,0.164,0.055
MTR0001,2024-03-03 03:15:00,214.23,217.73,216.82,0.78,1.96,1.51,0.159,0.053
MTR0001,2024-03-03 03:30:00,214.23,217.73,216.82,0.78,1.96,1.51,0.159,0.053
MTR0001,2024-03-03 03:45:00,214.23,217.73,216.82,0.78,1.96,1.51,0.159,0.053
MTR0001,2024-03-03 04:00:00,229.89,230.77,231.81,1.6,1.23,1.24,0.105,0.046
MTR0001,2024-03-03 04:15:00,229.89,230.77,231.81,1.37,1.04,1.09,0.087,0.04
MTR0001,2024-03-03 04:30:00,229.89,230.77,231.81,1.37,1.04,1.09,0.087,0.04
MTR0001,2024-03-03 04:45:00,229.89,230.77,231.81,1.37,1.04,1.09,0.087,0.04
MTR0001,2024-03-03 05:00:00,228.16,227.5,229.42,0.98,1.4,1.26,0.105,0.046
MTR0001,2024-03-03 05:15:00,228.16,227.5,229.42,1.21,1.83,1.61,0.136,0.059
MTR0001,2024-03-03 05:30:00,228.16,227.5,229.42,1.21,1.83,1.61,0.136,0.059
MTR0001,2024-03-03 05:45:00,228.16,227.5,229.42,1.21,1.83,1.61,0.136,0.059
MTR0001,2024-03-03 06:00:00,215.95,216.8,215.5,2.45,3.3,3.04,0.227,0.117
MTR0001,2024-03-03 06:15:00,215.95,216.8,215.5,2.02,2.66,2.48,0.181,0.095
MTR0001,2024-03-03 06:30:00,215.95,216.8,215.5,2.02,2.66,2.48,0.181,0.095
MTR0001,2024-03-03 06:45:00,215.95,216.8,215.5,2.02,2.66,2.48,0.181,0.095
MTR0001,2024-03-03 07:00:00,211.74,211.54,211.92,2.06,3.3,2.78,0.221,0.127
MTR0001,2024-03-03 07:15:00,211.74,211.54,211.92,2.02,3.23,2.73,0.217,0.124
MTR0001,2024-03-03 07:30:00,211.74,211.54,211.92,2.02,3.23,2.73,0.217,0.124
MTR0001,2024-03-03 07:45:00,211.74,211.54,211.92,2.02,3.23,2.73,0.217,0.124
MTR0001,2024-03-03 08:00:00,218.46,217.55,215.67,3.23,2.26,2.27,0.207,0.086
MTR0001,2024-03-03 08:15:00,218.46,217.55,215.67,2.81,1.93,2.01,0.177,0.075
MTR0001,2024-03-03 08:30:00,218.46,217.55,215.67,2.81,1.93,2.01,0.177,0.075
MTR0001,2024-03-03 08:45:00,218.46,217.55,215.67,2.81,1.93,2.01,0.177,0.075
MTR0001,2024-03-03 09:00:00,209.99,214.41,212.15,2.78,2.6,2.67,0.216,0.126
MTR0001,2024-03-03 09:15:00,209.99,214.41,212.15,3.38,3.17,3.25,0.262,0.153
MTR0001,2024-03-03 09:30:00,209.99,214.41,212.15,3.38,3.17,3.25,0.262,0.153
MTR0001,2024-03-03 09:45:00,209.99,214.41,212.15,3.38,3.17,3.25,0.262,0.153
MTR0001,2024-03-03 10:00:00,217.71,219.5,219.29,3.26,2.2,4.4,0.276,0.139
MTR0001,2024-03-03 10:15:00,217.71,219.5,219.29,3.65,2.47,4.91,0.308,0.155
MTR0001,2024-03-03 10:30:00,217.71,219.5,219.29,3.65,2.47,4.91,0.308,0.155
MTR0001,2024-03-03 10:45:00,217.71,219.5,219.29,3.65,2.47,4.91,0.308,0.155
MTR0001,2024-03-03 11:00:00,224.38,224.2,220.89,4.27,3.79,3.34,0.325,0.136
MTR0001,2024-03-03 11:15:00,224.38,224.2,220.89,3.15,2.8,2.43,0.234,0.101
MTR0001,2024-03-03 11:30:00,224.38,224.2,220.89,3.15,2.8,2.43,0.234,0.101
MTR0001,2024-03-03 11:45:00,224.38,224.2,220.89,3.15,2.8,2.43,0.234,0.101
MTR0001,2024-03-03 12:00:00,224.86,225.1,227.87,3.52,2.72,2.14,0.207,0.13
MTR0001,2024-03-03 12:15:00,224.86,225.1,227.87,3.99,3.09,2.43,0.24,0.147
MTR0001,2024-03-03 12:30:00,224.86,225.1,227.87,3.99,3.09,2.43,0.24,0.147
MTR0001,2024-03-03 12:45:00,224.86,225.1,227.87,3.99,3.09,2.43,0.24,0.147
MTR0001,2024-03-03 13:00:00,212.07,212.38,213.72,2.58,3.7,3.02,0.25,0.138
MTR0001,2024-03-03 13:15:00,212.07,212.38,213.72,2.76,3.99,3.26,0.269,0.148
MTR0001,2024-03-03 13:30:00,212.07,212.38,213.72,2.76,3.99,3.26,0.269,0.148
MTR0001,2024-03-03 13:45:00,212.07,212.38,213.72,2.76,3.99,3.26,0.269,0.148
MTR0001,2024-03-03 14:00:00,216.02,218.08,216.64,4.33,3.21,2.13,0.274,0.142
MTR0001,2024-03-03 14:15:00,216.02,218.08,216.64,3.97,2.96,1.97,0.253,0.131
MTR0001,2024-03-03 14:30:00,216.02,218.08,216.64,3.97,2.96,1.97,0.253,0.131
MTR0001,2024-03-03 14:45:00,216.02,218.08,216.64,3.97,2.96,1.97,0.253,0.131
MTR0001,2024-03-03 15:00:00,216.6,212.95,216.16,3.14,2.78,2.4,0.241,0.09
MTR0001,2024-03-03 15:15:00,216.6,212.95,216.16,3.11,2.75,2.38,0.238,0.089
MTR0001,2024-03-03 15:30:00,216.6,212.95,216.16,3.11,2.75,2.38,0.238,0.089
MTR0001,2024-03-03 15:45:00,216.6,212.95,216.16,3.11,2.75,2.38,0.238,0.089
MTR0001,2024-03-03 16:00:00,212.25,213.63,213.72,2.58,2.53,3.01,0.238,0.109
MTR0001,2024-03-03 16:15:00,212.25,213.63,213.72,3.31,3.22,3.81,0.298,0.14
MTR0001,2024-03-03 16:30:00,212.25,213.63,213.72,3.31,3.22,3.81,0.298,0.14
MTR0001,2024-03-03 16:45:00,212.25,213.63,213.72,3.31,3.22,3.81,0.298,0.14
MTR0001,2024-03-03 17:00:00,215.12,218.21,215.27,2.3,4.47,3.36,0.262,0.157
MTR0001,2024-03-03 17:15:00,215.12,218.21,215.27,1.66,3.2,2.37,0.184,0.111
MTR0001,2024-03-03 17:30:00,215.12,218.21,215.27,1.66,3.2,2.37,0.184,0.111
MTR0001,2024-03-03 17:45:00,215.12,218.21,215.27,1.66,3.2,2.37,0.184,0.111
MTR0001,2024-03-03 18:00:00,224.89,227.56,222.84,2.95,2.2,0.87,0.153,0.066
MTR0001,2024-03-03 18:15:00,224.89,227.56,222.84,4.01,2.92,1.28,0.22,0.089
MTR0001,2024-03-03 18:30:00,224.89,227.56,222.84,4.01,2.92,1.28,0.22,0.089
MTR0001,2024-03-03 18:45:00,224.89,227.56,222.84,4.01,2.92,1.28,0.22,0.089
MTR0001,2024-03-03 19:00:00,218.13,217.04,216.62,2.58,1.4,3.64,0.218,0.101
MTR0001,2024-03-03 19:15:00,218.13,217.04,216.62,2.58,1.39,3.63,0.218,0.101
MTR0001,2024-03-03 19:30:00,218.13,217.04,216.62,2.58,1.39,3.63,0.218,0.101
MTR0001,2024-03-03 19:45:00,218.13,217.04,216.62,2.58,1.39,3.63,0.218,0.101
MTR0001,2024-03-03 20:00:00,222.34,221.73,224.27,2.45,2.01,2.89,0.176,0.102
MTR0001,2024-03-03 20:15:00,222.34,221.73,224.27,2.45,2.01,2.9,0.176,0.103
MTR0001,2024-03-03 20:30:00,222.34,221.73,224.27,2.45,2.01,2.9,0.176,0.103
MTR0001,2024-03-03 20:45:00,222.34,221.73,224.27,2.45,2.01,2.9,0.176,0.103
MTR0001,2024-03-03 21:00:00,223.68,223.38,221.28,2.25,2.06,2.26,0.172,0.1
MTR0001,2024-03-03 21:15:00,223.68,223.38,221.28,2.46,2.26,2.49,0.19,0.11
MTR0001,2024-03-03 21:30:00,223.68,223.38,221.28,2.46,2.26,2.49,0.19,0.11
MTR0001,2024-03-03 21:45:00,223.68,223.38,221.28,2.46,2.26,2.49,0.19,0.11
MTR0001,2024-03-03 22:00:00,210.21,209.58,212.76,2.25,1.84,2.71,0.193,0.091
MTR0001,2024-03-03 22:15:00,210.21,209.58,212.76,1.56,1.26,1.89,0.137,0.063
MTR0001,2024-03-03 22:30:00,210.21,209.58,212.76,1.56,1.26,1.89,0.137,0.063
MTR0001,2024-03-03 22:45:00,210.21,209.58,212.76,1.56,1.26,1.89,0.137,0.063
MTR0001,2024-03-03 23:00:00,223.66,223.16,222.31,1.41,1.66,1.73,0.138,0.069
MTR0001,2024-03-03 23:15:00,223.66,223.16,222.31,1.38,1.63,1.69,0.135,0.068
MTR0001,2024-03-03 23:30:00,223.66,223.16,222.31,1.38,1.63,1.69,0.135,0.068
MTR0001,2024-03-03 23:45:00,223.66,223.16,222.31,1.38,1.63,1.69,0.135,0.068
MTR0001,2024-03-04 00:00:00,209.44,209.69,211.17,3.88,2.64,1.32,0.211,0.109
MTR0001,2024-03-04 00:15:00,209.44,209.69,211.17,3.88,2.64,1.32,0.211,0.109
MTR0001,2024-03-04 00:30:00,209.44,209.69,211.17,3.88,2.64,1.32,0.211,0.109
MTR0001,2024-03-04 00:45:00,209.44,209.69,211.17,3.88,2.64,1.32,0.211,0.109
MTR0001,2024-03-04 01:00:00,220.83,223.99,224.84,1.84,3.33,2.72,0.2,0.134
MTR0001,2024-03-04 01:15:00,220.83,223.99,224.84,1.84,3.33,2.72,0.2,0.134
MTR0001,2024-03-04 01:30:00,220.83,223.99,224.84,1.84,3.33,2.72,0.2,0.134
MTR0001,2024-03-04 01:45:00,220.83,223.99,224.84,1.84,3.33,2.72,0.2,0.134
MTR0001,2024-03-04 02:00:00,222.36,226.72,224.93,2.46,2.55,2.82,0.215,0.14
MTR0001,2024-03-04 02:15:00,222.36,226.72,224.93,2.46,2.55,2.82,0.215,0.14
MTR0001,2024-03-04 02:30:00,222.36,226.72,224.93,2.46,2.55,2.82,0.215,0.14
MTR0001,2024-03-04 02:45:00,222.36,226.72,224.93,2.46,2.55,2.82,0.215,0.14
MTR0001,2024-03-04 03:00:00,224.35,224.22,223.93,2.58,2.39,2.62,0.224,0.126
MTR0001,2024-03-04 03:15:00,224.35,224.22,223.93,2.58,2.39,2.62,0.224,0.126
MTR0001,2024-03-04 03:30:00,224.35,224.22,223.93,2.58,2.39,2.62,0.224,0.126
MTR0001,2024-03-04 03:45:00,224.35,224.22,223.93,2.58,2.39,2.62,0.224,0.126
MTR0001,2024-03-04 04:00:00,222.95,223.23,226.16,1.24,4.04,2.99,0.251,0.103
MTR0001,2024-03-04 04:15:00,222.95,223.23,226.16,1.24,4.04,2.99,0.251,0.103
MTR0001,2024-03-04 04:30:00,222.95,223.23,226.16,1.24,4.04,2.99,0.251,0.103
MTR0001,2024-03-04 04:45:00,222.95,223.23,226.16,1.24,4.04,2.99,0.251,0.103
MTR0001,2024-03-04 05:00:00,222.46,223.58,218.81,3.48,2.31,1.94,0.195,0.123
MTR0001,2024-03-04 05:15:00,222.46,223.58,218.81,3.48,2.31,1.94,0.195,0.123
MTR0001,2024-03-04 05:30:00,222.46,223.58,218.81,3.48,2.31,1.94,0.195,0.123
MTR0001,2024-03-04 05:45:00,222.46,223.58,218.81,3.48,2.31,1.94,0.195,0.123
MTR0001,2024-03-04 06:00:00,224.05,223.56,224.24,5.05,3.96,6.96,0.52,0.198
MTR0001,2024-03-04 06:15:00,224.05,223.56,224.24,5.05,3.96,6.96,0.52,0.198
MTR0001,2024-03-04 06:30:00,224.05,223.56,224.24,5.05,3.96,6.96,0.52,0.198
MTR0001,2024-03-04 06:45:00,224.05,223.56,224.24,5.05,3.96,6.96,0.52,0.198
MTR0001,2024-03-04 07:00:00,221.06,225.09,223.19,8.26,5.56,3.24,0.485,0.205
MTR0001,2024-03-04 07:15:00,221.06,225.09,223.19,8.26,5.56,3.24,0.485,0.205
MTR0001,2024-03-04 07:30:00,221.06,225.09,223.19,8.26,5.56,3.24,0.485,0.205
MTR0001,2024-03-04 07:45:00,221.06,225.09,223.19,8.26,5.56,3.24,0.485,0.205
MTR0001,2024-03-04 08:00:00,225.3,226.97,224.21,7.59,5.93,4.83,0.552,0.307
MTR0001,2024-03-04 08:15:00,225.3,226.97,224.21,7.59,5.93,4.83,0.552,0.307
MTR0001,2024-03-04 08:30:00,225.3,226.97,224.21,7.59,5.93,4.83,0.552,0.307
MTR0001,2024-03-04 08:45:00,225.3,226.97,224.21,7.59,5.93,4.83,0.552,0.307
MTR0001,2024-03-04 09:00:00,231.1,230.79,227.49,6.26,5.34,7.48,0.568,0.331
MTR0001,2024-03-04 09:15:00,231.1,230.79,227.49,6.26,5.34,7.48,0.568,0.331
MTR0001,2024-03-04 09:30:00,231.1,230.79,227.49,6.26,5.34,7.48,0.568,0.331
MTR0001,2024-03-04 09:45:00,231.1,230.79,227.49,6.26,5.34,7.48,0.568,0.331
MTR0001,2024-03-04 10:00:00,226.17,224.45,228.8,7.13,6.53,6.6,0.612,0.279
MTR0001,2024-03-04 10:15:00,226.17,224.45,228.8,7.13,6.53,6.6,0.612,0.279
MTR0001,2024-03-04 10:30:00,226.17,224.45,228.8,7.13,6.53,6.6,0.612,0.279
MTR0001,2024-03-04 10:45:00,226.17,224.45,228.8,7.13,6.53,6.6,0.612,0.279
MTR0001,2024-03-04 11:00:00,210.41,212.63,214.74,3.42,9.89,7.05,0.57,0.283
MTR0001,2024-03-04 11:15:00,210.41,212.63,214.74,3.42,9.89,7.05,0.57,0.283
MTR0001,2024-03-04 11:30:00,210.41,212.63,214.74,3.42,9.89,7.05,0.57,0.283
MTR0001,2024-03-04 11:45:00,210.41,212.63,214.74,3.42,9.89,7.05,0.57,0.283
MTR0001,2024-03-04 12:00:00,226.42,225.07,228.28,8.59,6.89,5.4,0.634,0.286
MTR0001,2024-03-04 12:15:00,226.42,225.07,228.28,8.59,6.89,5.4,0.634,0.286
MTR0001,2024-03-04 12:30:00,226.42,225.07,228.28,8.59,6.89,5.4,0.634,0.286
MTR0001,2024-03-04 12:45:00,226.42,225.07,228.28,8.59,6.89,5.4,0.634,0.286
MTR0001,2024-03-04 13:00:00,230.5,231.67,231.32,6.76,5.7,7.92,0.593,0.311
MTR0001,2024-03-04 13:15:00,230.5,231.67,231.32,6.76,5.7,7.92,0.593,0.311
MTR0001,2024-03-04 13:30:00,230.5,231.67,231.32,6.76,5.7,7.92,0.593,0.311
MTR0001,2024-03-04 13:45:00,230.5,231.67,231.32,6.76,5.7,7.92,0.593,0.311
MTR0001,2024-03-04 14:00:00,231.44,229.71,233.01,3.93,9.48,6.84,0.62,0.263
MTR0001,2024-03-04 14:15:00,231.44,229.71,233.01,3.93,9.48,6.84,0.62,0.263
MTR0001,2024-03-04 14:30:00,231.44,229.71,233.01,3.93,9.48,6.84,0.62,0.263
MTR0001,2024-03-04 14:45:00,231.44,229.71,233.01,3.93,9.48,6.84,0.62,0.263
MTR0001,2024-03-04 15:00:00,227.45,228.61,227.19,7.19,6.38,5.27,0.552,0.294
MTR0001,2024-03-04 15:15:00,227.45,228.61,227.19,7.19,6.38,5.27,0.552,0.294
MTR0001,2024-03-04 15:30:00,227.45,228.61,227.19,7.19,6.38,5.27,0.552,0.294
MTR0001,2024-03-04 15:45:00,227.45,228.61,227.19,7.19,6.38,5.27,0.552,0.294
MTR0001,2024-03-04 16:00:00,231.37,228.05,230.09,6.13,5.21,6.97,0.542,0.292
MTR0001,2024-03-04 16:15:00,231.37,228.05,230.09,6.13,5.21,6.97,0.542,0.292
MTR0001,2024-03-04 16:30:00,231.37,228.05,230.09,6.13,5.21,6.97,0.542,0.292
MTR0001,2024-03-04 16:45:00,231.37,228.05,230.09,6.13,5.21,6.97,0.542,0.292
MTR0001,2024-03-04 17:00:00,210.95,211.83,211.07,7.99,5.56,3.09,0.419,0.25
MTR0001,2024-03-04 17:15:00,210.95,211.83,211.07,7.99,5.56,3.09,0.419,0.25
MTR0001,2024-03-04 17:30:00,210.95,211.83,211.07,7.99,5.56,3.09,0.419,0.25
MTR0001,2024-03-04 17:45:00,210.95,211.83,211.07,7.99,5.56,3.09,0.419,0.25
MTR0001,2024-03-04 18:00:00,226.65,229.17,228.44,4.83,5.53,5.4,0.406,0.241
MTR0001,2024-03-04 18:15:00,226.65,229.17,228.44,4.83,5.53,5.4,0.406,0.241
MTR0001,2024-03-04 18:30:00,226.65,229.17,228.44,4.83,5.53,5.4,0.406,0.241
MTR0001,2024-03-04 18:45:00,226.65,229.17,228.44,4.83,5.53,5.4,0.406,0.241
MTR0001,2024-03-04 19:00:00,230.29,232.05,230.63,4.87,4.53,5.21,0.437,0.176
MTR0001,2024-03-04 19:15:00,230.29,232.05,230.63,4.87,4.53,5.21,0.437,0.176
MTR0001,2024-03-04 19:30:00,230.29,232.05,230.63,4.87,4.53,5.21,0.437,0.176
MTR0001,2024-03-04 19:45:00,230.29,232.05,230.63,4.87,4.53,5.21,0.437,0.176
MTR0001,2024-03-04 20:00:00,212.06,213.51,213.64,4.71,2.43,6.87,0.353,0.231
MTR0001,2024-03-04 20:15:00,212.06,213.51,213.64,4.71,2.43,6.87,0.353,0.231
MTR0001,2024-03-04 20:30:00,212.06,213.51,213.64,4.71,2.43,6.87,0.353,0.231
MTR0001,2024-03-04 20:45:00,212.06,213.51,213.64,4.71,2.43,6.87,0.353,0.231
MTR0001,2024-03-04 21:00:00,226.81,230.29,230.76,5.64,4.03,2.71,0.362,0.186
MTR0001,2024-03-04 21:15:00,226.81,230.29,230.76,5.64,4.03,2.71,0.362,0.186
MTR0001,2024-03-04 21:30:00,226.81,230.29,230.76,5.64,4.03,2.71,0.362,0.186
MTR0001,2024-03-04 21:45:00,226.81,230.29,230.76,5.64,4.03,2.71,0.362,0.186
MTR0001,2024-03-04 22:00:00,211.33,213.83,213.6,4.96,4.17,2.88,0.336,0.183
MTR0001,2024-03-04 22:15:00,211.33,213.83,213.6,4.96,4.17,2.88,0.336,0.183
MTR0001,2024-03-04 22:30:00,211.33,213.83,213.6,4.96,4.17,2.88,0.336,0.183
MTR0001,2024-03-04 22:45:00,211.33,213.83,213.6,4.96,4.17,2.88,0.336,0.183
MTR0001,2024-03-04 23:00:00,217.98,223.35,221.01,2.85,4.48,4.02,0.324,0.11
MTR0001,2024-03-04 23:15:00,217.98,223.35,221.01,2.85,4.48,4.02,0.324,0.11
MTR0001,2024-03-04 23:30:00,217.98,223.35,221.01,2.85,4.48,4.02,0.324,0.11
MTR0001,2024-03-04 23:45:00,217.98,223.35,221.01,2.85,4.48,4.02,0.324,0.11
MTR0001,2024-03-05 00:00:00,226.7,226.48,226.1,1.62,3.69,2.74,0.233,0.105
MTR0001,2024-03-05 00:15:00,226.7,226.48,226.1,1.62,3.69,2.74,0.233,0.105
MTR0001,2024-03-05 00:30:00,226.7,226.48,226.1,1.62,3.69,2.74,0.233,0.105
MTR0001,2024-03-05 00:45:00,226.7,226.48,226.1,1.62,3.69,2.74,0.233,0.105
MTR0001,2024-03-05 01:00:00,225.93,224.0,225.26,2.23,2.66,2.35,0.245,0.101
MTR0001,2024-03-05 01:15:00,225.93,224.0,225.26,2.23,2.66,2.35,0.245,0.101
MTR0001,2024-03-05 01:30:00,225.93,224.0,225.26,2.23,2.66,2.35,0.245,0.101
MTR0001,2024-03-05 01:45:00,225.93,224.0,225.26,2.23,2.66,2.35,0.245,0.101
MTR0001,2024-03-05 02:00:00,228.11,229.38,229.45,3.7,2.56,1.5,0.229,0.117
MTR0001,2024-03-05 02:15:00,228.11,229.38,229.45,3.7,2.56,1.5,0.229,0.117
MTR0001,2024-03-05 02:30:00,228.11,229.38,229.45,3.7,2.56,1.5,0.229,0.117
MTR0001,2024-03-05 02:45:00,228.11,229.38,229.45,3.7,2.56,1.5,0.229,0.117
MTR0001,2024-03-05 03:00:00,215.68,217.56,216.57,2.54,2.13,2.95,0.223,0.098
MTR0001,2024-03-05 03:15:00,215.68,217.56,216.57,2.54,2.13,2.95,0.223,0.098
MTR0001,2024-03-05 03:30:00,215.68,217.56,216.57,2.54,2.13,2.95,0.223,0.098
MTR0001,2024-03-05 03:45:00,215.68,217.56,216.57,2.54,2.13,2.95,0.223,0.098
MTR0001,2024-03-05 04:00:00,217.96,218.49,217.38,2.57,2.7,2.86,0.246,0.132
MTR0001,2024-03-05 04:15:00,217.96,218.49,217.38,2.57,2.7,2.86,0.246,0.132
MTR0001,2024-03-05 04:30:00,217.96,218.49,217.38,2.57,2.7,2.86,0.246,0.132
MTR0001,2024-03-05 04:45:00,217.96,218.49,217.38,2.57,2.7,2.86,0.246,0.132
MTR0001,2024-03-05 05:00:00,223.61,224.97,224.55,2.0,3.42,2.47,0.222,0.126
MTR0001,2024-03-05 05:15:00,223.61,224.97,224.55,2.0,3.42,2.47,0.222,0.126
MTR0001,2024-03-05 05:30:00,223.61,224.97,224.55,2.0,3.42,2.47,0.222,0.126
MTR0001,2024-03-05 05:45:00,223.61,224.97,224.55,2.0,3.42,2.47,0.222,0.126
MTR0001,2024-03-05 06:00:00,228.19,227.65,227.08,5.19,3.95,6.81,0.477,0.256
MTR0001,2024-03-05 06:15:00,228.19,227.65,227.08,5.19,3.95,6.81,0.477,0.256
MTR0001,2024-03-05 06:30:00,228.19,227.65,227.08,5.19,3.95,6.81,0.477,0.256
MTR0001,2024-03-05 06:45:00,228.19,227.65,227.08,5.19,3.95,6.81,0.477,0.256
MTR0001,2024-03-05 07:00:00,213.66,214.06,217.15,5.75,5.32,6.2,0.482,0.227
MTR0001,2024-03-05 07:15:00,213.66,214.06,217.15,5.75,5.32,6.2,0.482,0.227
MTR0001,2024-03-05 07:30:00,213.66,214.06,217.15,5.75,5.32,6.2,0.482,0.227
MTR0001,2024-03-05 07:45:00,213.66,214.06,217.15,5.75,5.32,6.2,0.482,0.227
MTR0001,2024-03-05 08:00:00,224.46,227.87,228.72,6.38,4.66,7.73,0.57,0.235
MTR0001,2024-03-05 08:15:00,224.46,227.87,228.72,6.38,4.66,7.73,0.57,0.235
MTR0001,2024-03-05 08:30:00,224.46,227.87,228.72,6.38,4.66,7.73,0.57,0.235
MTR0001,2024-03-05 08:45:00,224.46,227.87,228.72,6.38,4.66,7.73,0.57,0.235
MTR0001,2024-03-05 09:00:00,230.48,229.54,228.45,5.67,7.15,6.6,0.56,0.267
MTR0001,2024-03-05 09:15:00,230.48,229.54,228.45,5.67,7.15,6.6,0.56,0.267
MTR0001,2024-03-05 09:30:00,230.48,229.54,228.45,5.67,7.15,6.6,0.56,0.267
MTR0001,2024-03-05 09:45:00,230.48,229.54,228.45,5.67,7.15,6.6,0.56,0.267
MTR0001,2024-03-05 10:00:00,213.18,217.5,214.67,6.89,5.24,8.24,0.553,0.321
MTR0001,2024-03-05 10:15:00,213.18,217.5,214.67,6.89,5.24,8.24,0.553,0.321
MTR0001,2024-03-05 10:30:00,213.18,217.5,214.67,6.89,5.24,8.24,0.553,0.321
MTR0001,2024-03-05 10:45:00,213.18,217.5,214.67,6.89,5.24,8.24,0.553,0.321
MTR0001,2024-03-05 11:00:00,219.27,220.75,217.15,6.93,4.61,9.17,0.578,0.325
MTR0001,2024-03-05 11:15:00,219.27,220.75,217.15,6.93,4.61,9.17,0.578,0.325
MTR0001,2024-03-05 11:30:00,219.27,220.75,217.15,6.93,4.61,9.17,0.578,0.325
MTR0001,2024-03-05 11:45:00,219.27,220.75,217.15,6.93,4.61,9.17,0.578,0.325
MTR0001,2024-03-05 12:00:00,211.55,211.71,210.12,8.44,6.95,5.29,0.598,0.268
MTR0001,2024-03-05 12:15:00,211.55,211.71,210.12,8.44,6.95,5.29,0.598,0.268
MTR0001,2024-03-05 12:30:00,211.55,211.71,210.12,8.44,6.95,5.29,0.598,0.268
MTR0001,2024-03-05 12:45:00,211.55,211.71,210.12,8.44,6.95,5.29,0.598,0.268
MTR0001,2024-03-05 13:00:00,224.68,227.36,223.87,7.64,6.53,6.08,0.566,0.32
MTR0001,2024-03-05 13:15:00,224.68,227.36,223.87,7.64,6.53,6.08,0.566,0.32
MTR0001,2024-03-05 13:30:00,224.68,227.36,223.87,7.64,6.53,6.08,0.566,0.32
MTR0001,2024-03-05 13:45:00,224.68,227.36,223.87,7.64,6.53,6.08,0.566,0.32
MTR0001,2024-03-05 14:00:00,209.3,211.3,210.68,5.96,7.02,6.76,0.563,0.212
MTR0001,2024-03-05 14:15:00,209.3,211.3,210.68,5.96,7.02,6.76,0.563,0.212
MTR0001,2024-03-05 14:30:00,209.3,211.3,210.68,5.96,7.02,6.76,0.563,0.212
MTR0001,2024-03-05 14:45:00,209.3,211.3,210.68,5.96,7.02,6.76,0.563,0.212
MTR0001,2024-03-05 15:00:00,226.78,228.52,229.32,6.51,6.42,6.25,0.613,0.234
MTR0001,2024-03-05 15:15:00,226.78,228.52,229.32,6.51,6.42,6.25,0.613,0.234
MTR0001,2024-03-05 15:30:00,226.78,228.52,229.32,6.51,6.42,6.25,0.613,0.234
MTR0001,2024-03-05 15:45:00,226.78,228.52,229.32,6.51,6.42,6.25,0.613,0.234
MTR0001,2024-03-05 16:00:00,228.43,226.22,228.74,7.43,6.03,4.62,0.506,0.298
MTR0001,2024-03-05 16:15:00,228.43,226.22,228.74,7.43,6.03,4.62,0.506,0.298
MTR0001,2024-03-05 16:30:00,228.43,226.22,228.74,7.43,6.03,4.62,0.506,0.298
MTR0001,2024-03-05 16:45:00,228.43,226.22,228.74,7.43,6.03,4.62,0.506,0.298
MTR0001,2024-03-05 17:00:00,226.42,228.23,231.3,5.69,4.35,7.43,0.504,0.292
MTR0001,2024-03-05 17:15:00,226.42,228.23,231.3,5.69,4.35,7.43,0.504,0.292
MTR0001,2024-03-05 17:30:00,226.42,228.23,231.3,5.69,4.35,7.43,0.504,0.292
MTR0001,2024-03-05 17:45:00,226.42,228.23,231.3,5.69,4.35,7.43,0.504,0.292
MTR0001,2024-03-05 18:00:00,225.36,225.99,227.24,3.93,6.92,5.47,0.464,0.267
MTR0001,2024-03-05 18:15:00,225.36,225.99,227.24,3.93,6.92,5.47,0.464,0.267
MTR0001,2024-03-05 18:30:00,225.36,225.99,227.24,3.93,6.92,5.47,0.464,0.267
MTR0001,2024-03-05 18:45:00,225.36,225.99,227.24,3.93,6.92,5.47,0.464,0.267
MTR0001,2024-03-05 19:00:00,211.49,212.66,208.56,2.72,7.12,4.94,0.436,0.177
MTR0001,2024-03-05 19:15:00,211.49,212.66,208.56,2.72,7.12,4.94,0.436,0.177
MTR0001,2024-03-05 19:30:00,211.49,212.66,208.56,2.72,7.12,4.94,0.436,0.177
MTR0001,2024-03-05 19:45:00,211.49,212.66,208.56,2.72,7.12,4.94,0.436,0.177
MTR0001,2024-03-05 20:00:00,225.36,223.22,226.66,6.22,4.77,2.69,0.37,0.193
MTR0001,2024-03-05 20:15:00,225.36,223.22,226.66,6.22,4.77,2.69,0.37,0.193
MTR0001,2024-03-05 20:30:00,225.36,223.22,226.66,6.22,4.77,2.69,0.37,0.193
MTR0001,2024-03-05 20:45:00,225.36,223.22,226.66,6.22,4.77,2.69,0.37,0.193
MTR0001,2024-03-05 21:00:00,230.28,230.54,229.87,5.95,3.93,2.72,0.377,0.2
MTR0001,2024-03-05 21:15:00,230.28,230.54,229.87,5.95,3.93,2.72,0.377,0.2
MTR0001,2024-03-05 21:30:00,230.28,230.54,229.87,5.95,3.93,2.72,0.377,0.2
MTR0001,2024-03-05 21:45:00,230.28,230.54,229.87,5.95,3.93,2.72,0.377,0.2
MTR0001,2024-03-05 22:00:00,231.13,231.5,232.69,5.4,3.87,2.51,0.346,0.175
MTR0001,2024-03-05 22:15:00,231.13,231.5,232.69,5.4,3.87,2.51,0.346,0.175
MTR0001,2024-03-05 22:30:00,231.13,231.5,232.69,5.4,3.87,2.51,0.346,0.175
MTR0001,2024-03-05 22:45:00,231.13,231.5,232.69,5.4,3.87,2.51,0.346,0.175
MTR0001,2024-03-05 23:00:00,220.46,222.6,220.36,5.51,3.68,2.17,0.332,0.176
MTR0001,2024-03-05 23:15:00,220.46,222.6,220.36,5.51,3.68,2.17,0.332,0.176
MTR0001,2024-03-05 23:30:00,220.46,222.6,220.36,5.51,3.68,2.17,0.332,0.176
MTR0001,2024-03-05 23:45:00,220.46,222.6,220.36,5.51,3.68,2.17,0.332,0.176
MTR0001,2024-03-06 00:00:00,220.98,220.62,222.13,2.79,2.13,2.68,0.233,0.113
MTR0001,2024-03-06 00:15:00,220.98,220.62,222.13,2.79,2.13,2.68,0.233,0.113
MTR0001,2024-03-06 00:30:00,220.98,220.62,222.13,2.79,2.13,2.68,0.233,0.113
MTR0001,2024-03-06 00:45:00,220.98,220.62,222.13,2.79,2.13,2.68,0.233,0.113
MTR0001,2024-03-06 01:00:00,214.68,212.44,214.1,2.16,3.07,2.96,0.226,0.083
MTR0001,2024-03-06 01:15:00,214.68,212.44,214.1,2.16,3.07,2.96,0.226,0.083
MTR0001,2024-03-06 01:30:00,214.68,212.44,214.1,2.16,3.07,2.96,0.226,0.083
MTR0001,2024-03-06 01:45:00,214.68,212.44,214.1,2.16,3.07,2.96,0.226,0.083
MTR0001,2024-03-06 02:00:00,227.85,231.29,234.37,2.83,2.51,2.52,0.239,0.093
MTR0001,2024-03-06 02:15:00,227.85,231.29,234.37,2.83,2.51,2.52,0.239,0.093
MTR0001,2024-03-06 02:30:00,227.85,231.29,234.37,2.83,2.51,2.52,0.239,0.093
MTR0001,2024-03-06 02:45:00,227.85,231.29,234.37,2.83,2.51,2.52,0.239,0.093
MTR0001,2024-03-06 03:00:00,227.15,230.11,231.96,3.03,2.23,2.76,0.238,0.091
MTR0001,2024-03-06 03:15:00,227.15,230.11,231.96,3.03,2.23,2.76,0.238,0.091
MTR0001,2024-03-06 03:30:00,227.15,230.11,231.96,3.03,2.23,2.76,0.238,0.091
MTR0001,2024-03-06 03:45:00,227.15,230.11,231.96,3.03,2.23,2.76,0.238,0.091
MTR0001,2024-03-06 04:00:00,217.31,213.69,217.35,2.59,1.76,3.41,0.2,0.117
MTR0001,2024-03-06 04:15:00,217.31,213.69,217.35,2.59,1.76,3.41,0.2,0.117
MTR0001,2024-03-06 04:30:00,217.31,213.69,217.35,2.59,1.76,3.41,0.2,0.117
MTR0001,2024-03-06 04:45:00,217.31,213.69,217.35,2.59,1.76,3.41,0.2,0.117
MTR0001,2024-03-06 05:00:00,224.96,229.08,228.33,3.04,2.73,2.6,0.241,0.12
MTR0001,2024-03-06 05:15:00,224.96,229.08,228.33,3.04,2.73,2.6,0.241,0.12
MTR0001,2024-03-06 05:30:00,224.96,229.08,228.33,3.04,2.73,2.6,0.241,0.12
MTR0001,2024-03-06 05:45:00,224.96,229.08,228.33,3.04,2.73,2.6,0.241,0.12
MTR0001,2024-03-06 06:00:00,231.48,232.36,230.17,4.36,5.9,5.57,0.481,0.182
MTR0001,2024-03-06 06:15:00,231.48,232.36,230.17,4.36,5.9,5.57,0.481,0.182
MTR0001,2024-03-06 06:30:00,231.48,232.36,230.17,4.36,5.9,5.57,0.481,0.182
MTR0001,2024-03-06 06:45:00,231.48,232.36,230.17,4.36,5.9,5.57,0.481,0.182
MTR0001,2024-03-06 07:00:00,224.49,228.09,226.2,3.76,7.55,6.09,0.585,0.182
MTR0001,2024-03-06 07:15:00,224.49,228.09,226.2,3.76,7.55,6.09,0.585,0.182
MTR0001,2024-03-06 07:30:00,224.49,228.09,226.2,3.76,7.55,6.09,0.585,0.182
MTR0001,2024-03-06 07:45:00,224.49,228.09,226.2,3.76,7.55,6.09,0.585,0.182
MTR0001,2024-03-06 08:00:00,219.59,214.61,218.06,7.4,6.25,4.68,0.515,0.216
MTR0001,2024-03-06 08:15:00,219.59,214.61,218.06,7.4,6.25,4.68,0.515,0.216
MTR0001,2024-03-06 08:30:00,219.59,214.61,218.06,7.4,6.25,4.68,0.515,0.216
MTR0001,2024-03-06 08:45:00,219.59,214.61,218.06,7.4,6.25,4.68,0.515,0.216
MTR0001,2024-03-06 09:00:00,216.11,216.52,215.68,6.12,6.73,6.71,0.559,0.228
MTR0001,2024-03-06 09:15:00,216.11,216.52,215.68,6.12,6.73,6.71,0.559,0.228
MTR0001,2024-03-06 09:30:00,216.11,216.52,215.68,6.12,6.73,6.71,0.559,0.228
MTR0001,2024-03-06 09:45:00,216.11,216.52,215.68,6.12,6.73,6.71,0.559,0.228
MTR0001,2024-03-06 10:00:00,210.26,211.99,214.12,7.48,6.57,6.13,0.58,0.202
MTR0001,2024-03-06 10:15:00,210.26,211.99,214.12,7.48,6.57,6.13,0.58,0.202
MTR0001,2024-03-06 10:30:00,210.26,211.99,214.12,7.48,6.57,6.13,0.58,0.202
MTR0001,2024-03-06 10:45:00,210.26,211.99,214.12,7.48,6.57,6.13,0.58,0.202
MTR0001,2024-03-06 11:00:00,224.35,228.9,228.9,6.85,3.89,10.3,0.642,0.284
MTR0001,2024-03-06 11:15:00,224.35,228.9,228.9,6.85,3.89,10.3,0.642,0.284
MTR0001,2024-03-06 11:30:00,224.35,228.9,228.9,6.85,3.89,10.3,0.642,0.284
MTR0001,2024-03-06 11:45:00,224.35,228.9,228.9,6.85,3.89,10.3,0.642,0.284
MTR0001,2024-03-06 12:00:00,214.78,216.39,219.03,7.14,6.96,6.87,0.576,0.315
MTR0001,2024-03-06 12:15:00,214.78,216.39,219.03,7.14,6.96,6.87,0.576,0.315
MTR0001,2024-03-06 12:30:00,214.78,216.39,219.03,7.14,6.96,6.87,0.576,0.315
MTR0001,2024-03-06 12:45:00,214.78,216.39,219.03,7.14,6.96,6.87,0.576,0.315
MTR0001,2024-03-06 13:00:00,231.57,232.96,234.47,8.67,6.82,4.93,0.593,0.312
MTR0001,2024-03-06 13:15:00,231.57,232.96,234.47,8.67,6.82,4.93,0.593,0.312
MTR0001,2024-03-06 13:30:00,231.57,232.96,234.47,8.67,6.82,4.93,0.593,0.312
MTR0001,2024-03-06 13:45:00,231.57,232.96,234.47,8.67,6.82,4.93,0.593,0.312
MTR0001,2024-03-06 14:00:00,214.79,210.66,213.06,6.97,6.59,6.48,0.554,0.316
MTR0001,2024-03-06 14:15:00,214.79,210.66,213.06,6.97,6.59,6.48,0.554,0.316
MTR0001,2024-03-06 14:30:00,214.79,210.66,213.06,6.97,6.59,6.48,0.554,0.316
MTR0001,2024-03-06 14:45:00,214.79,210.66,213.06,6.97,6.59,6.48,0.554,0.316
MTR0001,2024-03-06 15:00:00,215.73,215.46,215.41,7.5,6.35,5.31,0.562,0.206
MTR0001,2024-03-06 15:15:00,215.73,215.46,215.41,7.5,6.35,5.31,0.562,0.206
MTR0001,2024-03-06 15:30:00,215.73,215.46,215.41,7.5,6.35,5.31,0.562,0.206
MTR0001,2024-03-06 15:45:00,215.73,215.46,215.41,7.5,6.35,5.31,0.562,0.206
MTR0001,2024-03-06 16:00:00,217.48,216.07,218.31,5.91,3.94,8.68,0.526,0.253
MTR0001,2024-03-06 16:15:00,217.48,216.07,218.31,5.91,3.94,8.68,0.526,0.253
MTR0001,2024-03-06 16:30:00,217.48,216.07,218.31,5.91,3.94,8.68,0.526,0.253
MTR0001,2024-03-06 16:45:00,217.48,216.07,218.31,5.91,3.94,8.68,0.526,0.253
MTR0001,2024-03-06 17:00:00,220.34,223.43,220.77,5.34,3.9,7.62,0.476,0.228
MTR0001,2024-03-06 17:15:00,220.34,223.43,220.77,5.34,3.9,7.62,0.476,0.228
MTR0001,2024-03-06 17:30:00,220.34,223.43,220.77,5.34,3.9,7.62,0.476,0.228
MTR0001,2024-03-06 17:45:00,220.34,223.43,220.77,5.34,3.9,7.62,0.476,0.228
MTR0001,2024-03-06 18:00:00,214.54,216.19,217.32,4.98,4.8,5.59,0.4,0.245
MTR0001,2024-03-06 18:15:00,214.54,216.19,217.32,4.98,4.8,5.59,0.4,0.245
MTR0001,2024-03-06 18:30:00,214.54,216.19,217.32,4.98,4.8,5.59,0.4,0.245
MTR0001,2024-03-06 18:45:00,214.54,216.19,217.32,4.98,4.8,5.59,0.4,0.245
MTR0001,2024-03-06 19:00:00,223.0,222.01,222.82,4.6,2.6,7.35,0.415,0.193
MTR0001,2024-03-06 19:15:00,223.0,222.01,222.82,4.6,2.6,7.35,0.415,0.193
MTR0001,2024-03-06 19:30:00,223.0,222.01,222.82,4.6,2.6,7.35,0.415,0.193
MTR0001,2024-03-06 19:45:00,223.0,222.01,222.82,4.6,2.6,7.35,0.415,0.193
MTR0001,2024-03-06 20:00:00,225.56,225.17,225.29,4.62,4.59,4.36,0.437,0.143
MTR0001,2024-03-06 20:15:00,225.56,225.17,225.29,4.62,4.59,4.36,0.437,0.143
MTR0001,2024-03-06 20:30:00,225.56,225.17,225.29,4.62,4.59,4.36,0.437,0.143
MTR0001,2024-03-06 20:45:00,225.56,225.17,225.29,4.62,4.59,4.36,0.437,0.143
MTR0001,2024-03-06 21:00:00,211.35,212.16,214.36,4.86,3.88,3.72,0.337,0.196
MTR0001,2024-03-06 21:15:00,211.35,212.16,214.36,4.86,3.88,3.72,0.337,0.196
MTR0001,2024-03-06 21:30:00,211.35,212.16,214.36,4.86,3.88,3.72,0.337,0.196
MTR0001,2024-03-06 21:45:00,211.35,212.16,214.36,4.86,3.88,3.72,0.337,0.196
MTR0001,2024-03-06 22:00:00,229.34,227.79,232.33,3.76,3.5,4.4,0.345,0.185
MTR0001,2024-03-06 22:15:00,229.34,227.79,232.33,3.76,3.5,4.4,0.345,0.185
MTR0001,2024-03-06 22:30:00,229.34,227.79,232.33,3.76,3.5,4.4,0.345,0.185
MTR0001,2024-03-06 22:45:00,229.34,227.79,232.33,3.76,3.5,4.4,0.345,0.185
MTR0001,2024-03-06 23:00:00,210.73,213.11,213.89,2.79,4.79,3.99,0.318,0.146
MTR0001,2024-03-06 23:15:00,210.73,213.11,213.89,2.79,4.79,3.99,0.318,0.146
MTR0001,2024-03-06 23:30:00,210.73,213.11,213.89,2.79,4.79,3.99,0.318,0.146
MTR0001,2024-03-06 23:45:00,210.73,213.11,213.89,2.79,4.79,3.99,0.318,0.146
MTR0001,2024-03-07 00:00:00,231.04,234.0,229.16,3.2,2.59,2.09,0.217,0.138
MTR0001,2024-03-07 00:15:00,231.04,234.0,229.16,3.2,2.59,2.09,0.217,0.138
MTR0001,2024-03-07 00:30:00,231.04,234.0,229.16,3.2,2.59,2.09,0.217,0.138
MTR0001,2024-03-07 00:45:00,231.04,234.0,229.16,3.2,2.59,2.09,0.217,0.138
MTR0001,2024-03-07 01:00:00,215.3,217.77,216.17,2.65,1.36,3.88,0.257,0.096
MTR0001,2024-03-07 01:15:00,215.3,217.77,216.17,2.65,1.36,3.88,0.257,0.096
MTR0001,2024-03-07 01:30:00,215.3,217.77,216.17,2.65,1.36,3.88,0.257,0.096
MTR0001,2024-03-07 01:45:00,215.3,217.77,216.17,2.65,1.36,3.88,0.257,0.096
MTR0001,2024-03-07 02:00:00,215.25,217.1,216.77,3.05,2.74,2.45,0.226,0.118
MTR0001,2024-03-07 02:15:00,215.25,217.1,216.77,3.05,2.74,2.45,0.226,0.118
MTR0001,2024-03-07 02:30:00,215.25,217.1,216.77,3.05,2.74,2.45,0.226,0.118
MTR0001,2024-03-07 02:45:00,215.25,217.1,216.77,3.05,2.74,2.45,0.226,0.118
MTR0001,2024-03-07 03:00:00,231.08,229.23,232.88,2.18,3.28,2.68,0.244,0.152
MTR0001,2024-03-07 03:15:00,231.08,229.23,232.88,2.18,3.28,2.68,0.244,0.152
MTR0001,2024-03-07 03:30:00,231.08,229.23,232.88,2.18,3.28,2.68,0.244,0.152
MTR0001,2024-03-07 03:45:00,231.08,229.23,232.88,2.18,3.28,2.68,0.244,0.152
MTR0001,2024-03-07 04:00:00,218.44,219.0,217.81,1.41,4.03,2.75,0.231,0.108
MTR0001,2024-03-07 04:15:00,218.44,219.0,217.81,1.41,4.03,2.75,0.231,0.108
MTR0001,2024-03-07 04:30:00,218.44,219.0,217.81,1.41,4.03,2.75,0.231,0.108
MTR0001,2024-03-07 04:45:00,218.44,219.0,217.81,1.41,4.03,2.75,0.231,0.108
MTR0001,2024-03-07 05:00:00,225.17,230.6,225.9,2.46,2.22,2.84,0.217,0.103
MTR0001,2024-03-07 05:15:00,225.17,230.6,225.9,2.46,2.22,2.84,0.217,0.103
MTR0001,2024-03-07 05:30:00,225.17,230.6,225.9,2.46,2.22,2.84,0.217,0.103
MTR0001,2024-03-07 05:45:00,225.17,230.6,225.9,2.46,2.22,2.84,0.217,0.103
MTR0001,2024-03-07 06:00:00,213.07,215.35,213.13,5.53,5.42,4.94,0.424,0.239
MTR0001,2024-03-07 06:15:00,213.07,215.35,213.13,5.53,5.42,4.94,0.424,0.239
MTR0001,2024-03-07 06:30:00,213.07,215.35,213.13,5.53,5.42,4.94,0.424,0.239
MTR0001,2024-03-07 06:45:00,213.07,215.35,213.13,5.53,5.42,4.94,0.424,0.239
MTR0001,2024-03-07 07:00:00,210.65,213.06,208.66,6.38,5.28,5.28,0.424,0.261
MTR0001,2024-03-07 07:15:00,210.65,213.06,208.66,6.38,5.28,5.28,0.424,0.261
MTR0001,2024-03-07 07:30:00,210.65,213.06,208.66,6.38,5.28,5.28,0.424,0.261
MTR0001,2024-03-07 07:45:00,210.65,213.06,208.66,6.38,5.28,5.28,0.424,0.261
MTR0001,2024-03-07 08:00:00,221.98,219.05,222.72,5.49,6.61,6.23,0.459,0.298
MTR0001,2024-03-07 08:15:00,221.98,219.05,222.72,5.49,6.61,6.23,0.459,0.298
MTR0001,2024-03-07 08:30:00,221.98,219.05,222.72,5.49,6.61,6.23,0.459,0.298
MTR0001,2024-03-07 08:45:00,221.98,219.05,222.72,5.49,6.61,6.23,0.459,0.298
MTR0001,2024-03-07 09:00:00,219.03,220.67,219.13,8.6,6.33,4.22,0.563,0.242
MTR0001,2024-03-07 09:15:00,219.03,220.67,219.13,8.6,6.33,4.22,0.563,0.242
MTR0001,2024-03-07 09:30:00,219.03,220.67,219.13,8.6,6.33,4.22,0.563,0.242
MTR0001,2024-03-07 09:45:00,219.03,220.67,219.13,8.6,6.33,4.22,0.563,0.242
MTR0001,2024-03-07 10:00:00,217.44,220.74,217.48,6.82,4.23,9.01,0.551,0.298
MTR0001,2024-03-07 10:15:00,217.44,220.74,217.48,6.82,4.23,9.01,0.551,0.298
MTR0001,2024-03-07 10:30:00,217.44,220.74,217.48,6.82,4.23,9.01,0.551,0.298
MTR0001,2024-03-07 10:45:00,217.44,220.74,217.48,6.82,4.23,9.01,0.551,0.298
MTR0001,2024-03-07 11:00:00,232.86,228.51,231.03,7.67,6.97,5.85,0.635,0.233
MTR0001,2024-03-07 11:15:00,232.86,228.51,231.03,7.67,6.97,5.85,0.635,0.233
MTR0001,2024-03-07 11:30:00,232.86,228.51,231.03,7.67,6.97,5.85,0.635,0.233
MTR0001,2024-03-07 11:45:00,232.86,228.51,231.03,7.67,6.97,5.85,0.635,0.233
MTR0001,2024-03-07 12:00:00,231.69,230.35,232.87,7.92,6.6,5.67,0.606,0.33
MTR0001,2024-03-07 12:15:00,231.69,230.35,232.87,7.92,6.6,5.67,0.606,0.33
MTR0001,2024-03-07 12:30:00,231.69,230.35,232.87,7.92,6.6,5.67,0.606,0.33
MTR0001,2024-03-07 12:45:00,231.69,230.35,232.87,7.92,6.6,5.67,0.606,0.33
MTR0001,2024-03-07 13:00:00,211.94,213.2,214.77,3.54,9.87,6.87,0.529,0.322
MTR0001,2024-03-07 13:15:00,211.94,213.2,214.77,3.54,9.87,6.87,0.529,0.322
MTR0001,2024-03-07 13:30:00,211.94,213.2,214.77,3.54,9.87,6.87,0.529,0.322
MTR0001,2024-03-07 13:45:00,211.94,213.2,214.77,3.54,9.87,6.87,0.529,0.322
MTR0001,2024-03-07 14:00:00,221.26,221.0,221.75,7.98,6.4,5.71,0.58,0.28
MTR0001,2024-03-07 14:15:00,221.26,221.0,221.75,7.98,6.4,5.71,0.58,0.28
MTR0001,2024-03-07 14:30:00,221.26,221.0,221.75,7.98,6.4,5.71,0.58,0.28
MTR0001,2024-03-07 14:45:00,221.26,221.0,221.75,7.98,6.4,5.71,0.58,0.28
MTR0001,2024-03-07 15:00:00,231.85,230.69,228.61,7.73,6.17,5.01,0.596,0.217
MTR0001,2024-03-07 15:15:00,231.85,230.69,228.61,7.73,6.17,5.01,0.596,0.217
MTR0001,2024-03-07 15:30:00,231.85,230.69,228.61,7.73,6.17,5.01,0.596,0.217
MTR0001,2024-03-07 15:45:00,231.85,230.69,228.61,7.73,6.17,5.01,0.596,0.217
MTR0001,2024-03-07 16:00:00,229.55,230.98,232.53,5.93,5.71,6.75,0.539,0.318
MTR0001,2024-03-07 16:15:00,229.55,230.98,232.53,5.93,5.71,6.75,0.539,0.318
MTR0001,2024-03-07 16:30:00,229.55,230.98,232.53,5.93,5.71,6.75,0.539,0.318
MTR0001,2024-03-07 16:45:00,229.55,230.98,232.53,5.93,5.71,6.75,0.539,0.318
MTR0001,2024-03-07 17:00:00,230.13,230.35,230.15,5.39,5.63,5.87,0.512,0.27
MTR0001,2024-03-07 17:15:00,230.13,230.35,230.15,5.39,5.63,5.87,0.512,0.27
MTR0001,2024-03-07 17:30:00,230.13,230.35,230.15,5.39,5.63,5.87,0.512,0.27
MTR0001,2024-03-07 17:45:00,230.13,230.35,230.15,5.39,5.63,5.87,0.512,0.27
MTR0001,2024-03-07 18:00:00,211.24,212.96,209.84,5.27,3.15,7.83,0.494,0.156
MTR0001,2024-03-07 18:15:00,211.24,212.96,209.84,5.27,3.15,7.83,0.494,0.156
MTR0001,2024-03-07 18:30:00,211.24,212.96,209.84,5.27,3.15,7.83,0.494,0.156
MTR0001,2024-03-07 18:45:00,211.24,212.96,209.84,5.27,3.15,7.83,0.494,0.156
MTR0001,2024-03-07 19:00:00,217.17,219.28,221.36,4.87,4.35,5.29,0.442,0.196
MTR0001,2024-03-07 19:15:00,217.17,219.28,221.36,4.87,4.35,5.29,0.442,0.196
MTR0001,2024-03-07 19:30:00,217.17,219.28,221.36,4.87,4.35,5.29,0.442,0.196
MTR0001,2024-03-07 19:45:00,217.17,219.28,221.36,4.87,4.35,5.29,0.442,0.196
MTR0001,2024-03-07 20:00:00,229.13,232.09,228.21,4.34,2.3,7.01,0.415,0.186
MTR0001,2024-03-07 20:15:00,229.13,232.09,228.21,4.34,2.3,7.01,0.415,0.186
MTR0001,2024-03-07 20:30:00,229.13,232.09,228.21,4.34,2.3,7.01,0.415,0.186
MTR0001,2024-03-07 20:45:00,229.13,232.09,228.21,4.34,2.3,7.01,0.415,0.186
MTR0001,2024-03-07 21:00:00,225.18,224.45,224.97,4.65,4.05,3.79,0.34,0.212
MTR0001,2024-03-07 21:15:00,225.18,224.45,224.97,4.65,4.05,3.79,0.34,0.212
MTR0001,2024-03-07 21:30:00,225.18,224.45,224.97,4.65,4.05,3.79,0.34,0.212
MTR0001,2024-03-07 21:45:00,225.18,224.45,224.97,4.65,4.05,3.79,0.34,0.212
MTR0001,2024-03-07 22:00:00,221.08,225.01,225.3,4.02,3.94,4.21,0.33,0.129
MTR0001,2024-03-07 22:15:00,221.08,225.01,225.3,4.02,3.94,4.21,0.33,0.129
MTR0001,2024-03-07 22:30:00,221.08,225.01,225.3,4.02,3.94,4.21,0.33,0.129
MTR0001,2024-03-07 22:45:00,221.08,225.01,225.3,4.02,3.94,4.21,0.33,0.129
MTR0001,2024-03-07 23:00:00,221.03,219.63,219.06,5.01,3.71,2.23,0.319,0.166
MTR0001,2024-03-07 23:15:00,221.03,219.63,219.06,5.01,3.71,2.23,0.319,0.166
MTR0001,2024-03-07 23:30:00,221.03,219.63,219.06,5.01,3.71,2.23,0.319,0.166
MTR0001,2024-03-07 23:45:00,221.03,219.63,219.06,5.01,3.71,2.23,0.319,0.166
MTR0001,2024-03-08 00:00:00,217.47,218.79,218.88,2.87,2.59,2.09,0.22,0.112
MTR0001,2024-03-08 00:15:00,217.47,218.79,218.88,2.87,2.59,2.09,0.22,0.112
MTR0001,2024-03-08 00:30:00,217.47,218.79,218.88,2.87,2.59,2.09,0.22,0.112
MTR0001,2024-03-08 00:45:00,217.47,218.79,218.88,2.87,2.59,2.09,0.22,0.112
MTR0001,2024-03-08 01:00:00,216.65,218.29,217.5,2.58,2.26,3.22,0.259,0.072
MTR0001,2024-03-08 01:15:00,216.65,218.29,217.5,2.58,2.26,3.22,0.259,0.072
MTR0001,2024-03-08 01:30:00,216.65,218.29,217.5,2.58,2.26,3.22,0.259,0.072
MTR0001,2024-03-08 01:45:00,216.65,218.29,217.5,2.58,2.26,3.22,0.259,0.072
MTR0001,2024-03-08 02:00:00,215.88,218.12,216.36,1.5,3.28,2.64,0.2,0.097
MTR0001,2024-03-08 02:15:00,215.88,218.12,216.36,1.5,3.28,2.64,0.2,0.097
MTR0001,2024-03-08 02:30:00,215.88,218.12,216.36,1.5,3.28,2.64,0.2,0.097
MTR0001,2024-03-08 02:45:00,215.88,218.12,216.36,1.5,3.28,2.64,0.2,0.097
MTR0001,2024-03-08 03:00:00,212.63,213.63,213.88,2.56,2.76,2.93,0.204,0.114
MTR0001,2024-03-08 03:15:00,212.63,213.63,213.88,2.56,2.76,2.93,0.204,0.114
MTR0001,2024-03-08 03:30:00,212.63,213.63,213.88,2.56,2.76,2.93,0.204,0.114
MTR0001,2024-03-08 03:45:00,212.63,213.63,213.88,2.56,2.76,2.93,0.204,0.114
MTR0001,2024-03-08 04:00:00,222.33,219.9,224.12,2.74,1.54,3.9,0.247,0.125
MTR0001,2024-03-08 04:15:00,222.33,219.9,224.12,2.74,1.54,3.9,0.247,0.125
MTR0001,2024-03-08 04:30:00,222.33,219.9,224.12,2.74,1.54,3.9,0.247,0.125
MTR0001,2024-03-08 04:45:00,222.33,219.9,224.12,2.74,1.54,3.9,0.247,0.125
MTR0001,2024-03-08 05:00:00,212.32,212.04,215.15,2.45,2.37,2.9,0.182,0.117
MTR0001,2024-03-08 05:15:00,212.32,212.04,215.15,2.45,2.37,2.9,0.182,0.117
MTR0001,2024-03-08 05:30:00,212.32,212.04,215.15,2.45,2.37,2.9,0.182,0.117
MTR0001,2024-03-08 05:45:00,212.32,212.04,215.15,2.45,2.37,2.9,0.182,0.117
MTR0001,2024-03-08 06:00:00,221.25,218.24,217.05,5.7,4.95,5.08,0.451,0.258
MTR0001,2024-03-08 06:15:00,221.25,218.24,217.05,5.7,4.95,5.08,0.451,0.258
MTR0001,2024-03-08 06:30:00,221.25,218.24,217.05,5.7,4.95,5.08,0.451,0.258
MTR0001,2024-03-08 06:45:00,221.25,218.24,217.05,5.7,4.95,5.08,0.451,0.258
MTR0001,2024-03-08 07:00:00,217.75,218.98,219.98,7.08,5.83,4.36,0.51,0.204
MTR0001,2024-03-08 07:15:00,217.75,218.98,219.98,7.08,5.83,4.36,0.51,0.204
MTR0001,2024-03-08 07:30:00,217.75,218.98,219.98,7.08,5.83,4.36,0.51,0.204
MTR0001,2024-03-08 07:45:00,217.75,218.98,219.98,7.08,5.83,4.36,0.51,0.204
MTR0001,2024-03-08 08:00:00,232.25,230.42,232.65,6.0,5.75,6.39,0.541,0.209
MTR0001,2024-03-08 08:15:00,232.25,230.42,232.65,6.0,5.75,6.39,0.541,0.209
MTR0001,2024-03-08 08:30:00,232.25,230.42,232.65,6.0,5.75,6.39,0.541,0.209
MTR0001,2024-03-08 08:45:00,232.25,230.42,232.65,6.0,5.75,6.39,0.541,0.209
MTR0001,2024-03-08 09:00:00,230.58,230.5,230.81,6.62,3.8,9.39,0.609,0.24
MTR0001,2024-03-08 09:15:00,230.58,230.5,230.81,6.62,3.8,9.39,0.609,0.24
MTR0001,2024-03-08 09:30:00,230.58,230.5,230.81,6.62,3.8,9.39,0.609,0.24
MTR0001,2024-03-08 09:45:00,230.58,230.5,230.81,6.62,3.8,9.39,0.609,0.24
MTR0001,2024-03-08 10:00:00,227.64,226.09,228.57,4.11,9.32,6.93,0.567,0.266
MTR0001,2024-03-08 10:15:00,227.64,226.09,228.57,4.11,9.32,6.93,0.567,0.266
MTR0001,2024-03-08 10:30:00,227.64,226.09,228.57,4.11,9.32,6.93,0.567,0.266
MTR0001,2024-03-08 10:45:00,227.64,226.09,228.57,4.11,9.32,6.93,0.567,0.266
MTR0001,2024-03-08 11:00:00,213.78,211.07,212.32,9.93,6.6,3.74,0.527,0.315
MTR0001,2024-03-08 11:15:00,213.78,211.07,212.32,9.93,6.6,3.74,0.527,0.315
MTR0001,2024-03-08 11:30:00,213.78,211.07,212.32,9.93,6.6,3.74,0.527,0.315
MTR0001,2024-03-08 11:45:00,213.78,211.07,212.32,9.93,6.6,3.74,0.527,0.315
MTR0001,2024-03-08 12:00:00,219.37,221.3,220.04,6.65,5.09,8.58,0.59,0.21
MTR0001,2024-03-08 12:15:00,219.37,221.3,220.04,6.65,5.09,8.58,0.59,0.21
MTR0001,2024-03-08 12:30:00,219.37,221.3,220.04,6.65,5.09,8.58,0.59,0.21
MTR0001,2024-03-08 12:45:00,219.37,221.3,220.04,6.65,5.09,8.58,0.59,0.21
MTR0001,2024-03-08 13:00:00,226.89,226.89,227.6,9.53,6.89,3.81,0.634,0.217
MTR0001,2024-03-08 13:15:00,226.89,226.89,227.6,9.53,6.89,3.81,0.634,0.217
MTR0001,2024-03-08 13:30:00,226.89,226.89,227.6,9.53,6.89,3.81,0.634,0.217
MTR0001,2024-03-08 13:45:00,226.89,226.89,227.6,9.53,6.89,3.81,0.634,0.217
MTR0001,2024-03-08 14:00:00,228.69,227.13,227.0,6.44,6.61,6.75,0.557,0.294
MTR0001,2024-03-08 14:15:00,228.69,227.13,227.0,6.44,6.61,6.75,0.557,0.294
MTR0001,2024-03-08 14:30:00,228.69,227.13,227.0,6.44,6.61,6.75,0.557,0.294
MTR0001,2024-03-08 14:45:00,228.69,227.13,227.0,6.44,6.61,6.75,0.557,0.294
MTR0001,2024-03-08 15:00:00,219.43,217.16,219.68,7.17,6.43,5.84,0.544,0.279
MTR0001,2024-03-08 15:15:00,219.43,217.16,219.68,7.17,6.43,5.84,0.544,0.279
MTR0001,2024-03-08 15:30:00,219.43,217.16,219.68,7.17,6.43,5.84,0.544,0.279
MTR0001,2024-03-08 15:45:00,219.43,217.16,219.68,7.17,6.43,5.84,0.544,0.279
MTR0001,2024-03-08 16:00:00,230.19,231.65,228.68,6.08,5.17,6.91,0.556,0.214
MTR0001,2024-03-08 16:15:00,230.19,231.65,228.68,6.08,5.17,6.91,0.556,0.214
MTR0001,2024-03-08 16:30:00,230.19,231.65,228.68,6.08,5.17,6.91,0.556,0.214
MTR0001,2024-03-08 16:45:00,230.19,231.65,228.68,6.08,5.17,6.91,0.556,0.214
MTR0001,2024-03-08 17:00:00,217.73,220.83,221.61,5.66,4.35,7.5,0.494,0.214
MTR0001,2024-03-08 17:15:00,217.73,220.83,221.61,5.66,4.35,7.5,0.494,0.214
MTR0001,2024-03-08 17:30:00,217.73,220.83,221.61,5.66,4.35,7.5,0.494,0.214
MTR0001,2024-03-08 17:45:00,217.73,220.83,221.61,5.66,4.35,7.5,0.494,0.214
MTR0001,2024-03-08 18:00:00,217.61,219.08,219.29,3.67,6.49,5.42,0.443,0.19
MTR0001,2024-03-08 18:15:00,217.61,219.08,219.29,3.67,6.49,5.42,0.443,0.19
MTR0001,2024-03-08 18:30:00,217.61,219.08,219.29,3.67,6.49,5.42,0.443,0.19
MTR0001,2024-03-08 18:45:00,217.61,219.08,219.29,3.67,6.49,5.42,0.443,0.19
MTR0001,2024-03-08 19:00:00,223.41,223.26,225.78,7.07,4.73,2.94,0.49,0.151
MTR0001,2024-03-08 19:15:00,223.41,223.26,225.78,7.07,4.73,2.94,0.49,0.151
MTR0001,2024-03-08 19:30:00,223.41,223.26,225.78,7.07,4.73,2.94,0.49,0.151
MTR0001,2024-03-08 19:45:00,223.41,223.26,225.78,7.07,4.73,2.94,0.49,0.151
MTR0001,2024-03-08 20:00:00,223.45,226.86,227.14,3.73,5.1,4.83,0.397,0.181
MTR0001,2024-03-08 20:15:00,223.45,226.86,227.14,3.73,5.1,4.83,0.397,0.181
MTR0001,2024-03-08 20:30:00,223.45,226.86,227.14,3.73,5.1,4.83,0.397,0.181
MTR0001,2024-03-08 20:45:00,223.45,226.86,227.14,3.73,5.1,4.83,0.397,0.181
MTR0001,2024-03-08 21:00:00,227.88,229.68,232.77,2.62,5.14,4.1,0.367,0.199
MTR0001,2024-03-08 21:15:00,227.88,229.68,232.77,2.62,5.14,4.1,0.367,0.199
MTR0001,2024-03-08 21:30:00,227.88,229.68,232.77,2.62,5.14,4.1,0.367,0.199
MTR0001,2024-03-08 21:45:00,227.88,229.68,232.77,2.62,5.14,4.1,0.367,0.199
MTR0001,2024-03-08 22:00:00,219.87,223.56,221.05,5.29,3.6,2.72,0.338,0.135
MTR0001,2024-03-08 22:15:00,219.87,223.56,221.05,5.29,3.6,2.72,0.338,0.135
MTR0001,2024-03-08 22:30:00,219.87,223.56,221.05,5.29,3.6,2.72,0.338,0.135
MTR0001,2024-03-08 22:45:00,219.87,223.56,221.05,5.29,3.6,2.72,0.338,0.135
MTR0001,2024-03-08 23:00:00,213.34,211.26,215.58,3.42,3.58,3.63,0.31,0.123
MTR0001,2024-03-08 23:15:00,213.34,211.26,215.58,3.42,3.58,3.63,0.31,0.123
MTR0001,2024-03-08 23:30:00,213.34,211.26,215.58,3.42,3.58,3.63,0.31,0.123
MTR0001,2024-03-08 23:45:00,213.34,211.26,215.58,3.42,3.58,3.63,0.31,0.123
MTR0001,2024-03-09 00:00:00,228.56,228.49,230.11,2.0,1.12,2.72,0.137,0.086
MTR0001,2024-03-09 00:15:00,228.56,228.49,230.11,1.77,0.98,2.4,0.117,0.076
MTR0001,2024-03-09 00:30:00,228.56,228.49,230.11,1.77,0.98,2.4,0.117,0.076
MTR0001,2024-03-09 00:45:00,228.56,228.49,230.11,1.77,0.98,2.4,0.117,0.076
MTR0001,2024-03-09 01:00:00,216.26,216.52,215.62,2.19,1.68,0.9,0.133,0.078
MTR0001,2024-03-09 01:15:00,216.26,216.52,215.62,2.39,1.82,0.98,0.144,0.084
MTR0001,2024-03-09 01:30:00,216.26,216.52,215.62,2.39,1.82,0.98,0.144,0.084
MTR0001,2024-03-09 01:45:00,216.26,216.52,215.62,2.39,1.82,0.98,0.144,0.084
MTR0001,2024-03-09 02:00:00,228.19,232.36,230.19,2.09,1.74,1.82,0.183,0.061
MTR0001,2024-03-09 02:15:00,228.19,232.36,230.19,2.42,2.03,2.08,0.211,0.071
MTR0001,2024-03-09 02:30:00,228.19,232.36,230.19,2.42,2.03,2.08,0.211,0.071
MTR0001,2024-03-09 02:45:00,228.19,232.36,230.19,2.42,2.03,2.08,0.211,0.071
MTR0001,2024-03-09 03:00:00,221.68,221.69,224.89,1.36,2.57,2.14,0.16,0.057
MTR0001,2024-03-09 03:15:00,221.68,221.69,224.89,1.38,2.62,2.18,0.163,0.058
MTR0001,2024-03-09 03:30:00,221.68,221.69,224.89,1.38,2.62,2.18,0.163,0.058
MTR0001,2024-03-09 03:45:00,221.68,221.69,224.89,1.38,2.62,2.18,0.163,0.058
MTR0001,2024-03-09 04:00:00,231.71,232.19,232.11,1.27,2.83,2.14,0.224,0.069
MTR0001,2024-03-09 04:15:00,231.71,232.19,232.11,1.14,2.56,1.93,0.205,0.062
MTR0001,2024-03-09 04:30:00,231.71,232.19,232.11,1.14,2.56,1.93,0.205,0.062
MTR0001,2024-03-09 04:45:00,231.71,232.19,232.11,1.14,2.56,1.93,0.205,0.062
MTR0001,2024-03-09 05:00:00,220.16,220.25,221.11,1.56,2.58,2.2,0.209,0.085
MTR0001,2024-03-09 05:15:00,220.16,220.25,221.11,1.35,2.26,1.93,0.186,0.075
MTR0001,2024-03-09 05:30:00,220.16,220.25,221.11,1.35,2.26,1.93,0.186,0.075
MTR0001,2024-03-09 05:45:00,220.16,220.25,221.11,1.35,2.26,1.93,0.186,0.075
MTR0001,2024-03-09 06:00:00,210.97,213.98,212.63,1.68,4.64,3.26,0.234,0.118
MTR0001,2024-03-09 06:15:00,210.97,213.98,212.63,1.64,4.56,3.2,0.229,0.116
MTR0001,2024-03-09 06:30:00,210.97,213.98,212.63,1.64,4.56,3.2,0.229,0.116
MTR0001,2024-03-09 06:45:00,210.97,213.98,212.63,1.64,4.56,3.2,0.229,0.116
MTR0001,2024-03-09 07:00:00,227.05,225.71,229.29,3.1,1.95,4.77,0.302,0.156
MTR0001,2024-03-09 07:15:00,227.05,225.71,229.29,3.78,2.33,5.79,0.363,0.188
MTR0001,2024-03-09 07:30:00,227.05,225.71,229.29,3.78,2.33,5.79,0.363,0.188
MTR0001,2024-03-09 07:45:00,227.05,225.71,229.29,3.78,2.33,5.79,0.363,0.188
MTR0001,2024-03-09 08:00:00,230.29,231.5,229.25,4.42,4.3,4.48,0.4,0.173
MTR0001,2024-03-09 08:15:00,230.29,231.5,229.25,4.86,4.72,4.89,0.439,0.19
MTR0001,2024-03-09 08:30:00,230.29,231.5,229.25,4.86,4.72,4.89,0.439,0.19
MTR0001,2024-03-09 08:45:00,230.29,231.5,229.25,4.86,4.72,4.89,0.439,0.19
MTR0001,2024-03-09 09:00:00,220.61,223.42,222.75,5.66,5.15,4.96,0.475,0.204
MTR0001,2024-03-09 09:15:00,220.61,223.42,222.75,5.39,4.9,4.71,0.452,0.194
MTR0001,2024-03-09 09:30:00,220.61,223.42,222.75,5.39,4.9,4.71,0.452,0.194
MTR0001,2024-03-09 09:45:00,220.61,223.42,222.75,5.39,4.9,4.71,0.452,0.194
MTR0001,2024-03-09 10:00:00,220.33,222.49,223.08,4.87,2.72,7.58,0.427,0.181
MTR0001,2024-03-09 10:15:00,220.33,222.49,223.08,3.92,2.19,6.17,0.341,0.147
MTR0001,2024-03-09 10:30:00,220.33,222.49,223.08,3.92,2.19,6.17,0.341,0.147
MTR0001,2024-03-09 10:45:00,220.33,222.49,223.08,3.92,2.19,6.17,0.341,0.147
MTR0001,2024-03-09 11:00:00,209.69,210.41,209.24,4.18,3.9,4.26,0.358,0.13
MTR0001,2024-03-09 11:15:00,209.69,210.41,209.24,4.11,3.83,4.18,0.352,0.128
MTR0001,2024-03-09 11:30:00,209.69,210.41,209.24,4.11,3.83,4.18,0.352,0.128
MTR0001,2024-03-09 11:45:00,209.69,210.41,209.24,4.11,3.83,4.18,0.352,0.128
MTR0001,2024-03-09 12:00:00,224.09,221.76,225.11,3.84,4.39,4.44,0.367,0.149
MTR0001,2024-03-09 12:15:00,224.09,221.76,225.11,4.9,5.46,5.55,0.465,0.187
MTR0001,2024-03-09 12:30:00,224.09,221.76,225.11,4.9,5.46,5.55,0.465,0.187
MTR0001,2024-03-09 12:45:00,224.09,221.76,225.11,4.9,5.46,5.55,0.465,0.187
MTR0001,2024-03-09 13:00:00,219.97,219.88,217.89,2.65,7.54,5.41,0.449,0.194
MTR0001,2024-03-09 13:15:00,219.97,219.88,217.89,2.62,7.46,5.35,0.444,0.192
MTR0001,2024-03-09 13:30:00,219.97,219.88,217.89,2.62,7.46,5.35,0.444,0.192
MTR0001,2024-03-09 13:45:00,219.97,219.88,217.89,2.62,7.46,5.35,0.444,0.192
MTR0001,2024-03-09 14:00:00,218.95,221.96,220.24,5.75,4.87,4.15,0.476,0.156
MTR0001,2024-03-09 14:15:00,218.95,221.96,220.24,4.67,3.99,3.42,0.395,0.129
MTR0001,2024-03-09 14:30:00,218.95,221.96,220.24,4.67,3.99,3.42,0.395,0.129
MTR0001,2024-03-09 14:45:00,218.95,221.96,220.24,4.67,3.99,3.42,0.395,0.129
MTR0001,2024-03-09 15:00:00,230.0,228.99,227.77,5.71,3.81,2.55,0.411,0.136
MTR0001,2024-03-09 15:15:00,230.0,228.99,227.77,7.24,4.88,3.22,0.512,0.174
MTR0001,2024-03-09 15:30:00,230.0,228.99,227.77,7.24,4.88,3.22,0.512,0.174
MTR0001,2024-03-09 15:45:00,230.0,228.99,227.77,7.24,4.88,3.22,0.512,0.174
MTR0001,2024-03-09 16:00:00,225.96,224.18,226.46,4.81,4.15,5.35,0.39,0.222
MTR0001,2024-03-09 16:15:00,225.96,224.18,226.46,4.27,3.66,4.74,0.342,0.197
MTR0001,2024-03-09 16:30:00,225.96,224.18,226.46,4.27,3.66,4.74,0.342,0.197
MTR0001,2024-03-09 16:45:00,225.96,224.18,226.46,4.27,3.66,4.74,0.342,0.197
MTR0001,2024-03-09 17:00:00,225.67,226.65,225.63,3.98,2.79,5.14,0.358,0.179
MTR0001,2024-03-09 17:15:00,225.67,226.65,225.63,3.9,2.73,5.03,0.351,0.175
MTR0001,2024-03-09 17:30:00,225.67,226.65,225.63,3.9,2.73,5.03,0.351,0.175
MTR0001,2024-03-09 17:45:00,225.67,226.65,225.63,3.9,2.73,5.03,0.351,0.175
MTR0001,2024-03-09 18:00:00,213.23,210.8,212.89,4.56,3.57,2.59,0.285,0.125
MTR0001,2024-03-09 18:15:00,213.23,210.8,212.89,3.99,3.14,2.28,0.248,0.11
MTR0001,2024-03-09 18:30:00,213.23,210.8,212.89,3.99,3.14,2.28,0.248,0.11
MTR0001,2024-03-09 18:45:00,213.23,210.8,212.89,3.99,3.14,2.28,0.248,0.11
MTR0001,2024-03-09 19:00:00,229.1,229.43,229.32,3.08,1.95,4.12,0.283,0.123
MTR0001,2024-03-09 19:15:00,229.1,229.43,229.32,3.87,2.46,5.22,0.355,0.156
MTR0001,2024-03-09 19:30:00,229.1,229.43,229.32,3.87,2.46,5.22,0.355,0.156
MTR0001,2024-03-09 19:45:00,229.1,229.43,229.32,3.87,2.46,5.22,0.355,0.156
MTR0001,2024-03-09 20:00:00,226.64,226.49,226.33,4.84,3.46,1.92,0.337,0.1
MTR0001,2024-03-09 20:15:00,226.64,226.49,226.33,4.47,3.2,1.77,0.312,0.092
MTR0001,2024-03-09 20:30:00,226.64,226.49,226.33,4.47,3.2,1.77,0.312,0.092
MTR0001,2024-03-09 20:45:00,226.64,226.49,226.33,4.47,3.2,1.77,0.312,0.092
MTR0001,2024-03-09 21:00:00,211.47,216.96,216.23,2.77,2.22,3.64,0.24,0.128
MTR0001,2024-03-09 21:15:00,211.47,216.96,216.23,2.52,2.03,3.33,0.219,0.117
MTR0001,2024-03-09 21:30:00,211.47,216.96,216.23,2.52,2.03,3.33,0.219,0.117
MTR0001,2024-03-09 21:45:00,211.47,216.96,216.23,2.52,2.03,3.33,0.219,0.117
MTR0001,2024-03-09 22:00:00,220.63,223.26,219.59,2.45,1.91,3.34,0.193,0.115
MTR0001,2024-03-09 22:15:00,220.63,223.26,219.59,2.64,2.05,3.59,0.209,0.124
MTR0001,2024-03-09 22:30:00,220.63,223.26,219.59,2.64,2.05,3.59,0.209,0.124
MTR0001,2024-03-09 22:45:00,220.63,223.26,219.59,2.64,2.05,3.59,0.209,0.124
MTR0001,2024-03-09 23:00:00,215.66,217.93,216.94,2.99,2.42,1.94,0.22,0.11
MTR0001,2024-03-09 23:15:00,215.66,217.93,216.94,2.58,2.08,1.65,0.191,0.094
MTR0001,2024-03-09 23:30:00,215.66,217.93,216.94,2.58,2.08,1.65,0.191,0.094
MTR0001,2024-03-09 23:45:00,215.66,217.93,216.94,2.58,2.08,1.65,0.191,0.094
MTR0001,2024-03-10 00:00:00,222.82,224.43,222.91,0.95,1.26,1.11,0.072,0.056
MTR0001,2024-03-10 00:15:00,222.82,224.43,222.91,1.2,1.74,1.49,0.103,0.075
MTR0001,2024-03-10 00:30:00,222.82,224.43,222.91,1.2,1.74,1.49,0.103,0.075
MTR0001,2024-03-10 00:45:00,222.82,224.43,222.91,1.2,1.74,1.49,0.103,0.075
MTR0001,2024-03-10 01:00:00,221.53,225.23,224.48,1.22,1.47,1.35,0.125,0.055
MTR0001,2024-03-10 01:15:00,221.53,225.23,224.48,0.92,1.15,1.03,0.098,0.041
MTR0001,2024-03-10 01:30:00,221.53,225.23,224.48,0.92,1.15,1.03,0.098,0.041
MTR0001,2024-03-10 01:45:00,221.53,225.23,224.48,0.92,1.15,1.03,0.098,0.041
MTR0001,2024-03-10 02:00:00,231.36,228.59,227.16,0.59,1.74,1.25,0.088,0.062
MTR0001,2024-03-10 02:15:00,231.36,228.59,227.16,0.68,2.01,1.44,0.104,0.071
MTR0001,2024-03-10 02:30:00,231.36,228.59,227.16,0.68,2.01,1.44,0.104,0.071
MTR0001,2024-03-10 02:45:00,231.36,228.59,227.16,0.68,2.01,1.44,0.104,0.071
MTR0001,2024-03-10 03:00:00,229.93,228.68,229.26,1.28,1.02,1.47,0.14,0.046
MTR0001,2024-03-10 03:15:00,229.93,228.68,229.26,1.21,0.97,1.38,0.133,0.044
MTR0001,2024-03-10 03:30:00,229.93,228.68,229.26,1.21,0.97,1.38,0.133,0.044
MTR0001,2024-03-10 03:45:00,229.93,228.68,229.26,1.21,0.97,1.38,0.133,0.044
MTR0001,2024-03-10 04:00:00,208.82,211.92,211.95,1.14,0.89,1.9,0.131,0.053
MTR0001,2024-03-10 04:15:00,208.82,211.92,211.95,1.2,0.92,1.98,0.135,0.055
MTR0001,2024-03-10 04:30:00,208.82,211.92,211.95,1.2,0.92,1.98,0.135,0.055
MTR0001,2024-03-10 04:45:00,208.82,211.92,211.95,1.2,0.92,1.98,0.135,0.055
MTR0001,2024-03-10 05:00:00,215.68,213.07,215.49,1.14,0.95,1.43,0.094,0.054
MTR0001,2024-03-10 05:15:00,215.68,213.07,215.49,0.93,0.78,1.16,0.076,0.043
MTR0001,2024-03-10 05:30:00,215.68,213.07,215.49,0.93,0.78,1.16,0.076,0.043
MTR0001,2024-03-10 05:45:00,215.68,213.07,215.49,0.93,0.78,1.16,0.076,0.043
MTR0001,2024-03-10 06:00:00,213.68,215.71,210.55,2.05,2.07,2.56,0.177,0.077
MTR0001,2024-03-10 06:15:00,213.68,215.71,210.55,2.3,2.29,2.84,0.199,0.086
MTR0001,2024-03-10 06:30:00,213.68,215.71,210.55,2.3,2.29,2.84,0.199,0.086
MTR0001,2024-03-10 06:45:00,213.68,215.71,210.55,2.3,2.29,2.84,0.199,0.086
MTR0001,2024-03-10 07:00:00,216.11,216.26,216.38,2.42,2.26,3.06,0.197,0.107
MTR0001,2024-03-10 07:15:00,216.11,216.26,216.38,2.6,2.41,3.27,0.212,0.114
MTR0001,2024-03-10 07:30:00,216.11,216.26,216.38,2.6,2.41,3.27,0.212,0.114
MTR0001,2024-03-10 07:45:00,216.11,216.26,216.38,2.6,2.41,3.27,0.212,0.114
MTR0001,2024-03-10 08:00:00,216.15,216.27,213.19,3.16,1.57,4.25,0.255,0.104
MTR0001,2024-03-10 08:15:00,216.15,216.27,213.19,3.2,1.59,4.3,0.258,0.105
MTR0001,2024-03-10 08:30:00,216.15,216.27,213.19,3.2,1.59,4.3,0.258,0.105
MTR0001,2024-03-10 08:45:00,216.15,216.27,213.19,3.2,1.59,4.3,0.258,0.105
MTR0001,2024-03-10 09:00:00,223.44,228.26,222.89,2.93,3.3,3.3,0.308,0.113
MTR0001,2024-03-10 09:15:00,223.44,228.26,222.89,2.89,3.25,3.25,0.304,0.112
MTR0001,2024-03-10 09:30:00,223.44,228.26,222.89,2.89,3.25,3.25,0.304,0.112
MTR0001,2024-03-10 09:45:00,223.44,228.26,222.89,2.89,3.25,3.25,0.304,0.112
MTR0001,2024-03-10 10:00:00,227.87,224.83,228.54,2.91,3.06,3.62,0.243,0.152
MTR0001,2024-03-10 10:15:00,227.87,224.83,228.54,2.58,2.74,3.26,0.214,0.136
MTR0001,2024-03-10 10:30:00,227.87,224.83,228.54,2.58,2.74,3.26,0.214,0.136
MTR0001,2024-03-10 10:45:00,227.87,224.83,228.54,2.58,2.74,3.26,0.214,0.136
MTR0001,2024-03-10 11:00:00,222.61,227.77,227.65,3.93,2.92,2.03,0.262,0.126
MTR0001,2024-03-10 11:15:00,222.61,227.77,227.65,4.6,3.41,2.36,0.306,0.146
MTR0001,2024-03-10 11:30:00,222.61,227.77,227.65,4.6,3.41,2.36,0.306,0.146
MTR0001,2024-03-10 11:45:00,222.61,227.77,227.65,4.6,3.41,2.36,0.306,0.146
MTR0001,2024-03-10 12:00:00,217.11,217.69,216.47,2.78,3.91,3.67,0.266,0.155
MTR0001,2024-03-10 12:15:00,217.11,217.69,216.47,2.45,3.49,3.27,0.233,0.138
MTR0001,2024-03-10 12:30:00,217.11,217.69,216.47,2.45,3.49,3.27,0.233,0.138
MTR0001,2024-03-10 12:45:00,217.11,217.69,216.47,2.45,3.49,3.27,0.233,0.138
MTR0001,2024-03-10 13:00:00,212.65,214.6,214.6,4.62,3.01,1.66,0.221,0.118
MTR0001,2024-03-10 13:15:00,212.65,214.6,214.6,4.94,3.22,1.77,0.24,0.127
MTR0001,2024-03-10 13:30:00,212.65,214.6,214.6,4.94,3.22,1.77,0.24,0.127
MTR0001,2024-03-10 13:45:00,212.65,214.6,214.6,4.94,3.22,1.77,0.24,0.127
MTR0001,2024-03-10 14:00:00,220.26,219.3,222.39,3.21,2.98,3.68,0.267,0.143
MTR0001,2024-03-10 14:15:00,220.26,219.3,222.39,2.82,2.63,3.23,0.233,0.126
MTR0001,2024-03-10 14:30:00,220.26,219.3,222.39,2.82,2.63,3.23,0.233,0.126
MTR0001,2024-03-10 14:45:00,220.26,219.3,222.39,2.82,2.63,3.23,0.233,0.126
MTR0001,2024-03-10 15:00:00,230.17,233.79,231.98,2.5,2.94,3.03,0.246,0.137
MTR0001,2024-03-10 15:15:00,230.17,233.79,231.98,3.15,3.8,3.82,0.313,0.175
MTR0001,2024-03-10 15:30:00,230.17,233.79,231.98,3.15,3.8,3.82,0.313,0.175
MTR0001,2024-03-10 15:45:00,230.17,233.79,231.98,3.15,3.8,3.82,0.313,0.175
MTR0001,2024-03-10 16:00:00,210.27,211.54,209.33,3.54,2.96,3.66,0.309,0.123
MTR0001,2024-03-10 16:15:00,210.27,211.54,209.33,2.73,2.22,2.75,0.239,0.095
MTR0001,2024-03-10 16:30:00,210.27,211.54,209.33,2.73,2.22,2.75,0.239,0.095
MTR0001,2024-03-10 16:45:00,210.27,211.54,209.33,2.73,2.22,2.75,0.239,0.095
MTR0001,2024-03-10 17:00:00,219.55,219.29,218.37,2.37,1.91,2.76,0.21,0.094
MTR0001,2024-03-10 17:15:00,219.55,219.29,218.37,2.7,2.17,3.18,0.239,0.108
MTR0001,2024-03-10 17:30:00,219.55,219.29,218.37,2.7,2.17,3.18,0.239,0.108
MTR0001,2024-03-10 17:45:00,219.55,219.29,218.37,2.7,2.17,3.18,0.239,0.108
MTR0001,2024-03-10 18:00:00,211.1,211.48,209.13,2.19,2.29,2.74,0.201,0.077
MTR0001,2024-03-10 18:15:00,211.1,211.48,209.13,2.59,2.65,3.18,0.235,0.09
MTR0001,2024-03-10 18:30:00,211.1,211.48,209.13,2.59,2.65,3.18,0.235,0.09
MTR0001,2024-03-10 18:45:00,211.1,211.48,209.13,2.59,2.65,3.18,0.235,0.09
MTR0001,2024-03-10 19:00:00,230.3,230.09,228.22,2.64,2.5,2.97,0.265,0.124
MTR0001,2024-03-10 19:15:00,230.3,230.09,228.22,1.96,1.84,2.25,0.205,0.092
MTR0001,2024-03-10 19:30:00,230.3,230.09,228.22,1.96,1.84,2.25,0.205,0.092
MTR0001,2024-03-10 19:45:00,230.3,230.09,228.22,1.96,1.84,2.25,0.205,0.092
MTR0001,2024-03-10 20:00:00,230.49,231.86,230.65,1.05,2.31,1.88,0.177,0.08
MTR0001,2024-03-10 20:15:00,230.49,231.86,230.65,1.13,2.46,2.0,0.187,0.086
MTR0001,2024-03-10 20:30:00,230.49,231.86,230.65,1.13,2.46,2.0,0.187,0.086
MTR0001,2024-03-10 20:45:00,230.49,231.86,230.65,1.13,2.46,2.0,0.187,0.086
MTR0001,2024-03-10 21:00:00,214.46,219.01,218.86,1.67,1.03,2.2,0.137,0.068
MTR0001,2024-03-10 21:15:00,214.46,219.01,218.86,1.62,1.0,2.14,0.133,0.066
MTR0001,2024-03-10 21:30:00,214.46,219.01,218.86,1.62,1.0,2.14,0.133,0.066
MTR0001,2024-03-10 21:45:00,214.46,219.01,218.86,1.62,1.0,2.14,0.133,0.066
MTR0001,2024-03-10 22:00:00,215.04,215.78,217.45,2.15,1.54,1.39,0.143,0.057
MTR0001,2024-03-10 22:15:00,215.04,215.78,217.45,2.93,2.13,1.82,0.196,0.076
MTR0001,2024-03-10 22:30:00,215.04,215.78,217.45,2.93,2.13,1.82,0.196,0.076
MTR0001,2024-03-10 22:45:00,215.04,215.78,217.45,2.93,2.13,1.82,0.196,0.076
MTR0001,2024-03-10 23:00:00,226.52,223.78,223.91,1.12,3.01,2.07,0.154,0.078
MTR0001,2024-03-10 23:15:00,226.52,223.78,223.91,0.86,2.31,1.57,0.111,0.059
MTR0001,2024-03-10 23:30:00,226.52,223.78,223.91,0.86,2.31,1.57,0.111,0.059
MTR0001,2024-03-10 23:45:00,226.52,223.78,223.91,0.86,2.31,1.57,0.111,0.059
MTR0001,2024-03-11 00:00:00,217.22,215.11,219.96,3.33,2.62,1.85,0.229,0.127
MTR0001,2024-03-11 00:15:00,217.22,215.11,219.96,3.33,2.62,1.85,0.229,0.127
MTR0001,2024-03-11 00:30:00,217.22,215.11,219.96,3.33,2.62,1.85,0.229,0.127
MTR0001,2024-03-11 00:45:00,217.22,215.11,219.96,3.33,2.62,1.85,0.229,0.127
MTR0001,2024-03-11 01:00:00,221.21,224.48,221.94,2.88,2.33,2.28,0.225,0.119
MTR0001,2024-03-11 01:15:00,221.21,224.48,221.94,2.88,2.33,2.28,0.225,0.119
MTR0001,2024-03-11 01:30:00,221.21,224.48,221.94,2.88,2.33,2.28,0.225,0.119
MTR0001,2024-03-11 01:45:00,221.21,224.48,221.94,2.88,2.33,2.28,0.225,0.119
MTR0001,2024-03-11 02:00:00,226.74,225.04,229.1,2.73,2.15,3.29,0.227,0.099
MTR0001,2024-03-11 02:15:00,226.74,225.04,229.1,2.73,2.15,3.29,0.227,0.099
MTR0001,2024-03-11 02:30:00,226.74,225.04,229.1,2.73,2.15,3.29,0.227,0.099
MTR0001,2024-03-11 02:45:00,226.74,225.04,229.1,2.73,2.15,3.29,0.227,0.099
MTR0001,2024-03-11 03:00:00,214.29,218.04,214.03,2.5,2.6,2.61,0.181,0.125
MTR0001,2024-03-11 03:15:00,214.29,218.04,214.03,2.5,2.6,2.61,0.181,0.125
MTR0001,2024-03-11 03:30:00,214.29,218.04,214.03,2.5,2.6,2.61,0.181,0.125
MTR0001,2024-03-11 03:45:00,214.29,218.04,214.03,2.5,2.6,2.61,0.181,0.125
MTR0001,2024-03-11 04:00:00,226.62,225.91,226.51,2.84,2.86,2.81,0.27,0.133
MTR0001,2024-03-11 04:15:00,226.62,225.91,226.51,2.84,2.86,2.81,0.27,0.133
MTR0001,2024-03-11 04:30:00,226.62,225.91,226.51,2.84,2.86,2.81,0.27,0.133
MTR0001,2024-03-11 04:45:00,226.62,225.91,226.51,2.84,2.86,2.81,0.27,0.133
MTR0001,2024-03-11 05:00:00,214.58,214.06,218.29,2.75,2.4,2.87,0.241,0.101
MTR0001,2024-03-11 05:15:00,214.58,214.06,218.29,2.75,2.4,2.87,0.241,0.101
MTR0001,2024-03-11 05:30:00,214.58,214.06,218.29,2.75,2.4,2.87,0.241,0.101
MTR0001,2024-03-11 05:45:00,214.58,214.06,218.29,2.75,2.4,2.87,0.241,0.101
MTR0001,2024-03-11 06:00:00,215.81,216.58,218.6,5.46,3.88,6.5,0.44,0.173
MTR0001,2024-03-11 06:15:00,215.81,216.58,218.6,5.46,3.88,6.5,0.44,0.173
MTR0001,2024-03-11 06:30:00,215.81,216.58,218.6,5.46,3.88,6.5,0.44,0.173
MTR0001,2024-03-11 06:45:00,215.81,216.58,218.6,5.46,3.88,6.5,0.44,0.173
MTR0001,2024-03-11 07:00:00,224.27,227.12,224.02,3.69,7.18,6.03,0.459,0.287
MTR0001,2024-03-11 07:15:00,224.27,227.12,224.02,3.69,7.18,6.03,0.459,0.287
MTR0001,2024-03-11 07:30:00,224.27,227.12,224.02,3.69,7.18,6.03,0.459,0.287
MTR0001,2024-03-11 07:45:00,224.27,227.12,224.02,3.69,7.18,6.03,0.459,0.287
MTR0001,2024-03-11 08:00:00,228.1,227.73,226.67,8.91,6.09,3.72,0.539,0.309
MTR0001,2024-03-11 08:15:00,228.1,227.73,226.67,8.91,6.09,3.72,0.539,0.309
MTR0001,2024-03-11 08:30:00,228.1,227.73,226.67,8.91,6.09,3.72,0.539,0.309
MTR0001,2024-03-11 08:45:00,228.1,227.73,226.67,8.91,6.09,3.72,0.539,0.309
MTR0001,2024-03-11 09:00:00,210.12,211.79,211.71,8.65,6.54,3.82,0.555,0.183
MTR0001,2024-03-11 09:15:00,210.12,211.79,211.71,8.65,6.54,3.82,0.555,0.183
MTR0001,2024-03-11 09:30:00,210.12,211.79,211.71,8.65,6.54,3.82,0.555,0.183
MTR0001,2024-03-11 09:45:00,210.12,211.79,211.71,8.65,6.54,3.82,0.555,0.183
MTR0001,2024-03-11 10:00:00,228.66,229.7,228.95,8.28,6.47,5.34,0.625,0.31
MTR0001,2024-03-11 10:15:00,228.66,229.7,228.95,8.28,6.47,5.34,0.625,0.31
MTR0001,2024-03-11 10:30:00,228.66,229.7,228.95,8.28,6.47,5.34,0.625,0.31
MTR0001,2024-03-11 10:45:00,228.66,229.7,228.95,8.28,6.47,5.34,0.625,0.31
MTR0001,2024-03-11 11:00:00,215.23,214.71,215.21,4.43,8.71,6.79,0.516,0.324
MTR0001,2024-03-11 11:15:00,215.23,214.71,215.21,4.43,8.71,6.79,0.516,0.324
MTR0001,2024-03-11 11:30:00,215.23,214.71,215.21,4.43,8.71,6.79,0.516,0.324
MTR0001,2024-03-11 11:45:00,215.23,214.71,215.21,4.43,8.71,6.79,0.516,0.324
MTR0001,2024-03-11 12:00:00,212.62,213.56,213.85,6.71,4.79,9.36,0.563,0.269
MTR0001,2024-03-11 12:15:00,212.62,213.56,213.85,6.71,4.79,9.36,0.563,0.269
MTR0001,2024-03-11 12:30:00,212.62,213.56,213.85,6.71,4.79,9.36,0.563,0.269
MTR0001,2024-03-11 12:45:00,212.62,213.56,213.85,6.71,4.79,9.36,0.563,0.269
MTR0001,2024-03-11 13:00:00,230.57,234.05,231.74,4.38,8.86,7.06,0.64,0.221
MTR0001,2024-03-11 13:15:00,230.57,234.05,231.74,4.38,8.86,7.06,0.64,0.221
MTR0001,2024-03-11 13:30:00,230.57,234.05,231.74,4.38,8.86,7.06,0.64,0.221
MTR0001,2024-03-11 13:45:00,230.57,234.05,231.74,4.38,8.86,7.06,0.64,0.221
MTR0001,2024-03-11 14:00:00,230.55,229.17,228.73,4.5,8.57,6.99,0.625,0.26
MTR0001,2024-03-11 14:15:00,230.55,229.17,228.73,4.5,8.57,6.99,0.625,0.26
MTR0001,2024-03-11 14:30:00,230.55,229.17,228.73,4.5,8.57,6.99,0.625,0.26
MTR0001,2024-03-11 14:45:00,230.55,229.17,228.73,4.5,8.57,6.99,0.625,0.26
MTR0001,2024-03-11 15:00:00,222.88,222.48,222.98,8.62,6.16,4.02,0.556,0.234
MTR0001,2024-03-11 15:15:00,222.88,222.48,222.98,8.62,6.16,4.02,0.556,0.234
MTR0001,2024-03-11 15:30:00,222.88,222.48,222.98,8.62,6.16,4.02,0.556,0.234
MTR0001,2024-03-11 15:45:00,222.88,222.48,222.98,8.62,6.16,4.02,0.556,0.234
MTR0001,2024-03-11 16:00:00,232.47,233.78,231.21,4.8,6.66,6.1,0.516,0.265
MTR0001,2024-03-11 16:15:00,232.47,233.78,231.21,4.8,6.66,6.1,0.516,0.265
MTR0001,2024-03-11 16:30:00,232.47,233.78,231.21,4.8,6.66,6.1,0.516,0.265
MTR0001,2024-03-11 16:45:00,232.47,233.78,231.21,4.8,6.66,6.1,0.516,0.265
MTR0001,2024-03-11 17:00:00,226.33,227.91,226.2,3.73,7.63,5.97,0.522,0.303
MTR0001,2024-03-11 17:15:00,226.33,227.91,226.2,3.73,7.63,5.97,0.522,0.303
MTR0001,2024-03-11 17:30:00,226.33,227.91,226.2,3.73,7.63,5.97,0.522,0.303
MTR0001,2024-03-11 17:45:00,226.33,227.91,226.2,3.73,7.63,5.97,0.522,0.303
MTR0001,2024-03-11 18:00:00,215.95,216.66,216.53,5.19,3.14,7.5,0.411,0.252
MTR0001,2024-03-11 18:15:00,215.95,216.66,216.53,5.19,3.14,7.5,0.411,0.252
MTR0001,2024-03-11 18:30:00,215.95,216.66,216.53,5.19,3.14,7.5,0.411,0.252
MTR0001,2024-03-11 18:45:00,215.95,216.66,216.53,5.19,3.14,7.5,0.411,0.252
MTR0001,2024-03-11 19:00:00,231.62,229.23,228.82,4.16,5.77,5.04,0.48,0.24
MTR0001,2024-03-11 19:15:00,231.62,229.23,228.82,4.16,5.77,5.04,0.48,0.24
MTR0001,2024-03-11 19:30:00,231.62,229.23,228.82,4.16,5.77,5.04,0.48,0.24
MTR0001,2024-03-11 19:45:00,231.62,229.23,228.82,4.16,5.77,5.04,0.48,0.24
MTR0001,2024-03-11 20:00:00,223.1,224.45,227.47,4.63,3.63,5.51,0.395,0.191
MTR0001,2024-03-11 20:15:00,223.1,224.45,227.47,4.63,3.63,5.51,0.395,0.191
MTR0001,2024-03-11 20:30:00,223.1,224.45,227.47,4.63,3.63,5.51,0.395,0.191
MTR0001,2024-03-11 20:45:00,223.1,224.45,227.47,4.63,3.63,5.51,0.395,0.191
MTR0001,2024-03-11 21:00:00,213.73,213.83,214.3,3.94,4.25,4.54,0.356,0.213
MTR0001,2024-03-11 21:15:00,213.73,213.83,214.3,3.94,4.25,4.54,0.356,0.213
MTR0001,2024-03-11 21:30:00,213.73,213.83,214.3,3.94,4.25,4.54,0.356,0.213
MTR0001,2024-03-11 21:45:00,213.73,213.83,214.3,3.94,4.25,4.54,0.356,0.213
MTR0001,2024-03-11 22:00:00,218.55,221.67,222.31,3.93,3.13,4.96,0.366,0.167
MTR0001,2024-03-11 22:15:00,218.55,221.67,222.31,3.93,3.13,4.96,0.366,0.167
MTR0001,2024-03-11 22:30:00,218.55,221.67,222.31,3.93,3.13,4.96,0.366,0.167
MTR0001,2024-03-11 22:45:00,218.55,221.67,222.31,3.93,3.13,4.96,0.366,0.167
MTR0001,2024-03-11 23:00:00,221.34,225.72,226.05,3.76,1.98,5.43,0.298,0.141
MTR0001,2024-03-11 23:15:00,221.34,225.72,226.05,3.76,1.98,5.43,0.298,0.141
MTR0001,2024-03-11 23:30:00,221.34,225.72,226.05,3.76,1.98,5.43,0.298,0.141
MTR0001,2024-03-11 23:45:00,221.34,225.72,226.05,3.76,1.98,5.43,0.298,0.141
MTR0001,2024-03-12 00:00:00,228.92,230.46,227.34,1.24,4.16,2.58,0.25,0.134
MTR0001,2024-03-12 00:15:00,228.92,230.46,227.34,1.24,4.16,2.58,0.25,0.134
MTR0001,2024-03-12 00:30:00,228.92,230.46,227.34,1.24,4.16,2.58,0.25,0.134
MTR0001,2024-03-12 00:45:00,228.92,230.46,227.34,1.24,4.16,2.58,0.25,0.134
MTR0001,2024-03-12 01:00:00,211.07,209.55,212.71,2.16,3.27,2.71,0.161,0.134
MTR0001,2024-03-12 01:15:00,211.07,209.55,212.71,2.16,3.27,2.71,0.161,0.134
MTR0001,2024-03-12 01:30:00,211.07,209.55,212.71,2.16,3.27,2.71,0.161,0.134
MTR0001,2024-03-12 01:45:00,211.07,209.55,212.71,2.16,3.27,2.71,0.161,0.134
MTR0001,2024-03-12 02:00:00,222.73,222.9,223.97,2.84,2.56,3.19,0.278,0.108
MTR0001,2024-03-12 02:15:00,222.73,222.9,223.97,2.84,2.56,3.19,0.278,0.108
MTR0001,2024-03-12 02:30:00,222.73,222.9,223.97,2.84,2.56,3.19,0.278,0.108
MTR0001,2024-03-12 02:45:00,222.73,222.9,223.97,2.84,2.56,3.19,0.278,0.108
MTR0001,2024-03-12 03:00:00,223.16,221.79,220.69,3.11,2.49,2.14,0.193,0.088
MTR0001,2024-03-12 03:15:00,223.16,221.79,220.69,3.11,2.49,2.14,0.193,0.088
MTR0001,2024-03-12 03:30:00,223.16,221.79,220.69,3.11,2.49,2.14,0.193,0.088
MTR0001,2024-03-12 03:45:00,223.16,221.79,220.69,3.11,2.49,2.14,0.193,0.088
MTR0001,2024-03-12 04:00:00,231.65,230.14,232.25,3.62,2.39,1.73,0.228,0.087
MTR0001,2024-03-12 04:15:00,231.65,230.14,232.25,3.62,2.39,1.73,0.228,0.087
MTR0001,2024-03-12 04:30:00,231.65,230.14,232.25,3.62,2.39,1.73,0.228,0.087
MTR0001,2024-03-12 04:45:00,231.65,230.14,232.25,3.62,2.39,1.73,0.228,0.087
MTR0001,2024-03-12 05:00:00,216.05,217.87,217.57,2.53,2.89,2.7,0.236,0.098
MTR0001,2024-03-12 05:15:00,216.05,217.87,217.57,2.53,2.89,2.7,0.236,0.098
MTR0001,2024-03-12 05:30:00,216.05,217.87,217.57,2.53,2.89,2.7,0.236,0.098
MTR0001,2024-03-12 05:45:00,216.05,217.87,217.57,2.53,2.89,2.7,0.236,0.098
MTR0001,2024-03-12 06:00:00,215.28,216.81,218.71,5.15,3.67,7.01,0.456,0.199
MTR0001,2024-03-12 06:15:00,215.28,216.81,218.71,5.15,3.67,7.01,0.456,0.199
MTR0001,2024-03-12 06:30:00,215.28,216.81,218.71,5.15,3.67,7.01,0.456,0.199
MTR0001,2024-03-12 06:45:00,215.28,216.81,218.71,5.15,3.67,7.01,0.456,0.199
MTR0001,2024-03-12 07:00:00,217.04,216.12,217.64,5.61,5.43,5.7,0.523,0.176
MTR0001,2024-03-12 07:15:00,217.04,216.12,217.64,5.61,5.43,5.7,0.523,0.176
MTR0001,2024-03-12 07:30:00,217.04,216.12,217.64,5.61,5.43,5.7,0.523,0.176
MTR0001,2024-03-12 07:45:00,217.04,216.12,217.64,5.61,5.43,5.7,0.523,0.176
MTR0001,2024-03-12 08:00:00,219.65,222.87,217.45,8.97,5.81,3.38,0.536,0.268
MTR0001,2024-03-12 08:15:00,219.65,222.87,217.45,8.97,5.81,3.38,0.536,0.268
MTR0001,2024-03-12 08:30:00,219.65,222.87,217.45,8.97,5.81,3.38,0.536,0.268
MTR0001,2024-03-12 08:45:00,219.65,222.87,217.45,8.97,5.81,3.38,0.536,0.268
MTR0001,2024-03-12 09:00:00,226.18,223.78,223.72,6.51,4.47,8.78,0.548,0.326
MTR0001,2024-03-12 09:15:00,226.18,223.78,223.72,6.51,4.47,8.78,0.548,0.326
MTR0001,2024-03-12 09:30:00,226.18,223.78,223.72,6.51,4.47,8.78,0.548,0.326
MTR0001,2024-03-12 09:45:00,226.18,223.78,223.72,6.51,4.47,8.78,0.548,0.326
MTR0001,2024-03-12 10:00:00,220.26,219.39,223.35,6.73,3.25,10.16,0.568,0.306
MTR0001,2024-03-12 10:15:00,220.26,219.39,223.35,6.73,3.25,10.16,0.568,0.306
MTR0001,2024-03-12 10:30:00,220.26,219.39,223.35,6.73,3.25,10.16,0.568,0.306
MTR0001,2024-03-12 10:45:00,220.26,219.39,223.35,6.73,3.25,10.16,0.568,0.306
MTR0001,2024-03-12 11:00:00,212.08,215.39,212.8,6.77,5.4,8.48,0.537,0.304
MTR0001,2024-03-12 11:15:00,212.08,215.39,212.8,6.77,5.4,8.48,0.537,0.304
MTR0001,2024-03-12 11:30:00,212.08,215.39,212.8,6.77,5.4,8.48,0.537,0.304
MTR0001,2024-03-12 11:45:00,212.08,215.39,212.8,6.77,5.4,8.48,0.537,0.304
MTR0001,2024-03-12 12:00:00,228.17,229.98,225.98,5.23,8.07,7.18,0.554,0.334
MTR0001,2024-03-12 12:15:00,228.17,229.98,225.98,5.23,8.07,7.18,0.554,0.334
MTR0001,2024-03-12 12:30:00,228.17,229.98,225.98,5.23,8.07,7.18,0.554,0.334
MTR0001,2024-03-12 12:45:00,228.17,229.98,225.98,5.23,8.07,7.18,0.554,0.334
MTR0001,2024-03-12 13:00:00,218.16,219.65,219.34,6.78,4.5,9.43,0.653,0.248
MTR0001,2024-03-12 13:15:00,218.16,219.65,219.34,6.78,4.5,9.43,0.653,0.248
MTR0001,2024-03-12 13:30:00,218.16,219.65,219.34,6.78,4.5,9.43,0.653,0.248
MTR0001,2024-03-12 13:45:00,218.16,219.65,219.34,6.78,4.5,9.43,0.653,0.248
MTR0001,2024-03-12 14:00:00,216.49,219.06,217.87,6.59,5.04,8.73,0.625,0.248
MTR0001,2024-03-12 14:15:00,216.49,219.06,217.87,6.59,5.04,8.73,0.625,0.248
MTR0001,2024-03-12 14:30:00,216.49,219.06,217.87,6.59,5.04,8.73,0.625,0.248
MTR0001,2024-03-12 14:45:00,216.49,219.06,217.87,6.59,5.04,8.73,0.625,0.248
MTR0001,2024-03-12 15:00:00,227.97,227.96,225.97,4.78,8.28,6.37,0.581,0.301
MTR0001,2024-03-12 15:15:00,227.97,227.96,225.97,4.78,8.28,6.37,0.581,0.301
MTR0001,2024-03-12 15:30:00,227.97,227.96,225.97,4.78,8.28,6.37,0.581,0.301
MTR0001,2024-03-12 15:45:00,227.97,227.96,225.97,4.78,8.28,6.37,0.581,0.301
MTR0001,2024-03-12 16:00:00,230.85,232.37,231.93,3.49,8.24,6.52,0.527,0.246
MTR0001,2024-03-12 16:15:00,230.85,232.37,231.93,3.49,8.24,6.52,0.527,0.246
MTR0001,2024-03-12 16:30:00,230.85,232.37,231.93,3.49,8.24,6.52,0.527,0.246
MTR0001,2024-03-12 16:45:00,230.85,232.37,231.93,3.49,8.24,6.52,0.527,0.246
MTR0001,2024-03-12 17:00:00,213.45,212.99,212.33,7.46,5.53,4.36,0.507,0.187
MTR0001,2024-03-12 17:15:00,213.45,212.99,212.33,7.46,5.53,4.36,0.507,0.187
MTR0001,2024-03-12 17:30:00,213.45,212.99,212.33,7.46,5.53,4.36,0.507,0.187
MTR0001,2024-03-12 17:45:00,213.45,212.99,212.33,7.46,5.53,4.36,0.507,0.187
MTR0001,2024-03-12 18:00:00,224.86,225.32,229.03,6.25,5.25,4.34,0.458,0.224
MTR0001,2024-03-12 18:15:00,224.86,225.32,229.03,6.25,5.25,4.34,0.458,0.224
MTR0001,2024-03-12 18:30:00,224.86,225.32,229.03,6.25,5.25,4.34,0.458,0.224
MTR0001,2024-03-12 18:45:00,224.86,225.32,229.03,6.25,5.25,4.34,0.458,0.224
MTR0001,2024-03-12 19:00:00,211.95,210.41,213.89,6.98,4.64,2.85,0.374,0.186
MTR0001,2024-03-12 19:15:00,211.95,210.41,213.89,6.98,4.64,2.85,0.374,0.186
MTR0001,2024-03-12 19:30:00,211.95,210.41,213.89,6.98,4.64,2.85,0.374,0.186
MTR0001,2024-03-12 19:45:00,211.95,210.41,213.89,6.98,4.64,2.85,0.374,0.186
MTR0001,2024-03-12 20:00:00,219.01,219.38,221.53,5.88,4.3,3.32,0.354,0.194
MTR0001,2024-03-12 20:15:00,219.01,219.38,221.53,5.88,4.3,3.32,0.354,0.194
MTR0001,2024-03-12 20:30:00,219.01,219.38,221.53,5.88,4.3,3.32,0.354,0.194
MTR0001,2024-03-12 20:45:00,219.01,219.38,221.53,5.88,4.3,3.32,0.354,0.194
MTR0001,2024-03-12 21:00:00,215.08,219.89,221.06,5.35,4.13,2.74,0.369,0.135
MTR0001,2024-03-12 21:15:00,215.08,219.89,221.06,5.35,4.13,2.74,0.369,0.135
MTR0001,2024-03-12 21:30:00,215.08,219.89,221.06,5.35,4.13,2.74,0.369,0.135
MTR0001,2024-03-12 21:45:00,215.08,219.89,221.06,5.35,4.13,2.74,0.369,0.135
MTR0001,2024-03-12 22:00:00,215.8,214.97,217.91,2.17,5.45,4.27,0.374,0.169
MTR0001,2024-03-12 22:15:00,215.8,214.97,217.91,2.17,5.45,4.27,0.374,0.169
MTR0001,2024-03-12 22:30:00,215.8,214.97,217.91,2.17,5.45,4.27,0.374,0.169
MTR0001,2024-03-12 22:45:00,215.8,214.97,217.91,2.17,5.45,4.27,0.374,0.169
MTR0001,2024-03-12 23:00:00,214.16,216.47,213.42,3.91,3.1,4.64,0.313,0.186
MTR0001,2024-03-12 23:15:00,214.16,216.47,213.42,3.91,3.1,4.64,0.313,0.186
MTR0001,2024-03-12 23:30:00,214.16,216.47,213.42,3.91,3.1,4.64,0.313,0.186
MTR0001,2024-03-12 23:45:00,214.16,216.47,213.42,3.91,3.1,4.64,0.313,0.186
MTR0001,2024-03-13 00:00:00,226.14,225.37,226.65,2.42,2.7,2.74,0.212,0.116
MTR0001,2024-03-13 00:15:00,226.14,225.37,226.65,2.42,2.7,2.74,0.212,0.116
MTR0001,2024-03-13 00:30:00,226.14,225.37,226.65,2.42,2.7,2.74,0.212,0.116
MTR0001,2024-03-13 00:45:00,226.14,225.37,226.65,2.42,2.7,2.74,0.212,0.116
MTR0001,2024-03-13 01:00:00,214.26,217.46,217.36,1.64,3.58,2.7,0.218,0.112
MTR0001,2024-03-13 01:15:00,214.26,217.46,217.36,1.64,3.58,2.7,0.218,0.112
MTR0001,2024-03-13 01:30:00,214.26,217.46,217.36,1.64,3.58,2.7,0.218,0.112
MTR0001,2024-03-13 01:45:00,214.26,217.46,217.36,1.64,3.58,2.7,0.218,0.112
MTR0001,2024-03-13 02:00:00,231.54,230.35,231.91,1.97,3.4,2.39,0.244,0.112
MTR0001,2024-03-13 02:15:00,231.54,230.35,231.91,1.97,3.4,2.39,0.244,0.112
MTR0001,2024-03-13 02:30:00,231.54,230.35,231.91,1.97,3.4,2.39,0.244,0.112
MTR0001,2024-03-13 02:45:00,231.54,230.35,231.91,1.97,3.4,2.39,0.244,0.112
MTR0001,2024-03-13 03:00:00,219.93,220.0,218.49,4.08,2.58,1.45,0.272,0.081
MTR0001,2024-03-13 03:15:00,219.93,220.0,218.49,4.08,2.58,1.45,0.272,0.081
MTR0001,2024-03-13 03:30:00,219.93,220.0,218.49,4.08,2.58,1.45,0.272,0.081
MTR0001,2024-03-13 03:45:00,219.93,220.0,218.49,4.08,2.58,1.45,0.272,0.081
MTR0001,2024-03-13 04:00:00,210.32,210.09,209.92,2.62,2.4,3.1,0.235,0.084
MTR0001,2024-03-13 04:15:00,210.32,210.09,209.92,2.62,2.4,3.1,0.235,0.084
MTR0001,2024-03-13 04:30:00,210.32,210.09,209.92,2.62,2.4,3.1,0.235,0.084
MTR0001,2024-03-13 04:45:00,210.32,210.09,209.92,2.62,2.4,3.1,0.235,0.084
MTR0001,2024-03-13 05:00:00,217.07,219.27,217.13,1.79,3.71,2.63,0.227,0.141
MTR0001,2024-03-13 05:15:00,217.07,219.27,217.13,1.79,3.71,2.63,0.227,0.141
MTR0001,2024-03-13 05:30:00,217.07,219.27,217.13,1.79,3.71,2.63,0.227,0.141
MTR0001,2024-03-13 05:45:00,217.07,219.27,217.13,1.79,3.71,2.63,0.227,0.141
MTR0001,2024-03-13 06:00:00,226.14,227.7,228.69,5.37,4.87,5.71,0.437,0.197
MTR0001,2024-03-13 06:15:00,226.14,227.7,228.69,5.37,4.87,5.71,0.437,0.197
MTR0001,2024-03-13 06:30:00,226.14,227.7,228.69,5.37,4.87,5.71,0.437,0.197
MTR0001,2024-03-13 06:45:00,226.14,227.7,228.69,5.37,4.87,5.71,0.437,0.197
MTR0001,2024-03-13 07:00:00,228.59,228.63,231.26,5.5,2.99,8.31,0.497,0.283
MTR0001,2024-03-13 07:15:00,228.59,228.63,231.26,5.5,2.99,8.31,0.497,0.283
MTR0001,2024-03-13 07:30:00,228.59,228.63,231.26,5.5,2.99,8.31,0.497,0.283
MTR0001,2024-03-13 07:45:00,228.59,228.63,231.26,5.5,2.99,8.31,0.497,0.283
MTR0001,2024-03-13 08:00:00,220.04,221.39,220.74,6.79,5.98,5.55,0.536,0.224
MTR0001,2024-03-13 08:15:00,220.04,221.39,220.74,6.79,5.98,5.55,0.536,0.224
MTR0001,2024-03-13 08:30:00,220.04,221.39,220.74,6.79,5.98,5.55,0.536,0.224
MTR0001,2024-03-13 08:45:00,220.04,221.39,220.74,6.79,5.98,5.55,0.536,0.224
MTR0001,2024-03-13 09:00:00,222.53,220.28,222.94,6.28,3.45,9.49,0.553,0.223
MTR0001,2024-03-13 09:15:00,222.53,220.28,222.94,6.28,3.45,9.49,0.553,0.223
MTR0001,2024-03-13 09:30:00,222.53,220.28,222.94,6.28,3.45,9.49,0.553,0.223
MTR0001,2024-03-13 09:45:00,222.53,220.28,222.94,6.28,3.45,9.49,0.553,0.223
MTR0001,2024-03-13 10:00:00,218.09,216.07,215.28,6.28,5.24,8.58,0.568,0.204
MTR0001,2024-03-13 10:15:00,218.09,216.07,215.28,6.28,5.24,8.58,0.568,0.204
MTR0001,2024-03-13 10:30:00,218.09,216.07,215.28,6.28,5.24,8.58,0.568,0.204
MTR0001,2024-03-13 10:45:00,218.09,216.07,215.28,6.28,5.24,8.58,0.568,0.204
MTR0001,2024-03-13 11:00:00,211.59,213.73,214.72,7.4,6.76,6.41,0.538,0.252
MTR0001,2024-03-13 11:15:00,211.59,213.73,214.72,7.4,6.76,6.41,0.538,0.252
MTR0001,2024-03-13 11:30:00,211.59,213.73,214.72,7.4,6.76,6.41,0.538,0.252
MTR0001,2024-03-13 11:45:00,211.59,213.73,214.72,7.4,6.76,6.41,0.538,0.252
MTR0001,2024-03-13 12:00:00,224.19,224.34,226.29,6.71,6.74,7.08,0.622,0.246
MTR0001,2024-03-13 12:15:00,224.19,224.34,226.29,6.71,6.74,7.08,0.622,0.246
MTR0001,2024-03-13 12:30:00,224.19,224.34,226.29,6.71,6.74,7.08,0.622,0.246
MTR0001,2024-03-13 12:45:00,224.19,224.34,226.29,6.71,6.74,7.08,0.622,0.246
MTR0001,2024-03-13 13:00:00,230.07,232.74,231.24,9.51,6.53,4.17,0.61,0.305
MTR0001,2024-03-13 13:15:00,230.07,232.74,231.24,9.51,6.53,4.17,0.61,0.305
MTR0001,2024-03-13 13:30:00,230.07,232.74,231.24,9.51,6.53,4.17,0.61,0.305
MTR0001,2024-03-13 13:45:00,230.07,232.74,231.24,9.51,6.53,4.17,0.61,0.305
MTR0001,2024-03-13 14:00:00,230.49,228.49,230.22,6.41,5.62,7.97,0.581,0.34
MTR0001,2024-03-13 14:15:00,230.49,228.49,230.22,6.41,5.62,7.97,0.581,0.34
MTR0001,2024-03-13 14:30:00,230.49,228.49,230.22,6.41,5.62,7.97,0.581,0.34
MTR0001,2024-03-13 14:45:00,230.49,228.49,230.22,6.41,5.62,7.97,0.581,0.34
MTR0001,2024-03-13 15:00:00,214.91,215.06,217.75,4.94,7.89,6.59,0.494,0.291
MTR0001,2024-03-13 15:15:00,214.91,215.06,217.75,4.94,7.89,6.59,0.494,0.291
MTR0001,2024-03-13 15:30:00,214.91,215.06,217.75,4.94,7.89,6.59,0.494,0.291
MTR0001,2024-03-13 15:45:00,214.91,215.06,217.75,4.94,7.89,6.59,0.494,0.291
MTR0001,2024-03-13 16:00:00,219.7,220.24,222.14,6.18,3.75,8.68,0.533,0.226
MTR0001,2024-03-13 16:15:00,219.7,220.24,222.14,6.18,3.75,8.68,0.533,0.226
MTR0001,2024-03-13 16:30:00,219.7,220.24,222.14,6.18,3.75,8.68,0.533,0.226
MTR0001,2024-03-13 16:45:00,219.7,220.24,222.14,6.18,3.75,8.68,0.533,0.226
MTR0001,2024-03-13 17:00:00,224.35,222.01,220.01,8.54,5.61,3.07,0.501,0.236
MTR0001,2024-03-13 17:15:00,224.35,222.01,220.01,8.54,5.61,3.07,0.501,0.236
MTR0001,2024-03-13 17:30:00,224.35,222.01,220.01,8.54,5.61,3.07,0.501,0.236
MTR0001,2024-03-13 17:45:00,224.35,222.01,220.01,8.54,5.61,3.07,0.501,0.236
MTR0001,2024-03-13 18:00:00,206.54,209.76,208.6,7.61,5.17,2.85,0.4,0.18
MTR0001,2024-03-13 18:15:00,206.54,209.76,208.6,7.61,5.17,2.85,0.4,0.18
MTR0001,2024-03-13 18:30:00,206.54,209.76,208.6,7.61,5.17,2.85,0.4,0.18
MTR0001,2024-03-13 18:45:00,206.54,209.76,208.6,7.61,5.17,2.85,0.4,0.18
MTR0001,2024-03-13 19:00:00,223.75,223.95,225.02,5.44,4.92,4.14,0.39,0.209
MTR0001,2024-03-13 19:15:00,223.75,223.95,225.02,5.44,4.92,4.14,0.39,0.209
MTR0001,2024-03-13 19:30:00,223.75,223.95,225.02,5.44,4.92,4.14,0.39,0.209
MTR0001,2024-03-13 19:45:00,223.75,223.95,225.02,5.44,4.92,4.14,0.39,0.209
MTR0001,2024-03-13 20:00:00,217.58,217.73,218.8,6.2,4.51,2.71,0.385,0.23
MTR0001,2024-03-13 20:15:00,217.58,217.73,218.8,6.2,4.51,2.71,0.385,0.23
MTR0001,2024-03-13 20:30:00,217.58,217.73,218.8,6.2,4.51,2.71,0.385,0.23
MTR0001,2024-03-13 20:45:00,217.58,217.73,218.8,6.2,4.51,2.71,0.385,0.23
MTR0001,2024-03-13 21:00:00,229.48,231.45,232.92,3.96,3.03,5.71,0.437,0.145
MTR0001,2024-03-13 21:15:00,229.48,231.45,232.92,3.96,3.03,5.71,0.437,0.145
MTR0001,2024-03-13 21:30:00,229.48,231.45,232.92,3.96,3.03,5.71,0.437,0.145
MTR0001,2024-03-13 21:45:00,229.48,231.45,232.92,3.96,3.03,5.71,0.437,0.145
MTR0001,2024-03-13 22:00:00,229.1,229.37,229.05,3.02,4.78,4.1,0.353,0.194
MTR0001,2024-03-13 22:15:00,229.1,229.37,229.05,3.02,4.78,4.1,0.353,0.194
MTR0001,2024-03-13 22:30:00,229.1,229.37,229.05,3.02,4.78,4.1,0.353,0.194
MTR0001,2024-03-13 22:45:00,229.1,229.37,229.05,3.02,4.78,4.1,0.353,0.194
MTR0001,2024-03-13 23:00:00,215.51,213.44,214.79,3.59,2.02,5.43,0.309,0.163
MTR0001,2024-03-13 23:15:00,215.51,213.44,214.79,3.59,2.02,5.43,0.309,0.163
MTR0001,2024-03-13 23:30:00,215.51,213.44,214.79,3.59,2.02,5.43,0.309,0.163
MTR0001,2024-03-13 23:45:00,215.51,213.44,214.79,3.59,2.02,5.43,0.309,0.163
MTR0001,2024-03-14 00:00:00,222.47,221.7,221.42,2.44,2.3,3.15,0.206,0.134
MTR0001,2024-03-14 00:15:00,222.47,221.7,221.42,2.44,2.3,3.15,0.206,0.134
MTR0001,2024-03-14 00:30:00,222.47,221.7,221.42,2.44,2.3,3.15,0.206,0.134
MTR0001,2024-03-14 00:45:00,222.47,221.7,221.42,2.44,2.3,3.15,0.206,0.134
MTR0001,2024-03-14 01:00:00,229.14,228.38,226.92,2.67,1.91,3.64,0.262,0.097
MTR0001,2024-03-14 01:15:00,229.14,228.38,226.92,2.67,1.91,3.64,0.262,0.097
MTR0001,2024-03-14 01:30:00,229.14,228.38,226.92,2.67,1.91,3.64,0.262,0.097
MTR0001,2024-03-14 01:45:00,229.14,228.38,226.92,2.67,1.91,3.64,0.262,0.097
MTR0001,2024-03-14 02:00:00,227.69,229.07,229.11,2.54,1.81,3.07,0.211,0.121
MTR0001,2024-03-14 02:15:00,227.69,229.07,229.11,2.54,1.81,3.07,0.211,0.121
MTR0001,2024-03-14 02:30:00,227.69,229.07,229.11,2.54,1.81,3.07,0.211,0.121
MTR0001,2024-03-14 02:45:00,227.69,229.07,229.11,2.54,1.81,3.07,0.211,0.121
MTR0001,2024-03-14 03:00:00,211.97,212.3,212.97,3.17,2.8,2.51,0.194,0.136
MTR0001,2024-03-14 03:15:00,211.97,212.3,212.97,3.17,2.8,2.51,0.194,0.136
MTR0001,2024-03-14 03:30:00,211.97,212.3,212.97,3.17,2.8,2.51,0.194,0.136
MTR0001,2024-03-14 03:45:00,211.97,212.3,212.97,3.17,2.8,2.51,0.194,0.136
MTR0001,2024-03-14 04:00:00,218.86,220.13,219.99,2.51,1.87,3.45,0.211,0.117
MTR0001,2024-03-14 04:15:00,218.86,220.13,219.99,2.51,1.87,3.45,0.211,0.117
MTR0001,2024-03-14 04:30:00,218.86,220.13,219.99,2.51,1.87,3.45,0.211,0.117
MTR0001,2024-03-14 04:45:00,218.86,220.13,219.99,2.51,1.87,3.45,0.211,0.117
MTR0001,2024-03-14 05:00:00,231.03,229.81,230.06,3.77,2.66,1.26,0.249,0.098
MTR0001,2024-03-14 05:15:00,231.03,229.81,230.06,3.77,2.66,1.26,0.249,0.098
MTR0001,2024-03-14 05:30:00,231.03,229.81,230.06,3.77,2.66,1.26,0.249,0.098
MTR0001,2024-03-14 05:45:00,231.03,229.81,230.06,3.77,2.66,1.26,0.249,0.098
MTR0001,2024-03-14 06:00:00,227.59,230.86,231.44,7.77,5.11,2.85,0.458,0.252
MTR0001,2024-03-14 06:15:00,227.59,230.86,231.44,7.77,5.11,2.85,0.458,0.252
MTR0001,2024-03-14 06:30:00,227.59,230.86,231.44,7.77,5.11,2.85,0.458,0.252
MTR0001,2024-03-14 06:45:00,227.59,230.86,231.44,7.77,5.11,2.85,0.458,0.252
MTR0001,2024-03-14 07:00:00,218.44,221.0,225.63,6.15,5.54,5.5,0.524,0.207
MTR0001,2024-03-14 07:15:00,218.44,221.0,225.63,6.15,5.54,5.5,0.524,0.207
MTR0001,2024-03-14 07:30:00,218.44,221.0,225.63,6.15,5.54,5.5,0.524,0.207
MTR0001,2024-03-14 07:45:00,218.44,221.0,225.63,6.15,5.54,5.5,0.524,0.207
MTR0001,2024-03-14 08:00:00,222.64,225.41,222.69,7.64,5.81,4.59,0.538,0.263
MTR0001,2024-03-14 08:15:00,222.64,225.41,222.69,7.64,5.81,4.59,0.538,0.263
MTR0001,2024-03-14 08:30:00,222.64,225.41,222.69,7.64,5.81,4.59,0.538,0.263
MTR0001,2024-03-14 08:45:00,222.64,225.41,222.69,7.64,5.81,4.59,0.538,0.263
MTR0001,2024-03-14 09:00:00,234.12,232.51,233.86,7.92,6.08,5.09,0.576,0.3
MTR0001,2024-03-14 09:15:00,234.12,232.51,233.86,7.92,6.08,5.09,0.576,0.3
MTR0001,2024-03-14 09:30:00,234.12,232.51,233.86,7.92,6.08,5.09,0.576,0.3
MTR0001,2024-03-14 09:45:00,234.12,232.51,233.86,7.92,6.08,5.09,0.576,0.3
MTR0001,2024-03-14 10:00:00,213.29,211.23,213.08,4.91,8.71,6.86,0.572,0.329
MTR0001,2024-03-14 10:15:00,213.29,211.23,213.08,4.91,8.71,6.86,0.572,0.329
MTR0001,2024-03-14 10:30:00,213.29,211.23,213.08,4.91,8.71,6.86,0.572,0.329
MTR0001,2024-03-14 10:45:00,213.29,211.23,213.08,4.91,8.71,6.86,0.572,0.329
MTR0001,2024-03-14 11:00:00,216.91,221.73,221.68,3.32,9.99,6.99,0.59,0.336
MTR0001,2024-03-14 11:15:00,216.91,221.73,221.68,3.32,9.99,6.99,0.59,0.336
MTR0001,2024-03-14 11:30:00,216.91,221.73,221.68,3.32,9.99,6.99,0.59,0.336
MTR0001,2024-03-14 11:45:00,216.91,221.73,221.68,3.32,9.99,6.99,0.59,0.336
MTR0001,2024-03-14 12:00:00,216.51,221.5,222.33,6.9,6.83,6.66,0.582,0.266
MTR0001,2024-03-14 12:15:00,216.51,221.5,222.33,6.9,6.83,6.66,0.582,0.266
MTR0001,2024-03-14 12:30:00,216.51,221.5,222.33,6.9,6.83,6.66,0.582,0.266
MTR0001,2024-03-14 12:45:00,216.51,221.5,222.33,6.9,6.83,6.66,0.582,0.266
MTR0001,2024-03-14 13:00:00,224.82,223.99,222.69,5.27,8.64,7.06,0.648,0.263
MTR0001,2024-03-14 13:15:00,224.82,223.99,222.69,5.27,8.64,7.06,0.648,0.263
MTR0001,2024-03-14 13:30:00,224.82,223.99,222.69,5.27,8.64,7.06,0.648,0.263
MTR0001,2024-03-14 13:45:00,224.82,223.99,222.69,5.27,8.64,7.06,0.648,0.263
MTR0001,2024-03-14 14:00:00,210.77,214.3,214.15,6.66,5.17,8.35,0.544,0.265
MTR0001,2024-03-14 14:15:00,210.77,214.3,214.15,6.66,5.17,8.35,0.544,0.265
MTR0001,2024-03-14 14:30:00,210.77,214.3,214.15,6.66,5.17,8.35,0.544,0.265
MTR0001,2024-03-14 14:45:00,210.77,214.3,214.15,6.66,5.17,8.35,0.544,0.265
MTR0001,2024-03-14 15:00:00,215.9,216.36,217.52,5.99,6.48,6.87,0.529,0.286
MTR0001,2024-03-14 15:15:00,215.9,216.36,217.52,5.99,6.48,6.87,0.529,0.286
MTR0001,2024-03-14 15:30:00,215.9,216.36,217.52,5.99,6.48,6.87,0.529,0.286
MTR0001,2024-03-14 15:45:00,215.9,216.36,217.52,5.99,6.48,6.87,0.529,0.286
MTR0001,2024-03-14 16:00:00,231.26,233.69,232.72,5.91,3.56,8.58,0.57,0.279
MTR0001,2024-03-14 16:15:00,231.26,233.69,232.72,5.91,3.56,8.58,0.57,0.279
MTR0001,2024-03-14 16:30:00,231.26,233.69,232.72,5.91,3.56,8.58,0.57,0.279
MTR0001,2024-03-14 16:45:00,231.26,233.69,232.72,5.91,3.56,8.58,0.57,0.279
MTR0001,2024-03-14 17:00:00,211.44,212.45,215.36,6.54,5.65,4.93,0.463,0.223
MTR0001,2024-03-14 17:15:00,211.44,212.45,215.36,6.54,5.65,4.93,0.463,0.223
MTR0001,2024-03-14 17:30:00,211.44,212.45,215.36,6.54,5.65,4.93,0.463,0.223
MTR0001,2024-03-14 17:45:00,211.44,212.45,215.36,6.54,5.65,4.93,0.463,0.223
MTR0001,2024-03-14 18:00:00,214.96,215.49,216.5,5.04,3.66,7.13,0.445,0.19
MTR0001,2024-03-14 18:15:00,214.96,215.49,216.5,5.04,3.66,7.13,0.445,0.19
MTR0001,2024-03-14 18:30:00,214.96,215.49,216.5,5.04,3.66,7.13,0.445,0.19
MTR0001,2024-03-14 18:45:00,214.96,215.49,216.5,5.04,3.66,7.13,0.445,0.19
MTR0001,2024-03-14 19:00:00,224.84,223.3,223.89,4.48,4.96,5.13,0.467,0.173
MTR0001,2024-03-14 19:15:00,224.84,223.3,223.89,4.48,4.96,5.13,0.467,0.173
MTR0001,2024-03-14 19:30:00,224.84,223.3,223.89,4.48,4.96,5.13,0.467,0.173
MTR0001,2024-03-14 19:45:00,224.84,223.3,223.89,4.48,4.96,5.13,0.467,0.173
MTR0001,2024-03-14 20:00:00,228.93,228.29,228.18,4.48,4.53,4.42,0.39,0.207
MTR0001,2024-03-14 20:15:00,228.93,228.29,228.18,4.48,4.53,4.42,0.39,0.207
MTR0001,2024-03-14 20:30:00,228.93,228.29,228.18,4.48,4.53,4.42,0.39,0.207
MTR0001,2024-03-14 20:45:00,228.93,228.29,228.18,4.48,4.53,4.42,0.39,0.207
MTR0001,2024-03-14 21:00:00,229.91,231.64,230.22,4.51,3.93,3.51,0.394,0.164
MTR0001,2024-03-14 21:15:00,229.91,231.64,230.22,4.51,3.93,3.51,0.394,0.164
MTR0001,2024-03-14 21:30:00,229.91,231.64,230.22,4.51,3.93,3.51,0.394,0.164
MTR0001,2024-03-14 21:45:00,229.91,231.64,230.22,4.51,3.93,3.51,0.394,0.164
MTR0001,2024-03-14 22:00:00,227.49,228.15,227.09,2.76,4.99,4.05,0.35,0.16
MTR0001,2024-03-14 22:15:00,227.49,228.15,227.09,2.76,4.99,4.05,0.35,0.16
MTR0001,2024-03-14 22:30:00,227.49,228.15,227.09,2.76,4.99,4.05,0.35,0.16
MTR0001,2024-03-14 22:45:00,227.49,228.15,227.09,2.76,4.99,4.05,0.35,0.16
MTR0001,2024-03-14 23:00:00,225.22,228.1,226.84,2.38,5.05,3.62,0.353,0.196
MTR0001,2024-03-14 23:15:00,225.22,228.1,226.84,2.38,5.05,3.62,0.353,0.196
MTR0001,2024-03-14 23:30:00,225.22,228.1,226.84,2.38,5.05,3.62,0.353,0.196
MTR0001,2024-03-14 23:45:00,225.22,228.1,226.84,2.38,5.05,3.62,0.353,0.196
MTR0001,2024-03-15 00:00:00,226.12,226.78,228.57,2.98,1.44,4.15,0.208,0.126
MTR0001,2024-03-15 00:15:00,226.12,226.78,228.57,2.98,1.44,4.15,0.208,0.126
MTR0001,2024-03-15 00:30:00,226.12,226.78,228.57,2.98,1.44,4.15,0.208,0.126
MTR0001,2024-03-15 00:45:00,226.12,226.78,228.57,2.98,1.44,4.15,0.208,0.126
MTR0001,2024-03-15 01:00:00,214.86,215.8,215.77,2.8,2.43,2.53,0.198,0.097
MTR0001,2024-03-15 01:15:00,214.86,215.8,215.77,2.8,2.43,2.53,0.198,0.097
MTR0001,2024-03-15 01:30:00,214.86,215.8,215.77,2.8,2.43,2.53,0.198,0.097
MTR0001,2024-03-15 01:45:00,214.86,215.8,215.77,2.8,2.43,2.53,0.198,0.097
MTR0001,2024-03-15 02:00:00,226.95,227.18,225.53,3.77,2.75,1.42,0.236,0.082
MTR0001,2024-03-15 02:15:00,226.95,227.18,225.53,3.77,2.75,1.42,0.236,0.082
MTR0001,2024-03-15 02:30:00,226.95,227.18,225.53,3.77,2.75,1.42,0.236,0.082
MTR0001,2024-03-15 02:45:00,226.95,227.18,225.53,3.77,2.75,1.42,0.236,0.082
MTR0001,2024-03-15 03:00:00,223.03,223.43,225.17,2.45,2.98,2.75,0.258,0.135
MTR0001,2024-03-15 03:15:00,223.03,223.43,225.17,2.45,2.98,2.75,0.258,0.135
MTR0001,2024-03-15 03:30:00,223.03,223.43,225.17,2.45,2.98,2.75,0.258,0.135
MTR0001,2024-03-15 03:45:00,223.03,223.43,225.17,2.45,2.98,2.75,0.258,0.135
MTR0001,2024-03-15 04:00:00,231.31,231.54,232.09,1.85,3.49,2.76,0.236,0.113
MTR0001,2024-03-15 04:15:00,231.31,231.54,232.09,1.85,3.49,2.76,0.236,0.113
MTR0001,2024-03-15 04:30:00,231.31,231.54,232.09,1.85,3.49,2.76,0.236,0.113
MTR0001,2024-03-15 04:45:00,231.31,231.54,232.09,1.85,3.49,2.76,0.236,0.113
MTR0001,2024-03-15 05:00:00,220.31,218.63,219.19,2.98,2.71,2.26,0.229,0.114
MTR0001,2024-03-15 05:15:00,220.31,218.63,219.19,2.98,2.71,2.26,0.229,0.114
MTR0001,2024-03-15 05:30:00,220.31,218.63,219.19,2.98,2.71,2.26,0.229,0.114
MTR0001,2024-03-15 05:45:00,220.31,218.63,219.19,2.98,2.71,2.26,0.229,0.114
MTR0001,2024-03-15 06:00:00,220.76,220.38,220.31,6.96,5.18,3.66,0.492,0.165
MTR0001,2024-03-15 06:15:00,220.76,220.38,220.31,6.96,5.18,3.66,0.492,0.165
MTR0001,2024-03-15 06:30:00,220.76,220.38,220.31,6.96,5.18,3.66,0.492,0.165
MTR0001,2024-03-15 06:45:00,220.76,220.38,220.31,6.96,5.18,3.66,0.492,0.165
MTR0001,2024-03-15 07:00:00,220.1,220.46,217.18,4.04,7.19,5.93,0.538,0.179
MTR0001,2024-03-15 07:15:00,220.1,220.46,217.18,4.04,7.19,5.93,0.538,0.179
MTR0001,2024-03-15 07:30:00,220.1,220.46,217.18,4.04,7.19,5.93,0.538,0.179
MTR0001,2024-03-15 07:45:00,220.1,220.46,217.18,4.04,7.19,5.93,0.538,0.179
MTR0001,2024-03-15 08:00:00,226.21,224.32,225.22,6.12,3.47,8.73,0.458,0.306
MTR0001,2024-03-15 08:15:00,226.21,224.32,225.22,6.12,3.47,8.73,0.458,0.306
MTR0001,2024-03-15 08:30:00,226.21,224.32,225.22,6.12,3.47,8.73,0.458,0.306
MTR0001,2024-03-15 08:45:00,226.21,224.32,225.22,6.12,3.47,8.73,0.458,0.306
MTR0001,2024-03-15 09:00:00,212.26,213.82,214.92,7.16,6.17,5.36,0.528,0.241
MTR0001,2024-03-15 09:15:00,212.26,213.82,214.92,7.16,6.17,5.36,0.528,0.241
MTR0001,2024-03-15 09:30:00,212.26,213.82,214.92,7.16,6.17,5.36,0.528,0.241
MTR0001,2024-03-15 09:45:00,212.26,213.82,214.92,7.16,6.17,5.36,0.528,0.241
MTR0001,2024-03-15 10:00:00,233.11,231.49,231.62,8.14,6.5,5.11,0.61,0.23
MTR0001,2024-03-15 10:15:00,233.11,231.49,231.62,8.14,6.5,5.11,0.61,0.23
MTR0001,2024-03-15 10:30:00,233.11,231.49,231.62,8.14,6.5,5.11,0.61,0.23
MTR0001,2024-03-15 10:45:00,233.11,231.49,231.62,8.14,6.5,5.11,0.61,0.23
MTR0001,2024-03-15 11:00:00,229.19,229.65,229.84,6.69,6.58,7.24,0.591,0.249
MTR0001,2024-03-15 11:15:00,229.19,229.65,229.84,6.69,6.58,7.24,0.591,0.249
MTR0001,2024-03-15 11:30:00,229.19,229.65,229.84,6.69,6.58,7.24,0.591,0.249
MTR0001,2024-03-15 11:45:00,229.19,229.65,229.84,6.69,6.58,7.24,0.591,0.249
MTR0001,2024-03-15 12:00:00,232.28,230.6,233.36,6.74,4.79,9.11,0.58,0.362
MTR0001,2024-03-15 12:15:00,232.28,230.6,233.36,6.74,4.79,9.11,0.58,0.362
MTR0001,2024-03-15 12:30:00,232.28,230.6,233.36,6.74,4.79,9.11,0.58,0.362
MTR0001,2024-03-15 12:45:00,232.28,230.6,233.36,6.74,4.79,9.11,0.58,0.362
MTR0001,2024-03-15 13:00:00,220.35,220.8,221.77,5.66,7.92,7.05,0.615,0.288
MTR0001,2024-03-15 13:15:00,220.35,220.8,221.77,5.66,7.92,7.05,0.615,0.288
MTR0001,2024-03-15 13:30:00,220.35,220.8,221.77,5.66,7.92,7.05,0.615,0.288
MTR0001,2024-03-15 13:45:00,220.35,220.8,221.77,5.66,7.92,7.05,0.615,0.288
MTR0001,2024-03-15 14:00:00,217.59,218.38,220.86,8.46,6.09,5.03,0.575,0.247
MTR0001,2024-03-15 14:15:00,217.59,218.38,220.86,8.46,6.09,5.03,0.575,0.247
MTR0001,2024-03-15 14:30:00,217.59,218.38,220.86,8.46,6.09,5.03,0.575,0.247
MTR0001,2024-03-15 14:45:00,217.59,218.38,220.86,8.46,6.09,5.03,0.575,0.247
MTR0001,2024-03-15 15:00:00,222.32,224.6,223.54,6.37,3.19,9.74,0.568,0.264
MTR0001,2024-03-15 15:15:00,222.32,224.6,223.54,6.37,3.19,9.74,0.568,0.264
MTR0001,2024-03-15 15:30:00,222.32,224.6,223.54,6.37,3.19,9.74,0.568,0.264
MTR0001,2024-03-15 15:45:00,222.32,224.6,223.54,6.37,3.19,9.74,0.568,0.264
MTR0001,2024-03-15 16:00:00,230.19,229.07,228.69,3.63,8.56,6.25,0.534,0.311
MTR0001,2024-03-15 16:15:00,230.19,229.07,228.69,3.63,8.56,6.25,0.534,0.311
MTR0001,2024-03-15 16:30:00,230.19,229.07,228.69,3.63,8.56,6.25,0.534,0.311
MTR0001,2024-03-15 16:45:00,230.19,229.07,228.69,3.63,8.56,6.25,0.534,0.311
MTR0001,2024-03-15 17:00:00,228.48,232.21,230.06,6.32,5.6,4.87,0.534,0.194
MTR0001,2024-03-15 17:15:00,228.48,232.21,230.06,6.32,5.6,4.87,0.534,0.194
MTR0001,2024-03-15 17:30:00,228.48,232.21,230.06,6.32,5.6,4.87,0.534,0.194
MTR0001,2024-03-15 17:45:00,228.48,232.21,230.06,6.32,5.6,4.87,0.534,0.194
MTR0001,2024-03-15 18:00:00,217.37,215.62,217.13,5.17,4.67,6.16,0.464,0.202
MTR0001,2024-03-15 18:15:00,217.37,215.62,217.13,5.17,4.67,6.16,0.464,0.202
MTR0001,2024-03-15 18:30:00,217.37,215.62,217.13,5.17,4.67,6.16,0.464,0.202
MTR0001,2024-03-15 18:45:00,217.37,215.62,217.13,5.17,4.67,6.16,0.464,0.202
MTR0001,2024-03-15 19:00:00,224.41,224.83,223.28,3.12,6.51,5.05,0.388,0.25
MTR0001,2024-03-15 19:15:00,224.41,224.83,223.28,3.12,6.51,5.05,0.388,0.25
MTR0001,2024-03-15 19:30:00,224.41,224.83,223.28,3.12,6.51,5.05,0.388,0.25
MTR0001,2024-03-15 19:45:00,224.41,224.83,223.28,3.12,6.51,5.05,0.388,0.25
MTR0001,2024-03-15 20:00:00,217.78,217.09,216.91,4.48,3.68,5.48,0.417,0.163
MTR0001,2024-03-15 20:15:00,217.78,217.09,216.91,4.48,3.68,5.48,0.417,0.163
MTR0001,2024-03-15 20:30:00,217.78,217.09,216.91,4.48,3.68,5.48,0.417,0.163
MTR0001,2024-03-15 20:45:00,217.78,217.09,216.91,4.48,3.68,5.48,0.417,0.163
MTR0001,2024-03-15 21:00:00,214.62,216.01,215.23,2.28,5.75,4.34,0.323,0.128
MTR0001,2024-03-15 21:15:00,214.62,216.01,215.23,2.28,5.75,4.34,0.323,0.128
MTR0001,2024-03-15 21:30:00,214.62,216.01,215.23,2.28,5.75,4.34,0.323,0.128
MTR0001,2024-03-15 21:45:00,214.62,216.01,215.23,2.28,5.75,4.34,0.323,0.128
MTR0001,2024-03-15 22:00:00,213.79,213.87,210.94,2.05,5.67,4.09,0.342,0.158
MTR0001,2024-03-15 22:15:00,213.79,213.87,210.94,2.05,5.67,4.09,0.342,0.158
MTR0001,2024-03-15 22:30:00,213.79,213.87,210.94,2.05,5.67,4.09,0.342,0.158
MTR0001,2024-03-15 22:45:00,213.79,213.87,210.94,2.05,5.67,4.09,0.342,0.158
MTR0001,2024-03-15 23:00:00,228.84,229.72,229.6,3.62,2.28,5.18,0.315,0.144
MTR0001,2024-03-15 23:15:00,228.84,229.72,229.6,3.62,2.28,5.18,0.315,0.144
MTR0001,2024-03-15 23:30:00,228.84,229.72,229.6,3.62,2.28,5.18,0.315,0.144
MTR0001,2024-03-15 23:45:00,228.84,229.72,229.6,3.62,2.28,5.18,0.315,0.144
MTR0001,2024-03-16 00:00:00,230.6,232.9,232.49,1.12,1.88,1.77,0.137,0.083
MTR0001,2024-03-16 00:15:00,230.6,232.9,232.49,1.39,2.27,2.11,0.166,0.098
MTR0001,2024-03-16 00:30:00,230.6,232.9,232.49,1.39,2.27,2.11,0.166,0.098
MTR0001,2024-03-16 00:45:00,230.6,232.9,232.49,1.39,2.27,2.11,0.166,0.098
MTR0001,2024-03-16 01:00:00,228.75,227.74,232.75,2.81,1.98,1.22,0.166,0.098
MTR0001,2024-03-16 01:15:00,228.75,227.74,232.75,2.46,1.74,1.09,0.146,0.086
MTR0001,2024-03-16 01:30:00,228.75,227.74,232.75,2.46,1.74,1.09,0.146,0.086
MTR0001,2024-03-16 01:45:00,228.75,227.74,232.75,2.46,1.74,1.09,0.146,0.086
MTR0001,2024-03-16 02:00:00,218.26,219.83,218.63,1.63,1.31,2.69,0.175,0.061
MTR0001,2024-03-16 02:15:00,218.26,219.83,218.63,1.64,1.32,2.71,0.176,0.061
MTR0001,2024-03-16 02:30:00,218.26,219.83,218.63,1.64,1.32,2.71,0.176,0.061
MTR0001,2024-03-16 02:45:00,218.26,219.83,218.63,1.64,1.32,2.71,0.176,0.061
MTR0001,2024-03-16 03:00:00,226.52,225.63,224.51,2.05,1.48,2.14,0.164,0.064
MTR0001,2024-03-16 03:15:00,226.52,225.63,224.51,2.02,1.46,2.1,0.161,0.063
MTR0001,2024-03-16 03:30:00,226.52,225.63,224.51,2.02,1.46,2.1,0.161,0.063
MTR0001,2024-03-16 03:45:00,226.52,225.63,224.51,2.02,1.46,2.1,0.161,0.063
MTR0001,2024-03-16 04:00:00,225.1,228.53,228.84,1.83,1.49,1.66,0.124,0.077
MTR0001,2024-03-16 04:15:00,225.1,228.53,228.84,1.8,1.46,1.63,0.121,0.075
MTR0001,2024-03-16 04:30:00,225.1,228.53,228.84,1.8,1.46,1.63,0.121,0.075
MTR0001,2024-03-16 04:45:00,225.1,228.53,228.84,1.8,1.46,1.63,0.121,0.075
MTR0001,2024-03-16 05:00:00,224.79,226.07,224.64,1.84,2.0,1.59,0.142,0.08
MTR0001,2024-03-16 05:15:00,224.79,226.07,224.64,1.89,2.06,1.65,0.147,0.083
MTR0001,2024-03-16 05:30:00,224.79,226.07,224.64,1.89,2.06,1.65,0.147,0.083
MTR0001,2024-03-16 05:45:00,224.79,226.07,224.64,1.89,2.06,1.65,0.147,0.083
MTR0001,2024-03-16 06:00:00,214.51,215.79,211.45,3.52,2.64,4.8,0.305,0.122
MTR0001,2024-03-16 06:15:00,214.51,215.79,211.45,4.01,2.99,5.44,0.348,0.139
MTR0001,2024-03-16 06:30:00,214.51,215.79,211.45,4.01,2.99,5.44,0.348,0.139
MTR0001,2024-03-16 06:45:00,214.51,215.79,211.45,4.01,2.99,5.44,0.348,0.139
MTR0001,2024-03-16 07:00:00,211.76,210.14,210.99,4.47,3.79,5.11,0.389,0.16
MTR0001,2024-03-16 07:15:00,211.76,210.14,210.99,3.77,3.2,4.28,0.329,0.135
MTR0001,2024-03-16 07:30:00,211.76,210.14,210.99,3.77,3.2,4.28,0.329,0.135
MTR0001,2024-03-16 07:45:00,211.76,210.14,210.99,3.77,3.2,4.28,0.329,0.135
MTR0001,2024-03-16 08:00:00,222.29,223.56,223.12,4.13,2.83,5.14,0.358,0.133
MTR0001,2024-03-16 08:15:00,222.29,223.56,223.12,4.93,3.38,6.23,0.432,0.159
MTR0001,2024-03-16 08:30:00,222.29,223.56,223.12,4.93,3.38,6.23,0.432,0.159
MTR0001,2024-03-16 08:45:00,222.29,223.56,223.12,4.93,3.38,6.23,0.432,0.159
MTR0001,2024-03-16 09:00:00,216.3,217.46,217.91,4.93,3.84,6.11,0.427,0.193
MTR0001,2024-03-16 09:15:00,216.3,217.46,217.91,4.27,3.35,5.27,0.371,0.167
MTR0001,2024-03-16 09:30:00,216.3,217.46,217.91,4.27,3.35,5.27,0.371,0.167
MTR0001,2024-03-16 09:45:00,216.3,217.46,217.91,4.27,3.35,5.27,0.371,0.167
MTR0001,2024-03-16 10:00:00,222.25,224.93,224.14,5.22,4.48,3.55,0.371,0.196
MTR0001,2024-03-16 10:15:00,222.25,224.93,224.14,4.75,4.08,3.22,0.336,0.177
MTR0001,2024-03-16 10:30:00,222.25,224.93,224.14,4.75,4.08,3.22,0.336,0.177
MTR0001,2024-03-16 10:45:00,222.25,224.93,224.14,4.75,4.08,3.22,0.336,0.177
MTR0001,2024-03-16 11:00:00,230.11,230.42,231.4,3.94,4.06,4.26,0.397,0.153
MTR0001,2024-03-16 11:15:00,230.11,230.42,231.4,3.95,4.06,4.27,0.397,0.153
MTR0001,2024-03-16 11:30:00,230.11,230.42,231.4,3.95,4.06,4.27,0.397,0.153
MTR0001,2024-03-16 11:45:00,230.11,230.42,231.4,3.95,4.06,4.27,0.397,0.153
MTR0001,2024-03-16 12:00:00,230.45,231.33,232.12,4.43,4.33,4.22,0.363,0.206
MTR0001,2024-03-16 12:15:00,230.45,231.33,232.12,5.26,5.2,5.11,0.439,0.248
MTR0001,2024-03-16 12:30:00,230.45,231.33,232.12,5.26,5.2,5.11,0.439,0.248
MTR0001,2024-03-16 12:45:00,230.45,231.33,232.12,5.26,5.2,5.11,0.439,0.248
MTR0001,2024-03-16 13:00:00,224.82,226.6,226.35,4.94,4.38,5.42,0.464,0.173
MTR0001,2024-03-16 13:15:00,224.82,226.6,226.35,4.64,4.11,5.08,0.436,0.163
MTR0001,2024-03-16 13:30:00,224.82,226.6,226.35,4.64,4.11,5.08,0.436,0.163
MTR0001,2024-03-16 13:45:00,224.82,226.6,226.35,4.64,4.11,5.08,0.436,0.163
MTR0001,2024-03-16 14:00:00,228.8,231.88,230.28,4.7,2.68,6.77,0.414,0.206
MTR0001,2024-03-16 14:15:00,228.8,231.88,230.28,4.6,2.62,6.63,0.405,0.201
MTR0001,2024-03-16 14:30:00,228.8,231.88,230.28,4.6,2.62,6.63,0.405,0.201
MTR0001,2024-03-16 14:45:00,228.8,231.88,230.28,4.6,2.62,6.63,0.405,0.201
MTR0001,2024-03-16 15:00:00,227.03,228.99,228.78,2.48,6.23,4.39,0.38,0.184
MTR0001,2024-03-16 15:15:00,227.03,228.99,228.78,2.75,6.85,4.86,0.421,0.203
MTR0001,2024-03-16 15:30:00,227.03,228.99,228.78,2.75,6.85,4.86,0.421,0.203
MTR0001,2024-03-16 15:45:00,227.03,228.99,228.78,2.75,6.85,4.86,0.421,0.203
MTR0001,2024-03-16 16:00:00,222.76,222.91,221.85,4.86,4.59,4.45,0.395,0.203
MTR0001,2024-03-16 16:15:00,222.76,222.91,221.85,4.09,3.84,3.68,0.329,0.17
MTR0001,2024-03-16 16:30:00,222.76,222.91,221.85,4.09,3.84,3.68,0.329,0.17
MTR0001,2024-03-16 16:45:00,222.76,222.91,221.85,4.09,3.84,3.68,0.329,0.17
MTR0001,2024-03-16 17:00:00,220.04,218.21,218.09,4.07,3.7,3.14,0.288,0.178
MTR0001,2024-03-16 17:15:00,220.04,218.21,218.09,4.33,3.93,3.35,0.307,0.189
MTR0001,2024-03-16 17:30:00,220.04,218.21,218.09,4.33,3.93,3.35,0.307,0.189
MTR0001,2024-03-16 17:45:00,220.04,218.21,218.09,4.33,3.93,3.35,0.307,0.189
MTR0001,2024-03-16 18:00:00,229.69,227.99,232.54,3.56,2.99,3.92,0.31,0.168
MTR0001,2024-03-16 18:15:00,229.69,227.99,232.54,3.54,2.98,3.9,0.309,0.167
MTR0001,2024-03-16 18:30:00,229.69,227.99,232.54,3.54,2.98,3.9,0.309,0.167
MTR0001,2024-03-16 18:45:00,229.69,227.99,232.54,3.54,2.98,3.9,0.309,0.167
MTR0001,2024-03-16 19:00:00,220.99,223.4,221.12,3.9,2.9,2.23,0.252,0.1
MTR0001,2024-03-16 19:15:00,220.99,223.4,221.12,4.39,3.3,2.54,0.288,0.113
MTR0001,2024-03-16 19:30:00,220.99,223.4,221.12,4.39,3.3,2.54,0.288,0.113
MTR0001,2024-03-16 19:45:00,220.99,223.4,221.12,4.39,3.3,2.54,0.288,0.113
MTR0001,2024-03-16 20:00:00,217.51,217.1,215.6,1.6,4.9,3.5,0.299,0.156
MTR0001,2024-03-16 20:15:00,217.51,217.1,215.6,1.58,4.84,3.46,0.296,0.154
MTR0001,2024-03-16 20:30:00,217.51,217.1,215.6,1.58,4.84,3.46,0.296,0.154
MTR0001,2024-03-16 20:45:00,217.51,217.1,215.6,1.58,4.84,3.46,0.296,0.154
MTR0001,2024-03-16 21:00:00,225.06,223.48,221.87,2.99,1.93,4.35,0.258,0.097
MTR0001,2024-03-16 21:15:00,225.06,223.48,221.87,2.7,1.74,3.94,0.231,0.088
MTR0001,2024-03-16 21:30:00,225.06,223.48,221.87,2.7,1.74,3.94,0.231,0.088
MTR0001,2024-03-16 21:45:00,225.06,223.48,221.87,2.7,1.74,3.94,0.231,0.088
MTR0001,2024-03-16 22:00:00,224.61,226.12,222.24,3.29,2.66,2.08,0.221,0.126
MTR0001,2024-03-16 22:15:00,224.61,226.12,222.24,3.11,2.52,1.96,0.209,0.119
MTR0001,2024-03-16 22:30:00,224.61,226.12,222.24,3.11,2.52,1.96,0.209,0.119
MTR0001,2024-03-16 22:45:00,224.61,226.12,222.24,3.11,2.52,1.96,0.209,0.119
MTR0001,2024-03-16 23:00:00,221.0,221.54,220.31,3.03,1.92,1.85,0.23,0.069
MTR0001,2024-03-16 23:15:00,221.0,221.54,220.31,3.72,2.46,2.27,0.279,0.086
MTR0001,2024-03-16 23:30:00,221.0,221.54,220.31,3.72,2.46,2.27,0.279,0.086
MTR0001,2024-03-16 23:45:00,221.0,221.54,220.31,3.72,2.46,2.27,0.279,0.086
MTR0001,2024-03-17 00:00:00,221.62,222.01,222.36,1.77,1.27,1.98,0.156,0.053
MTR0001,2024-03-17 00:15:00,221.62,222.01,222.36,1.37,0.97,1.45,0.119,0.038
MTR0001,2024-03-17 00:30:00,221.62,222.01,222.36,1.37,0.97,1.45,0.119,0.038
MTR0001,2024-03-17 00:45:00,221.62,222.01,222.36,1.37,0.97,1.45,0.119,0.038
MTR0001,2024-03-17 01:00:00,221.51,218.4,222.32,1.56,0.76,0.66,0.087,0.059
MTR0001,2024-03-17 01:15:00,221.51,218.4,222.32,1.69,0.85,0.72,0.095,0.064
MTR0001,2024-03-17 01:30:00,221.51,218.4,222.32,1.69,0.85,0.72,0.095,0.064
MTR0001,2024-03-17 01:45:00,221.51,218.4,222.32,1.69,0.85,0.72,0.095,0.064
MTR0001,2024-03-17 02:00:00,217.15,217.5,218.64,1.46,1.11,0.68,0.11,0.06
MTR0001,2024-03-17 02:15:00,217.15,217.5,218.64,1.5,1.14,0.71,0.113,0.062
MTR0001,2024-03-17 02:30:00,217.15,217.5,218.64,1.5,1.14,0.71,0.113,0.062
MTR0001,2024-03-17 02:45:00,217.15,217.5,218.64,1.5,1.14,0.71,0.113,0.062
MTR0001,2024-03-17 03:00:00,229.41,230.76,231.66,1.01,1.26,1.24,0.123,0.057
MTR0001,2024-03-17 03:15:00,229.41,230.76,231.66,1.32,1.6,1.58,0.152,0.072
MTR0001,2024-03-17 03:30:00,229.41,230.76,231.66,1.32,1.6,1.58,0.152,0.072
MTR0001,2024-03-17 03:45:00,229.41,230.76,231.66,1.32,1.6,1.58,0.152,0.072
MTR0001,2024-03-17 04:00:00,233.37,233.83,232.37,1.43,1.92,1.82,0.157,0.081
MTR0001,2024-03-17 04:15:00,233.37,233.83,232.37,1.43,1.93,1.83,0.158,0.082
MTR0001,2024-03-17 04:30:00,233.37,233.83,232.37,1.43,1.93,1.83,0.158,0.082
MTR0001,2024-03-17 04:45:00,233.37,233.83,232.37,1.43,1.93,1.83,0.158,0.082
MTR0001,2024-03-17 05:00:00,215.6,213.15,215.11,1.7,0.61,2.39,0.124,0.069
MTR0001,2024-03-17 05:15:00,215.6,213.15,215.11,1.36,0.42,1.87,0.095,0.054
MTR0001,2024-03-17 05:30:00,215.6,213.15,215.11,1.36,0.42,1.87,0.095,0.054
MTR0001,2024-03-17 05:45:00,215.6,213.15,215.11,1.36,0.42,1.87,0.095,0.054
MTR0001,2024-03-17 06:00:00,220.54,219.23,217.95,1.67,3.17,2.33,0.174,0.11
MTR0001,2024-03-17 06:15:00,220.54,219.23,217.95,1.86,3.53,2.61,0.196,0.124
MTR0001,2024-03-17 06:30:00,220.54,219.23,217.95,1.86,3.53,2.61,0.196,0.124
MTR0001,2024-03-17 06:45:00,220.54,219.23,217.95,1.86,3.53,2.61,0.196,0.124
MTR0001,2024-03-17 07:00:00,212.02,215.36,215.41,3.05,2.98,2.76,0.237,0.121
MTR0001,2024-03-17 07:15:00,212.02,215.36,215.41,2.86,2.81,2.6,0.223,0.113
MTR0001,2024-03-17 07:30:00,212.02,215.36,215.41,2.86,2.81,2.6,0.223,0.113
MTR0001,2024-03-17 07:45:00,212.02,215.36,215.41,2.86,2.81,2.6,0.223,0.113
MTR0001,2024-03-17 08:00:00,219.11,222.42,219.12,1.98,3.5,3.13,0.225,0.13
MTR0001,2024-03-17 08:15:00,219.11,222.42,219.12,1.91,3.37,3.03,0.217,0.125
MTR0001,2024-03-17 08:30:00,219.11,222.42,219.12,1.91,3.37,3.03,0.217,0.125
MTR0001,2024-03-17 08:45:00,219.11,222.42,219.12,1.91,3.37,3.03,0.217,0.125
MTR0001,2024-03-17 09:00:00,227.96,229.09,232.14,2.71,1.49,4.08,0.246,0.146
MTR0001,2024-03-17 09:15:00,227.96,229.09,232.14,3.1,1.73,4.62,0.279,0.166
MTR0001,2024-03-17 09:30:00,227.96,229.09,232.14,3.1,1.73,4.62,0.279,0.166
MTR0001,2024-03-17 09:45:00,227.96,229.09,232.14,3.1,1.73,4.62,0.279,0.166
MTR0001,2024-03-17 10:00:00,217.79,218.8,218.44,4.71,3.17,2.08,0.347,0.118
MTR0001,2024-03-17 10:15:00,217.79,218.8,218.44,3.63,2.4,1.58,0.279,0.089
MTR0001,2024-03-17 10:30:00,217.79,218.8,218.44,3.63,2.4,1.58,0.279,0.089
MTR0001,2024-03-17 10:45:00,217.79,218.8,218.44,3.63,2.4,1.58,0.279,0.089
MTR0001,2024-03-17 11:00:00,215.96,215.69,213.92,3.14,2.83,2.62,0.227,0.111
MTR0001,2024-03-17 11:15:00,215.96,215.69,213.92,3.47,3.12,2.88,0.252,0.123
MTR0001,2024-03-17 11:30:00,215.96,215.69,213.92,3.47,3.12,2.88,0.252,0.123
MTR0001,2024-03-17 11:45:00,215.96,215.69,213.92,3.47,3.12,2.88,0.252,0.123
MTR0001,2024-03-17 12:00:00,220.39,216.0,217.29,3.26,3.2,3.25,0.267,0.132
MTR0001,2024-03-17 12:15:00,220.39,216.0,217.29,3.76,3.67,3.72,0.308,0.151
MTR0001,2024-03-17 12:30:00,220.39,216.0,217.29,3.76,3.67,3.72,0.308,0.151
MTR0001,2024-03-17 12:45:00,220.39,216.0,217.29,3.76,3.67,3.72,0.308,0.151
MTR0001,2024-03-17 13:00:00,223.15,220.43,220.68,2.63,4.66,3.71,0.282,0.129
MTR0001,2024-03-17 13:15:00,223.15,220.43,220.68,2.99,5.28,4.21,0.326,0.147
MTR0001,2024-03-17 13:30:00,223.15,220.43,220.68,2.99,5.28,4.21,0.326,0.147
MTR0001,2024-03-17 13:45:00,223.15,220.43,220.68,2.99,5.28,4.21,0.326,0.147
MTR0001,2024-03-17 14:00:00,207.75,210.51,213.57,4.87,3.88,3.29,0.343,0.155
MTR0001,2024-03-17 14:15:00,207.75,210.51,213.57,4.9,3.91,3.31,0.345,0.156
MTR0001,2024-03-17 14:30:00,207.75,210.51,213.57,4.9,3.91,3.31,0.345,0.156
MTR0001,2024-03-17 14:45:00,207.75,210.51,213.57,4.9,3.91,3.31,0.345,0.156
MTR0001,2024-03-17 15:00:00,212.13,214.11,213.91,3.87,3.8,3.81,0.314,0.156
MTR0001,2024-03-17 15:15:00,212.13,214.11,213.91,2.95,2.92,2.91,0.239,0.121
MTR0001,2024-03-17 15:30:00,212.13,214.11,213.91,2.95,2.92,2.91,0.239,0.121
MTR0001,2024-03-17 15:45:00,212.13,214.11,213.91,2.95,2.92,2.91,0.239,0.121
MTR0001,2024-03-17 16:00:00,214.76,218.94,216.5,3.73,2.49,1.88,0.245,0.099
MTR0001,2024-03-17 16:15:00,214.76,218.94,216.5,4.5,3.06,2.27,0.295,0.121
MTR0001,2024-03-17 16:30:00,214.76,218.94,216.5,4.5,3.06,2.27,0.295,0.121
MTR0001,2024-03-17 16:45:00,214.76,218.94,216.5,4.5,3.06,2.27,0.295,0.121
MTR0001,2024-03-17 17:00:00,215.16,214.45,214.35,3.71,2.91,2.92,0.269,0.127
MTR0001,2024-03-17 17:15:00,215.16,214.45,214.35,3.15,2.42,2.48,0.228,0.106
MTR0001,2024-03-17 17:30:00,215.16,214.45,214.35,3.15,2.42,2.48,0.228,0.106
MTR0001,2024-03-17 17:45:00,215.16,214.45,214.35,3.15,2.42,2.48,0.228,0.106
MTR0001,2024-03-17 18:00:00,224.35,222.49,223.45,3.4,2.49,1.42,0.203,0.079
MTR0001,2024-03-17 18:15:00,224.35,222.49,223.45,3.88,2.84,1.65,0.235,0.091
MTR0001,2024-03-17 18:30:00,224.35,222.49,223.45,3.88,2.84,1.65,0.235,0.091
MTR0001,2024-03-17 18:45:00,224.35,222.49,223.45,3.88,2.84,1.65,0.235,0.091
MTR0001,2024-03-17 19:00:00,223.05,222.78,223.92,2.94,2.39,2.43,0.25,0.094
MTR0001,2024-03-17 19:15:00,223.05,222.78,223.92,2.69,2.16,2.21,0.229,0.085
MTR0001,2024-03-17 19:30:00,223.05,222.78,223.92,2.69,2.16,2.21,0.229,0.085
MTR0001,2024-03-17 19:45:00,223.05,222.78,223.92,2.69,2.16,2.21,0.229,0.085
MTR0001,2024-03-17 20:00:00,225.06,226.56,224.57,2.01,1.48,2.82,0.162,0.097
MTR0001,2024-03-17 20:15:00,225.06,226.56,224.57,1.8,1.34,2.55,0.144,0.087
MTR0001,2024-03-17 20:30:00,225.06,226.56,224.57,1.8,1.34,2.55,0.144,0.087
MTR0001,2024-03-17 20:45:00,225.06,226.56,224.57,1.8,1.34,2.55,0.144,0.087
MTR0001,2024-03-17 21:00:00,218.38,219.02,219.18,1.84,1.7,2.04,0.179,0.072
MTR0001,2024-03-17 21:15:00,218.38,219.02,219.18,1.9,1.76,2.11,0.185,0.075
MTR0001,2024-03-17 21:30:00,218.38,219.02,219.18,1.9,1.76,2.11,0.185,0.075
MTR0001,2024-03-17 21:45:00,218.38,219.02,219.18,1.9,1.76,2.11,0.185,0.075
MTR0001,2024-03-17 22:00:00,218.76,219.51,220.66,1.74,0.95,2.5,0.136,0.084
MTR0001,2024-03-17 22:15:00,218.76,219.51,220.66,2.23,1.22,3.24,0.177,0.108
MTR0001,2024-03-17 22:30:00,218.76,219.51,220.66,2.23,1.22,3.24,0.177,0.108
MTR0001,2024-03-17 22:45:00,218.76,219.51,220.66,2.23,1.22,3.24,0.177,0.108
MTR0001,2024-03-17 23:00:00,211.81,214.0,209.18,1.88,2.56,2.42,0.202,0.075
MTR0001,2024-03-17 23:15:00,211.81,214.0,209.18,1.41,1.94,1.85,0.154,0.058
MTR0001,2024-03-17 23:30:00,211.81,214.0,209.18,1.41,1.94,1.85,0.154,0.058
MTR0001,2024-03-17 23:45:00,211.81,214.0,209.18,1.41,1.94,1.85,0.154,0.058
MTR0001,2024-03-18 00:00:00,228.54,230.17,226.54,1.48,3.59,2.79,0.212,0.138
MTR0001,2024-03-18 00:15:00,228.54,230.17,226.54,1.48,3.59,2.79,0.212,0.138
MTR0001,2024-03-18 00:30:00,228.54,230.17,226.54,1.48,3.59,2.79,0.212,0.138
MTR0001,2024-03-18 00:45:00,228.54,230.17,226.54,1.48,3.59,2.79,0.212,0.138
MTR0001,2024-03-18 01:00:00,220.28,218.11,218.69,3.48,2.73,1.82,0.21,0.129
MTR0001,2024-03-18 01:15:00,220.28,218.11,218.69,3.48,2.73,1.82,0.21,0.129
MTR0001,2024-03-18 01:30:00,220.28,218.11,218.69,3.48,2.73,1.82,0.21,0.129
MTR0001,2024-03-18 01:45:00,220.28,218.11,218.69,3.48,2.73,1.82,0.21,0.129
MTR0001,2024-03-18 02:00:00,208.09,210.43,210.67,2.39,1.81,3.43,0.219,0.111
MTR0001,2024-03-18 02:15:00,208.09,210.43,210.67,2.39,1.81,3.43,0.219,0.111
MTR0001,2024-03-18 02:30:00,208.09,210.43,210.67,2.39,1.81,3.43,0.219,0.111
MTR0001,2024-03-18 02:45:00,208.09,210.43,210.67,2.39,1.81,3.43,0.219,0.111
MTR0001,2024-03-18 03:00:00,213.35,212.42,209.64,2.31,2.38,3.21,0.231,0.123
MTR0001,2024-03-18 03:15:00,213.35,212.42,209.64,2.31,2.38,3.21,0.231,0.123
MTR0001,2024-03-18 03:30:00,213.35,212.42,209.64,2.31,2.38,3.21,0.231,0.123
MTR0001,2024-03-18 03:45:00,213.35,212.42,209.64,2.31,2.38,3.21,0.231,0.123
MTR0001,2024-03-18 04:00:00,221.11,223.91,220.18,3.8,2.7,1.49,0.255,0.133
MTR0001,2024-03-18 04:15:00,221.11,223.91,220.18,3.8,2.7,1.49,0.255,0.133
MTR0001,2024-03-18 04:30:00,221.11,223.91,220.18,3.8,2.7,1.49,0.255,0.133
MTR0001,2024-03-18 04:45:00,221.11,223.91,220.18,3.8,2.7,1.49,0.255,0.133
MTR0001,2024-03-18 05:00:00,212.67,214.4,217.31,2.63,1.23,4.04,0.204,0.086
MTR0001,2024-03-18 05:15:00,212.67,214.4,217.31,2.63,1.23,4.04,0.204,0.086
MTR0001,2024-03-18 05:30:00,212.67,214.4,217.31,2.63,1.23,4.04,0.204,0.086
MTR0001,2024-03-18 05:45:00,212.67,214.4,217.31,2.63,1.23,4.04,0.204,0.086
MTR0001,2024-03-18 06:00:00,216.54,216.33,218.06,5.31,3.02,7.63,0.439,0.162
MTR0001,2024-03-18 06:15:00,216.54,216.33,218.06,5.31,3.02,7.63,0.439,0.162
MTR0001,2024-03-18 06:30:00,216.54,216.33,218.06,5.31,3.02,7.63,0.439,0.162
MTR0001,2024-03-18 06:45:00,216.54,216.33,218.06,5.31,3.02,7.63,0.439,0.162
MTR0001,2024-03-18 07:00:00,214.39,214.83,216.65,6.76,5.55,4.73,0.467,0.22
MTR0001,2024-03-18 07:15:00,214.39,214.83,216.65,6.76,5.55,4.73,0.467,0.22
MTR0001,2024-03-18 07:30:00,214.39,214.83,216.65,6.76,5.55,4.73,0.467,0.22
MTR0001,2024-03-18 07:45:00,214.39,214.83,216.65,6.76,5.55,4.73,0.467,0.22
MTR0001,2024-03-18 08:00:00,228.85,231.25,229.73,3.69,8.59,6.01,0.565,0.247
MTR0001,2024-03-18 08:15:00,228.85,231.25,229.73,3.69,8.59,6.01,0.565,0.247
MTR0001,2024-03-18 08:30:00,228.85,231.25,229.73,3.69,8.59,6.01,0.565,0.247
MTR0001,2024-03-18 08:45:00,228.85,231.25,229.73,3.69,8.59,6.01,0.565,0.247
MTR0001,2024-03-18 09:00:00,229.28,234.34,229.12,8.99,6.18,3.92,0.591,0.274
MTR0001,2024-03-18 09:15:00,229.28,234.34,229.12,8.99,6.18,3.92,0.591,0.274
MTR0001,2024-03-18 09:30:00,229.28,234.34,229.12,8.99,6.18,3.92,0.591,0.274
MTR0001,2024-03-18 09:45:00,229.28,234.34,229.12,8.99,6.18,3.92,0.591,0.274
MTR0001,2024-03-18 10:00:00,219.12,218.15,218.6,8.89,6.57,4.49,0.601,0.233
MTR0001,2024-03-18 10:15:00,219.12,218.15,218.6,8.89,6.57,4.49,0.601,0.233
MTR0001,2024-03-18 10:30:00,219.12,218.15,218.6,8.89,6.57,4.49,0.601,0.233
MTR0001,2024-03-18 10:45:00,219.12,218.15,218.6,8.89,6.57,4.49,0.601,0.233
MTR0001,2024-03-18 11:00:00,214.59,215.93,213.2,6.65,6.63,6.99,0.574,0.267
MTR0001,2024-03-18 11:15:00,214.59,215.93,213.2,6.65,6.63,6.99,0.574,0.267
MTR0001,2024-03-18 11:30:00,214.59,215.93,213.2,6.65,6.63,6.99,0.574,0.267
MTR0001,2024-03-18 11:45:00,214.59,215.93,213.2,6.65,6.63,6.99,0.574,0.267
MTR0001,2024-03-18 12:00:00,216.55,216.41,218.25,6.93,4.96,8.98,0.542,0.314
MTR0001,2024-03-18 12:15:00,216.55,216.41,218.25,6.93,4.96,8.98,0.542,0.314
MTR0001,2024-03-18 12:30:00,216.55,216.41,218.25,6.93,4.96,8.98,0.542,0.314
MTR0001,2024-03-18 12:45:00,216.55,216.41,218.25,6.93,4.96,8.98,0.542,0.314
MTR0001,2024-03-18 13:00:00,221.99,225.58,221.3,4.0,9.44,7.02,0.626,0.208
MTR0001,2024-03-18 13:15:00,221.99,225.58,221.3,4.0,9.44,7.02,0.626,0.208
MTR0001,2024-03-18 13:30:00,221.99,225.58,221.3,4.0,9.44,7.02,0.626,0.208
MTR0001,2024-03-18 13:45:00,221.99,225.58,221.3,4.0,9.44,7.02,0.626,0.208
MTR0001,2024-03-18 14:00:00,212.65,210.69,213.83,6.02,7.08,6.91,0.524,0.304
MTR0001,2024-03-18 14:15:00,212.65,210.69,213.83,6.02,7.08,6.91,0.524,0.304
MTR0001,2024-03-18 14:30:00,212.65,210.69,213.83,6.02,7.08,6.91,0.524,0.304
MTR0001,2024-03-18 14:45:00,212.65,210.69,213.83,6.02,7.08,6.91,0.524,0.304
MTR0001,2024-03-18 15:00:00,233.65,230.73,231.66,6.22,5.51,7.29,0.606,0.233
MTR0001,2024-03-18 15:15:00,233.65,230.73,231.66,6.22,5.51,7.29,0.606,0.233
MTR0001,2024-03-18 15:30:00,233.65,230.73,231.66,6.22,5.51,7.29,0.606,0.233
MTR0001,2024-03-18 15:45:00,233.65,230.73,231.66,6.22,5.51,7.29,0.606,0.233
MTR0001,2024-03-18 16:00:00,212.64,211.88,210.67,5.87,6.42,6.24,0.543,0.188
MTR0001,2024-03-18 16:15:00,212.64,211.88,210.67,5.87,6.42,6.24,0.543,0.188
MTR0001,2024-03-18 16:30:00,212.64,211.88,210.67,5.87,6.42,6.24,0.543,0.188
MTR0001,2024-03-18 16:45:00,212.64,211.88,210.67,5.87,6.42,6.24,0.543,0.188
MTR0001,2024-03-18 17:00:00,233.92,233.17,233.2,4.38,6.84,5.97,0.484,0.279
MTR0001,2024-03-18 17:15:00,233.92,233.17,233.2,4.38,6.84,5.97,0.484,0.279
MTR0001,2024-03-18 17:30:00,233.92,233.17,233.2,4.38,6.84,5.97,0.484,0.279
MTR0001,2024-03-18 17:45:00,233.92,233.17,233.2,4.38,6.84,5.97,0.484,0.279
MTR0001,2024-03-18 18:00:00,217.13,217.68,220.27,5.41,3.98,6.8,0.475,0.159
MTR0001,2024-03-18 18:15:00,217.13,217.68,220.27,5.41,3.98,6.8,0.475,0.159
MTR0001,2024-03-18 18:30:00,217.13,217.68,220.27,5.41,3.98,6.8,0.475,0.159
MTR0001,2024-03-18 18:45:00,217.13,217.68,220.27,5.41,3.98,6.8,0.475,0.159
MTR0001,2024-03-18 19:00:00,222.7,223.88,221.53,6.94,4.65,3.18,0.44,0.169
MTR0001,2024-03-18 19:15:00,222.7,223.88,221.53,6.94,4.65,3.18,0.44,0.169
MTR0001,2024-03-18 19:30:00,222.7,223.88,221.53,6.94,4.65,3.18,0.44,0.169
MTR0001,2024-03-18 19:45:00,222.7,223.88,221.53,6.94,4.65,3.18,0.44,0.169
MTR0001,2024-03-18 20:00:00,221.77,224.38,220.97,4.93,4.51,4.2,0.365,0.173
MTR0001,2024-03-18 20:15:00,221.77,224.38,220.97,4.93,4.51,4.2,0.365,0.173
MTR0001,2024-03-18 20:30:00,221.77,224.38,220.97,4.93,4.51,4.2,0.365,0.173
MTR0001,2024-03-18 20:45:00,221.77,224.38,220.97,4.93,4.51,4.2,0.365,0.173
MTR0001,2024-03-18 21:00:00,225.96,223.2,222.53,3.97,3.02,5.63,0.405,0.168
MTR0001,2024-03-18 21:15:00,225.96,223.2,222.53,3.97,3.02,5.63,0.405,0.168
MTR0001,2024-03-18 21:30:00,225.96,223.2,222.53,3.97,3.02,5.63,0.405,0.168
MTR0001,2024-03-18 21:45:00,225.96,223.2,222.53,3.97,3.02,5.63,0.405,0.168
MTR0001,2024-03-18 22:00:00,224.01,222.8,219.16,4.1,3.72,3.94,0.343,0.199
MTR0001,2024-03-18 22:15:00,224.01,222.8,219.16,4.1,3.72,3.94,0.343,0.199
MTR0001,2024-03-18 22:30:00,224.01,222.8,219.16,4.1,3.72,3.94,0.343,0.199
MTR0001,2024-03-18 22:45:00,224.01,222.8,219.16,4.1,3.72,3.94,0.343,0.199
MTR0001,2024-03-18 23:00:00,229.58,230.91,231.86,3.55,2.99,4.53,0.339,0.186
MTR0001,2024-03-18 23:15:00,229.58,230.91,231.86,3.55,2.99,4.53,0.339,0.186
MTR0001,2024-03-18 23:30:00,229.58,230.91,231.86,3.55,2.99,4.53,0.339,0.186
MTR0001,2024-03-18 23:45:00,229.58,230.91,231.86,3.55,2.99,4.53,0.339,0.186
MTR0001,2024-03-19 00:00:00,210.9,210.92,210.36,2.21,2.96,2.68,0.195,0.082
MTR0001,2024-03-19 00:15:00,210.9,210.92,210.36,2.21,2.96,2.68,0.195,0.082
MTR0001,2024-03-19 00:30:00,210.9,210.92,210.36,2.21,2.96,2.68,0.195,0.082
MTR0001,2024-03-19 00:45:00,210.9,210.92,210.36,2.21,2.96,2.68,0.195,0.082
MTR0001,2024-03-19 01:00:00,224.14,226.48,226.2,2.5,2.25,3.2,0.249,0.089
MTR0001,2024-03-19 01:15:00,224.14,226.48,226.2,2.5,2.25,3.2,0.249,0.089
MTR0001,2024-03-19 01:30:00,224.14,226.48,226.2,2.5,2.25,3.2,0.249,0.089
MTR0001,2024-03-19 01:45:00,224.14,226.48,226.2,2.5,2.25,3.2,0.249,0.089
MTR0001,2024-03-19 02:00:00,225.6,225.24,226.76,1.76,3.46,2.63,0.215,0.095
MTR0001,2024-03-19 02:15:00,225.6,225.24,226.76,1.76,3.46,2.63,0.215,0.095
MTR0001,2024-03-19 02:30:00,225.6,225.24,226.76,1.76,3.46,2.63,0.215,0.095
MTR0001,2024-03-19 02:45:00,225.6,225.24,226.76,1.76,3.46,2.63,0.215,0.095
MTR0001,2024-03-19 03:00:00,208.86,212.35,213.03,2.99,2.58,2.29,0.197,0.113
MTR0001,2024-03-19 03:15:00,208.86,212.35,213.03,2.99,2.58,2.29,0.197,0.113
MTR0001,2024-03-19 03:30:00,208.86,212.35,213.03,2.99,2.58,2.29,0.197,0.113
MTR0001,2024-03-19 03:45:00,208.86,212.35,213.03,2.99,2.58,2.29,0.197,0.113
MTR0001,2024-03-19 04:00:00,214.18,218.29,217.73,2.0,3.42,2.9,0.245,0.117
MTR0001,2024-03-19 04:15:00,214.18,218.29,217.73,2.0,3.42,2.9,0.245,0.117
MTR0001,2024-03-19 04:30:00,214.18,218.29,217.73,2.0,3.42,2.9,0.245,0.117
MTR0001,2024-03-19 04:45:00,214.18,218.29,217.73,2.0,3.42,2.9,0.245,0.117
MTR0001,2024-03-19 05:00:00,212.19,213.13,214.17,2.54,1.98,3.33,0.228,0.103
MTR0001,2024-03-19 05:15:00,212.19,213.13,214.17,2.54,1.98,3.33,0.228,0.103
MTR0001,2024-03-19 05:30:00,212.19,213.13,214.17,2.54,1.98,3.33,0.228,0.103
MTR0001,2024-03-19 05:45:00,212.19,213.13,214.17,2.54,1.98,3.33,0.228,0.103
MTR0001,2024-03-19 06:00:00,216.16,218.03,214.77,6.36,4.96,4.09,0.428,0.224
MTR0001,2024-03-19 06:15:00,216.16,218.03,214.77,6.36,4.96,4.09,0.428,0.224
MTR0001,2024-03-19 06:30:00,216.16,218.03,214.77,6.36,4.96,4.09,0.428,0.224
MTR0001,2024-03-19 06:45:00,216.16,218.03,214.77,6.36,4.96,4.09,0.428,0.224
MTR0001,2024-03-19 07:00:00,220.04,222.0,218.39,3.47,7.92,5.92,0.499,0.267
MTR0001,2024-03-19 07:15:00,220.04,222.0,218.39,3.47,7.92,5.92,0.499,0.267
MTR0001,2024-03-19 07:30:00,220.04,222.0,218.39,3.47,7.92,5.92,0.499,0.267
MTR0001,2024-03-19 07:45:00,220.04,222.0,218.39,3.47,7.92,5.92,0.499,0.267
MTR0001,2024-03-19 08:00:00,213.66,215.06,214.71,6.1,5.59,6.26,0.533,0.229
MTR0001,2024-03-19 08:15:00,213.66,215.06,214.71,6.1,5.59,6.26,0.533,0.229
MTR0001,2024-03-19 08:30:00,213.66,215.06,214.71,6.1,5.59,6.26,0.533,0.229
MTR0001,2024-03-19 08:45:00,213.66,215.06,214.71,6.1,5.59,6.26,0.533,0.229
MTR0001,2024-03-19 09:00:00,228.08,228.98,230.72,3.38,9.1,6.65,0.573,0.192
MTR0001,2024-03-19 09:15:00,228.08,228.98,230.72,3.38,9.1,6.65,0.573,0.192
MTR0001,2024-03-19 09:30:00,228.08,228.98,230.72,3.38,9.1,6.65,0.573,0.192
MTR0001,2024-03-19 09:45:00,228.08,228.98,230.72,3.38,9.1,6.65,0.573,0.192
MTR0001,2024-03-19 10:00:00,231.73,229.82,229.38,6.26,6.13,7.28,0.588,0.303
MTR0001,2024-03-19 10:15:00,231.73,229.82,229.38,6.26,6.13,7.28,0.588,0.303
MTR0001,2024-03-19 10:30:00,231.73,229.82,229.38,6.26,6.13,7.28,0.588,0.303
MTR0001,2024-03-19 10:45:00,231.73,229.82,229.38,6.26,6.13,7.28,0.588,0.303
MTR0001,2024-03-19 11:00:00,223.09,226.66,226.74,7.33,6.79,6.56,0.623,0.284
MTR0001,2024-03-19 11:15:00,223.09,226.66,226.74,7.33,6.79,6.56,0.623,0.284
MTR0001,2024-03-19 11:30:00,223.09,226.66,226.74,7.33,6.79,6.56,0.623,0.284
MTR0001,2024-03-19 11:45:00,223.09,226.66,226.74,7.33,6.79,6.56,0.623,0.284
MTR0001,2024-03-19 12:00:00,223.39,221.07,223.08,10.0,6.34,3.83,0.617,0.259
MTR0001,2024-03-19 12:15:00,223.39,221.07,223.08,10.0,6.34,3.83,0.617,0.259
MTR0001,2024-03-19 12:30:00,223.39,221.07,223.08,10.0,6.34,3.83,0.617,0.259
MTR0001,2024-03-19 12:45:00,223.39,221.07,223.08,10.0,6.34,3.83,0.617,0.259
MTR0001,2024-03-19 13:00:00,229.5,229.02,229.72,6.81,3.57,10.12,0.627,0.214
MTR0001,2024-03-19 13:15:00,229.5,229.02,229.72,6.81,3.57,10.12,0.627,0.214
MTR0001,2024-03-19 13:30:00,229.5,229.02,229.72,6.81,3.57,10.12,0.627,0.214
MTR0001,2024-03-19 13:45:00,229.5,229.02,229.72,6.81,3.57,10.12,0.627,0.214
MTR0001,2024-03-19 14:00:00,214.46,214.92,211.6,3.82,9.34,7.03,0.559,0.275
MTR0001,2024-03-19 14:15:00,214.46,214.92,211.6,3.82,9.34,7.03,0.559,0.275
MTR0001,2024-03-19 14:30:00,214.46,214.92,211.6,3.82,9.34,7.03,0.559,0.275
MTR0001,2024-03-19 14:45:00,214.46,214.92,211.6,3.82,9.34,7.03,0.559,0.275
MTR0001,2024-03-19 15:00:00,217.32,215.1,214.74,5.7,7.26,6.79,0.57,0.292
MTR0001,2024-03-19 15:15:00,217.32,215.1,214.74,5.7,7.26,6.79,0.57,0.292
MTR0001,2024-03-19 15:30:00,217.32,215.1,214.74,5.7,7.26,6.79,0.57,0.292
MTR0001,2024-03-19 15:45:00,217.32,215.1,214.74,5.7,7.26,6.79,0.57,0.292
MTR0001,2024-03-19 16:00:00,209.3,212.8,212.31,4.81,7.03,6.14,0.444,0.277
MTR0001,2024-03-19 16:15:00,209.3,212.8,212.31,4.81,7.03,6.14,0.444,0.277
MTR0001,2024-03-19 16:30:00,209.3,212.8,212.31,4.81,7.03,6.14,0.444,0.277
MTR0001,2024-03-19 16:45:00,209.3,212.8,212.31,4.81,7.03,6.14,0.444,0.277
MTR0001,2024-03-19 17:00:00,219.81,217.42,221.28,3.1,8.03,6.12,0.507,0.228
MTR0001,2024-03-19 17:15:00,219.81,217.42,221.28,3.1,8.03,6.12,0.507,0.228
MTR0001,2024-03-19 17:30:00,219.81,217.42,221.28,3.1,8.03,6.12,0.507,0.228
MTR0001,2024-03-19 17:45:00,219.81,217.42,221.28,3.1,8.03,6.12,0.507,0.228
MTR0001,2024-03-19 18:00:00,223.6,225.63,226.75,5.17,3.43,7.59,0.474,0.271
MTR0001,2024-03-19 18:15:00,223.6,225.63,226.75,5.17,3.43,7.59,0.474,0.271
MTR0001,2024-03-19 18:30:00,223.6,225.63,226.75,5.17,3.43,7.59,0.474,0.271
MTR0001,2024-03-19 18:45:00,223.6,225.63,226.75,5.17,3.43,7.59,0.474,0.271
MTR0001,2024-03-19 19:00:00,231.57,232.02,231.12,4.56,5.34,5.13,0.487,0.183
MTR0001,2024-03-19 19:15:00,231.57,232.02,231.12,4.56,5.34,5.13,0.487,0.183
MTR0001,2024-03-19 19:30:00,231.57,232.02,231.12,4.56,5.34,5.13,0.487,0.183
MTR0001,2024-03-19 19:45:00,231.57,232.02,231.12,4.56,5.34,5.13,0.487,0.183
MTR0001,2024-03-19 20:00:00,230.65,229.11,226.05,3.24,5.51,4.67,0.385,0.216
MTR0001,2024-03-19 20:15:00,230.65,229.11,226.05,3.24,5.51,4.67,0.385,0.216
MTR0001,2024-03-19 20:30:00,230.65,229.11,226.05,3.24,5.51,4.67,0.385,0.216
MTR0001,2024-03-19 20:45:00,230.65,229.11,226.05,3.24,5.51,4.67,0.385,0.216
MTR0001,2024-03-19 21:00:00,214.72,215.69,215.86,3.13,5.31,4.25,0.336,0.18
MTR0001,2024-03-19 21:15:00,214.72,215.69,215.86,3.13,5.31,4.25,0.336,0.18
MTR0001,2024-03-19 21:30:00,214.72,215.69,215.86,3.13,5.31,4.25,0.336,0.18
MTR0001,2024-03-19 21:45:00,214.72,215.69,215.86,3.13,5.31,4.25,0.336,0.18
MTR0001,2024-03-19 22:00:00,217.34,216.7,215.96,4.75,4.09,3.25,0.35,0.119
MTR0001,2024-03-19 22:15:00,217.34,216.7,215.96,4.75,4.09,3.25,0.35,0.119
MTR0001,2024-03-19 22:30:00,217.34,216.7,215.96,4.75,4.09,3.25,0.35,0.119
MTR0001,2024-03-19 22:45:00,217.34,216.7,215.96,4.75,4.09,3.25,0.35,0.119
MTR0001,2024-03-19 23:00:00,219.62,219.3,219.27,3.61,3.9,3.68,0.3,0.158
MTR0001,2024-03-19 23:15:00,219.62,219.3,219.27,3.61,3.9,3.68,0.3,0.158
MTR0001,2024-03-19 23:30:00,219.62,219.3,219.27,3.61,3.9,3.68,0.3,0.158
MTR0001,2024-03-19 23:45:00,219.62,219.3,219.27,3.61,3.9,3.68,0.3,0.158
MTR0001,2024-03-20 00:00:00,224.75,223.45,220.94,3.02,2.43,2.49,0.257,0.104
MTR0001,2024-03-20 00:15:00,224.75,223.45,220.94,3.02,2.43,2.49,0.257,0.104
MTR0001,2024-03-20 00:30:00,224.75,223.45,220.94,3.02,2.43,2.49,0.257,0.104
MTR0001,2024-03-20 00:45:00,224.75,223.45,220.94,3.02,2.43,2.49,0.257,0.104
MTR0001,2024-03-20 01:00:00,227.44,227.37,229.42,3.9,2.7,1.33,0.238,0.128
MTR0001,2024-03-20 01:15:00,227.44,227.37,229.42,3.9,2.7,1.33,0.238,0.128
MTR0001,2024-03-20 01:30:00,227.44,227.37,229.42,3.9,2.7,1.33,0.238,0.128
MTR0001,2024-03-20 01:45:00,227.44,227.37,229.42,3.9,2.7,1.33,0.238,0.128
MTR0001,2024-03-20 02:00:00,211.23,214.73,216.26,3.6,2.8,1.7,0.221,0.103
MTR0001,2024-03-20 02:15:00,211.23,214.73,216.26,3.6,2.8,1.7,0.221,0.103
MTR0001,2024-03-20 02:30:00,211.23,214.73,216.26,3.6,2.8,1.7,0.221,0.103
MTR0001,2024-03-20 02:45:00,211.23,214.73,216.26,3.6,2.8,1.7,0.221,0.103
MTR0001,2024-03-20 03:00:00,220.14,219.07,218.7,2.47,1.03,4.09,0.214,0.103
MTR0001,2024-03-20 03:15:00,220.14,219.07,218.7,2.47,1.03,4.09,0.214,0.103
MTR0001,2024-03-20 03:30:00,220.14,219.07,218.7,2.47,1.03,4.09,0.214,0.103
MTR0001,2024-03-20 03:45:00,220.14,219.07,218.7,2.47,1.03,4.09,0.214,0.103
MTR0001,2024-03-20 04:00:00,224.85,223.18,225.44,1.92,3.23,2.48,0.226,0.119
MTR0001,2024-03-20 04:15:00,224.85,223.18,225.44,1.92,3.23,2.48,0.226,0.119
MTR0001,2024-03-20 04:30:00,224.85,223.18,225.44,1.92,3.23,2.48,0.226,0.119
MTR0001,2024-03-20 04:45:00,224.85,223.18,225.44,1.92,3.23,2.48,0.226,0.119
MTR0001,2024-03-20 05:00:00,220.43,221.66,217.38,2.63,1.65,3.58,0.247,0.087
MTR0001,2024-03-20 05:15:00,220.43,221.66,217.38,2.63,1.65,3.58,0.247,0.087
MTR0001,2024-03-20 05:30:00,220.43,221.66,217.38,2.63,1.65,3.58,0.247,0.087
MTR0001,2024-03-20 05:45:00,220.43,221.66,217.38,2.63,1.65,3.58,0.247,0.087
MTR0001,2024-03-20 06:00:00,223.28,221.07,221.52,5.15,4.85,5.81,0.495,0.165
MTR0001,2024-03-20 06:15:00,223.28,221.07,221.52,5.15,4.85,5.81,0.495,0.165
MTR0001,2024-03-20 06:30:00,223.28,221.07,221.52,5.15,4.85,5.81,0.495,0.165
MTR0001,2024-03-20 06:45:00,223.28,221.07,221.52,5.15,4.85,5.81,0.495,0.165
MTR0001,2024-03-20 07:00:00,226.19,227.45,227.19,5.74,4.67,7.52,0.533,0.307
MTR0001,2024-03-20 07:15:00,226.19,227.45,227.19,5.74,4.67,7.52,0.533,0.307
MTR0001,2024-03-20 07:30:00,226.19,227.45,227.19,5.74,4.67,7.52,0.533,0.307
MTR0001,2024-03-20 07:45:00,226.19,227.45,227.19,5.74,4.67,7.52,0.533,0.307
MTR0001,2024-03-20 08:00:00,221.63,223.52,226.23,5.99,3.71,8.71,0.543,0.261
MTR0001,2024-03-20 08:15:00,221.63,223.52,226.23,5.99,3.71,8.71,0.543,0.261
MTR0001,2024-03-20 08:30:00,221.63,223.52,226.23,5.99,3.71,8.71,0.543,0.261
MTR0001,2024-03-20 08:45:00,221.63,223.52,226.23,5.99,3.71,8.71,0.543,0.261
MTR0001,2024-03-20 09:00:00,223.23,223.2,224.87,6.58,6.33,6.2,0.55,0.269
MTR0001,2024-03-20 09:15:00,223.23,223.2,224.87,6.58,6.33,6.2,0.55,0.269
MTR0001,2024-03-20 09:30:00,223.23,223.2,224.87,6.58,6.33,6.2,0.55,0.269
MTR0001,2024-03-20 09:45:00,223.23,223.2,224.87,6.58,6.33,6.2,0.55,0.269
MTR0001,2024-03-20 10:00:00,220.87,217.99,221.08,6.59,3.79,10.11,0.583,0.313
MTR0001,2024-03-20 10:15:00,220.87,217.99,221.08,6.59,3.79,10.11,0.583,0.313
MTR0001,2024-03-20 10:30:00,220.87,217.99,221.08,6.59,3.79,10.11,0.583,0.313
MTR0001,2024-03-20 10:45:00,220.87,217.99,221.08,6.59,3.79,10.11,0.583,0.313
MTR0001,2024-03-20 11:00:00,218.48,216.71,214.83,4.61,9.07,6.87,0.558,0.326
MTR0001,2024-03-20 11:15:00,218.48,216.71,214.83,4.61,9.07,6.87,0.558,0.326
MTR0001,2024-03-20 11:30:00,218.48,216.71,214.83,4.61,9.07,6.87,0.558,0.326
MTR0001,2024-03-20 11:45:00,218.48,216.71,214.83,4.61,9.07,6.87,0.558,0.326
MTR0001,2024-03-20 12:00:00,228.94,225.73,228.26,5.08,8.74,7.07,0.584,0.339
MTR0001,2024-03-20 12:15:00,228.94,225.73,228.26,5.08,8.74,7.07,0.584,0.339
MTR0001,2024-03-20 12:30:00,228.94,225.73,228.26,5.08,8.74,7.07,0.584,0.339
MTR0001,2024-03-20 12:45:00,228.94,225.73,228.26,5.08,8.74,7.07,0.584,0.339
MTR0001,2024-03-20 13:00:00,233.04,235.35,235.86,3.51,9.89,7.01,0.638,0.313
MTR0001,2024-03-20 13:15:00,233.04,235.35,235.86,3.51,9.89,7.01,0.638,0.313
MTR0001,2024-03-20 13:30:00,233.04,235.35,235.86,3.51,9.89,7.01,0.638,0.313
MTR0001,2024-03-20 13:45:00,233.04,235.35,235.86,3.51,9.89,7.01,0.638,0.313
MTR0001,2024-03-20 14:00:00,216.28,213.87,215.91,9.51,6.69,3.79,0.621,0.242
MTR0001,2024-03-20 14:15:00,216.28,213.87,215.91,9.51,6.69,3.79,0.621,0.242
MTR0001,2024-03-20 14:30:00,216.28,213.87,215.91,9.51,6.69,3.79,0.621,0.242
MTR0001,2024-03-20 14:45:00,216.28,213.87,215.91,9.51,6.69,3.79,0.621,0.242
MTR0001,2024-03-20 15:00:00,214.86,214.93,214.2,6.45,5.92,7.02,0.538,0.276
MTR0001,2024-03-20 15:15:00,214.86,214.93,214.2,6.45,5.92,7.02,0.538,0.276
MTR0001,2024-03-20 15:30:00,214.86,214.93,214.2,6.45,5.92,7.02,0.538,0.276
MTR0001,2024-03-20 15:45:00,214.86,214.93,214.2,6.45,5.92,7.02,0.538,0.276
MTR0001,2024-03-20 16:00:00,231.36,232.26,227.13,6.08,3.93,8.61,0.567,0.236
MTR0001,2024-03-20 16:15:00,231.36,232.26,227.13,6.08,3.93,8.61,0.567,0.236
MTR0001,2024-03-20 16:30:00,231.36,232.26,227.13,6.08,3.93,8.61,0.567,0.236
MTR0001,2024-03-20 16:45:00,231.36,232.26,227.13,6.08,3.93,8.61,0.567,0.236
MTR0001,2024-03-20 17:00:00,218.09,218.83,215.38,7.86,5.58,3.59,0.464,0.252
MTR0001,2024-03-20 17:15:00,218.09,218.83,215.38,7.86,5.58,3.59,0.464,0.252
MTR0001,2024-03-20 17:30:00,218.09,218.83,215.38,7.86,5.58,3.59,0.464,0.252
MTR0001,2024-03-20 17:45:00,218.09,218.83,215.38,7.86,5.58,3.59,0.464,0.252
MTR0001,2024-03-20 18:00:00,232.11,231.13,230.41,5.02,4.78,5.93,0.498,0.259
MTR0001,2024-03-20 18:15:00,232.11,231.13,230.41,5.02,4.78,5.93,0.498,0.259
MTR0001,2024-03-20 18:30:00,232.11,231.13,230.41,5.02,4.78,5.93,0.498,0.259
MTR0001,2024-03-20 18:45:00,232.11,231.13,230.41,5.02,4.78,5.93,0.498,0.259
MTR0001,2024-03-20 19:00:00,216.48,220.09,220.53,2.84,6.83,5.02,0.432,0.168
MTR0001,2024-03-20 19:15:00,216.48,220.09,220.53,2.84,6.83,5.02,0.432,0.168
MTR0001,2024-03-20 19:30:00,216.48,220.09,220.53,2.84,6.83,5.02,0.432,0.168
MTR0001,2024-03-20 19:45:00,216.48,220.09,220.53,2.84,6.83,5.02,0.432,0.168
MTR0001,2024-03-20 20:00:00,210.83,214.1,214.87,4.76,4.3,4.93,0.433,0.167
MTR0001,2024-03-20 20:15:00,210.83,214.1,214.87,4.76,4.3,4.93,0.433,0.167
MTR0001,2024-03-20 20:30:00,210.83,214.1,214.87,4.76,4.3,4.93,0.433,0.167
MTR0001,2024-03-20 20:45:00,210.83,214.1,214.87,4.76,4.3,4.93,0.433,0.167
MTR0001,2024-03-20 21:00:00,222.91,225.87,224.72,4.43,4.42,3.89,0.367,0.152
MTR0001,2024-03-20 21:15:00,222.91,225.87,224.72,4.43,4.42,3.89,0.367,0.152
MTR0001,2024-03-20 21:30:00,222.91,225.87,224.72,4.43,4.42,3.89,0.367,0.152
MTR0001,2024-03-20 21:45:00,222.91,225.87,224.72,4.43,4.42,3.89,0.367,0.152
MTR0001,2024-03-20 22:00:00,218.79,219.59,219.18,3.07,4.97,4.11,0.397,0.162
MTR0001,2024-03-20 22:15:00,218.79,219.59,219.18,3.07,4.97,4.11,0.397,0.162
MTR0001,2024-03-20 22:30:00,218.79,219.59,219.18,3.07,4.97,4.11,0.397,0.162
MTR0001,2024-03-20 22:45:00,218.79,219.59,219.18,3.07,4.97,4.11,0.397,0.162
MTR0001,2024-03-20 23:00:00,221.98,220.56,223.14,1.79,5.4,3.72,0.331,0.154
MTR0001,2024-03-20 23:15:00,221.98,220.56,223.14,1.79,5.4,3.72,0.331,0.154
MTR0001,2024-03-20 23:30:00,221.98,220.56,223.14,1.79,5.4,3.72,0.331,0.154
MTR0001,2024-03-20 23:45:00,221.98,220.56,223.14,1.79,5.4,3.72,0.331,0.154
MTR0001,2024-03-21 00:00:00,212.14,213.22,213.24,2.63,1.98,3.31,0.235,0.11
MTR0001,2024-03-21 00:15:00,212.14,213.22,213.24,2.63,1.98,3.31,0.235,0.11
MTR0001,2024-03-21 00:30:00,212.14,213.22,213.24,2.63,1.98,3.31,0.235,0.11
MTR0001,2024-03-21 00:45:00,212.14,213.22,213.24,2.63,1.98,3.31,0.235,0.11
MTR0001,2024-03-21 01:00:00,229.06,230.11,231.77,2.57,2.64,2.84,0.189,0.126
MTR0001,2024-03-21 01:15:00,229.06,230.11,231.77,2.57,2.64,2.84,0.189,0.126
MTR0001,2024-03-21 01:30:00,229.06,230.11,231.77,2.57,2.64,2.84,0.189,0.126
MTR0001,2024-03-21 01:45:00,229.06,230.11,231.77,2.57,2.64,2.84,0.189,0.126
MTR0001,2024-03-21 02:00:00,207.17,210.8,210.76,3.39,2.56,1.83,0.183,0.115
MTR0001,2024-03-21 02:15:00,207.17,210.8,210.76,3.39,2.56,1.83,0.183,0.115
MTR0001,2024-03-21 02:30:00,207.17,210.8,210.76,3.39,2.56,1.83,0.183,0.115
MTR0001,2024-03-21 02:45:00,207.17,210.8,210.76,3.39,2.56,1.83,0.183,0.115
MTR0001,2024-03-21 03:00:00,212.97,212.49,210.43,2.75,2.72,2.43,0.222,0.084
MTR0001,2024-03-21 03:15:00,212.97,212.49,210.43,2.75,2.72,2.43,0.222,0.084
MTR0001,2024-03-21 03:30:00,212.97,212.49,210.43,2.75,2.72,2.43,0.222,0.084
MTR0001,2024-03-21 03:45:00,212.97,212.49,210.43,2.75,2.72,2.43,0.222,0.084
MTR0001,2024-03-21 04:00:00,222.96,221.34,223.72,2.68,2.74,2.73,0.218,0.107
MTR0001,2024-03-21 04:15:00,222.96,221.34,223.72,2.68,2.74,2.73,0.218,0.107
MTR0001,2024-03-21 04:30:00,222.96,221.34,223.72,2.68,2.74,2.73,0.218,0.107
MTR0001,2024-03-21 04:45:00,222.96,221.34,223.72,2.68,2.74,2.73,0.218,0.107
MTR0001,2024-03-21 05:00:00,224.99,224.94,224.78,1.98,3.53,2.77,0.221,0.143
MTR0001,2024-03-21 05:15:00,224.99,224.94,224.78,1.98,3.53,2.77,0.221,0.143
MTR0001,2024-03-21 05:30:00,224.99,224.94,224.78,1.98,3.53,2.77,0.221,0.143
MTR0001,2024-03-21 05:45:00,224.99,224.94,224.78,1.98,3.53,2.77,0.221,0.143
MTR0001,2024-03-21 06:00:00,210.5,211.88,210.83,3.8,6.65,5.48,0.443,0.194
MTR0001,2024-03-21 06:15:00,210.5,211.88,210.83,3.8,6.65,5.48,0.443,0.194
MTR0001,2024-03-21 06:30:00,210.5,211.88,210.83,3.8,6.65,5.48,0.443,0.194
MTR0001,2024-03-21 06:45:00,210.5,211.88,210.83,3.8,6.65,5.48,0.443,0.194
MTR0001,2024-03-21 07:00:00,221.09,221.88,221.67,5.14,6.24,5.89,0.474,0.192
MTR0001,2024-03-21 07:15:00,221.09,221.88,221.67,5.14,6.24,5.89,0.474,0.192
MTR0001,2024-03-21 07:30:00,221.09,221.88,221.67,5.14,6.24,5.89,0.474,0.192
MTR0001,2024-03-21 07:45:00,221.09,221.88,221.67,5.14,6.24,5.89,0.474,0.192
MTR0001,2024-03-21 08:00:00,212.81,210.49,211.26,7.31,6.21,4.9,0.505,0.296
MTR0001,2024-03-21 08:15:00,212.81,210.49,211.26,7.31,6.21,4.9,0.505,0.296
MTR0001,2024-03-21 08:30:00,212.81,210.49,211.26,7.31,6.21,4.9,0.505,0.296
MTR0001,2024-03-21 08:45:00,212.81,210.49,211.26,7.31,6.21,4.9,0.505,0.296
MTR0001,2024-03-21 09:00:00,212.69,212.71,211.62,8.55,6.26,4.82,0.533,0.318
MTR0001,2024-03-21 09:15:00,212.69,212.71,211.62,8.55,6.26,4.82,0.533,0.318
MTR0001,2024-03-21 09:30:00,212.69,212.71,211.62,8.55,6.26,4.82,0.533,0.318
MTR0001,2024-03-21 09:45:00,212.69,212.71,211.62,8.55,6.26,4.82,0.533,0.318
MTR0001,2024-03-21 10:00:00,223.44,223.21,225.01,9.08,6.6,4.25,0.533,0.321
MTR0001,2024-03-21 10:15:00,223.44,223.21,225.01,9.08,6.6,4.25,0.533,0.321
MTR0001,2024-03-21 10:30:00,223.44,223.21,225.01,9.08,6.6,4.25,0.533,0.321
MTR0001,2024-03-21 10:45:00,223.44,223.21,225.01,9.08,6.6,4.25,0.533,0.321
MTR0001,2024-03-21 11:00:00,230.21,230.17,230.48,3.62,9.75,6.64,0.647,0.227
MTR0001,2024-03-21 11:15:00,230.21,230.17,230.48,3.62,9.75,6.64,0.647,0.227
MTR0001,2024-03-21 11:30:00,230.21,230.17,230.48,3.62,9.75,6.64,0.647,0.227
MTR0001,2024-03-21 11:45:00,230.21,230.17,230.48,3.62,9.75,6.64,0.647,0.227
MTR0001,2024-03-21 12:00:00,226.94,228.89,227.37,8.01,6.91,5.67,0.541,0.345
MTR0001,2024-03-21 12:15:00,226.94,228.89,227.37,8.01,6.91,5.67,0.541,0.345
MTR0001,2024-03-21 12:30:00,226.94,228.89,227.37,8.01,6.91,5.67,0.541,0.345
MTR0001,2024-03-21 12:45:00,226.94,228.89,227.37,8.01,6.91,5.67,0.541,0.345
MTR0001,2024-03-21 13:00:00,220.82,220.99,220.43,6.78,6.87,6.75,0.548,0.348
MTR0001,2024-03-21 13:15:00,220.82,220.99,220.43,6.78,6.87,6.75,0.548,0.348
MTR0001,2024-03-21 13:30:00,220.82,220.99,220.43,6.78,6.87,6.75,0.548,0.348
MTR0001,2024-03-21 13:45:00,220.82,220.99,220.43,6.78,6.87,6.75,0.548,0.348
MTR0001,2024-03-21 14:00:00,224.45,224.79,225.76,6.3,6.86,6.64,0.587,0.268
MTR0001,2024-03-21 14:15:00,224.45,224.79,225.76,6.3,6.86,6.64,0.587,0.268
MTR0001,2024-03-21 14:30:00,224.45,224.79,225.76,6.3,6.86,6.64,0.587,0.268
MTR0001,2024-03-21 14:45:00,224.45,224.79,225.76,6.3,6.86,6.64,0.587,0.268
MTR0001,2024-03-21 15:00:00,230.39,229.78,230.0,6.29,3.98,9.19,0.612,0.212
MTR0001,2024-03-21 15:15:00,230.39,229.78,230.0,6.29,3.98,9.19,0.612,0.212
MTR0001,2024-03-21 15:30:00,230.39,229.78,230.0,6.29,3.98,9.19,0.612,0.212
MTR0001,2024-03-21 15:45:00,230.39,229.78,230.0,6.29,3.98,9.19,0.612,0.212
MTR0001,2024-03-21 16:00:00,223.09,220.19,221.42,7.37,5.97,4.95,0.529,0.217
MTR0001,2024-03-21 16:15:00,223.09,220.19,221.42,7.37,5.97,4.95,0.529,0.217
MTR0001,2024-03-21 16:30:00,223.09,220.19,221.42,7.37,5.97,4.95,0.529,0.217
MTR0001,2024-03-21 16:45:00,223.09,220.19,221.42,7.37,5.97,4.95,0.529,0.217
MTR0001,2024-03-21 17:00:00,219.69,219.53,221.05,4.06,7.27,5.8,0.525,0.197
MTR0001,2024-03-21 17:15:00,219.69,219.53,221.05,4.06,7.27,5.8,0.525,0.197
MTR0001,2024-03-21 17:30:00,219.69,219.53,221.05,4.06,7.27,5.8,0.525,0.197
MTR0001,2024-03-21 17:45:00,219.69,219.53,221.05,4.06,7.27,5.8,0.525,0.197
MTR0001,2024-03-21 18:00:00,213.59,213.89,213.47,5.12,5.09,5.34,0.449,0.154
MTR0001,2024-03-21 18:15:00,213.59,213.89,213.47,5.12,5.09,5.34,0.449,0.154
MTR0001,2024-03-21 18:30:00,213.59,213.89,213.47,5.12,5.09,5.34,0.449,0.154
MTR0001,2024-03-21 18:45:00,213.59,213.89,213.47,5.12,5.09,5.34,0.449,0.154
MTR0001,2024-03-21 19:00:00,210.32,211.82,211.53,4.13,5.36,5.14,0.379,0.212
MTR0001,2024-03-21 19:15:00,210.32,211.82,211.53,4.13,5.36,5.14,0.379,0.212
MTR0001,2024-03-21 19:30:00,210.32,211.82,211.53,4.13,5.36,5.14,0.379,0.212
MTR0001,2024-03-21 19:45:00,210.32,211.82,211.53,4.13,5.36,5.14,0.379,0.212
MTR0001,2024-03-21 20:00:00,210.59,210.83,212.22,3.69,5.0,4.71,0.399,0.185
MTR0001,2024-03-21 20:15:00,210.59,210.83,212.22,3.69,5.0,4.71,0.399,0.185
MTR0001,2024-03-21 20:30:00,210.59,210.83,212.22,3.69,5.0,4.71,0.399,0.185
MTR0001,2024-03-21 20:45:00,210.59,210.83,212.22,3.69,5.0,4.71,0.399,0.185
MTR0001,2024-03-21 21:00:00,216.06,217.91,219.06,4.02,3.2,5.45,0.365,0.218
MTR0001,2024-03-21 21:15:00,216.06,217.91,219.06,4.02,3.2,5.45,0.365,0.218
MTR0001,2024-03-21 21:30:00,216.06,217.91,219.06,4.02,3.2,5.45,0.365,0.218
MTR0001,2024-03-21 21:45:00,216.06,217.91,219.06,4.02,3.2,5.45,0.365,0.218
MTR0001,2024-03-21 22:00:00,217.18,219.62,219.03,4.19,3.75,3.86,0.351,0.194
MTR0001,2024-03-21 22:15:00,217.18,219.62,219.03,4.19,3.75,3.86,0.351,0.194
MTR0001,2024-03-21 22:30:00,217.18,219.62,219.03,4.19,3.75,3.86,0.351,0.194
MTR0001,2024-03-21 22:45:00,217.18,219.62,219.03,4.19,3.75,3.86,0.351,0.194
MTR0001,2024-03-21 23:00:00,232.59,230.09,231.39,2.63,4.98,3.95,0.346,0.166
MTR0001,2024-03-21 23:15:00,232.59,230.09,231.39,2.63,4.98,3.95,0.346,0.166
MTR0001,2024-03-21 23:30:00,232.59,230.09,231.39,2.63,4.98,3.95,0.346,0.166
MTR0001,2024-03-21 23:45:00,232.59,230.09,231.39,2.63,4.98,3.95,0.346,0.166
MTR0001,2024-03-22 00:00:00,218.71,219.75,218.09,3.58,2.41,1.86,0.229,0.091
MTR0001,2024-03-22 00:15:00,218.71,219.75,218.09,3.58,2.41,1.86,0.229,0.091
MTR0001,2024-03-22 00:30:00,218.71,219.75,218.09,3.58,2.41,1.86,0.229,0.091
MTR0001,2024-03-22 00:45:00,218.71,219.75,218.09,3.58,2.41,1.86,0.229,0.091
MTR0001,2024-03-22 01:00:00,216.99,219.14,219.55,3.7,2.61,1.63,0.253,0.082
MTR0001,2024-03-22 01:15:00,216.99,219.14,219.55,3.7,2.61,1.63,0.253,0.082
MTR0001,2024-03-22 01:30:00,216.99,219.14,219.55,3.7,2.61,1.63,0.253,0.082
MTR0001,2024-03-22 01:45:00,216.99,219.14,219.55,3.7,2.61,1.63,0.253,0.082
MTR0001,2024-03-22 02:00:00,212.95,214.37,214.15,2.24,3.2,2.63,0.231,0.121
MTR0001,2024-03-22 02:15:00,212.95,214.37,214.15,2.24,3.2,2.63,0.231,0.121
MTR0001,2024-03-22 02:30:00,212.95,214.37,214.15,2.24,3.2,2.63,0.231,0.121
MTR0001,2024-03-22 02:45:00,212.95,214.37,214.15,2.24,3.2,2.63,0.231,0.121
MTR0001,2024-03-22 03:00:00,220.05,222.68,222.05,2.62,1.97,3.34,0.247,0.095
MTR0001,2024-03-22 03:15:00,220.05,222.68,222.05,2.62,1.97,3.34,0.247,0.095
MTR0001,2024-03-22 03:30:00,220.05,222.68,222.05,2.62,1.97,3.34,0.247,0.095
MTR0001,2024-03-22 03:45:00,220.05,222.68,222.05,2.62,1.97,3.34,0.247,0.095
MTR0001,2024-03-22 04:00:00,220.75,222.06,225.26,2.72,2.62,2.55,0.222,0.097
MTR0001,2024-03-22 04:15:00,220.75,222.06,225.26,2.72,2.62,2.55,0.222,0.097
MTR0001,2024-03-22 04:30:00,220.75,222.06,225.26,2.72,2.62,2.55,0.222,0.097
MTR0001,2024-03-22 04:45:00,220.75,222.06,225.26,2.72,2.62,2.55,0.222,0.097
MTR0001,2024-03-22 05:00:00,213.85,213.11,213.87,3.09,2.76,2.58,0.243,0.126
MTR0001,2024-03-22 05:15:00,213.85,213.11,213.87,3.09,2.76,2.58,0.243,0.126
MTR0001,2024-03-22 05:30:00,213.85,213.11,213.87,3.09,2.76,2.58,0.243,0.126
MTR0001,2024-03-22 05:45:00,213.85,213.11,213.87,3.09,2.76,2.58,0.243,0.126
MTR0001,2024-03-22 06:00:00,226.05,225.52,228.04,4.35,6.42,5.46,0.461,0.248
MTR0001,2024-03-22 06:15:00,226.05,225.52,228.04,4.35,6.42,5.46,0.461,0.248
MTR0001,2024-03-22 06:30:00,226.05,225.52,228.04,4.35,6.42,5.46,0.461,0.248
MTR0001,2024-03-22 06:45:00,226.05,225.52,228.04,4.35,6.42,5.46,0.461,0.248
MTR0001,2024-03-22 07:00:00,228.47,235.05,230.35,5.13,6.63,5.98,0.526,0.245
MTR0001,2024-03-22 07:15:00,228.47,235.05,230.35,5.13,6.63,5.98,0.526,0.245
MTR0001,2024-03-22 07:30:00,228.47,235.05,230.35,5.13,6.63,5.98,0.526,0.245
MTR0001,2024-03-22 07:45:00,228.47,235.05,230.35,5.13,6.63,5.98,0.526,0.245
MTR0001,2024-03-22 08:00:00,222.47,223.76,224.35,6.24,4.01,7.99,0.541,0.286
MTR0001,2024-03-22 08:15:00,222.47,223.76,224.35,6.24,4.01,7.99,0.541,0.286
MTR0001,2024-03-22 08:30:00,222.47,223.76,224.35,6.24,4.01,7.99,0.541,0.286
MTR0001,2024-03-22 08:45:00,222.47,223.76,224.35,6.24,4.01,7.99,0.541,0.286
MTR0001,2024-03-22 09:00:00,219.64,223.56,222.3,9.08,6.25,3.27,0.492,0.272
MTR0001,2024-03-22 09:15:00,219.64,223.56,222.3,9.08,6.25,3.27,0.492,0.272
MTR0001,2024-03-22 09:30:00,219.64,223.56,222.3,9.08,6.25,3.27,0.492,0.272
MTR0001,2024-03-22 09:45:00,219.64,223.56,222.3,9.08,6.25,3.27,0.492,0.272
MTR0001,2024-03-22 10:00:00,219.62,221.91,225.41,6.77,4.4,9.6,0.569,0.309
MTR0001,2024-03-22 10:15:00,219.62,221.91,225.41,6.77,4.4,9.6,0.569,0.309
MTR0001,2024-03-22 10:30:00,219.62,221.91,225.41,6.77,4.4,9.6,0.569,0.309
MTR0001,2024-03-22 10:45:00,219.62,221.91,225.41,6.77,4.4,9.6,0.569,0.309
MTR0001,2024-03-22 11:00:00,221.6,220.51,220.43,4.58,8.97,7.27,0.624,0.273
MTR0001,2024-03-22 11:15:00,221.6,220.51,220.43,4.58,8.97,7.27,0.624,0.273
MTR0001,2024-03-22 11:30:00,221.6,220.51,220.43,4.58,8.97,7.27,0.624,0.273
MTR0001,2024-03-22 11:45:00,221.6,220.51,220.43,4.58,8.97,7.27,0.624,0.273
MTR0001,2024-03-22 12:00:00,227.21,231.88,231.51,7.63,6.72,6.28,0.62,0.274
MTR0001,2024-03-22 12:15:00,227.21,231.88,231.51,7.63,6.72,6.28,0.62,0.274
MTR0001,2024-03-22 12:30:00,227.21,231.88,231.51,7.63,6.72,6.28,0.62,0.274
MTR0001,2024-03-22 12:45:00,227.21,231.88,231.51,7.63,6.72,6.28,0.62,0.274
MTR0001,2024-03-22 13:00:00,230.79,227.78,230.76,10.06,6.85,3.71,0.621,0.268
MTR0001,2024-03-22 13:15:00,230.79,227.78,230.76,10.06,6.85,3.71,0.621,0.268
MTR0001,2024-03-22 13:30:00,230.79,227.78,230.76,10.06,6.85,3.71,0.621,0.268
MTR0001,2024-03-22 13:45:00,230.79,227.78,230.76,10.06,6.85,3.71,0.621,0.268
MTR0001,2024-03-22 14:00:00,230.05,230.26,230.82,6.79,3.73,9.46,0.59,0.31
MTR0001,2024-03-22 14:15:00,230.05,230.26,230.82,6.79,3.73,9.46,0.59,0.31
MTR0001,2024-03-22 14:30:00,230.05,230.26,230.82,6.79,3.73,9.46,0.59,0.31
MTR0001,2024-03-22 14:45:00,230.05,230.26,230.82,6.79,3.73,9.46,0.59,0.31
MTR0001,2024-03-22 15:00:00,221.11,219.4,220.88,6.64,6.24,6.34,0.554,0.287
MTR0001,2024-03-22 15:15:00,221.11,219.4,220.88,6.64,6.24,6.34,0.554,0.287
MTR0001,2024-03-22 15:30:00,221.11,219.4,220.88,6.64,6.24,6.34,0.554,0.287
MTR0001,2024-03-22 15:45:00,221.11,219.4,220.88,6.64,6.24,6.34,0.554,0.287
MTR0001,2024-03-22 16:00:00,214.22,218.3,213.95,3.02,8.73,6.38,0.489,0.257
MTR0001,2024-03-22 16:15:00,214.22,218.3,213.95,3.02,8.73,6.38,0.489,0.257
MTR0001,2024-03-22 16:30:00,214.22,218.3,213.95,3.02,8.73,6.38,0.489,0.257
MTR0001,2024-03-22 16:45:00,214.22,218.3,213.95,3.02,8.73,6.38,0.489,0.257
MTR0001,2024-03-22 17:00:00,221.84,225.82,224.61,8.09,5.21,2.97,0.473,0.266
MTR0001,2024-03-22 17:15:00,221.84,225.82,224.61,8.09,5.21,2.97,0.473,0.266
MTR0001,2024-03-22 17:30:00,221.84,225.82,224.61,8.09,5.21,2.97,0.473,0.266
MTR0001,2024-03-22 17:45:00,221.84,225.82,224.61,8.09,5.21,2.97,0.473,0.266
MTR0001,2024-03-22 18:00:00,224.44,224.42,226.78,5.32,5.17,5.44,0.475,0.264
MTR0001,2024-03-22 18:15:00,224.44,224.42,226.78,5.32,5.17,5.44,0.475,0.264
MTR0001,2024-03-22 18:30:00,224.44,224.42,226.78,5.32,5.17,5.44,0.475,0.264
MTR0001,2024-03-22 18:45:00,224.44,224.42,226.78,5.32,5.17,5.44,0.475,0.264
MTR0001,2024-03-22 19:00:00,229.5,231.96,236.17,4.31,5.19,4.82,0.441,0.18
MTR0001,2024-03-22 19:15:00,229.5,231.96,236.17,4.31,5.19,4.82,0.441,0.18
MTR0001,2024-03-22 19:30:00,229.5,231.96,236.17,4.31,5.19,4.82,0.441,0.18
MTR0001,2024-03-22 19:45:00,229.5,231.96,236.17,4.31,5.19,4.82,0.441,0.18
MTR0001,2024-03-22 20:00:00,219.18,215.7,221.73,6.33,4.43,2.27,0.392,0.153
MTR0001,2024-03-22 20:15:00,219.18,215.7,221.73,6.33,4.43,2.27,0.392,0.153
MTR0001,2024-03-22 20:30:00,219.18,215.7,221.73,6.33,4.43,2.27,0.392,0.153
MTR0001,2024-03-22 20:45:00,219.18,215.7,221.73,6.33,4.43,2.27,0.392,0.153
MTR0001,2024-03-22 21:00:00,224.29,224.89,227.44,3.52,4.63,4.18,0.363,0.186
MTR0001,2024-03-22 21:15:00,224.29,224.89,227.44,3.52,4.63,4.18,0.363,0.186
MTR0001,2024-03-22 21:30:00,224.29,224.89,227.44,3.52,4.63,4.18,0.363,0.186
MTR0001,2024-03-22 21:45:00,224.29,224.89,227.44,3.52,4.63,4.18,0.363,0.186
MTR0001,2024-03-22 22:00:00,225.06,222.46,225.6,3.59,2.0,5.79,0.324,0.163
MTR0001,2024-03-22 22:15:00,225.06,222.46,225.6,3.59,2.0,5.79,0.324,0.163
MTR0001,2024-03-22 22:30:00,225.06,222.46,225.6,3.59,2.0,5.79,0.324,0.163
MTR0001,2024-03-22 22:45:00,225.06,222.46,225.6,3.59,2.0,5.79,0.324,0.163
MTR0001,2024-03-22 23:00:00,231.38,231.56,230.44,3.92,3.11,4.5,0.327,0.195
MTR0001,2024-03-22 23:15:00,231.38,231.56,230.44,3.92,3.11,4.5,0.327,0.195
MTR0001,2024-03-22 23:30:00,231.38,231.56,230.44,3.92,3.11,4.5,0.327,0.195
MTR0001,2024-03-22 23:45:00,231.38,231.56,230.44,3.92,3.11,4.5,0.327,0.195
MTR0001,2024-03-23 00:00:00,219.23,217.04,221.83,1.82,2.01,1.79,0.171,0.058
MTR0001,2024-03-23 00:15:00,219.23,217.04,221.83,1.86,2.04,1.83,0.174,0.059
MTR0001,2024-03-23 00:30:00,219.23,217.04,221.83,1.86,2.04,1.83,0.174,0.059
MTR0001,2024-03-23 00:45:00,219.23,217.04,221.83,1.86,2.04,1.83,0.174,0.059
MTR0001,2024-03-23 01:00:00,218.51,220.47,219.12,1.56,2.07,1.71,0.139,0.076
MTR0001,2024-03-23 01:15:00,218.51,220.47,219.12,1.46,1.9,1.58,0.128,0.07
MTR0001,2024-03-23 01:30:00,218.51,220.47,219.12,1.46,1.9,1.58,0.128,0.07
MTR0001,2024-03-23 01:45:00,218.51,220.47,219.12,1.46,1.9,1.58,0.128,0.07
MTR0001,2024-03-23 02:00:00,209.67,212.0,208.82,1.79,1.12,2.6,0.145,0.066
MTR0001,2024-03-23 02:15:00,209.67,212.0,208.82,1.84,1.15,2.67,0.149,0.068
MTR0001,2024-03-23 02:30:00,209.67,212.0,208.82,1.84,1.15,2.67,0.149,0.068
MTR0001,2024-03-23 02:45:00,209.67,212.0,208.82,1.84,1.15,2.67,0.149,0.068
MTR0001,2024-03-23 03:00:00,224.17,222.6,222.79,1.75,1.41,1.85,0.15,0.076
MTR0001,2024-03-23 03:15:00,224.17,222.6,222.79,1.63,1.3,1.73,0.14,0.071
MTR0001,2024-03-23 03:30:00,224.17,222.6,222.79,1.63,1.3,1.73,0.14,0.071
MTR0001,2024-03-23 03:45:00,224.17,222.6,222.79,1.63,1.3,1.73,0.14,0.071
MTR0001,2024-03-23 04:00:00,222.43,223.47,224.75,1.96,1.67,1.17,0.138,0.054
MTR0001,2024-03-23 04:15:00,222.43,223.47,224.75,2.06,1.75,1.22,0.145,0.056
MTR0001,2024-03-23 04:30:00,222.43,223.47,224.75,2.06,1.75,1.22,0.145,0.056
MTR0001,2024-03-23 04:45:00,222.43,223.47,224.75,2.06,1.75,1.22,0.145,0.056
MTR0001,2024-03-23 05:00:00,215.48,216.65,217.33,1.9,1.21,2.25,0.162,0.091
MTR0001,2024-03-23 05:15:00,215.48,216.65,217.33,1.96,1.25,2.33,0.167,0.094
MTR0001,2024-03-23 05:30:00,215.48,216.65,217.33,1.96,1.25,2.33,0.167,0.094
MTR0001,2024-03-23 05:45:00,215.48,216.65,217.33,1.96,1.25,2.33,0.167,0.094
MTR0001,2024-03-23 06:00:00,226.66,230.38,225.93,3.59,2.35,5.08,0.3,0.15
MTR0001,2024-03-23 06:15:00,226.66,230.38,225.93,3.38,2.22,4.79,0.282,0.142
MTR0001,2024-03-23 06:30:00,226.66,230.38,225.93,3.38,2.22,4.79,0.282,0.142
MTR0001,2024-03-23 06:45:00,226.66,230.38,225.93,3.38,2.22,4.79,0.282,0.142
MTR0001,2024-03-23 07:00:00,218.26,221.02,219.24,2.08,4.78,3.63,0.272,0.131
MTR0001,2024-03-23 07:15:00,218.26,221.02,219.24,2.42,5.55,4.22,0.322,0.153
MTR0001,2024-03-23 07:30:00,218.26,221.02,219.24,2.42,5.55,4.22,0.322,0.153
MTR0001,2024-03-23 07:45:00,218.26,221.02,219.24,2.42,5.55,4.22,0.322,0.153
MTR0001,2024-03-23 08:00:00,232.42,232.12,230.79,4.48,2.28,6.69,0.385,0.225
MTR0001,2024-03-23 08:15:00,232.42,232.12,230.79,4.15,2.11,6.19,0.356,0.208
MTR0001,2024-03-23 08:30:00,232.42,232.12,230.79,4.15,2.11,6.19,0.356,0.208
MTR0001,2024-03-23 08:45:00,232.42,232.12,230.79,4.15,2.11,6.19,0.356,0.208
MTR0001,2024-03-23 09:00:00,222.1,226.69,224.7,4.53,4.38,4.17,0.388,0.167
MTR0001,2024-03-23 09:15:00,222.1,226.69,224.7,4.11,3.99,3.79,0.352,0.151
MTR0001,2024-03-23 09:30:00,222.1,226.69,224.7,4.11,3.99,3.79,0.352,0.151
MTR0001,2024-03-23 09:45:00,222.1,226.69,224.7,4.11,3.99,3.79,0.352,0.151
MTR0001,2024-03-23 10:00:00,223.65,222.46,227.16,4.32,3.87,3.9,0.327,0.139
MTR0001,2024-03-23 10:15:00,223.65,222.46,227.16,4.28,3.83,3.86,0.324,0.137
MTR0001,2024-03-23 10:30:00,223.65,222.46,227.16,4.28,3.83,3.86,0.324,0.137
MTR0001,2024-03-23 10:45:00,223.65,222.46,227.16,4.28,3.83,3.86,0.324,0.137
MTR0001,2024-03-23 11:00:00,220.34,220.71,222.1,5.72,4.2,2.64,0.363,0.186
MTR0001,2024-03-23 11:15:00,220.34,220.71,222.1,6.22,4.56,2.86,0.393,0.202
MTR0001,2024-03-23 11:30:00,220.34,220.71,222.1,6.22,4.56,2.86,0.393,0.202
MTR0001,2024-03-23 11:45:00,220.34,220.71,222.1,6.22,4.56,2.86,0.393,0.202
MTR0001,2024-03-23 12:00:00,219.99,221.05,222.98,2.49,6.62,4.61,0.369,0.206
MTR0001,2024-03-23 12:15:00,219.99,221.05,222.98,2.59,6.87,4.79,0.384,0.214
MTR0001,2024-03-23 12:30:00,219.99,221.05,222.98,2.59,6.87,4.79,0.384,0.214
MTR0001,2024-03-23 12:45:00,219.99,221.05,222.98,2.59,6.87,4.79,0.384,0.214
MTR0001,2024-03-23 13:00:00,222.12,223.51,223.73,2.83,6.31,5.11,0.392,0.198
MTR0001,2024-03-23 13:15:00,222.12,223.51,223.73,2.79,6.21,5.04,0.385,0.195
MTR0001,2024-03-23 13:30:00,222.12,223.51,223.73,2.79,6.21,5.04,0.385,0.195
MTR0001,2024-03-23 13:45:00,222.12,223.51,223.73,2.79,6.21,5.04,0.385,0.195
MTR0001,2024-03-23 14:00:00,227.41,227.22,227.71,6.29,4.19,2.79,0.37,0.236
MTR0001,2024-03-23 14:15:00,227.41,227.22,227.71,6.32,4.21,2.8,0.372,0.237
MTR0001,2024-03-23 14:30:00,227.41,227.22,227.71,6.32,4.21,2.8,0.372,0.237
MTR0001,2024-03-23 14:45:00,227.41,227.22,227.71,6.32,4.21,2.8,0.372,0.237
MTR0001,2024-03-23 15:00:00,217.73,216.92,217.71,4.35,3.13,5.62,0.365,0.141
MTR0001,2024-03-23 15:15:00,217.73,216.92,217.71,4.36,3.13,5.63,0.365,0.141
MTR0001,2024-03-23 15:30:00,217.73,216.92,217.71,4.36,3.13,5.63,0.365,0.141
MTR0001,2024-03-23 15:45:00,217.73,216.92,217.71,4.36,3.13,5.63,0.365,0.141
MTR0001,2024-03-23 16:00:00,231.05,231.54,230.71,2.66,5.81,4.4,0.39,0.184
MTR0001,2024-03-23 16:15:00,231.05,231.54,230.71,2.98,6.53,4.95,0.439,0.207
MTR0001,2024-03-23 16:30:00,231.05,231.54,230.71,2.98,6.53,4.95,0.439,0.207
MTR0001,2024-03-23 16:45:00,231.05,231.54,230.71,2.98,6.53,4.95,0.439,0.207
MTR0001,2024-03-23 17:00:00,220.42,219.66,220.59,3.95,4.79,4.36,0.342,0.221
MTR0001,2024-03-23 17:15:00,220.42,219.66,220.59,3.82,4.63,4.21,0.33,0.214
MTR0001,2024-03-23 17:30:00,220.42,219.66,220.59,3.82,4.63,4.21,0.33,0.214
MTR0001,2024-03-23 17:45:00,220.42,219.66,220.59,3.82,4.63,4.21,0.33,0.214
MTR0001,2024-03-23 18:00:00,226.08,225.25,226.56,3.68,2.52,5.24,0.34,0.168
MTR0001,2024-03-23 18:15:00,226.08,225.25,226.56,3.44,2.36,4.91,0.319,0.157
MTR0001,2024-03-23 18:30:00,226.08,225.25,226.56,3.44,2.36,4.91,0.319,0.157
MTR0001,2024-03-23 18:45:00,226.08,225.25,226.56,3.44,2.36,4.91,0.319,0.157
MTR0001,2024-03-23 19:00:00,219.55,219.47,220.81,3.36,2.04,5.02,0.306,0.141
MTR0001,2024-03-23 19:15:00,219.55,219.47,220.81,3.17,1.92,4.76,0.289,0.133
MTR0001,2024-03-23 19:30:00,219.55,219.47,220.81,3.17,1.92,4.76,0.289,0.133
MTR0001,2024-03-23 19:45:00,219.55,219.47,220.81,3.17,1.92,4.76,0.289,0.133
MTR0001,2024-03-23 20:00:00,227.27,225.73,227.94,2.2,3.41,2.75,0.248,0.121
MTR0001,2024-03-23 20:15:00,227.27,225.73,227.94,2.25,3.48,2.81,0.253,0.123
MTR0001,2024-03-23 20:30:00,227.27,225.73,227.94,2.25,3.48,2.81,0.253,0.123
MTR0001,2024-03-23 20:45:00,227.27,225.73,227.94,2.25,3.48,2.81,0.253,0.123
MTR0001,2024-03-23 21:00:00,217.17,218.23,221.42,2.76,1.58,4.04,0.28,0.114
MTR0001,2024-03-23 21:15:00,217.17,218.23,221.42,2.73,1.56,3.99,0.277,0.112
MTR0001,2024-03-23 21:30:00,217.17,218.23,221.42,2.73,1.56,3.99,0.277,0.112
MTR0001,2024-03-23 21:45:00,217.17,218.23,221.42,2.73,1.56,3.99,0.277,0.112
MTR0001,2024-03-23 22:00:00,223.91,227.1,228.94,2.57,1.38,4.03,0.235,0.112
MTR0001,2024-03-23 22:15:00,223.91,227.1,228.94,2.87,1.55,4.47,0.262,0.124
MTR0001,2024-03-23 22:30:00,223.91,227.1,228.94,2.87,1.55,4.47,0.262,0.124
MTR0001,2024-03-23 22:45:00,223.91,227.1,228.94,2.87,1.55,4.47,0.262,0.124
MTR0001,2024-03-23 23:00:00,224.11,226.51,224.43,1.87,4.02,2.6,0.238,0.131
MTR0001,2024-03-23 23:15:00,224.11,226.51,224.43,1.65,3.39,2.16,0.201,0.111
MTR0001,2024-03-23 23:30:00,224.11,226.51,224.43,1.65,3.39,2.16,0.201,0.111
MTR0001,2024-03-23 23:45:00,224.11,226.51,224.43,1.65,3.39,2.16,0.201,0.111
MTR0001,2024-03-24 00:00:00,215.59,217.71,215.66,0.77,1.63,1.19,0.103,0.048
MTR0001,2024-03-24 00:15:00,215.59,217.71,215.66,0.91,1.86,1.38,0.118,0.056
MTR0001,2024-03-24 00:30:00,215.59,217.71,215.66,0.91,1.86,1.38,0.118,0.056
MTR0001,2024-03-24 00:45:00,215.59,217.71,215.66,0.91,1.86,1.38,0.118,0.056
MTR0001,2024-03-24 01:00:00,231.12,232.47,233.32,0.91,1.73,1.38,0.118,0.044
MTR0001,2024-03-24 01:15:00,231.12,232.47,233.32,0.97,1.89,1.5,0.129,0.048
MTR0001,2024-03-24 01:30:00,231.12,232.47,233.32,0.97,1.89,1.5,0.129,0.048
MTR0001,2024-03-24 01:45:00,231.12,232.47,233.32,0.97,1.89,1.5,0.129,0.048
MTR0001,2024-03-24 02:00:00,228.75,228.11,227.36,2.05,1.35,0.83,0.109,0.055
MTR0001,2024-03-24 02:15:00,228.75,228.11,227.36,1.8,1.16,0.68,0.091,0.047
MTR0001,2024-03-24 02:30:00,228.75,228.11,227.36,1.8,1.16,0.68,0.091,0.047
MTR0001,2024-03-24 02:45:00,228.75,228.11,227.36,1.8,1.16,0.68,0.091,0.047
MTR0001,2024-03-24 03:00:00,218.66,219.11,220.18,1.41,1.21,0.99,0.098,0.055
MTR0001,2024-03-24 03:15:00,218.66,219.11,220.18,1.29,1.12,0.92,0.091,0.051
MTR0001,2024-03-24 03:30:00,218.66,219.11,220.18,1.29,1.12,0.92,0.091,0.051
MTR0001,2024-03-24 03:45:00,218.66,219.11,220.18,1.29,1.12,0.92,0.091,0.051
MTR0001,2024-03-24 04:00:00,229.35,231.23,229.07,0.83,1.63,1.31,0.12,0.047
MTR0001,2024-03-24 04:15:00,229.35,231.23,229.07,0.86,1.67,1.34,0.123,0.048
MTR0001,2024-03-24 04:30:00,229.35,231.23,229.07,0.86,1.67,1.34,0.123,0.048
MTR0001,2024-03-24 04:45:00,229.35,231.23,229.07,0.86,1.67,1.34,0.123,0.048
MTR0001,2024-03-24 05:00:00,226.01,224.71,228.77,0.74,1.9,1.05,0.134,0.056
MTR0001,2024-03-24 05:15:00,226.01,224.71,228.77,0.7,1.78,0.96,0.126,0.053
MTR0001,2024-03-24 05:30:00,226.01,224.71,228.77,0.7,1.78,0.96,0.126,0.053
MTR0001,2024-03-24 05:45:00,226.01,224.71,228.77,0.7,1.78,0.96,0.126,0.053
MTR0001,2024-03-24 06:00:00,225.15,229.06,226.08,2.0,2.41,2.22,0.211,0.1
MTR0001,2024-03-24 06:15:00,225.15,229.06,226.08,2.38,2.85,2.65,0.248,0.118
MTR0001,2024-03-24 06:30:00,225.15,229.06,226.08,2.38,2.85,2.65,0.248,0.118
MTR0001,2024-03-24 06:45:00,225.15,229.06,226.08,2.38,2.85,2.65,0.248,0.118
MTR0001,2024-03-24 07:00:00,226.3,225.85,228.3,2.89,2.7,2.88,0.248,0.113
MTR0001,2024-03-24 07:15:00,226.3,225.85,228.3,2.53,2.34,2.5,0.216,0.097
MTR0001,2024-03-24 07:30:00,226.3,225.85,228.3,2.53,2.34,2.5,0.216,0.097
MTR0001,2024-03-24 07:45:00,226.3,225.85,228.3,2.53,2.34,2.5,0.216,0.097
MTR0001,2024-03-24 08:00:00,225.64,224.58,224.83,2.49,1.75,3.59,0.218,0.098
MTR0001,2024-03-24 08:15:00,225.64,224.58,224.83,2.95,2.03,4.26,0.259,0.118
MTR0001,2024-03-24 08:30:00,225.64,224.58,224.83,2.95,2.03,4.26,0.259,0.118
MTR0001,2024-03-24 08:45:00,225.64,224.58,224.83,2.95,2.03,4.26,0.259,0.118
MTR0001,2024-03-24 09:00:00,213.56,213.63,212.99,3.1,2.27,4.0,0.308,0.118
MTR0001,2024-03-24 09:15:00,213.56,213.63,212.99,3.46,2.53,4.48,0.34,0.131
MTR0001,2024-03-24 09:30:00,213.56,213.63,212.99,3.46,2.53,4.48,0.34,0.131
MTR0001,2024-03-24 09:45:00,213.56,213.63,212.99,3.46,2.53,4.48,0.34,0.131
MTR0001,2024-03-24 10:00:00,220.21,218.61,219.24,5.15,3.57,1.84,0.287,0.172
MTR0001,2024-03-24 10:15:00,220.21,218.61,219.24,4.12,2.85,1.42,0.229,0.136
MTR0001,2024-03-24 10:30:00,220.21,218.61,219.24,4.12,2.85,1.42,0.229,0.136
MTR0001,2024-03-24 10:45:00,220.21,218.61,219.24,4.12,2.85,1.42,0.229,0.136
MTR0001,2024-03-24 11:00:00,211.03,213.78,213.5,2.97,1.81,4.61,0.266,0.115
MTR0001,2024-03-24 11:15:00,211.03,213.78,213.5,3.35,2.02,5.18,0.299,0.129
MTR0001,2024-03-24 11:30:00,211.03,213.78,213.5,3.35,2.02,5.18,0.299,0.129
MTR0001,2024-03-24 11:45:00,211.03,213.78,213.5,3.35,2.02,5.18,0.299,0.129
MTR0001,2024-03-24 12:00:00,218.61,218.47,219.33,4.76,3.29,2.28,0.26,0.148
MTR0001,2024-03-24 12:15:00,218.61,218.47,219.33,4.11,2.82,1.96,0.219,0.128
MTR0001,2024-03-24 12:30:00,218.61,218.47,219.33,4.11,2.82,1.96,0.219,0.128
MTR0001,2024-03-24 12:45:00,218.61,218.47,219.33,4.11,2.82,1.96,0.219,0.128
MTR0001,2024-03-24 13:00:00,223.29,223.73,224.28,4.12,2.98,2.17,0.289,0.136
MTR0001,2024-03-24 13:15:00,223.29,223.73,224.28,5.32,3.86,2.77,0.366,0.176
MTR0001,2024-03-24 13:30:00,223.29,223.73,224.28,5.32,3.86,2.77,0.366,0.176
MTR0001,2024-03-24 13:45:00,223.29,223.73,224.28,5.32,3.86,2.77,0.366,0.176
MTR0001,2024-03-24 14:00:00,225.7,226.11,221.75,2.55,4.86,3.91,0.324,0.187
MTR0001,2024-03-24 14:15:00,225.7,226.11,221.75,2.03,3.88,3.13,0.26,0.15
MTR0001,2024-03-24 14:30:00,225.7,226.11,221.75,2.03,3.88,3.13,0.26,0.15
MTR0001,2024-03-24 14:45:00,225.7,226.11,221.75,2.03,3.88,3.13,0.26,0.15
MTR0001,2024-03-24 15:00:00,224.51,227.45,226.14,2.75,2.2,3.43,0.249,0.113
MTR0001,2024-03-24 15:15:00,224.51,227.45,226.14,2.78,2.22,3.46,0.252,0.114
MTR0001,2024-03-24 15:30:00,224.51,227.45,226.14,2.78,2.22,3.46,0.252,0.114
MTR0001,2024-03-24 15:45:00,224.51,227.45,226.14,2.78,2.22,3.46,0.252,0.114
MTR0001,2024-03-24 16:00:00,212.39,214.29,214.77,1.92,3.78,2.89,0.239,0.088
MTR0001,2024-03-24 16:15:00,212.39,214.29,214.77,2.35,4.6,3.55,0.295,0.109
MTR0001,2024-03-24 16:30:00,212.39,214.29,214.77,2.35,4.6,3.55,0.295,0.109
MTR0001,2024-03-24 16:45:00,212.39,214.29,214.77,2.35,4.6,3.55,0.295,0.109
MTR0001,2024-03-24 17:00:00,219.08,220.04,218.84,3.47,3.1,2.83,0.259,0.111
MTR0001,2024-03-24 17:15:00,219.08,220.04,218.84,3.62,3.23,2.95,0.271,0.115
MTR0001,2024-03-24 17:30:00,219.08,220.04,218.84,3.62,3.23,2.95,0.271,0.115
MTR0001,2024-03-24 17:45:00,219.08,220.04,218.84,3.62,3.23,2.95,0.271,0.115
MTR0001,2024-03-24 18:00:00,219.3,216.16,220.62,4.13,3.06,2.26,0.253,0.141
MTR0001,2024-03-24 18:15:00,219.3,216.16,220.62,3.87,2.87,2.13,0.237,0.132
MTR0001,2024-03-24 18:30:00,219.3,216.16,220.62,3.87,2.87,2.13,0.237,0.132
MTR0001,2024-03-24 18:45:00,219.3,216.16,220.62,3.87,2.87,2.13,0.237,0.132
MTR0001,2024-03-24 19:00:00,224.26,226.62,226.3,2.51,2.12,3.29,0.238,0.102
MTR0001,2024-03-24 19:15:00,224.26,226.62,226.3,2.28,1.93,3.01,0.217,0.093
MTR0001,2024-03-24 19:30:00,224.26,226.62,226.3,2.28,1.93,3.01,0.217,0.093
MTR0001,2024-03-24 19:45:00,224.26,226.62,226.3,2.28,1.93,3.01,0.217,0.093
MTR0001,2024-03-24 20:00:00,213.07,215.99,215.93,2.4,2.07,1.93,0.145,0.095
MTR0001,2024-03-24 20:15:00,213.07,215.99,215.93,2.24,1.94,1.81,0.134,0.09
MTR0001,2024-03-24 20:30:00,213.07,215.99,215.93,2.24,1.94,1.81,0.134,0.09
MTR0001,2024-03-24 20:45:00,213.07,215.99,215.93,2.24,1.94,1.81,0.134,0.09
MTR0001,2024-03-24 21:00:00,215.98,214.97,218.23,2.81,1.99,1.16,0.133,0.084
MTR0001,2024-03-24 21:15:00,215.98,214.97,218.23,3.28,2.3,1.34,0.16,0.097
MTR0001,2024-03-24 21:30:00,215.98,214.97,218.23,3.28,2.3,1.34,0.16,0.097
MTR0001,2024-03-24 21:45:00,215.98,214.97,218.23,3.28,2.3,1.34,0.16,0.097
MTR0001,2024-03-24 22:00:00,227.81,229.02,228.92,2.04,2.31,2.01,0.187,0.098
MTR0001,2024-03-24 22:15:00,227.81,229.02,228.92,1.81,2.09,1.79,0.167,0.088
MTR0001,2024-03-24 22:30:00,227.81,229.02,228.92,1.81,2.09,1.79,0.167,0.088
MTR0001,2024-03-24 22:45:00,227.81,229.02,228.92,1.81,2.09,1.79,0.167,0.088
MTR0001,2024-03-24 23:00:00,227.59,230.64,230.4,2.42,1.81,1.44,0.153,0.063
MTR0001,2024-03-24 23:15:00,227.59,230.64,230.4,2.9,2.15,1.66,0.185,0.076
MTR0001,2024-03-24 23:30:00,227.59,230.64,230.4,2.9,2.15,1.66,0.185,0.076
MTR0001,2024-03-24 23:45:00,227.59,230.64,230.4,2.9,2.15,1.66,0.185,0.076
MTR0001,2024-03-25 00:00:00,230.17,231.27,230.3,3.44,2.49,1.56,0.223,0.1
MTR0001,2024-03-25 00:15:00,230.17,231.27,230.3,3.44,2.49,1.56,0.223,0.1
MTR0001,2024-03-25 00:30:00,230.17,231.27,230.3,3.44,2.49,1.56,0.223,0.1
MTR0001,2024-03-25 00:45:00,230.17,231.27,230.3,3.44,2.49,1.56,0.223,0.1
MTR0001,2024-03-25 01:00:00,230.55,229.73,230.83,2.74,1.72,3.88,0.238,0.135
MTR0001,2024-03-25 01:15:00,230.55,229.73,230.83,2.74,1.72,3.88,0.238,0.135
MTR0001,2024-03-25 01:30:00,230.55,229.73,230.83,2.74,1.72,3.88,0.238,0.135
MTR0001,2024-03-25 01:45:00,230.55,229.73,230.83,2.74,1.72,3.88,0.238,0.135
MTR0001,2024-03-25 02:00:00,230.61,229.79,232.25,2.62,1.43,3.77,0.247,0.099
MTR0001,2024-03-25 02:15:00,230.61,229.79,232.25,2.62,1.43,3.77,0.247,0.099
MTR0001,2024-03-25 02:30:00,230.61,229.79,232.25,2.62,1.43,3.77,0.247,0.099
MTR0001,2024-03-25 02:45:00,230.61,229.79,232.25,2.62,1.43,3.77,0.247,0.099
MTR0001,2024-03-25 03:00:00,224.71,225.3,225.26,2.1,3.19,2.6,0.229,0.115
MTR0001,2024-03-25 03:15:00,224.71,225.3,225.26,2.1,3.19,2.6,0.229,0.115
MTR0001,2024-03-25 03:30:00,224.71,225.3,225.26,2.1,3.19,2.6,0.229,0.115
MTR0001,2024-03-25 03:45:00,224.71,225.3,225.26,2.1,3.19,2.6,0.229,0.115
MTR0001,2024-03-25 04:00:00,208.0,212.36,211.12,2.21,2.82,2.76,0.202,0.116
MTR0001,2024-03-25 04:15:00,208.0,212.36,211.12,2.21,2.82,2.76,0.202,0.116
MTR0001,2024-03-25 04:30:00,208.0,212.36,211.12,2.21,2.82,2.76,0.202,0.116
MTR0001,2024-03-25 04:45:00,208.0,212.36,211.12,2.21,2.82,2.76,0.202,0.116
MTR0001,2024-03-25 05:00:00,227.54,226.85,224.14,3.43,2.64,1.75,0.266,0.097
MTR0001,2024-03-25 05:15:00,227.54,226.85,224.14,3.43,2.64,1.75,0.266,0.097
MTR0001,2024-03-25 05:30:00,227.54,226.85,224.14,3.43,2.64,1.75,0.266,0.097
MTR0001,2024-03-25 05:45:00,227.54,226.85,224.14,3.43,2.64,1.75,0.266,0.097
MTR0001,2024-03-25 06:00:00,210.8,212.69,211.22,5.13,5.46,5.53,0.486,0.196
MTR0001,2024-03-25 06:15:00,210.8,212.69,211.22,5.13,5.46,5.53,0.486,0.196
MTR0001,2024-03-25 06:30:00,210.8,212.69,211.22,5.13,5.46,5.53,0.486,0.196
MTR0001,2024-03-25 06:45:00,210.8,212.69,211.22,5.13,5.46,5.53,0.486,0.196
MTR0001,2024-03-25 07:00:00,210.92,210.36,213.11,6.48,5.31,4.76,0.453,0.229
MTR0001,2024-03-25 07:15:00,210.92,210.36,213.11,6.48,5.31,4.76,0.453,0.229
MTR0001,2024-03-25 07:30:00,210.92,210.36,213.11,6.48,5.31,4.76,0.453,0.229
MTR0001,2024-03-25 07:45:00,210.92,210.36,213.11,6.48,5.31,4.76,0.453,0.229
MTR0001,2024-03-25 08:00:00,228.54,232.03,229.38,6.27,5.97,6.41,0.53,0.276
MTR0001,2024-03-25 08:15:00,228.54,232.03,229.38,6.27,5.97,6.41,0.53,0.276
MTR0001,2024-03-25 08:30:00,228.54,232.03,229.38,6.27,5.97,6.41,0.53,0.276
MTR0001,2024-03-25 08:45:00,228.54,232.03,229.38,6.27,5.97,6.41,0.53,0.276
MTR0001,2024-03-25 09:00:00,224.73,227.98,228.15,7.29,6.17,5.4,0.605,0.216
MTR0001,2024-03-25 09:15:00,224.73,227.98,228.15,7.29,6.17,5.4,0.605,0.216
MTR0001,2024-03-25 09:30:00,224.73,227.98,228.15,7.29,6.17,5.4,0.605,0.216
MTR0001,2024-03-25 09:45:00,224.73,227.98,228.15,7.29,6.17,5.4,0.605,0.216
MTR0001,2024-03-25 10:00:00,214.34,217.67,216.69,6.54,5.43,8.34,0.576,0.293
MTR0001,2024-03-25 10:15:00,214.34,217.67,216.69,6.54,5.43,8.34,0.576,0.293
MTR0001,2024-03-25 10:30:00,214.34,217.67,216.69,6.54,5.43,8.34,0.576,0.293
MTR0001,2024-03-25 10:45:00,214.34,217.67,216.69,6.54,5.43,8.34,0.576,0.293
MTR0001,2024-03-25 11:00:00,216.11,218.35,220.75,9.54,6.56,4.32,0.643,0.231
MTR0001,2024-03-25 11:15:00,216.11,218.35,220.75,9.54,6.56,4.32,0.643,0.231
MTR0001,2024-03-25 11:30:00,216.11,218.35,220.75,9.54,6.56,4.32,0.643,0.231
MTR0001,2024-03-25 11:45:00,216.11,218.35,220.75,9.54,6.56,4.32,0.643,0.231
MTR0001,2024-03-25 12:00:00,225.29,226.96,229.23,6.02,7.5,6.98,0.583,0.303
MTR0001,2024-03-25 12:15:00,225.29,226.96,229.23,6.02,7.5,6.98,0.583,0.303
MTR0001,2024-03-25 12:30:00,225.29,226.96,229.23,6.02,7.5,6.98,0.583,0.303
MTR0001,2024-03-25 12:45:00,225.29,226.96,229.23,6.02,7.5,6.98,0.583,0.303
MTR0001,2024-03-25 13:00:00,213.44,213.85,210.77,3.87,9.52,6.92,0.548,0.321
MTR0001,2024-03-25 13:15:00,213.44,213.85,210.77,3.87,9.52,6.92,0.548,0.321
MTR0001,2024-03-25 13:30:00,213.44,213.85,210.77,3.87,9.52,6.92,0.548,0.321
MTR0001,2024-03-25 13:45:00,213.44,213.85,210.77,3.87,9.52,6.92,0.548,0.321
MTR0001,2024-03-25 14:00:00,232.15,231.79,232.87,6.39,6.79,7.23,0.591,0.345
MTR0001,2024-03-25 14:15:00,232.15,231.79,232.87,6.39,6.79,7.23,0.591,0.345
MTR0001,2024-03-25 14:30:00,232.15,231.79,232.87,6.39,6.79,7.23,0.591,0.345
MTR0001,2024-03-25 14:45:00,232.15,231.79,232.87,6.39,6.79,7.23,0.591,0.345
MTR0001,2024-03-25 15:00:00,227.27,225.98,226.1,5.11,7.28,6.57,0.529,0.314
MTR0001,2024-03-25 15:15:00,227.27,225.98,226.1,5.11,7.28,6.57,0.529,0.314
MTR0001,2024-03-25 15:30:00,227.27,225.98,226.1,5.11,7.28,6.57,0.529,0.314
MTR0001,2024-03-25 15:45:00,227.27,225.98,226.1,5.11,7.28,6.57,0.529,0.314
MTR0001,2024-03-25 16:00:00,227.13,229.42,227.03,5.68,6.27,6.26,0.532,0.248
MTR0001,2024-03-25 16:15:00,227.13,229.42,227.03,5.68,6.27,6.26,0.532,0.248
MTR0001,2024-03-25 16:30:00,227.13,229.42,227.03,5.68,6.27,6.26,0.532,0.248
MTR0001,2024-03-25 16:45:00,227.13,229.42,227.03,5.68,6.27,6.26,0.532,0.248
MTR0001,2024-03-25 17:00:00,228.4,228.26,228.01,6.32,5.67,5.05,0.517,0.228
MTR0001,2024-03-25 17:15:00,228.4,228.26,228.01,6.32,5.67,5.05,0.517,0.228
MTR0001,2024-03-25 17:30:00,228.4,228.26,228.01,6.32,5.67,5.05,0.517,0.228
MTR0001,2024-03-25 17:45:00,228.4,228.26,228.01,6.32,5.67,5.05,0.517,0.228
MTR0001,2024-03-25 18:00:00,228.11,227.76,229.7,5.59,5.18,4.94,0.494,0.16
MTR0001,2024-03-25 18:15:00,228.11,227.76,229.7,5.59,5.18,4.94,0.494,0.16
MTR0001,2024-03-25 18:30:00,228.11,227.76,229.7,5.59,5.18,4.94,0.494,0.16
MTR0001,2024-03-25 18:45:00,228.11,227.76,229.7,5.59,5.18,4.94,0.494,0.16
MTR0001,2024-03-25 19:00:00,221.32,217.41,220.05,4.99,4.3,5.44,0.466,0.212
MTR0001,2024-03-25 19:15:00,221.32,217.41,220.05,4.99,4.3,5.44,0.466,0.212
MTR0001,2024-03-25 19:30:00,221.32,217.41,220.05,4.99,4.3,5.44,0.466,0.212
MTR0001,2024-03-25 19:45:00,221.32,217.41,220.05,4.99,4.3,5.44,0.466,0.212
MTR0001,2024-03-25 20:00:00,213.57,213.9,218.34,4.93,4.6,4.31,0.373,0.206
MTR0001,2024-03-25 20:15:00,213.57,213.9,218.34,4.93,4.6,4.31,0.373,0.206
MTR0001,2024-03-25 20:30:00,213.57,213.9,218.34,4.93,4.6,4.31,0.373,0.206
MTR0001,2024-03-25 20:45:00,213.57,213.9,218.34,4.93,4.6,4.31,0.373,0.206
MTR0001,2024-03-25 21:00:00,208.73,214.02,211.56,4.12,3.98,4.38,0.388,0.121
MTR0001,2024-03-25 21:15:00,208.73,214.02,211.56,4.12,3.98,4.38,0.388,0.121
MTR0001,2024-03-25 21:30:00,208.73,214.02,211.56,4.12,3.98,4.38,0.388,0.121
MTR0001,2024-03-25 21:45:00,208.73,214.02,211.56,4.12,3.98,4.38,0.388,0.121
MTR0001,2024-03-25 22:00:00,213.48,214.3,218.48,4.97,3.63,2.92,0.273,0.181
MTR0001,2024-03-25 22:15:00,213.48,214.3,218.48,4.97,3.63,2.92,0.273,0.181
MTR0001,2024-03-25 22:30:00,213.48,214.3,218.48,4.97,3.63,2.92,0.273,0.181
MTR0001,2024-03-25 22:45:00,213.48,214.3,218.48,4.97,3.63,2.92,0.273,0.181
MTR0001,2024-03-25 23:00:00,213.89,211.44,214.27,5.09,3.9,2.42,0.321,0.12
MTR0001,2024-03-25 23:15:00,213.89,211.44,214.27,5.09,3.9,2.42,0.321,0.12
MTR0001,2024-03-25 23:30:00,213.89,211.44,214.27,5.09,3.9,2.42,0.321,0.12
MTR0001,2024-03-25 23:45:00,213.89,211.44,214.27,5.09,3.9,2.42,0.321,0.12
MTR0001,2024-03-26 00:00:00,224.27,224.66,228.06,2.74,1.6,3.67,0.213,0.126
MTR0001,2024-03-26 00:15:00,224.27,224.66,228.06,2.74,1.6,3.67,0.213,0.126
MTR0001,2024-03-26 00:30:00,224.27,224.66,228.06,2.74,1.6,3.67,0.213,0.126
MTR0001,2024-03-26 00:45:00,224.27,224.66,228.06,2.74,1.6,3.67,0.213,0.126
MTR0001,2024-03-26 01:00:00,220.13,216.81,219.07,2.81,2.44,3.16,0.206,0.09
MTR0001,2024-03-26 01:15:00,220.13,216.81,219.07,2.81,2.44,3.16,0.206,0.09
MTR0001,2024-03-26 01:30:00,220.13,216.81,219.07,2.81,2.44,3.16,0.206,0.09
MTR0001,2024-03-26 01:45:00,220.13,216.81,219.07,2.81,2.44,3.16,0.206,0.09
MTR0001,2024-03-26 02:00:00,230.04,230.17,232.57,2.68,2.26,3.17,0.242,0.133
MTR0001,2024-03-26 02:15:00,230.04,230.17,232.57,2.68,2.26,3.17,0.242,0.133
MTR0001,2024-03-26 02:30:00,230.04,230.17,232.57,2.68,2.26,3.17,0.242,0.133
MTR0001,2024-03-26 02:45:00,230.04,230.17,232.57,2.68,2.26,3.17,0.242,0.133
MTR0001,2024-03-26 03:00:00,225.66,226.08,223.22,2.05,3.31,2.8,0.209,0.137
MTR0001,2024-03-26 03:15:00,225.66,226.08,223.22,2.05,3.31,2.8,0.209,0.137
MTR0001,2024-03-26 03:30:00,225.66,226.08,223.22,2.05,3.31,2.8,0.209,0.137
MTR0001,2024-03-26 03:45:00,225.66,226.08,223.22,2.05,3.31,2.8,0.209,0.137
MTR0001,2024-03-26 04:00:00,213.53,215.82,214.99,2.84,2.66,2.53,0.252,0.119
MTR0001,2024-03-26 04:15:00,213.53,215.82,214.99,2.84,2.66,2.53,0.252,0.119
MTR0001,2024-03-26 04:30:00,213.53,215.82,214.99,2.84,2.66,2.53,0.252,0.119
MTR0001,2024-03-26 04:45:00,213.53,215.82,214.99,2.84,2.66,2.53,0.252,0.119
MTR0001,2024-03-26 05:00:00,230.94,231.1,230.3,2.4,1.89,3.18,0.227,0.104
MTR0001,2024-03-26 05:15:00,230.94,231.1,230.3,2.4,1.89,3.18,0.227,0.104
MTR0001,2024-03-26 05:30:00,230.94,231.1,230.3,2.4,1.89,3.18,0.227,0.104
MTR0001,2024-03-26 05:45:00,230.94,231.1,230.3,2.4,1.89,3.18,0.227,0.104
MTR0001,2024-03-26 06:00:00,221.45,223.97,220.69,4.36,6.24,5.41,0.493,0.17
MTR0001,2024-03-26 06:15:00,221.45,223.97,220.69,4.36,6.24,5.41,0.493,0.17
MTR0001,2024-03-26 06:30:00,221.45,223.97,220.69,4.36,6.24,5.41,0.493,0.17
MTR0001,2024-03-26 06:45:00,221.45,223.97,220.69,4.36,6.24,5.41,0.493,0.17
MTR0001,2024-03-26 07:00:00,210.28,213.07,213.49,5.49,5.35,6.3,0.468,0.258
MTR0001,2024-03-26 07:15:00,210.28,213.07,213.49,5.49,5.35,6.3,0.468,0.258
MTR0001,2024-03-26 07:30:00,210.28,213.07,213.49,5.49,5.35,6.3,0.468,0.258
MTR0001,2024-03-26 07:45:00,210.28,213.07,213.49,5.49,5.35,6.3,0.468,0.258
MTR0001,2024-03-26 08:00:00,210.96,215.55,215.68,7.92,5.93,4.34,0.52,0.209
MTR0001,2024-03-26 08:15:00,210.96,215.55,215.68,7.92,5.93,4.34,0.52,0.209
MTR0001,2024-03-26 08:30:00,210.96,215.55,215.68,7.92,5.93,4.34,0.52,0.209
MTR0001,2024-03-26 08:45:00,210.96,215.55,215.68,7.92,5.93,4.34,0.52,0.209
MTR0001,2024-03-26 09:00:00,214.78,214.92,216.05,6.37,6.34,6.43,0.513,0.198
MTR0001,2024-03-26 09:15:00,214.78,214.92,216.05,6.37,6.34,6.43,0.513,0.198
MTR0001,2024-03-26 09:30:00,214.78,214.92,216.05,6.37,6.34,6.43,0.513,0.198
MTR0001,2024-03-26 09:45:00,214.78,214.92,216.05,6.37,6.34,6.43,0.513,0.198
MTR0001,2024-03-26 10:00:00,217.58,217.67,214.31,6.79,6.03,7.21,0.585,0.237
MTR0001,2024-03-26 10:15:00,217.58,217.67,214.31,6.79,6.03,7.21,0.585,0.237
MTR0001,2024-03-26 10:30:00,217.58,217.67,214.31,6.79,6.03,7.21,0.585,0.237
MTR0001,2024-03-26 10:45:00,217.58,217.67,214.31,6.79,6.03,7.21,0.585,0.237
MTR0001,2024-03-26 11:00:00,221.69,220.19,219.85,6.4,4.21,9.45,0.582,0.274
MTR0001,2024-03-26 11:15:00,221.69,220.19,219.85,6.4,4.21,9.45,0.582,0.274
MTR0001,2024-03-26 11:30:00,221.69,220.19,219.85,6.4,4.21,9.45,0.582,0.274
MTR0001,2024-03-26 11:45:00,221.69,220.19,219.85,6.4,4.21,9.45,0.582,0.274
MTR0001,2024-03-26 12:00:00,210.8,214.16,213.02,6.77,6.06,7.46,0.525,0.294
MTR0001,2024-03-26 12:15:00,210.8,214.16,213.02,6.77,6.06,7.46,0.525,0.294
MTR0001,2024-03-26 12:30:00,210.8,214.16,213.02,6.77,6.06,7.46,0.525,0.294
MTR0001,2024-03-26 12:45:00,210.8,214.16,213.02,6.77,6.06,7.46,0.525,0.294
MTR0001,2024-03-26 13:00:00,228.2,227.03,226.31,6.7,4.53,9.65,0.64,0.264
MTR0001,2024-03-26 13:15:00,228.2,227.03,226.31,6.7,4.53,9.65,0.64,0.264
MTR0001,2024-03-26 13:30:00,228.2,227.03,226.31,6.7,4.53,9.65,0.64,0.264
MTR0001,2024-03-26 13:45:00,228.2,227.03,226.31,6.7,4.53,9.65,0.64,0.264
MTR0001,2024-03-26 14:00:00,231.15,232.25,231.62,3.88,9.33,6.83,0.615,0.225
MTR0001,2024-03-26 14:15:00,231.15,232.25,231.62,3.88,9.33,6.83,0.615,0.225
MTR0001,2024-03-26 14:30:00,231.15,232.25,231.62,3.88,9.33,6.83,0.615,0.225
MTR0001,2024-03-26 14:45:00,231.15,232.25,231.62,3.88,9.33,6.83,0.615,0.225
MTR0001,2024-03-26 15:00:00,233.74,232.19,233.25,3.74,8.69,6.75,0.534,0.312
MTR0001,2024-03-26 15:15:00,233.74,232.19,233.25,3.74,8.69,6.75,0.534,0.312
MTR0001,2024-03-26 15:30:00,233.74,232.19,233.25,3.74,8.69,6.75,0.534,0.312
MTR0001,2024-03-26 15:45:00,233.74,232.19,233.25,3.74,8.69,6.75,0.534,0.312
MTR0001,2024-03-26 16:00:00,217.09,217.49,215.64,7.06,5.97,5.23,0.483,0.289
MTR0001,2024-03-26 16:15:00,217.09,217.49,215.64,7.06,5.97,5.23,0.483,0.289
MTR0001,2024-03-26 16:30:00,217.09,217.49,215.64,7.06,5.97,5.23,0.483,0.289
MTR0001,2024-03-26 16:45:00,217.09,217.49,215.64,7.06,5.97,5.23,0.483,0.289
MTR0001,2024-03-26 17:00:00,222.2,223.93,225.32,5.73,4.1,7.56,0.562,0.198
MTR0001,2024-03-26 17:15:00,222.2,223.93,225.32,5.73,4.1,7.56,0.562,0.198
MTR0001,2024-03-26 17:30:00,222.2,223.93,225.32,5.73,4.1,7.56,0.562,0.198
MTR0001,2024-03-26 17:45:00,222.2,223.93,225.32,5.73,4.1,7.56,0.562,0.198
MTR0001,2024-03-26 18:00:00,211.46,209.29,211.9,5.22,4.96,5.51,0.438,0.207
MTR0001,2024-03-26 18:15:00,211.46,209.29,211.9,5.22,4.96,5.51,0.438,0.207
MTR0001,2024-03-26 18:30:00,211.46,209.29,211.9,5.22,4.96,5.51,0.438,0.207
MTR0001,2024-03-26 18:45:00,211.46,209.29,211.9,5.22,4.96,5.51,0.438,0.207
MTR0001,2024-03-26 19:00:00,232.56,231.76,226.86,3.99,5.75,4.92,0.462,0.178
MTR0001,2024-03-26 19:15:00,232.56,231.76,226.86,3.99,5.75,4.92,0.462,0.178
MTR0001,2024-03-26 19:30:00,232.56,231.76,226.86,3.99,5.75,4.92,0.462,0.178
MTR0001,2024-03-26 19:45:00,232.56,231.76,226.86,3.99,5.75,4.92,0.462,0.178
MTR0001,2024-03-26 20:00:00,206.61,212.16,213.65,4.58,4.29,4.96,0.368,0.23
MTR0001,2024-03-26 20:15:00,206.61,212.16,213.65,4.58,4.29,4.96,0.368,0.23
MTR0001,2024-03-26 20:30:00,206.61,212.16,213.65,4.58,4.29,4.96,0.368,0.23
MTR0001,2024-03-26 20:45:00,206.61,212.16,213.65,4.58,4.29,4.96,0.368,0.23
MTR0001,2024-03-26 21:00:00,219.99,221.28,218.48,4.16,3.13,5.29,0.379,0.19
MTR0001,2024-03-26 21:15:00,219.99,221.28,218.48,4.16,3.13,5.29,0.379,0.19
MTR0001,2024-03-26 21:30:00,219.99,221.28,218.48,4.16,3.13,5.29,0.379,0.19
MTR0001,2024-03-26 21:45:00,219.99,221.28,218.48,4.16,3.13,5.29,0.379,0.19
MTR0001,2024-03-26 22:00:00,222.24,223.29,225.79,3.67,3.44,4.6,0.368,0.176
MTR0001,2024-03-26 22:15:00,222.24,223.29,225.79,3.67,3.44,4.6,0.368,0.176
MTR0001,2024-03-26 22:30:00,222.24,223.29,225.79,3.67,3.44,4.6,0.368,0.176
MTR0001,2024-03-26 22:45:00,222.24,223.29,225.79,3.67,3.44,4.6,0.368,0.176
MTR0001,2024-03-26 23:00:00,226.3,228.26,227.12,2.9,4.36,3.76,0.3,0.139
MTR0001,2024-03-26 23:15:00,226.3,228.26,227.12,2.9,4.36,3.76,0.3,0.139
MTR0001,2024-03-26 23:30:00,226.3,228.26,227.12,2.9,4.36,3.76,0.3,0.139
MTR0001,2024-03-26 23:45:00,226.3,228.26,227.12,2.9,4.36,3.76,0.3,0.139
MTR0001,2024-03-27 00:00:00,218.33,221.36,218.87,2.59,2.7,2.61,0.203,0.131
MTR0001,2024-03-27 00:15:00,218.33,221.36,218.87,2.59,2.7,2.61,0.203,0.131
MTR0001,2024-03-27 00:30:00,218.33,221.36,218.87,2.59,2.7,2.61,0.203,0.131
MTR0001,2024-03-27 00:45:00,218.33,221.36,218.87,2.59,2.7,2.61,0.203,0.131
MTR0001,2024-03-27 01:00:00,211.36,215.09,212.4,2.47,1.28,4.08,0.236,0.1
MTR0001,2024-03-27 01:15:00,211.36,215.09,212.4,2.47,1.28,4.08,0.236,0.1
MTR0001,2024-03-27 01:30:00,211.36,215.09,212.4,2.47,1.28,4.08,0.236,0.1
MTR0001,2024-03-27 01:45:00,211.36,215.09,212.4,2.47,1.28,4.08,0.236,0.1
MTR0001,2024-03-27 02:00:00,227.34,230.49,226.56,2.65,1.73,3.56,0.231,0.105
MTR0001,2024-03-27 02:15:00,227.34,230.49,226.56,2.65,1.73,3.56,0.231,0.105
MTR0001,2024-03-27 02:30:00,227.34,230.49,226.56,2.65,1.73,3.56,0.231,0.105
MTR0001,2024-03-27 02:45:00,227.34,230.49,226.56,2.65,1.73,3.56,0.231,0.105
MTR0001,2024-03-27 03:00:00,229.78,231.11,229.27,2.06,3.39,2.73,0.237,0.119
MTR0001,2024-03-27 03:15:00,229.78,231.11,229.27,2.06,3.39,2.73,0.237,0.119
MTR0001,2024-03-27 03:30:00,229.78,231.11,229.27,2.06,3.39,2.73,0.237,0.119
MTR0001,2024-03-27 03:45:00,229.78,231.11,229.27,2.06,3.39,2.73,0.237,0.119
MTR0001,2024-03-27 04:00:00,224.97,223.6,226.71,2.44,3.06,2.89,0.243,0.113
MTR0001,2024-03-27 04:15:00,224.97,223.6,226.71,2.44,3.06,2.89,0.243,0.113
MTR0001,2024-03-27 04:30:00,224.97,223.6,226.71,2.44,3.06,2.89,0.243,0.113
MTR0001,2024-03-27 04:45:00,224.97,223.6,226.71,2.44,3.06,2.89,0.243,0.113
MTR0001,2024-03-27 05:00:00,227.0,229.4,227.78,2.33,2.98,2.98,0.262,0.099
MTR0001,2024-03-27 05:15:00,227.0,229.4,227.78,2.33,2.98,2.98,0.262,0.099
MTR0001,2024-03-27 05:30:00,227.0,229.4,227.78,2.33,2.98,2.98,0.262,0.099
MTR0001,2024-03-27 05:45:00,227.0,229.4,227.78,2.33,2.98,2.98,0.262,0.099
MTR0001,2024-03-27 06:00:00,226.4,230.53,229.84,4.8,5.69,5.53,0.508,0.206
MTR0001,2024-03-27 06:15:00,226.4,230.53,229.84,4.8,5.69,5.53,0.508,0.206
MTR0001,2024-03-27 06:30:00,226.4,230.53,229.84,4.8,5.69,5.53,0.508,0.206
MTR0001,2024-03-27 06:45:00,226.4,230.53,229.84,4.8,5.69,5.53,0.508,0.206
MTR0001,2024-03-27 07:00:00,213.88,215.65,212.49,6.57,5.66,5.12,0.52,0.176
MTR0001,2024-03-27 07:15:00,213.88,215.65,212.49,6.57,5.66,5.12,0.52,0.176
MTR0001,2024-03-27 07:30:00,213.88,215.65,212.49,6.57,5.66,5.12,0.52,0.176
MTR0001,2024-03-27 07:45:00,213.88,215.65,212.49,6.57,5.66,5.12,0.52,0.176
MTR0001,2024-03-27 08:00:00,220.1,221.61,219.78,5.87,3.79,8.66,0.502,0.252
MTR0001,2024-03-27 08:15:00,220.1,221.61,219.78,5.87,3.79,8.66,0.502,0.252
MTR0001,2024-03-27 08:30:00,220.1,221.61,219.78,5.87,3.79,8.66,0.502,0.252
MTR0001,2024-03-27 08:45:00,220.1,221.61,219.78,5.87,3.79,8.66,0.502,0.252
MTR0001,2024-03-27 09:00:00,211.69,212.12,213.9,9.01,6.25,3.98,0.531,0.307
MTR0001,2024-03-27 09:15:00,211.69,212.12,213.9,9.01,6.25,3.98,0.531,0.307
MTR0001,2024-03-27 09:30:00,211.69,212.12,213.9,9.01,6.25,3.98,0.531,0.307
MTR0001,2024-03-27 09:45:00,211.69,212.12,213.9,9.01,6.25,3.98,0.531,0.307
MTR0001,2024-03-27 10:00:00,214.1,215.36,218.12,6.89,4.87,8.72,0.559,0.334
MTR0001,2024-03-27 10:15:00,214.1,215.36,218.12,6.89,4.87,8.72,0.559,0.334
MTR0001,2024-03-27 10:30:00,214.1,215.36,218.12,6.89,4.87,8.72,0.559,0.334
MTR0001,2024-03-27 10:45:00,214.1,215.36,218.12,6.89,4.87,8.72,0.559,0.334
MTR0001,2024-03-27 11:00:00,225.95,226.55,222.43,4.49,8.97,7.18,0.643,0.232
MTR0001,2024-03-27 11:15:00,225.95,226.55,222.43,4.49,8.97,7.18,0.643,0.232
MTR0001,2024-03-27 11:30:00,225.95,226.55,222.43,4.49,8.97,7.18,0.643,0.232
MTR0001,2024-03-27 11:45:00,225.95,226.55,222.43,4.49,8.97,7.18,0.643,0.232
MTR0001,2024-03-27 12:00:00,214.03,214.82,215.49,5.73,7.89,7.05,0.546,0.311
MTR0001,2024-03-27 12:15:00,214.03,214.82,215.49,5.73,7.89,7.05,0.546,0.311
MTR0001,2024-03-27 12:30:00,214.03,214.82,215.49,5.73,7.89,7.05,0.546,0.311
MTR0001,2024-03-27 12:45:00,214.03,214.82,215.49,5.73,7.89,7.05,0.546,0.311
MTR0001,2024-03-27 13:00:00,228.2,230.59,231.38,8.64,6.48,5.14,0.609,0.267
MTR0001,2024-03-27 13:15:00,228.2,230.59,231.38,8.64,6.48,5.14,0.609,0.267
MTR0001,2024-03-27 13:30:00,228.2,230.59,231.38,8.64,6.48,5.14,0.609,0.267
MTR0001,2024-03-27 13:45:00,228.2,230.59,231.38,8.64,6.48,5.14,0.609,0.267
MTR0001,2024-03-27 14:00:00,216.19,217.33,217.58,6.0,7.14,7.15,0.542,0.279
MTR0001,2024-03-27 14:15:00,216.19,217.33,217.58,6.0,7.14,7.15,0.542,0.279
MTR0001,2024-03-27 14:30:00,216.19,217.33,217.58,6.0,7.14,7.15,0.542,0.279
MTR0001,2024-03-27 14:45:00,216.19,217.33,217.58,6.0,7.14,7.15,0.542,0.279
MTR0001,2024-03-27 15:00:00,223.94,222.93,221.59,8.72,6.26,3.84,0.533,0.269
MTR0001,2024-03-27 15:15:00,223.94,222.93,221.59,8.72,6.26,3.84,0.533,0.269
MTR0001,2024-03-27 15:30:00,223.94,222.93,221.59,8.72,6.26,3.84,0.533,0.269
MTR0001,2024-03-27 15:45:00,223.94,222.93,221.59,8.72,6.26,3.84,0.533,0.269
MTR0001,2024-03-27 16:00:00,216.55,220.55,221.59,6.04,5.02,6.88,0.535,0.259
MTR0001,2024-03-27 16:15:00,216.55,220.55,221.59,6.04,5.02,6.88,0.535,0.259
MTR0001,2024-03-27 16:30:00,216.55,220.55,221.59,6.04,5.02,6.88,0.535,0.259
MTR0001,2024-03-27 16:45:00,216.55,220.55,221.59,6.04,5.02,6.88,0.535,0.259
MTR0001,2024-03-27 17:00:00,215.81,211.68,209.62,5.87,4.19,7.28,0.477,0.266
MTR0001,2024-03-27 17:15:00,215.81,211.68,209.62,5.87,4.19,7.28,0.477,0.266
MTR0001,2024-03-27 17:30:00,215.81,211.68,209.62,5.87,4.19,7.28,0.477,0.266
MTR0001,2024-03-27 17:45:00,215.81,211.68,209.62,5.87,4.19,7.28,0.477,0.266
MTR0001,2024-03-27 18:00:00,226.2,224.91,227.49,6.35,5.1,4.18,0.448,0.175
MTR0001,2024-03-27 18:15:00,226.2,224.91,227.49,6.35,5.1,4.18,0.448,0.175
MTR0001,2024-03-27 18:30:00,226.2,224.91,227.49,6.35,5.1,4.18,0.448,0.175
MTR0001,2024-03-27 18:45:00,226.2,224.91,227.49,6.35,5.1,4.18,0.448,0.175
MTR0001,2024-03-27 19:00:00,223.5,223.58,223.49,3.03,6.44,5.1,0.399,0.226
MTR0001,2024-03-27 19:15:00,223.5,223.58,223.49,3.03,6.44,5.1,0.399,0.226
MTR0001,2024-03-27 19:30:00,223.5,223.58,223.49,3.03,6.44,5.1,0.399,0.226
MTR0001,2024-03-27 19:45:00,223.5,223.58,223.49,3.03,6.44,5.1,0.399,0.226
MTR0001,2024-03-27 20:00:00,226.9,227.39,226.22,5.14,4.34,3.7,0.376,0.162
MTR0001,2024-03-27 20:15:00,226.9,227.39,226.22,5.14,4.34,3.7,0.376,0.162
MTR0001,2024-03-27 20:30:00,226.9,227.39,226.22,5.14,4.34,3.7,0.376,0.162
MTR0001,2024-03-27 20:45:00,226.9,227.39,226.22,5.14,4.34,3.7,0.376,0.162
MTR0001,2024-03-27 21:00:00,217.7,218.53,215.07,2.43,5.86,4.41,0.364,0.158
MTR0001,2024-03-27 21:15:00,217.7,218.53,215.07,2.43,5.86,4.41,0.364,0.158
MTR0001,2024-03-27 21:30:00,217.7,218.53,215.07,2.43,5.86,4.41,0.364,0.158
MTR0001,2024-03-27 21:45:00,217.7,218.53,215.07,2.43,5.86,4.41,0.364,0.158
MTR0001,2024-03-27 22:00:00,232.63,231.37,232.08,5.43,4.17,2.56,0.385,0.18
MTR0001,2024-03-27 22:15:00,232.63,231.37,232.08,5.43,4.17,2.56,0.385,0.18
MTR0001,2024-03-27 22:30:00,232.63,231.37,232.08,5.43,4.17,2.56,0.385,0.18
MTR0001,2024-03-27 22:45:00,232.63,231.37,232.08,5.43,4.17,2.56,0.385,0.18
MTR0001,2024-03-27 23:00:00,209.06,210.54,211.39,3.79,1.84,5.73,0.303,0.173
MTR0001,2024-03-27 23:15:00,209.06,210.54,211.39,3.79,1.84,5.73,0.303,0.173
MTR0001,2024-03-27 23:30:00,209.06,210.54,211.39,3.79,1.84,5.73,0.303,0.173
MTR0001,2024-03-27 23:45:00,209.06,210.54,211.39,3.79,1.84,5.73,0.303,0.173
MTR0001,2024-03-28 00:00:00,228.51,230.55,227.17,2.4,1.33,3.8,0.229,0.086
MTR0001,2024-03-28 00:15:00,228.51,230.55,227.17,2.4,1.33,3.8,0.229,0.086
MTR0001,2024-03-28 00:30:00,228.51,230.55,227.17,2.4,1.33,3.8,0.229,0.086
MTR0001,2024-03-28 00:45:00,228.51,230.55,227.17,2.4,1.33,3.8,0.229,0.086
MTR0001,2024-03-28 01:00:00,214.11,216.59,217.06,2.64,2.37,3.16,0.252,0.142
MTR0001,2024-03-28 01:15:00,214.11,216.59,217.06,2.64,2.37,3.16,0.252,0.142
MTR0001,2024-03-28 01:30:00,214.11,216.59,217.06,2.64,2.37,3.16,0.252,0.142
MTR0001,2024-03-28 01:45:00,214.11,216.59,217.06,2.64,2.37,3.16,0.252,0.142
MTR0001,2024-03-28 02:00:00,220.59,220.25,219.62,2.88,2.75,2.58,0.25,0.118
MTR0001,2024-03-28 02:15:00,220.59,220.25,219.62,2.88,2.75,2.58,0.25,0.118
MTR0001,2024-03-28 02:30:00,220.59,220.25,219.62,2.88,2.75,2.58,0.25,0.118
MTR0001,2024-03-28 02:45:00,220.59,220.25,219.62,2.88,2.75,2.58,0.25,0.118
MTR0001,2024-03-28 03:00:00,217.79,214.22,214.92,3.35,2.62,2.19,0.251,0.104
MTR0001,2024-03-28 03:15:00,217.79,214.22,214.92,3.35,2.62,2.19,0.251,0.104
MTR0001,2024-03-28 03:30:00,217.79,214.22,214.92,3.35,2.62,2.19,0.251,0.104
MTR0001,2024-03-28 03:45:00,217.79,214.22,214.92,3.35,2.62,2.19,0.251,0.104
MTR0001,2024-03-28 04:00:00,221.71,226.37,225.62,1.83,3.51,2.77,0.234,0.11
MTR0001,2024-03-28 04:15:00,221.71,226.37,225.62,1.83,3.51,2.77,0.234,0.11
MTR0001,2024-03-28 04:30:00,221.71,226.37,225.62,1.83,3.51,2.77,0.234,0.11
MTR0001,2024-03-28 04:45:00,221.71,226.37,225.62,1.83,3.51,2.77,0.234,0.11
MTR0001,2024-03-28 05:00:00,222.07,223.14,221.15,3.01,2.55,2.26,0.219,0.115
MTR0001,2024-03-28 05:15:00,222.07,223.14,221.15,3.01,2.55,2.26,0.219,0.115
MTR0001,2024-03-28 05:30:00,222.07,223.14,221.15,3.01,2.55,2.26,0.219,0.115
MTR0001,2024-03-28 05:45:00,222.07,223.14,221.15,3.01,2.55,2.26,0.219,0.115
MTR0001,2024-03-28 06:00:00,225.17,229.6,225.63,7.17,5.04,3.74,0.474,0.223
MTR0001,2024-03-28 06:15:00,225.17,229.6,225.63,7.17,5.04,3.74,0.474,0.223
MTR0001,2024-03-28 06:30:00,225.17,229.6,225.63,7.17,5.04,3.74,0.474,0.223
MTR0001,2024-03-28 06:45:00,225.17,229.6,225.63,7.17,5.04,3.74,0.474,0.223
MTR0001,2024-03-28 07:00:00,219.62,220.54,219.23,6.23,5.65,5.1,0.504,0.206
MTR0001,2024-03-28 07:15:00,219.62,220.54,219.23,6.23,5.65,5.1,0.504,0.206
MTR0001,2024-03-28 07:30:00,219.62,220.54,219.23,6.23,5.65,5.1,0.504,0.206
MTR0001,2024-03-28 07:45:00,219.62,220.54,219.23,6.23,5.65,5.1,0.504,0.206
MTR0001,2024-03-28 08:00:00,213.68,213.2,217.27,3.28,8.73,6.0,0.507,0.285
MTR0001,2024-03-28 08:15:00,213.68,213.2,217.27,3.28,8.73,6.0,0.507,0.285
MTR0001,2024-03-28 08:30:00,213.68,213.2,217.27,3.28,8.73,6.0,0.507,0.285
MTR0001,2024-03-28 08:45:00,213.68,213.2,217.27,3.28,8.73,6.0,0.507,0.285
MTR0001,2024-03-28 09:00:00,211.44,215.5,212.05,6.58,3.8,9.05,0.562,0.233
MTR0001,2024-03-28 09:15:00,211.44,215.5,212.05,6.58,3.8,9.05,0.562,0.233
MTR0001,2024-03-28 09:30:00,211.44,215.5,212.05,6.58,3.8,9.05,0.562,0.233
MTR0001,2024-03-28 09:45:00,211.44,215.5,212.05,6.58,3.8,9.05,0.562,0.233
MTR0001,2024-03-28 10:00:00,229.71,230.92,231.6,6.64,6.83,6.85,0.582,0.322
MTR0001,2024-03-28 10:15:00,229.71,230.92,231.6,6.64,6.83,6.85,0.582,0.322
MTR0001,2024-03-28 10:30:00,229.71,230.92,231.6,6.64,6.83,6.85,0.582,0.322
MTR0001,2024-03-28 10:45:00,229.71,230.92,231.6,6.64,6.83,6.85,0.582,0.322
MTR0001,2024-03-28 11:00:00,218.85,218.6,220.33,8.69,6.58,4.78,0.572,0.254
MTR0001,2024-03-28 11:15:00,218.85,218.6,220.33,8.69,6.58,4.78,0.572,0.254
MTR0001,2024-03-28 11:30:00,218.85,218.6,220.33,8.69,6.58,4.78,0.572,0.254
MTR0001,2024-03-28 11:45:00,218.85,218.6,220.33,8.69,6.58,4.78,0.572,0.254
MTR0001,2024-03-28 12:00:00,216.11,219.2,219.55,6.69,5.02,8.67,0.602,0.239
MTR0001,2024-03-28 12:15:00,216.11,219.2,219.55,6.69,5.02,8.67,0.602,0.239
MTR0001,2024-03-28 12:30:00,216.11,219.2,219.55,6.69,5.02,8.67,0.602,0.239
MTR0001,2024-03-28 12:45:00,216.11,219.2,219.55,6.69,5.02,8.67,0.602,0.239
MTR0001,2024-03-28 13:00:00,209.99,208.3,209.3,6.94,6.7,6.99,0.57,0.245
MTR0001,2024-03-28 13:15:00,209.99,208.3,209.3,6.94,6.7,6.99,0.57,0.245
MTR0001,2024-03-28 13:30:00,209.99,208.3,209.3,6.94,6.7,6.99,0.57,0.245
MTR0001,2024-03-28 13:45:00,209.99,208.3,209.3,6.94,6.7,6.99,0.57,0.245
MTR0001,2024-03-28 14:00:00,218.05,215.7,217.13,6.26,6.48,6.88,0.57,0.234
MTR0001,2024-03-28 14:15:00,218.05,215.7,217.13,6.26,6.48,6.88,0.57,0.234
MTR0001,2024-03-28 14:30:00,218.05,215.7,217.13,6.26,6.48,6.88,0.57,0.234
MTR0001,2024-03-28 14:45:00,218.05,215.7,217.13,6.26,6.48,6.88,0.57,0.234
MTR0001,2024-03-28 15:00:00,218.6,218.71,221.13,8.92,6.43,3.45,0.555,0.232
MTR0001,2024-03-28 15:15:00,218.6,218.71,221.13,8.92,6.43,3.45,0.555,0.232
MTR0001,2024-03-28 15:30:00,218.6,218.71,221.13,8.92,6.43,3.45,0.555,0.232
MTR0001,2024-03-28 15:45:00,218.6,218.71,221.13,8.92,6.43,3.45,0.555,0.232
MTR0001,2024-03-28 16:00:00,230.45,231.78,228.9,9.11,6.13,3.26,0.538,0.291
MTR0001,2024-03-28 16:15:00,230.45,231.78,228.9,9.11,6.13,3.26,0.538,0.291
MTR0001,2024-03-28 16:30:00,230.45,231.78,228.9,9.11,6.13,3.26,0.538,0.291
MTR0001,2024-03-28 16:45:00,230.45,231.78,228.9,9.11,6.13,3.26,0.538,0.291
MTR0001,2024-03-28 17:00:00,216.38,211.34,214.98,5.88,4.33,7.38,0.476,0.201
MTR0001,2024-03-28 17:15:00,216.38,211.34,214.98,5.88,4.33,7.38,0.476,0.201
MTR0001,2024-03-28 17:30:00,216.38,211.34,214.98,5.88,4.33,7.38,0.476,0.201
MTR0001,2024-03-28 17:45:00,216.38,211.34,214.98,5.88,4.33,7.38,0.476,0.201
MTR0001,2024-03-28 18:00:00,232.97,230.42,230.28,7.2,5.1,3.4,0.515,0.195
MTR0001,2024-03-28 18:15:00,232.97,230.42,230.28,7.2,5.1,3.4,0.515,0.195
MTR0001,2024-03-28 18:30:00,232.97,230.42,230.28,7.2,5.1,3.4,0.515,0.195
MTR0001,2024-03-28 18:45:00,232.97,230.42,230.28,7.2,5.1,3.4,0.515,0.195
MTR0001,2024-03-28 19:00:00,219.24,220.58,221.02,7.27,4.66,2.31,0.393,0.202
MTR0001,2024-03-28 19:15:00,219.24,220.58,221.02,7.27,4.66,2.31,0.393,0.202
MTR0001,2024-03-28 19:30:00,219.24,220.58,221.02,7.27,4.66,2.31,0.393,0.202
MTR0001,2024-03-28 19:45:00,219.24,220.58,221.02,7.27,4.66,2.31,0.393,0.202
MTR0001,2024-03-28 20:00:00,217.26,217.21,216.47,3.28,5.72,4.56,0.384,0.189
MTR0001,2024-03-28 20:15:00,217.26,217.21,216.47,3.28,5.72,4.56,0.384,0.189
MTR0001,2024-03-28 20:30:00,217.26,217.21,216.47,3.28,5.72,4.56,0.384,0.189
MTR0001,2024-03-28 20:45:00,217.26,217.21,216.47,3.28,5.72,4.56,0.384,0.189
MTR0001,2024-03-28 21:00:00,216.58,216.21,214.46,4.5,4.02,3.94,0.362,0.128
MTR0001,2024-03-28 21:15:00,216.58,216.21,214.46,4.5,4.02,3.94,0.362,0.128
MTR0001,2024-03-28 21:30:00,216.58,216.21,214.46,4.5,4.02,3.94,0.362,0.128
MTR0001,2024-03-28 21:45:00,216.58,216.21,214.46,4.5,4.02,3.94,0.362,0.128
MTR0001,2024-03-28 22:00:00,212.58,215.2,216.29,2.61,4.94,4.24,0.333,0.158
MTR0001,2024-03-28 22:15:00,212.58,215.2,216.29,2.61,4.94,4.24,0.333,0.158
MTR0001,2024-03-28 22:30:00,212.58,215.2,216.29,2.61,4.94,4.24,0.333,0.158
MTR0001,2024-03-28 22:45:00,212.58,215.2,216.29,2.61,4.94,4.24,0.333,0.158
MTR0001,2024-03-28 23:00:00,213.52,215.4,211.89,4.84,3.66,3.05,0.314,0.167
MTR0001,2024-03-28 23:15:00,213.52,215.4,211.89,4.84,3.66,3.05,0.314,0.167
MTR0001,2024-03-28 23:30:00,213.52,215.4,211.89,4.84,3.66,3.05,0.314,0.167
MTR0001,2024-03-28 23:45:00,213.52,215.4,211.89,4.84,3.66,3.05,0.314,0.167
MTR0001,2024-03-29 00:00:00,216.01,218.91,218.44,3.69,2.45,1.42,0.246,0.084
MTR0001,2024-03-29 00:15:00,216.01,218.91,218.44,3.69,2.45,1.42,0.246,0.084
MTR0001,2024-03-29 00:30:00,216.01,218.91,218.44,3.69,2.45,1.42,0.246,0.084
MTR0001,2024-03-29 00:45:00,216.01,218.91,218.44,3.69,2.45,1.42,0.246,0.084
MTR0001,2024-03-29 01:00:00,212.9,215.77,215.16,1.97,3.12,2.67,0.238,0.118
MTR0001,2024-03-29 01:15:00,212.9,215.77,215.16,1.97,3.12,2.67,0.238,0.118
MTR0001,2024-03-29 01:30:00,212.9,215.77,215.16,1.97,3.12,2.67,0.238,0.118
MTR0001,2024-03-29 01:45:00,212.9,215.77,215.16,1.97,3.12,2.67,0.238,0.118
MTR0001,2024-03-29 02:00:00,216.62,216.53,221.71,2.57,2.52,2.64,0.196,0.099
MTR0001,2024-03-29 02:15:00,216.62,216.53,221.71,2.57,2.52,2.64,0.196,0.099
MTR0001,2024-03-29 02:30:00,216.62,216.53,221.71,2.57,2.52,2.64,0.196,0.099
MTR0001,2024-03-29 02:45:00,216.62,216.53,221.71,2.57,2.52,2.64,0.196,0.099
MTR0001,2024-03-29 03:00:00,218.67,217.47,215.96,2.76,2.31,2.62,0.2,0.108
MTR0001,2024-03-29 03:15:00,218.67,217.47,215.96,2.76,2.31,2.62,0.2,0.108
MTR0001,2024-03-29 03:30:00,218.67,217.47,215.96,2.76,2.31,2.62,0.2,0.108
MTR0001,2024-03-29 03:45:00,218.67,217.47,215.96,2.76,2.31,2.62,0.2,0.108
MTR0001,2024-03-29 04:00:00,227.62,227.54,227.87,2.62,2.79,2.62,0.226,0.119
MTR0001,2024-03-29 04:15:00,227.62,227.54,227.87,2.62,2.79,2.62,0.226,0.119
MTR0001,2024-03-29 04:30:00,227.62,227.54,227.87,2.62,2.79,2.62,0.226,0.119
MTR0001,2024-03-29 04:45:00,227.62,227.54,227.87,2.62,2.79,2.62,0.226,0.119
MTR0001,2024-03-29 05:00:00,228.03,228.17,226.89,2.81,2.68,2.04,0.211,0.094
MTR0001,2024-03-29 05:15:00,228.03,228.17,226.89,2.81,2.68,2.04,0.211,0.094
MTR0001,2024-03-29 05:30:00,228.03,228.17,226.89,2.81,2.68,2.04,0.211,0.094
MTR0001,2024-03-29 05:45:00,228.03,228.17,226.89,2.81,2.68,2.04,0.211,0.094
MTR0001,2024-03-29 06:00:00,226.68,226.46,228.7,5.1,3.92,6.32,0.469,0.17
MTR0001,2024-03-29 06:15:00,226.68,226.46,228.7,5.1,3.92,6.32,0.469,0.17
MTR0001,2024-03-29 06:30:00,226.68,226.46,228.7,5.1,3.92,6.32,0.469,0.17
MTR0001,2024-03-29 06:45:00,226.68,226.46,228.7,5.1,3.92,6.32,0.469,0.17
MTR0001,2024-03-29 07:00:00,232.67,233.11,231.82,5.84,5.32,5.48,0.498,0.241
MTR0001,2024-03-29 07:15:00,232.67,233.11,231.82,5.84,5.32,5.48,0.498,0.241
MTR0001,2024-03-29 07:30:00,232.67,233.11,231.82,5.84,5.32,5.48,0.498,0.241
MTR0001,2024-03-29 07:45:00,232.67,233.11,231.82,5.84,5.32,5.48,0.498,0.241
MTR0001,2024-03-29 08:00:00,213.98,218.35,219.13,7.65,5.99,4.7,0.539,0.234
MTR0001,2024-03-29 08:15:00,213.98,218.35,219.13,7.65,5.99,4.7,0.539,0.234
MTR0001,2024-03-29 08:30:00,213.98,218.35,219.13,7.65,5.99,4.7,0.539,0.234
MTR0001,2024-03-29 08:45:00,213.98,218.35,219.13,7.65,5.99,4.7,0.539,0.234
MTR0001,2024-03-29 09:00:00,221.65,219.85,221.68,5.18,7.29,6.54,0.529,0.236
MTR0001,2024-03-29 09:15:00,221.65,219.85,221.68,5.18,7.29,6.54,0.529,0.236
MTR0001,2024-03-29 09:30:00,221.65,219.85,221.68,5.18,7.29,6.54,0.529,0.236
MTR0001,2024-03-29 09:45:00,221.65,219.85,221.68,5.18,7.29,6.54,0.529,0.236
MTR0001,2024-03-29 10:00:00,229.89,228.48,229.76,9.41,6.9,4.14,0.627,0.27
MTR0001,2024-03-29 10:15:00,229.89,228.48,229.76,9.41,6.9,4.14,0.627,0.27
MTR0001,2024-03-29 10:30:00,229.89,228.48,229.76,9.41,6.9,4.14,0.627,0.27
MTR0001,2024-03-29 10:45:00,229.89,228.48,229.76,9.41,6.9,4.14,0.627,0.27
MTR0001,2024-03-29 11:00:00,224.92,223.73,225.45,5.39,8.19,7.17,0.607,0.326
MTR0001,2024-03-29 11:15:00,224.92,223.73,225.45,5.39,8.19,7.17,0.607,0.326
MTR0001,2024-03-29 11:30:00,224.92,223.73,225.45,5.39,8.19,7.17,0.607,0.326
MTR0001,2024-03-29 11:45:00,224.92,223.73,225.45,5.39,8.19,7.17,0.607,0.326
MTR0001,2024-03-29 12:00:00,213.23,215.25,211.27,5.33,8.26,7.22,0.581,0.328
MTR0001,2024-03-29 12:15:00,213.23,215.25,211.27,5.33,8.26,7.22,0.581,0.328
MTR0001,2024-03-29 12:30:00,213.23,215.25,211.27,5.33,8.26,7.22,0.581,0.328
MTR0001,2024-03-29 12:45:00,213.23,215.25,211.27,5.33,8.26,7.22,0.581,0.328
MTR0001,2024-03-29 13:00:00,230.04,230.94,229.52,6.69,7.03,7.16,0.583,0.31
MTR0001,2024-03-29 13:15:00,230.04,230.94,229.52,6.69,7.03,7.16,0.583,0.31
MTR0001,2024-03-29 13:30:00,230.04,230.94,229.52,6.69,7.03,7.16,0.583,0.31
MTR0001,2024-03-29 13:45:00,230.04,230.94,229.52,6.69,7.03,7.16,0.583,0.31
MTR0001,2024-03-29 14:00:00,219.26,221.29,222.42,9.28,6.36,4.33,0.594,0.24
MTR0001,2024-03-29 14:15:00,219.26,221.29,222.42,9.28,6.36,4.33,0.594,0.24
MTR0001,2024-03-29 14:30:00,219.26,221.29,222.42,9.28,6.36,4.33,0.594,0.24
MTR0001,2024-03-29 14:45:00,219.26,221.29,222.42,9.28,6.36,4.33,0.594,0.24
MTR0001,2024-03-29 15:00:00,210.87,210.15,211.86,4.67,7.88,6.48,0.493,0.261
MTR0001,2024-03-29 15:15:00,210.87,210.15,211.86,4.67,7.88,6.48,0.493,0.261
MTR0001,2024-03-29 15:30:00,210.87,210.15,211.86,4.67,7.88,6.48,0.493,0.261
MTR0001,2024-03-29 15:45:00,210.87,210.15,211.86,4.67,7.88,6.48,0.493,0.261
MTR0001,2024-03-29 16:00:00,212.56,211.81,212.91,4.69,7.59,6.09,0.523,0.262
MTR0001,2024-03-29 16:15:00,212.56,211.81,212.91,4.69,7.59,6.09,0.523,0.262
MTR0001,2024-03-29 16:30:00,212.56,211.81,212.91,4.69,7.59,6.09,0.523,0.262
MTR0001,2024-03-29 16:45:00,212.56,211.81,212.91,4.69,7.59,6.09,0.523,0.262
MTR0001,2024-03-29 17:00:00,219.58,219.72,219.61,8.38,5.48,2.83,0.482,0.239
MTR0001,2024-03-29 17:15:00,219.58,219.72,219.61,8.38,5.48,2.83,0.482,0.239
MTR0001,2024-03-29 17:30:00,219.58,219.72,219.61,8.38,5.48,2.83,0.482,0.239
MTR0001,2024-03-29 17:45:00,219.58,219.72,219.61,8.38,5.48,2.83,0.482,0.239
MTR0001,2024-03-29 18:00:00,228.87,227.37,228.68,5.23,5.45,5.81,0.494,0.242
MTR0001,2024-03-29 18:15:00,228.87,227.37,228.68,5.23,5.45,5.81,0.494,0.242
MTR0001,2024-03-29 18:30:00,228.87,227.37,228.68,5.23,5.45,5.81,0.494,0.242
MTR0001,2024-03-29 18:45:00,228.87,227.37,228.68,5.23,5.45,5.81,0.494,0.242
MTR0001,2024-03-29 19:00:00,226.15,224.65,224.18,2.94,6.47,4.99,0.443,0.216
MTR0001,2024-03-29 19:15:00,226.15,224.65,224.18,2.94,6.47,4.99,0.443,0.216
MTR0001,2024-03-29 19:30:00,226.15,224.65,224.18,2.94,6.47,4.99,0.443,0.216
MTR0001,2024-03-29 19:45:00,226.15,224.65,224.18,2.94,6.47,4.99,0.443,0.216
MTR0001,2024-03-29 20:00:00,229.93,225.65,228.19,5.96,4.54,3.45,0.375,0.238
MTR0001,2024-03-29 20:15:00,229.93,225.65,228.19,5.96,4.54,3.45,0.375,0.238
MTR0001,2024-03-29 20:30:00,229.93,225.65,228.19,5.96,4.54,3.45,0.375,0.238
MTR0001,2024-03-29 20:45:00,229.93,225.65,228.19,5.96,4.54,3.45,0.375,0.238
MTR0001,2024-03-29 21:00:00,213.51,213.22,214.44,4.64,4.22,3.53,0.331,0.199
MTR0001,2024-03-29 21:15:00,213.51,213.22,214.44,4.64,4.22,3.53,0.331,0.199
MTR0001,2024-03-29 21:30:00,213.51,213.22,214.44,4.64,4.22,3.53,0.331,0.199
MTR0001,2024-03-29 21:45:00,213.51,213.22,214.44,4.64,4.22,3.53,0.331,0.199
MTR0001,2024-03-29 22:00:00,226.91,227.18,228.8,4.23,3.97,3.11,0.307,0.177
MTR0001,2024-03-29 22:15:00,226.91,227.18,228.8,4.23,3.97,3.11,0.307,0.177
MTR0001,2024-03-29 22:30:00,226.91,227.18,228.8,4.23,3.97,3.11,0.307,0.177
MTR0001,2024-03-29 22:45:00,226.91,227.18,228.8,4.23,3.97,3.11,0.307,0.177
MTR0001,2024-03-29 23:00:00,217.49,218.74,220.22,5.44,3.73,2.43,0.348,0.165
MTR0001,2024-03-29 23:15:00,217.49,218.74,220.22,5.44,3.73,2.43,0.348,0.165
MTR0001,2024-03-29 23:30:00,217.49,218.74,220.22,5.44,3.73,2.43,0.348,0.165
MTR0001,2024-03-29 23:45:00,217.49,218.74,220.22,5.44,3.73,2.43,0.348,0.165
MTR0001,2024-03-30 00:00:00,230.82,230.72,231.0,2.19,1.69,1.18,0.146,0.067
MTR0001,2024-03-30 00:15:00,230.82,230.72,231.0,2.62,2.04,1.45,0.179,0.081
MTR0001,2024-03-30 00:30:00,230.82,230.72,231.0,2.62,2.04,1.45,0.179,0.081
MTR0001,2024-03-30 00:45:00,230.82,230.72,231.0,2.62,2.04,1.45,0.179,0.081
MTR0001,2024-03-30 01:00:00,226.02,225.65,225.83,2.0,1.58,2.2,0.205,0.066
MTR0001,2024-03-30 01:15:00,226.02,225.65,225.83,2.05,1.63,2.25,0.21,0.067
MTR0001,2024-03-30 01:30:00,226.02,225.65,225.83,2.05,1.63,2.25,0.21,0.067
MTR0001,2024-03-30 01:45:00,226.02,225.65,225.83,2.05,1.63,2.25,0.21,0.067
MTR0001,2024-03-30 02:00:00,220.22,224.02,223.51,2.21,2.33,2.27,0.197,0.113
MTR0001,2024-03-30 02:15:00,220.22,224.02,223.51,1.82,1.96,1.89,0.165,0.095
MTR0001,2024-03-30 02:30:00,220.22,224.02,223.51,1.82,1.96,1.89,0.165,0.095
MTR0001,2024-03-30 02:45:00,220.22,224.02,223.51,1.82,1.96,1.89,0.165,0.095
MTR0001,2024-03-30 03:00:00,225.84,228.73,224.8,0.64,2.32,1.93,0.144,0.065
MTR0001,2024-03-30 03:15:00,225.84,228.73,224.8,0.72,2.54,2.09,0.157,0.071
MTR0001,2024-03-30 03:30:00,225.84,228.73,224.8,0.72,2.54,2.09,0.157,0.071
MTR0001,2024-03-30 03:45:00,225.84,228.73,224.8,0.72,2.54,2.09,0.157,0.071
MTR0001,2024-03-30 04:00:00,207.62,210.73,212.09,1.32,2.07,1.92,0.173,0.069
MTR0001,2024-03-30 04:15:00,207.62,210.73,212.09,1.5,2.31,2.14,0.19,0.078
MTR0001,2024-03-30 04:30:00,207.62,210.73,212.09,1.5,2.31,2.14,0.19,0.078
MTR0001,2024-03-30 04:45:00,207.62,210.73,212.09,1.5,2.31,2.14,0.19,0.078
MTR0001,2024-03-30 05:00:00,220.81,223.11,224.61,1.97,1.8,2.52,0.177,0.099
MTR0001,2024-03-30 05:15:00,220.81,223.11,224.61,1.74,1.61,2.26,0.158,0.088
MTR0001,2024-03-30 05:30:00,220.81,223.11,224.61,1.74,1.61,2.26,0.158,0.088
MTR0001,2024-03-30 05:45:00,220.81,223.11,224.61,1.74,1.61,2.26,0.158,0.088
MTR0001,2024-03-30 06:00:00,218.22,220.0,220.14,5.51,3.73,2.05,0.35,0.124
MTR0001,2024-03-30 06:15:00,218.22,220.0,220.14,5.06,3.43,1.88,0.324,0.114
MTR0001,2024-03-30 06:30:00,218.22,220.0,220.14,5.06,3.43,1.88,0.324,0.114
MTR0001,2024-03-30 06:45:00,218.22,220.0,220.14,5.06,3.43,1.88,0.324,0.114
MTR0001,2024-03-30 07:00:00,223.66,226.58,224.16,4.29,3.46,2.82,0.306,0.126
MTR0001,2024-03-30 07:15:00,223.66,226.58,224.16,4.67,3.76,3.06,0.334,0.137
MTR0001,2024-03-30 07:30:00,223.66,226.58,224.16,4.67,3.76,3.06,0.334,0.137
MTR0001,2024-03-30 07:45:00,223.66,226.58,224.16,4.67,3.76,3.06,0.334,0.137
MTR0001,2024-03-30 08:00:00,227.54,227.12,226.8,3.43,5.48,4.4,0.384,0.228
MTR0001,2024-03-30 08:15:00,227.54,227.12,226.8,3.37,5.38,4.31,0.377,0.224
MTR0001,2024-03-30 08:30:00,227.54,227.12,226.8,3.37,5.38,4.31,0.377,0.224
MTR0001,2024-03-30 08:45:00,227.54,227.12,226.8,3.37,5.38,4.31,0.377,0.224
MTR0001,2024-03-30 09:00:00,215.17,213.85,213.27,4.64,4.32,4.4,0.344,0.166
MTR0001,2024-03-30 09:15:00,215.17,213.85,213.27,5.2,4.86,4.96,0.392,0.187
MTR0001,2024-03-30 09:30:00,215.17,213.85,213.27,5.2,4.86,4.96,0.392,0.187
MTR0001,2024-03-30 09:45:00,215.17,213.85,213.27,5.2,4.86,4.96,0.392,0.187
MTR0001,2024-03-30 10:00:00,221.41,221.74,222.76,3.29,7.12,5.5,0.401,0.265
MTR0001,2024-03-30 10:15:00,221.41,221.74,222.76,2.84,6.04,4.7,0.337,0.226
MTR0001,2024-03-30 10:30:00,221.41,221.74,222.76,2.84,6.04,4.7,0.337,0.226
MTR0001,2024-03-30 10:45:00,221.41,221.74,222.76,2.84,6.04,4.7,0.337,0.226
MTR0001,2024-03-30 11:00:00,212.45,216.42,212.45,4.81,4.43,4.13,0.363,0.168
MTR0001,2024-03-30 11:15:00,212.45,216.42,212.45,5.48,5.05,4.74,0.416,0.192
MTR0001,2024-03-30 11:30:00,212.45,216.42,212.45,5.48,5.05,4.74,0.416,0.192
MTR0001,2024-03-30 11:45:00,212.45,216.42,212.45,5.48,5.05,4.74,0.416,0.192
MTR0001,2024-03-30 12:00:00,219.02,220.41,220.3,4.87,3.61,6.68,0.46,0.172
MTR0001,2024-03-30 12:15:00,219.02,220.41,220.3,3.91,2.94,5.4,0.374,0.138
MTR0001,2024-03-30 12:30:00,219.02,220.41,220.3,3.91,2.94,5.4,0.374,0.138
MTR0001,2024-03-30 12:45:00,219.02,220.41,220.3,3.91,2.94,5.4,0.374,0.138
MTR0001,2024-03-30 13:00:00,216.79,216.29,213.94,2.93,4.85,4.21,0.337,0.134
MTR0001,2024-03-30 13:15:00,216.79,216.29,213.94,3.13,5.15,4.47,0.359,0.143
MTR0001,2024-03-30 13:30:00,216.79,216.29,213.94,3.13,5.15,4.47,0.359,0.143
MTR0001,2024-03-30 13:45:00,216.79,216.29,213.94,3.13,5.15,4.47,0.359,0.143
MTR0001,2024-03-30 14:00:00,209.88,211.41,211.05,6.02,4.38,2.72,0.345,0.141
MTR0001,2024-03-30 14:15:00,209.88,211.41,211.05,7.25,5.26,3.28,0.421,0.17
MTR0001,2024-03-30 14:30:00,209.88,211.41,211.05,7.25,5.26,3.28,0.421,0.17
MTR0001,2024-03-30 14:45:00,209.88,211.41,211.05,7.25,5.26,3.28,0.421,0.17
MTR0001,2024-03-30 15:00:00,215.62,215.45,213.27,5.0,4.52,6.0,0.432,0.217
MTR0001,2024-03-30 15:15:00,215.62,215.45,213.27,4.87,4.42,5.85,0.422,0.211
MTR0001,2024-03-30 15:30:00,215.62,215.45,213.27,4.87,4.42,5.85,0.422,0.211
MTR0001,2024-03-30 15:45:00,215.62,215.45,213.27,4.87,4.42,5.85,0.422,0.211
MTR0001,2024-03-30 16:00:00,225.93,227.27,227.72,4.74,4.77,4.81,0.428,0.217
MTR0001,2024-03-30 16:15:00,225.93,227.27,227.72,3.84,3.89,3.89,0.35,0.176
MTR0001,2024-03-30 16:30:00,225.93,227.27,227.72,3.84,3.89,3.89,0.35,0.176
MTR0001,2024-03-30 16:45:00,225.93,227.27,227.72,3.84,3.89,3.89,0.35,0.176
MTR0001,2024-03-30 17:00:00,220.24,220.02,218.21,2.11,4.32,3.8,0.277,0.123
MTR0001,2024-03-30 17:15:00,220.24,220.02,218.21,2.26,4.61,4.03,0.297,0.131
MTR0001,2024-03-30 17:30:00,220.24,220.02,218.21,2.26,4.61,4.03,0.297,0.131
MTR0001,2024-03-30 17:45:00,220.24,220.02,218.21,2.26,4.61,4.03,0.297,0.131
MTR0001,2024-03-30 18:00:00,219.35,220.96,221.48,1.83,4.83,3.53,0.318,0.148
MTR0001,2024-03-30 18:15:00,219.35,220.96,221.48,2.24,5.87,4.29,0.38,0.181
MTR0001,2024-03-30 18:30:00,219.35,220.96,221.48,2.24,5.87,4.29,0.38,0.181
MTR0001,2024-03-30 18:45:00,219.35,220.96,221.48,2.24,5.87,4.29,0.38,0.181
MTR0001,2024-03-30 19:00:00,217.12,217.67,219.91,3.86,3.84,3.61,0.301,0.18
MTR0001,2024-03-30 19:15:00,217.12,217.67,219.91,2.94,2.98,2.77,0.229,0.139
MTR0001,2024-03-30 19:30:00,217.12,217.67,219.91,2.94,2.98,2.77,0.229,0.139
MTR0001,2024-03-30 19:45:00,217.12,217.67,219.91,2.94,2.98,2.77,0.229,0.139
MTR0001,2024-03-30 20:00:00,223.55,223.18,223.28,2.03,3.45,2.72,0.24,0.123
MTR0001,2024-03-30 20:15:00,223.55,223.18,223.28,2.57,4.39,3.49,0.304,0.157
MTR0001,2024-03-30 20:30:00,223.55,223.18,223.28,2.57,4.39,3.49,0.304,0.157
MTR0001,2024-03-30 20:45:00,223.55,223.18,223.28,2.57,4.39,3.49,0.304,0.157
MTR0001,2024-03-30 21:00:00,228.57,229.11,228.81,4.72,3.3,1.99,0.31,0.156
MTR0001,2024-03-30 21:15:00,228.57,229.11,228.81,4.82,3.38,2.03,0.316,0.159
MTR0001,2024-03-30 21:30:00,228.57,229.11,228.81,4.82,3.38,2.03,0.316,0.159
MTR0001,2024-03-30 21:45:00,228.57,229.11,228.81,4.82,3.38,2.03,0.316,0.159
MTR0001,2024-03-30 22:00:00,226.43,228.61,228.87,2.63,3.67,3.06,0.219,0.157
MTR0001,2024-03-30 22:15:00,226.43,228.61,228.87,2.02,2.89,2.34,0.159,0.122
MTR0001,2024-03-30 22:30:00,226.43,228.61,228.87,2.02,2.89,2.34,0.159,0.122
MTR0001,2024-03-30 22:45:00,226.43,228.61,228.87,2.02,2.89,2.34,0.159,0.122
MTR0001,2024-03-30 23:00:00,231.61,228.76,230.91,2.79,2.22,1.89,0.217,0.097
MTR0001,2024-03-30 23:15:00,231.61,228.76,230.91,2.95,2.35,1.99,0.228,0.103
MTR0001,2024-03-30 23:30:00,231.61,228.76,230.91,2.95,2.35,1.99,0.228,0.103
MTR0001,2024-03-30 23:45:00,231.61,228.76,230.91,2.95,2.35,1.99,0.228,0.103
