idmeter,timestamp,vr,vs,vt,ir,is,it,wh,varh
MTR0001,2024-01-01 00:00:00,221.55,221.39,222.47,2.85,2.56,2.69,0.228,0.139
MTR0001,2024-01-01 00:15:00,219.93,220.81,220.64,2.49,2.21,2.87,0.191,0.116
MTR0001,2024-01-01 00:30:00,219.44,219.48,223.7,2.59,2.61,2.51,0.226,0.1
MTR0001,2024-01-01 00:45:00,219.9,223.02,221.94,2.53,2.45,2.7,0.237,0.101
MTR0001,2024-01-01 01:00:00,221.11,218.66,219.51,2.65,2.71,2.75,0.201,0.124
MTR0001,2024-01-01 01:15:00,221.96,220.79,219.48,2.49,2.43,2.75,0.214,0.093
MTR0001,2024-01-01 01:30:00,222.35,223.0,220.24,2.58,2.65,2.87,0.225,0.12
MTR0001,2024-01-01 01:45:00,222.57,220.25,222.75,2.67,2.44,2.71,0.238,0.105
MTR0001,2024-01-01 02:00:00,220.75,223.95,217.57,2.75,2.61,2.68,0.244,0.121
MTR0001,2024-01-01 02:15:00,220.0,219.36,220.32,2.74,2.57,2.66,0.237,0.128
MTR0001,2024-01-01 02:30:00,220.01,222.37,221.65,2.77,2.49,2.68,0.247,0.122
MTR0001,2024-01-01 02:45:00,216.82,222.12,220.91,2.58,2.67,2.7,0.26,0.12
MTR0001,2024-01-01 03:00:00,221.19,221.49,218.62,2.62,2.61,3.09,0.236,0.136
MTR0001,2024-01-01 03:15:00,219.94,220.97,222.01,2.62,2.72,2.55,0.249,0.09
MTR0001,2024-01-01 03:30:00,222.9,219.5,222.38,2.95,2.45,2.64,0.254,0.138
MTR0001,2024-01-01 03:45:00,220.81,221.05,222.47,2.44,2.68,2.59,0.203,0.111
MTR0001,2024-01-01 04:00:00,222.02,219.75,221.84,2.82,2.36,2.75,0.189,0.135
MTR0001,2024-01-01 04:15:00,222.75,220.3,222.43,2.81,2.63,2.85,0.232,0.136
MTR0001,2024-01-01 04:30:00,223.6,222.31,219.71,2.72,2.45,2.84,0.242,0.127
MTR0001,2024-01-01 04:45:00,221.44,223.01,220.2,2.65,2.39,2.61,0.212,0.12
MTR0001,2024-01-01 05:00:00,221.22,222.84,221.52,2.84,2.56,3.13,0.218,0.14
MTR0001,2024-01-01 05:15:00,220.86,221.39,221.31,2.74,2.53,2.84,0.221,0.123
MTR0001,2024-01-01 05:30:00,221.12,219.73,221.76,2.68,2.47,2.75,0.251,0.104
MTR0001,2024-01-01 05:45:00,222.11,223.2,220.06,2.83,2.74,2.63,0.255,0.115
MTR0001,2024-01-01 06:00:00,221.66,223.3,222.93,5.35,5.15,5.56,0.461,0.234
MTR0001,2024-01-01 06:15:00,220.74,220.8,218.82,5.3,5.14,5.46,0.422,0.269
MTR0001,2024-01-01 06:30:00,220.9,219.98,220.43,5.35,5.09,5.48,0.481,0.272
MTR0001,2024-01-01 06:45:00,222.85,222.84,221.52,5.32,5.36,5.36,0.435,0.247
MTR0001,2024-01-01 07:00:00,221.56,222.9,219.7,5.61,5.53,5.78,0.508,0.236
MTR0001,2024-01-01 07:15:00,221.37,224.08,219.51,5.93,5.49,5.68,0.516,0.211
MTR0001,2024-01-01 07:30:00,219.41,221.51,216.64,5.5,5.57,5.69,0.503,0.248
MTR0001,2024-01-01 07:45:00,220.61,220.9,221.59,6.01,5.66,6.01,0.493,0.279
MTR0001,2024-01-01 08:00:00,220.9,221.02,221.67,6.14,6.22,6.08,0.541,0.262
MTR0001,2024-01-01 08:15:00,221.46,221.44,220.77,6.07,6.11,6.2,0.488,0.311
MTR0001,2024-01-01 08:30:00,221.34,220.56,222.85,6.08,6.1,6.36,0.532,0.28
MTR0001,2024-01-01 08:45:00,218.12,219.77,220.5,6.21,6.21,6.2,0.572,0.224
MTR0001,2024-01-01 09:00:00,221.82,221.13,221.99,6.34,6.32,6.7,0.53,0.25
MTR0001,2024-01-01 09:15:00,222.61,219.81,222.66,6.46,6.2,6.6,0.577,0.262
MTR0001,2024-01-01 09:30:00,219.56,221.12,222.12,6.28,6.18,6.64,0.514,0.313
MTR0001,2024-01-01 09:45:00,221.64,222.91,223.23,6.29,6.2,6.81,0.539,0.326
MTR0001,2024-01-01 10:00:00,222.09,221.36,221.47,6.46,6.55,6.82,0.568,0.332
MTR0001,2024-01-01 10:15:00,221.54,221.73,219.33,6.49,6.5,6.93,0.605,0.205
MTR0001,2024-01-01 10:30:00,220.95,220.44,221.54,6.69,6.77,7.01,0.609,0.3
MTR0001,2024-01-01 10:45:00,220.63,223.06,219.32,6.73,6.53,6.66,0.547,0.296
MTR0001,2024-01-01 11:00:00,221.31,224.41,222.93,6.68,6.57,7.1,0.631,0.229
MTR0001,2024-01-01 11:15:00,221.85,221.4,221.39,6.73,6.75,6.86,0.575,0.305
MTR0001,2024-01-01 11:30:00,218.41,220.7,221.51,6.78,6.64,7.12,0.557,0.294
MTR0001,2024-01-01 11:45:00,222.39,223.91,220.26,6.73,6.74,7.34,0.642,0.25
MTR0001,2024-01-01 12:00:00,223.89,224.23,221.13,6.97,6.86,7.29,0.617,0.264
MTR0001,2024-01-01 12:15:00,218.2,223.77,222.83,6.8,6.79,6.76,0.637,0.235
MTR0001,2024-01-01 12:30:00,218.24,221.52,222.08,6.82,6.45,7.07,0.589,0.263
MTR0001,2024-01-01 12:45:00,219.15,222.33,222.62,6.78,7.07,7.04,0.568,0.328
MTR0001,2024-01-01 13:00:00,220.64,220.05,220.67,6.59,7.0,7.03,0.571,0.348
MTR0001,2024-01-01 13:15:00,222.08,220.67,220.4,6.86,6.62,6.85,0.552,0.292
MTR0001,2024-01-01 13:30:00,223.27,221.23,222.36,6.82,7.17,7.2,0.615,0.334
MTR0001,2024-01-01 13:45:00,219.58,220.24,221.22,6.76,6.55,6.93,0.602,0.307
MTR0001,2024-01-01 14:00:00,220.79,223.82,221.62,6.48,6.78,6.95,0.571,0.288
MTR0001,2024-01-01 14:15:00,222.89,219.64,218.63,6.76,6.56,6.89,0.548,0.31
MTR0001,2024-01-01 14:30:00,219.91,220.3,221.57,6.49,6.59,6.86,0.555,0.322
MTR0001,2024-01-01 14:45:00,221.16,222.01,220.41,6.53,6.63,6.9,0.547,0.274
MTR0001,2024-01-01 15:00:00,219.81,222.46,220.36,6.09,6.06,6.61,0.485,0.308
MTR0001,2024-01-01 15:15:00,219.09,222.0,225.68,6.12,6.28,6.55,0.545,0.304
MTR0001,2024-01-01 15:30:00,222.05,219.91,222.29,6.58,5.93,6.49,0.541,0.283
MTR0001,2024-01-01 15:45:00,221.53,223.97,221.32,6.38,6.21,6.69,0.544,0.307
MTR0001,2024-01-01 16:00:00,221.23,224.71,222.81,5.99,6.16,6.21,0.514,0.254
MTR0001,2024-01-01 16:15:00,222.38,220.33,219.13,6.04,5.94,6.39,0.534,0.254
MTR0001,2024-01-01 16:30:00,218.58,223.32,222.01,5.98,6.07,6.61,0.55,0.206
MTR0001,2024-01-01 16:45:00,219.16,220.37,223.76,6.1,5.93,6.39,0.542,0.208
MTR0001,2024-01-01 17:00:00,220.13,222.17,222.64,5.52,5.73,6.08,0.477,0.219
MTR0001,2024-01-01 17:15:00,219.21,220.83,221.76,5.78,5.47,5.52,0.51,0.17
MTR0001,2024-01-01 17:30:00,224.47,221.79,221.66,5.77,5.68,5.91,0.518,0.212
MTR0001,2024-01-01 17:45:00,218.79,224.43,221.78,5.67,5.59,5.99,0.477,0.286
MTR0001,2024-01-01 18:00:00,218.26,223.89,221.26,5.19,5.05,5.2,0.441,0.214
MTR0001,2024-01-01 18:15:00,222.71,220.37,219.25,5.21,5.03,5.43,0.379,0.248
MTR0001,2024-01-01 18:30:00,220.45,222.64,224.27,5.42,5.16,5.28,0.437,0.262
MTR0001,2024-01-01 18:45:00,219.78,221.82,220.33,5.35,5.18,5.47,0.442,0.249
MTR0001,2024-01-01 19:00:00,219.73,221.76,221.12,5.07,4.4,5.19,0.392,0.214
MTR0001,2024-01-01 19:15:00,221.23,221.22,221.28,4.92,4.92,4.83,0.436,0.219
MTR0001,2024-01-01 19:30:00,221.88,219.91,220.71,4.92,4.61,5.13,0.418,0.234
MTR0001,2024-01-01 19:45:00,221.15,221.98,223.97,4.69,4.7,4.89,0.437,0.151
MTR0001,2024-01-01 20:00:00,222.19,221.32,220.72,4.62,4.31,4.42,0.403,0.171
MTR0001,2024-01-01 20:15:00,222.67,218.35,218.87,4.38,4.57,4.63,0.394,0.158
MTR0001,2024-01-01 20:30:00,221.26,219.03,219.48,4.57,4.45,4.6,0.384,0.138
MTR0001,2024-01-01 20:45:00,218.36,222.43,224.51,4.57,4.35,4.71,0.376,0.234
MTR0001,2024-01-01 21:00:00,223.3,223.12,218.74,3.94,4.0,4.3,0.333,0.197
MTR0001,2024-01-01 21:15:00,218.65,222.47,219.21,4.02,4.3,4.16,0.33,0.202
MTR0001,2024-01-01 21:30:00,221.54,221.88,220.21,4.24,4.01,4.31,0.327,0.18
MTR0001,2024-01-01 21:45:00,220.27,221.96,221.77,4.09,4.39,4.29,0.379,0.18
MTR0001,2024-01-01 22:00:00,221.75,223.06,222.43,3.65,3.74,4.0,0.318,0.122
MTR0001,2024-01-01 22:15:00,222.4,221.78,222.73,3.98,4.04,4.19,0.365,0.131
MTR0001,2024-01-01 22:30:00,221.44,221.91,221.91,3.69,3.69,4.19,0.372,0.123
MTR0001,2024-01-01 22:45:00,220.1,222.93,219.39,3.96,3.69,4.23,0.346,0.144
MTR0001,2024-01-01 23:00:00,222.97,221.89,223.05,3.51,3.73,4.0,0.33,0.176
MTR0001,2024-01-01 23:15:00,222.63,220.57,220.74,3.36,3.83,3.92,0.328,0.12
MTR0001,2024-01-01 23:30:00,223.17,220.82,220.87,3.69,3.49,3.73,0.268,0.16
MTR0001,2024-01-01 23:45:00,219.19,222.62,221.25,3.6,4.04,3.77,0.319,0.184
MTR0001,2024-01-02 00:00:00,221.23,225.28,220.54,2.55,2.51,2.64,0.219,0.091
MTR0001,2024-01-02 00:15:00,220.24,219.84,222.69,2.78,2.65,2.67,0.229,0.119
MTR0001,2024-01-02 00:30:00,223.12,224.29,220.58,2.57,2.64,2.78,0.218,0.104
MTR0001,2024-01-02 00:45:00,218.18,219.71,222.83,2.48,2.47,2.72,0.203,0.121
MTR0001,2024-01-02 01:00:00,220.78,223.38,225.29,2.55,2.53,2.88,0.202,0.104
MTR0001,2024-01-02 01:15:00,221.16,222.06,222.9,2.69,2.66,2.83,0.266,0.1
MTR0001,2024-01-02 01:30:00,222.87,222.57,221.25,2.65,2.78,2.6,0.231,0.131
MTR0001,2024-01-02 01:45:00,220.46,221.61,222.73,2.4,2.6,2.74,0.23,0.13
MTR0001,2024-01-02 02:00:00,220.34,221.93,221.87,2.86,2.59,2.77,0.243,0.109
MTR0001,2024-01-02 02:15:00,220.52,220.99,220.96,2.65,2.33,2.87,0.217,0.104
MTR0001,2024-01-02 02:30:00,223.15,221.5,220.67,2.91,2.38,2.4,0.226,0.128
MTR0001,2024-01-02 02:45:00,222.48,223.57,221.17,2.45,2.58,2.82,0.2,0.099
MTR0001,2024-01-02 03:00:00,220.73,221.97,221.14,2.68,2.41,2.94,0.25,0.09
MTR0001,2024-01-02 03:15:00,221.2,221.25,222.56,2.73,2.67,2.82,0.244,0.111
MTR0001,2024-01-02 03:30:00,220.67,223.76,220.49,2.9,2.59,2.51,0.187,0.135
MTR0001,2024-01-02 03:45:00,219.85,223.09,221.08,2.62,2.57,2.62,0.193,0.114
MTR0001,2024-01-02 04:00:00,221.98,222.24,220.05,2.62,2.6,2.55,0.237,0.111
MTR0001,2024-01-02 04:15:00,219.49,221.66,221.1,2.61,2.57,2.62,0.251,0.129
MTR0001,2024-01-02 04:30:00,219.94,222.46,223.6,2.76,2.61,2.63,0.244,0.103
MTR0001,2024-01-02 04:45:00,219.93,223.23,221.67,2.77,2.57,2.92,0.276,0.108
MTR0001,2024-01-02 05:00:00,219.82,220.87,221.02,2.69,2.68,2.64,0.293,0.102
MTR0001,2024-01-02 05:15:00,219.4,222.73,219.81,2.71,2.52,2.76,0.212,0.124
MTR0001,2024-01-02 05:30:00,221.4,222.57,220.78,2.86,2.42,2.51,0.205,0.089
MTR0001,2024-01-02 05:45:00,220.64,224.27,219.05,2.54,2.72,2.75,0.252,0.133
MTR0001,2024-01-02 06:00:00,219.86,222.19,222.24,5.29,5.12,5.35,0.483,0.16
MTR0001,2024-01-02 06:15:00,218.32,221.52,221.26,5.41,4.86,5.49,0.449,0.203
MTR0001,2024-01-02 06:30:00,218.86,223.34,220.8,5.3,5.19,5.52,0.404,0.25
MTR0001,2024-01-02 06:45:00,220.41,223.45,222.47,5.04,5.07,5.53,0.428,0.261
MTR0001,2024-01-02 07:00:00,221.37,222.25,223.05,5.69,5.56,5.84,0.482,0.26
MTR0001,2024-01-02 07:15:00,220.6,220.05,221.22,5.72,5.52,5.87,0.49,0.275
MTR0001,2024-01-02 07:30:00,222.3,217.26,224.63,5.64,5.77,5.72,0.482,0.266
MTR0001,2024-01-02 07:45:00,222.41,221.35,222.32,5.52,5.6,6.17,0.509,0.233
MTR0001,2024-01-02 08:00:00,222.46,223.38,222.46,5.87,6.23,6.1,0.523,0.296
MTR0001,2024-01-02 08:15:00,221.31,223.75,222.35,6.09,5.73,6.13,0.54,0.234
MTR0001,2024-01-02 08:30:00,220.35,223.66,221.27,6.06,5.95,6.27,0.491,0.267
MTR0001,2024-01-02 08:45:00,219.47,223.93,219.17,5.99,5.79,6.18,0.524,0.3
MTR0001,2024-01-02 09:00:00,219.77,224.98,222.97,6.31,5.93,6.95,0.503,0.315
MTR0001,2024-01-02 09:15:00,222.97,218.86,224.99,6.47,6.41,6.69,0.594,0.245
MTR0001,2024-01-02 09:30:00,220.96,221.51,220.37,6.32,6.05,6.59,0.551,0.286
MTR0001,2024-01-02 09:45:00,217.93,222.2,223.77,6.48,6.21,6.37,0.536,0.304
MTR0001,2024-01-02 10:00:00,220.96,219.6,220.6,6.66,6.31,6.93,0.627,0.204
MTR0001,2024-01-02 10:15:00,219.93,221.7,222.21,6.63,6.73,6.92,0.594,0.221
MTR0001,2024-01-02 10:30:00,218.7,224.22,219.63,6.51,6.44,7.0,0.629,0.226
MTR0001,2024-01-02 10:45:00,221.16,220.43,224.83,6.43,6.63,6.76,0.591,0.222
MTR0001,2024-01-02 11:00:00,220.87,221.38,222.95,7.1,6.62,6.82,0.604,0.273
MTR0001,2024-01-02 11:15:00,221.42,220.44,219.35,6.48,6.85,7.19,0.631,0.214
MTR0001,2024-01-02 11:30:00,220.23,221.29,220.63,6.62,6.61,6.85,0.533,0.33
MTR0001,2024-01-02 11:45:00,219.87,222.65,223.05,6.79,6.78,7.35,0.615,0.309
MTR0001,2024-01-02 12:00:00,223.31,222.23,220.44,6.82,6.84,7.1,0.557,0.334
MTR0001,2024-01-02 12:15:00,219.43,221.72,223.88,6.78,6.96,6.9,0.592,0.242
MTR0001,2024-01-02 12:30:00,222.62,221.81,224.98,6.88,6.79,7.04,0.586,0.34
MTR0001,2024-01-02 12:45:00,219.19,220.27,220.44,6.79,6.77,7.19,0.558,0.302
MTR0001,2024-01-02 13:00:00,221.38,225.34,221.49,6.9,6.72,7.01,0.6,0.308
MTR0001,2024-01-02 13:15:00,220.04,221.25,219.72,6.72,6.55,7.23,0.639,0.211
MTR0001,2024-01-02 13:30:00,220.76,222.83,223.59,6.86,6.71,6.83,0.575,0.294
MTR0001,2024-01-02 13:45:00,221.56,221.68,218.8,6.67,6.27,7.07,0.525,0.328
MTR0001,2024-01-02 14:00:00,223.1,223.43,221.18,6.84,6.57,6.82,0.605,0.204
MTR0001,2024-01-02 14:15:00,220.25,220.54,221.95,6.52,6.55,6.76,0.609,0.204
MTR0001,2024-01-02 14:30:00,222.22,219.37,217.67,6.75,6.35,6.83,0.585,0.291
MTR0001,2024-01-02 14:45:00,222.12,222.74,221.46,6.59,6.49,6.86,0.549,0.31
MTR0001,2024-01-02 15:00:00,218.58,221.88,221.48,6.45,6.32,6.46,0.525,0.272
MTR0001,2024-01-02 15:15:00,222.55,220.31,218.05,6.3,6.17,6.26,0.54,0.226
MTR0001,2024-01-02 15:30:00,219.89,224.34,222.52,6.29,6.63,6.52,0.576,0.254
MTR0001,2024-01-02 15:45:00,219.84,221.85,219.71,6.37,6.32,6.86,0.564,0.248
MTR0001,2024-01-02 16:00:00,218.78,220.14,223.3,5.94,5.82,6.35,0.506,0.284
MTR0001,2024-01-02 16:15:00,219.63,222.92,222.41,6.23,5.79,6.19,0.529,0.298
MTR0001,2024-01-02 16:30:00,221.48,224.85,220.53,6.18,5.99,6.31,0.553,0.251
MTR0001,2024-01-02 16:45:00,219.52,222.14,222.34,6.01,5.89,6.08,0.554,0.253
MTR0001,2024-01-02 17:00:00,220.47,221.18,221.96,5.78,5.73,5.79,0.534,0.19
MTR0001,2024-01-02 17:15:00,222.62,221.39,222.83,5.77,5.45,5.95,0.506,0.232
MTR0001,2024-01-02 17:30:00,220.01,222.48,223.36,5.66,5.65,6.13,0.47,0.233
MTR0001,2024-01-02 17:45:00,223.52,222.54,221.99,5.79,5.51,5.94,0.493,0.242
MTR0001,2024-01-02 18:00:00,219.93,222.48,224.0,5.31,5.02,5.52,0.455,0.243
MTR0001,2024-01-02 18:15:00,218.63,219.94,220.82,5.13,5.08,5.14,0.453,0.193
MTR0001,2024-01-02 18:30:00,218.67,218.96,219.21,5.44,5.12,5.83,0.476,0.206
MTR0001,2024-01-02 18:45:00,223.59,224.43,223.95,5.39,5.11,5.57,0.468,0.188
MTR0001,2024-01-02 19:00:00,220.54,220.92,222.54,4.99,4.81,5.25,0.421,0.211
MTR0001,2024-01-02 19:15:00,219.54,221.4,222.22,4.64,4.82,5.11,0.439,0.213
MTR0001,2024-01-02 19:30:00,220.46,220.16,220.94,5.01,5.08,5.26,0.396,0.236
MTR0001,2024-01-02 19:45:00,220.01,222.76,218.66,4.87,4.95,5.0,0.451,0.166
MTR0001,2024-01-02 20:00:00,219.05,217.29,221.46,4.73,4.67,4.56,0.416,0.161
MTR0001,2024-01-02 20:15:00,221.39,220.74,222.03,4.48,4.27,4.5,0.366,0.207
MTR0001,2024-01-02 20:30:00,222.17,220.4,223.74,4.42,4.42,4.52,0.367,0.218
MTR0001,2024-01-02 20:45:00,218.16,220.06,221.87,4.48,4.53,4.65,0.339,0.222
MTR0001,2024-01-02 21:00:00,221.99,219.72,221.94,3.93,4.17,4.29,0.344,0.162
MTR0001,2024-01-02 21:15:00,220.16,220.79,222.45,4.07,4.25,4.69,0.366,0.214
MTR0001,2024-01-02 21:30:00,221.06,221.05,220.26,4.15,3.94,3.86,0.321,0.2
MTR0001,2024-01-02 21:45:00,223.45,220.05,220.43,4.15,4.31,4.3,0.352,0.177
MTR0001,2024-01-02 22:00:00,220.08,220.17,221.68,4.13,3.9,4.0,0.352,0.135
MTR0001,2024-01-02 22:15:00,221.28,221.55,221.41,3.78,3.86,4.17,0.345,0.161
MTR0001,2024-01-02 22:30:00,220.16,223.32,221.67,3.67,3.99,3.93,0.36,0.158
MTR0001,2024-01-02 22:45:00,221.95,221.31,219.67,3.9,4.0,4.13,0.332,0.179
MTR0001,2024-01-02 23:00:00,219.37,222.24,224.59,3.57,3.7,4.08,0.35,0.117
MTR0001,2024-01-02 23:15:00,222.52,223.75,219.72,3.69,3.7,3.83,0.336,0.156
MTR0001,2024-01-02 23:30:00,221.09,221.07,222.01,3.68,3.72,4.07,0.332,0.133
MTR0001,2024-01-02 23:45:00,220.55,223.56,221.36,3.39,3.62,4.02,0.323,0.178
MTR0001,2024-01-03 00:00:00,220.44,221.05,220.91,2.49,2.84,2.68,0.203,0.109
MTR0001,2024-01-03 00:15:00,220.65,223.44,221.56,2.65,2.66,2.61,0.214,0.12
MTR0001,2024-01-03 00:30:00,221.22,221.21,222.38,2.55,2.73,2.52,0.191,0.099
MTR0001,2024-01-03 00:45:00,222.34,219.62,222.59,2.73,2.42,2.85,0.254,0.096
MTR0001,2024-01-03 01:00:00,220.6,220.14,223.16,2.61,2.27,2.85,0.23,0.074
MTR0001,2024-01-03 01:15:00,220.47,222.23,220.85,2.74,2.63,2.77,0.223,0.101
MTR0001,2024-01-03 01:30:00,220.0,222.81,222.05,2.9,2.57,2.67,0.184,0.135
MTR0001,2024-01-03 01:45:00,218.39,222.77,223.08,2.5,2.66,2.86,0.231,0.106
MTR0001,2024-01-03 02:00:00,220.91,223.34,220.11,2.66,2.75,2.8,0.259,0.104
MTR0001,2024-01-03 02:15:00,218.08,220.57,223.71,2.57,2.73,2.76,0.262,0.122
MTR0001,2024-01-03 02:30:00,223.26,222.71,221.61,2.38,2.56,2.6,0.226,0.107
MTR0001,2024-01-03 02:45:00,223.02,222.52,224.94,2.64,2.58,2.7,0.214,0.118
MTR0001,2024-01-03 03:00:00,220.16,220.56,219.39,2.61,2.37,2.84,0.212,0.122
MTR0001,2024-01-03 03:15:00,222.43,220.73,222.22,3.03,2.66,2.7,0.243,0.119
MTR0001,2024-01-03 03:30:00,220.32,220.41,223.11,2.63,2.89,2.72,0.242,0.079
MTR0001,2024-01-03 03:45:00,218.73,218.81,222.75,2.6,2.72,2.95,0.222,0.125
MTR0001,2024-01-03 04:00:00,223.22,222.95,221.1,2.49,2.28,2.62,0.235,0.118
MTR0001,2024-01-03 04:15:00,221.57,221.35,223.34,2.8,2.78,2.46,0.233,0.137
MTR0001,2024-01-03 04:30:00,222.23,222.03,220.58,2.68,2.43,2.74,0.18,0.129
MTR0001,2024-01-03 04:45:00,224.82,220.87,218.56,2.73,2.73,2.92,0.237,0.104
MTR0001,2024-01-03 05:00:00,219.01,222.98,223.0,2.52,2.81,2.69,0.203,0.089
MTR0001,2024-01-03 05:15:00,218.05,223.36,223.88,2.74,2.45,2.95,0.204,0.129
MTR0001,2024-01-03 05:30:00,220.34,222.77,223.47,2.83,2.52,2.69,0.252,0.111
MTR0001,2024-01-03 05:45:00,218.36,223.51,224.34,2.56,2.59,2.55,0.221,0.129
MTR0001,2024-01-03 06:00:00,220.15,221.44,221.37,5.19,5.16,5.69,0.448,0.245
MTR0001,2024-01-03 06:15:00,221.16,222.96,219.19,5.03,5.28,5.14,0.461,0.258
MTR0001,2024-01-03 06:30:00,221.76,222.35,218.8,5.17,5.08,5.36,0.401,0.253
MTR0001,2024-01-03 06:45:00,220.89,222.34,222.94,4.98,5.17,5.28,0.401,0.201
MTR0001,2024-01-03 07:00:00,222.45,224.54,219.66,5.73,5.53,5.86,0.462,0.243
MTR0001,2024-01-03 07:15:00,221.2,224.25,220.96,5.7,5.5,6.0,0.525,0.192
MTR0001,2024-01-03 07:30:00,222.49,221.52,218.84,5.85,5.47,5.78,0.51,0.193
MTR0001,2024-01-03 07:45:00,224.87,221.2,223.29,5.61,5.67,6.1,0.525,0.181
MTR0001,2024-01-03 08:00:00,220.51,223.3,222.39,5.6,6.08,6.3,0.53,0.3
MTR0001,2024-01-03 08:15:00,222.23,223.25,220.89,5.93,6.15,6.19,0.533,0.283
MTR0001,2024-01-03 08:30:00,221.89,222.37,220.54,6.1,6.1,6.38,0.556,0.241
MTR0001,2024-01-03 08:45:00,219.65,221.92,220.27,6.03,5.73,6.02,0.469,0.291
MTR0001,2024-01-03 09:00:00,217.96,221.92,221.5,6.24,6.4,6.75,0.524,0.316
MTR0001,2024-01-03 09:15:00,219.3,220.45,222.81,6.27,6.28,6.71,0.572,0.198
MTR0001,2024-01-03 09:30:00,221.75,219.74,221.59,6.41,6.51,6.41,0.532,0.317
MTR0001,2024-01-03 09:45:00,224.08,219.66,220.53,6.39,6.14,6.72,0.576,0.242
MTR0001,2024-01-03 10:00:00,222.39,225.74,222.09,6.54,6.55,6.6,0.564,0.299
MTR0001,2024-01-03 10:15:00,219.86,221.62,222.93,6.46,6.42,7.03,0.521,0.321
MTR0001,2024-01-03 10:30:00,220.09,222.91,221.89,6.64,6.68,6.85,0.571,0.307
MTR0001,2024-01-03 10:45:00,223.15,219.61,222.28,6.49,6.58,6.88,0.593,0.242
MTR0001,2024-01-03 11:00:00,219.87,221.13,222.42,6.95,6.69,6.96,0.565,0.214
MTR0001,2024-01-03 11:15:00,218.64,221.29,219.39,6.56,6.89,6.98,0.618,0.224
MTR0001,2024-01-03 11:30:00,222.36,221.49,222.51,6.61,6.47,7.15,0.586,0.331
MTR0001,2024-01-03 11:45:00,222.41,219.55,223.82,6.66,6.74,7.01,0.563,0.311
MTR0001,2024-01-03 12:00:00,220.86,220.1,222.61,6.75,6.73,6.94,0.602,0.273
MTR0001,2024-01-03 12:15:00,220.68,221.62,222.31,6.82,7.06,7.12,0.606,0.321
MTR0001,2024-01-03 12:30:00,221.46,221.63,222.51,6.91,6.71,7.0,0.582,0.342
MTR0001,2024-01-03 12:45:00,217.56,221.98,222.98,6.62,6.86,7.19,0.558,0.289
MTR0001,2024-01-03 13:00:00,220.65,219.14,221.24,7.02,6.71,7.06,0.622,0.211
MTR0001,2024-01-03 13:15:00,219.81,220.7,222.01,6.62,6.77,7.24,0.579,0.336
MTR0001,2024-01-03 13:30:00,223.17,220.08,220.28,6.58,6.67,7.1,0.589,0.29
MTR0001,2024-01-03 13:45:00,219.17,221.37,221.56,6.86,6.71,6.79,0.591,0.255
MTR0001,2024-01-03 14:00:00,220.53,223.66,218.18,6.84,6.34,6.83,0.554,0.333
MTR0001,2024-01-03 14:15:00,220.87,222.1,220.86,6.37,6.44,6.89,0.583,0.258
MTR0001,2024-01-03 14:30:00,219.84,222.33,224.21,6.59,6.66,6.67,0.59,0.249
MTR0001,2024-01-03 14:45:00,220.79,223.94,222.43,6.58,6.65,6.68,0.575,0.31
MTR0001,2024-01-03 15:00:00,220.09,222.0,220.84,6.35,6.62,6.57,0.522,0.308
MTR0001,2024-01-03 15:15:00,218.78,219.2,221.87,6.39,6.32,6.69,0.532,0.29
MTR0001,2024-01-03 15:30:00,217.84,222.94,219.68,6.47,6.31,6.46,0.538,0.298
MTR0001,2024-01-03 15:45:00,218.49,224.58,222.32,6.76,6.18,6.75,0.554,0.298
MTR0001,2024-01-03 16:00:00,220.61,223.87,219.32,6.04,5.79,6.32,0.505,0.274
MTR0001,2024-01-03 16:15:00,220.82,222.66,223.4,5.98,5.91,6.41,0.553,0.237
MTR0001,2024-01-03 16:30:00,218.13,222.08,220.74,6.03,6.03,6.19,0.507,0.293
MTR0001,2024-01-03 16:45:00,219.7,220.07,219.96,5.93,6.16,6.39,0.514,0.205
MTR0001,2024-01-03 17:00:00,222.59,220.13,220.8,5.73,5.72,5.84,0.543,0.193
MTR0001,2024-01-03 17:15:00,219.9,221.94,224.2,5.72,5.68,5.79,0.513,0.223
MTR0001,2024-01-03 17:30:00,222.38,220.1,220.92,5.7,5.9,6.34,0.529,0.269
MTR0001,2024-01-03 17:45:00,222.02,221.49,223.13,5.8,5.54,5.97,0.506,0.198
MTR0001,2024-01-03 18:00:00,221.46,222.77,222.19,5.5,5.2,5.55,0.472,0.237
MTR0001,2024-01-03 18:15:00,219.73,223.77,221.41,5.32,5.32,5.3,0.485,0.185
MTR0001,2024-01-03 18:30:00,220.81,220.61,222.55,5.31,5.27,5.37,0.442,0.215
MTR0001,2024-01-03 18:45:00,219.12,220.08,222.06,5.37,5.1,5.57,0.49,0.21
MTR0001,2024-01-03 19:00:00,220.25,221.82,218.84,4.9,4.64,4.82,0.441,0.183
MTR0001,2024-01-03 19:15:00,219.77,221.37,220.44,4.98,5.07,4.93,0.418,0.221
MTR0001,2024-01-03 19:30:00,221.04,222.35,223.18,5.06,4.74,4.83,0.428,0.176
MTR0001,2024-01-03 19:45:00,220.04,219.1,219.51,4.85,5.02,4.93,0.395,0.179
MTR0001,2024-01-03 20:00:00,218.56,220.62,221.37,4.25,4.28,4.48,0.38,0.168
MTR0001,2024-01-03 20:15:00,220.67,221.88,221.8,4.34,4.64,4.82,0.403,0.206
MTR0001,2024-01-03 20:30:00,222.03,223.91,219.82,4.32,4.57,4.67,0.406,0.144
MTR0001,2024-01-03 20:45:00,223.3,222.69,220.2,4.72,4.43,4.59,0.397,0.213
MTR0001,2024-01-03 21:00:00,222.49,221.1,222.35,3.98,4.09,4.27,0.346,0.203
MTR0001,2024-01-03 21:15:00,218.39,220.94,224.02,4.06,4.1,4.28,0.336,0.167
MTR0001,2024-01-03 21:30:00,220.05,222.0,221.94,4.1,3.98,4.19,0.378,0.187
MTR0001,2024-01-03 21:45:00,223.22,223.1,222.11,4.2,3.89,4.32,0.381,0.169
MTR0001,2024-01-03 22:00:00,219.66,221.66,222.52,3.85,4.01,4.39,0.359,0.187
MTR0001,2024-01-03 22:15:00,222.46,222.56,224.71,3.77,3.97,3.88,0.374,0.165
MTR0001,2024-01-03 22:30:00,219.98,222.89,220.92,3.88,3.85,3.75,0.33,0.19
MTR0001,2024-01-03 22:45:00,221.18,221.04,224.12,3.73,3.74,3.96,0.333,0.185
MTR0001,2024-01-03 23:00:00,221.66,223.05,221.0,3.64,3.53,3.75,0.272,0.154
MTR0001,2024-01-03 23:15:00,222.37,220.9,220.5,3.88,3.52,3.67,0.314,0.149
MTR0001,2024-01-03 23:30:00,221.06,226.08,222.05,3.68,3.83,3.94,0.337,0.138
MTR0001,2024-01-03 23:45:00,219.15,222.14,220.02,3.81,3.54,3.98,0.33,0.187
MTR0001,2024-01-04 00:00:00,218.93,221.68,220.44,2.44,2.57,2.68,0.192,0.109
MTR0001,2024-01-04 00:15:00,220.58,220.71,220.39,2.52,2.62,2.79,0.197,0.098
MTR0001,2024-01-04 00:30:00,223.61,222.18,220.2,2.71,2.2,2.73,0.24,0.097
MTR0001,2024-01-04 00:45:00,221.18,220.22,221.0,2.51,2.67,2.6,0.233,0.121
MTR0001,2024-01-04 01:00:00,220.86,219.43,221.05,2.62,2.99,2.56,0.215,0.11
MTR0001,2024-01-04 01:15:00,222.67,221.8,222.04,2.68,2.29,2.7,0.202,0.09
MTR0001,2024-01-04 01:30:00,219.6,221.5,223.36,2.56,2.59,2.73,0.21,0.135
MTR0001,2024-01-04 01:45:00,221.54,221.67,221.79,2.54,2.57,2.63,0.193,0.094
MTR0001,2024-01-04 02:00:00,219.85,219.82,220.56,2.6,2.51,2.39,0.246,0.097
MTR0001,2024-01-04 02:15:00,220.49,224.77,221.9,2.85,2.81,2.79,0.253,0.11
MTR0001,2024-01-04 02:30:00,221.41,220.31,223.61,2.73,2.53,2.65,0.245,0.088
MTR0001,2024-01-04 02:45:00,221.61,223.76,222.68,2.67,2.88,2.89,0.271,0.135
MTR0001,2024-01-04 03:00:00,219.53,220.62,219.87,2.51,2.54,2.51,0.199,0.082
MTR0001,2024-01-04 03:15:00,221.13,220.88,223.23,2.56,2.77,2.81,0.207,0.13
MTR0001,2024-01-04 03:30:00,221.06,222.43,219.74,2.49,2.69,2.58,0.185,0.124
MTR0001,2024-01-04 03:45:00,222.37,222.41,222.57,2.74,2.46,2.94,0.24,0.11
MTR0001,2024-01-04 04:00:00,220.94,221.2,222.52,2.58,2.55,2.83,0.23,0.09
MTR0001,2024-01-04 04:15:00,219.74,221.79,223.24,2.5,2.66,2.77,0.221,0.078
MTR0001,2024-01-04 04:30:00,220.74,221.4,222.0,2.84,2.76,2.53,0.254,0.13
MTR0001,2024-01-04 04:45:00,222.41,224.63,222.95,2.67,2.85,2.99,0.253,0.094
MTR0001,2024-01-04 05:00:00,219.57,223.9,222.25,2.42,2.66,2.41,0.231,0.12
MTR0001,2024-01-04 05:15:00,221.84,224.0,221.4,2.53,2.78,2.9,0.273,0.122
MTR0001,2024-01-04 05:30:00,222.32,223.61,220.39,2.55,2.78,2.98,0.223,0.141
MTR0001,2024-01-04 05:45:00,222.23,222.31,222.28,2.82,2.73,2.8,0.25,0.101
MTR0001,2024-01-04 06:00:00,217.01,221.16,221.86,5.08,5.26,5.42,0.42,0.215
MTR0001,2024-01-04 06:15:00,219.59,221.38,222.9,5.29,5.25,5.57,0.461,0.249
MTR0001,2024-01-04 06:30:00,222.14,220.65,221.88,5.37,5.19,5.52,0.477,0.18
MTR0001,2024-01-04 06:45:00,221.31,222.06,220.5,5.22,5.1,5.34,0.439,0.22
MTR0001,2024-01-04 07:00:00,220.42,221.24,221.41,5.73,5.73,5.78,0.465,0.255
MTR0001,2024-01-04 07:15:00,220.23,220.73,223.55,5.49,5.55,5.92,0.479,0.249
MTR0001,2024-01-04 07:30:00,221.66,218.92,220.96,5.7,5.63,6.28,0.456,0.286
MTR0001,2024-01-04 07:45:00,219.53,221.56,218.67,5.6,5.43,5.52,0.521,0.207
MTR0001,2024-01-04 08:00:00,221.52,222.15,222.09,5.75,5.94,6.39,0.538,0.286
MTR0001,2024-01-04 08:15:00,215.81,219.4,220.86,6.19,5.94,6.43,0.548,0.274
MTR0001,2024-01-04 08:30:00,220.43,221.15,224.36,6.28,6.31,6.24,0.485,0.299
MTR0001,2024-01-04 08:45:00,219.46,222.2,219.56,6.08,5.84,6.16,0.489,0.29
MTR0001,2024-01-04 09:00:00,219.14,221.93,223.33,6.29,6.2,6.57,0.56,0.261
MTR0001,2024-01-04 09:15:00,221.58,220.13,220.48,6.26,6.25,6.69,0.547,0.301
MTR0001,2024-01-04 09:30:00,219.84,222.29,218.37,6.28,6.3,6.47,0.557,0.199
MTR0001,2024-01-04 09:45:00,220.7,222.93,223.89,6.33,6.3,6.42,0.536,0.282
MTR0001,2024-01-04 10:00:00,220.22,222.17,221.71,6.29,6.67,6.9,0.559,0.275
MTR0001,2024-01-04 10:15:00,220.88,220.83,223.3,6.58,6.32,6.82,0.528,0.329
MTR0001,2024-01-04 10:30:00,218.52,222.73,220.88,6.44,6.48,7.05,0.595,0.24
MTR0001,2024-01-04 10:45:00,221.93,219.92,222.61,6.63,6.46,6.84,0.545,0.34
MTR0001,2024-01-04 11:00:00,219.72,222.72,221.21,6.76,6.72,7.07,0.633,0.21
MTR0001,2024-01-04 11:15:00,219.04,223.32,222.0,6.85,6.56,6.88,0.631,0.217
MTR0001,2024-01-04 11:30:00,219.89,221.26,219.04,6.71,6.86,6.96,0.606,0.21
MTR0001,2024-01-04 11:45:00,219.16,222.05,221.42,6.84,6.46,7.03,0.606,0.29
MTR0001,2024-01-04 12:00:00,221.5,223.88,220.08,7.09,6.9,7.05,0.627,0.234
MTR0001,2024-01-04 12:15:00,219.14,222.99,220.75,6.75,6.63,6.8,0.608,0.229
MTR0001,2024-01-04 12:30:00,218.07,222.01,218.63,6.81,6.55,7.38,0.572,0.323
MTR0001,2024-01-04 12:45:00,220.38,222.67,222.78,7.01,7.05,7.21,0.607,0.228
MTR0001,2024-01-04 13:00:00,220.62,221.74,219.8,7.13,6.93,7.12,0.584,0.362
MTR0001,2024-01-04 13:15:00,218.18,222.47,221.4,6.84,6.64,7.01,0.55,0.348
MTR0001,2024-01-04 13:30:00,221.63,219.6,222.23,6.54,6.87,6.96,0.563,0.234
MTR0001,2024-01-04 13:45:00,222.53,220.82,219.88,6.68,6.7,6.9,0.572,0.287
MTR0001,2024-01-04 14:00:00,222.6,220.91,220.88,6.79,6.27,6.81,0.606,0.221
MTR0001,2024-01-04 14:15:00,220.76,220.83,219.78,6.57,6.58,6.87,0.57,0.27
MTR0001,2024-01-04 14:30:00,219.36,221.29,222.42,6.64,6.46,6.9,0.521,0.302
MTR0001,2024-01-04 14:45:00,221.4,222.24,219.16,6.82,6.48,6.82,0.603,0.294
MTR0001,2024-01-04 15:00:00,219.97,221.91,219.7,6.3,6.35,6.56,0.498,0.316
MTR0001,2024-01-04 15:15:00,221.03,223.13,221.52,6.13,6.36,6.57,0.58,0.206
MTR0001,2024-01-04 15:30:00,218.9,224.15,221.8,6.61,6.19,6.88,0.575,0.243
MTR0001,2024-01-04 15:45:00,221.03,223.48,221.15,6.54,6.41,6.57,0.546,0.309
MTR0001,2024-01-04 16:00:00,217.87,221.82,218.77,6.15,5.97,6.33,0.565,0.219
MTR0001,2024-01-04 16:15:00,222.82,220.89,221.61,5.99,6.17,6.43,0.487,0.304
MTR0001,2024-01-04 16:30:00,221.48,218.8,219.76,6.0,5.93,6.09,0.513,0.215
MTR0001,2024-01-04 16:45:00,219.1,222.12,220.94,5.96,5.89,6.25,0.454,0.307
MTR0001,2024-01-04 17:00:00,220.91,220.98,221.37,5.65,5.34,6.1,0.482,0.176
MTR0001,2024-01-04 17:15:00,219.27,223.0,221.14,5.77,5.51,5.88,0.498,0.249
MTR0001,2024-01-04 17:30:00,219.74,220.53,221.33,5.52,5.73,5.82,0.48,0.275
MTR0001,2024-01-04 17:45:00,220.78,220.61,218.6,5.56,5.7,5.52,0.488,0.268
MTR0001,2024-01-04 18:00:00,219.89,222.28,220.81,5.15,5.03,5.19,0.481,0.19
MTR0001,2024-01-04 18:15:00,221.59,219.89,222.29,5.2,5.15,5.54,0.414,0.245
MTR0001,2024-01-04 18:30:00,222.26,222.37,222.97,5.33,5.03,5.4,0.496,0.188
MTR0001,2024-01-04 18:45:00,220.23,221.29,222.41,5.42,5.36,5.48,0.502,0.245
MTR0001,2024-01-04 19:00:00,218.5,218.78,222.57,4.56,4.74,5.09,0.45,0.154
MTR0001,2024-01-04 19:15:00,223.0,222.04,222.5,4.73,4.88,4.97,0.421,0.241
MTR0001,2024-01-04 19:30:00,222.58,219.83,224.0,5.07,4.91,5.29,0.456,0.217
MTR0001,2024-01-04 19:45:00,221.89,220.04,222.43,4.64,4.68,5.13,0.401,0.234
MTR0001,2024-01-04 20:00:00,219.53,223.47,222.67,4.46,4.36,4.33,0.355,0.219
MTR0001,2024-01-04 20:15:00,220.91,221.19,223.66,4.13,4.34,4.5,0.384,0.171
MTR0001,2024-01-04 20:30:00,220.82,225.9,219.0,4.62,4.39,4.75,0.361,0.227
MTR0001,2024-01-04 20:45:00,223.65,221.97,221.67,4.49,4.6,4.81,0.404,0.143
MTR0001,2024-01-04 21:00:00,222.58,223.75,221.14,4.14,3.96,4.47,0.331,0.165
MTR0001,2024-01-04 21:15:00,219.66,222.03,223.8,4.04,4.04,4.34,0.32,0.216
MTR0001,2024-01-04 21:30:00,222.56,221.8,221.62,4.22,3.97,4.3,0.39,0.162
MTR0001,2024-01-04 21:45:00,218.72,220.71,221.08,4.04,4.09,4.34,0.383,0.172
MTR0001,2024-01-04 22:00:00,218.99,219.99,224.01,3.74,3.68,4.2,0.302,0.189
MTR0001,2024-01-04 22:15:00,223.4,222.65,223.05,4.01,3.85,4.2,0.335,0.152
MTR0001,2024-01-04 22:30:00,223.93,220.08,220.96,3.95,3.84,3.89,0.322,0.156
MTR0001,2024-01-04 22:45:00,222.57,225.02,222.49,3.7,4.14,4.03,0.353,0.177
MTR0001,2024-01-04 23:00:00,223.18,222.46,223.6,3.53,3.49,3.85,0.281,0.141
MTR0001,2024-01-04 23:15:00,220.24,221.37,222.65,3.88,3.88,3.69,0.32,0.175
MTR0001,2024-01-04 23:30:00,221.82,221.39,220.72,3.68,3.76,3.88,0.317,0.164
MTR0001,2024-01-04 23:45:00,218.92,221.63,218.4,3.63,3.55,3.83,0.292,0.114
MTR0001,2024-01-05 00:00:00,219.74,224.53,220.71,2.65,2.66,2.74,0.272,0.127
MTR0001,2024-01-05 00:15:00,218.1,223.84,220.25,2.57,2.43,2.67,0.269,0.1
MTR0001,2024-01-05 00:30:00,221.12,223.14,223.16,2.54,2.48,2.74,0.222,0.109
MTR0001,2024-01-05 00:45:00,219.64,220.94,221.17,2.45,2.49,2.75,0.241,0.088
MTR0001,2024-01-05 01:00:00,224.21,220.99,222.24,2.71,2.63,2.71,0.234,0.127
MTR0001,2024-01-05 01:15:00,220.65,220.86,225.45,2.7,2.63,2.8,0.221,0.113
MTR0001,2024-01-05 01:30:00,223.79,220.35,220.67,2.6,2.73,2.76,0.224,0.112
MTR0001,2024-01-05 01:45:00,221.29,223.41,223.21,2.54,2.79,2.76,0.247,0.113
MTR0001,2024-01-05 02:00:00,221.58,221.45,224.91,2.76,2.69,2.53,0.261,0.111
MTR0001,2024-01-05 02:15:00,218.48,221.8,220.61,2.66,2.42,2.69,0.205,0.116
MTR0001,2024-01-05 02:30:00,220.61,220.76,217.11,2.93,2.76,2.67,0.215,0.133
MTR0001,2024-01-05 02:45:00,220.99,220.5,223.02,2.65,2.68,2.74,0.224,0.127
MTR0001,2024-01-05 03:00:00,220.18,221.8,220.82,2.59,2.59,2.71,0.184,0.128
MTR0001,2024-01-05 03:15:00,221.28,221.8,221.0,2.47,2.48,2.74,0.232,0.136
MTR0001,2024-01-05 03:30:00,220.35,217.7,220.96,2.62,2.45,2.65,0.212,0.127
MTR0001,2024-01-05 03:45:00,219.43,223.3,219.41,2.54,2.69,2.88,0.25,0.11
MTR0001,2024-01-05 04:00:00,220.53,221.06,223.27,2.53,2.61,2.73,0.189,0.115
MTR0001,2024-01-05 04:15:00,219.9,223.22,220.67,2.86,2.78,2.77,0.234,0.101
MTR0001,2024-01-05 04:30:00,222.72,218.27,222.25,2.25,2.46,2.97,0.239,0.118
MTR0001,2024-01-05 04:45:00,216.86,220.82,223.21,2.37,2.42,2.76,0.257,0.114
MTR0001,2024-01-05 05:00:00,221.82,220.38,221.43,2.6,2.65,2.94,0.241,0.135
MTR0001,2024-01-05 05:15:00,221.79,222.84,221.11,2.99,2.54,2.63,0.24,0.131
MTR0001,2024-01-05 05:30:00,218.04,221.55,222.46,2.64,2.58,2.53,0.229,0.137
MTR0001,2024-01-05 05:45:00,221.67,217.83,221.44,2.63,2.74,2.75,0.229,0.114
MTR0001,2024-01-05 06:00:00,221.28,221.89,219.59,5.29,5.08,5.35,0.449,0.234
MTR0001,2024-01-05 06:15:00,218.47,224.39,220.41,5.28,4.98,5.46,0.465,0.238
MTR0001,2024-01-05 06:30:00,222.4,222.51,224.96,5.03,5.39,5.62,0.501,0.17
MTR0001,2024-01-05 06:45:00,220.39,222.28,220.79,5.2,5.2,5.62,0.485,0.199
MTR0001,2024-01-05 07:00:00,219.63,223.22,219.48,5.6,5.61,5.89,0.534,0.177
MTR0001,2024-01-05 07:15:00,221.94,223.18,221.36,5.72,5.66,5.75,0.48,0.213
MTR0001,2024-01-05 07:30:00,217.83,221.67,224.35,5.52,5.48,5.99,0.466,0.244
MTR0001,2024-01-05 07:45:00,220.96,221.71,223.51,5.55,5.38,5.7,0.437,0.275
MTR0001,2024-01-05 08:00:00,219.58,219.93,221.89,6.07,6.1,6.2,0.536,0.208
MTR0001,2024-01-05 08:15:00,221.3,221.81,219.8,6.22,6.31,6.27,0.533,0.256
MTR0001,2024-01-05 08:30:00,221.36,222.07,223.29,5.85,6.09,6.36,0.571,0.191
MTR0001,2024-01-05 08:45:00,221.4,220.52,222.77,6.21,6.06,6.21,0.514,0.294
MTR0001,2024-01-05 09:00:00,222.59,221.47,219.82,6.3,6.33,6.79,0.541,0.316
MTR0001,2024-01-05 09:15:00,219.51,225.04,222.07,6.42,6.21,6.65,0.602,0.226
MTR0001,2024-01-05 09:30:00,222.11,221.13,220.64,6.41,6.44,6.57,0.532,0.323
MTR0001,2024-01-05 09:45:00,218.72,222.79,222.99,6.25,6.15,6.56,0.525,0.319
MTR0001,2024-01-05 10:00:00,218.65,219.63,221.92,6.29,6.7,6.84,0.545,0.274
MTR0001,2024-01-05 10:15:00,221.12,220.76,219.17,6.88,6.76,6.81,0.575,0.326
MTR0001,2024-01-05 10:30:00,219.0,218.13,222.79,6.49,6.25,6.89,0.567,0.259
MTR0001,2024-01-05 10:45:00,220.46,222.53,219.39,6.55,6.62,6.97,0.563,0.321
MTR0001,2024-01-05 11:00:00,219.31,221.33,218.23,6.8,6.92,6.81,0.598,0.25
MTR0001,2024-01-05 11:15:00,219.94,223.24,224.36,6.68,6.88,7.03,0.625,0.232
MTR0001,2024-01-05 11:30:00,221.28,221.58,220.28,6.89,6.74,7.03,0.623,0.23
MTR0001,2024-01-05 11:45:00,218.67,220.82,220.71,6.93,6.55,6.91,0.53,0.318
MTR0001,2024-01-05 12:00:00,218.05,219.76,218.39,6.81,6.74,7.04,0.553,0.306
MTR0001,2024-01-05 12:15:00,220.22,222.03,220.16,6.87,6.83,7.01,0.609,0.28
MTR0001,2024-01-05 12:30:00,221.19,221.24,221.51,6.78,6.74,7.12,0.562,0.308
MTR0001,2024-01-05 12:45:00,222.2,218.25,222.23,6.69,6.68,6.95,0.597,0.286
MTR0001,2024-01-05 13:00:00,219.31,222.23,220.22,6.79,6.52,6.76,0.543,0.334
MTR0001,2024-01-05 13:15:00,221.64,221.4,222.11,6.69,6.9,6.94,0.558,0.309
MTR0001,2024-01-05 13:30:00,222.57,222.32,221.2,6.69,6.86,6.82,0.584,0.298
MTR0001,2024-01-05 13:45:00,220.14,223.37,221.08,6.72,6.59,6.88,0.622,0.266
MTR0001,2024-01-05 14:00:00,222.44,220.91,221.28,6.4,6.47,6.94,0.539,0.326
MTR0001,2024-01-05 14:15:00,219.14,223.32,221.71,6.53,6.46,6.66,0.53,0.318
MTR0001,2024-01-05 14:30:00,220.79,221.28,220.94,6.5,6.6,7.11,0.636,0.235
MTR0001,2024-01-05 14:45:00,220.09,220.96,221.13,6.7,6.75,6.77,0.588,0.303
MTR0001,2024-01-05 15:00:00,218.5,221.31,221.95,6.39,6.03,6.47,0.558,0.18
MTR0001,2024-01-05 15:15:00,221.85,221.22,223.77,6.42,6.22,6.77,0.549,0.285
MTR0001,2024-01-05 15:30:00,222.89,222.67,222.14,6.42,6.22,6.59,0.539,0.291
MTR0001,2024-01-05 15:45:00,219.69,223.54,219.8,6.44,6.35,6.85,0.565,0.304
MTR0001,2024-01-05 16:00:00,218.55,221.46,221.37,6.12,6.12,6.26,0.511,0.258
MTR0001,2024-01-05 16:15:00,219.25,221.38,222.63,5.86,6.01,6.45,0.519,0.301
MTR0001,2024-01-05 16:30:00,222.13,222.74,221.59,6.1,6.17,6.07,0.524,0.3
MTR0001,2024-01-05 16:45:00,218.33,223.86,223.25,6.02,6.11,6.21,0.515,0.303
MTR0001,2024-01-05 17:00:00,220.38,219.68,222.27,5.53,5.93,5.96,0.495,0.265
MTR0001,2024-01-05 17:15:00,221.42,222.92,222.38,5.65,5.65,5.9,0.486,0.239
MTR0001,2024-01-05 17:30:00,221.27,218.77,224.52,5.85,5.54,5.71,0.5,0.225
MTR0001,2024-01-05 17:45:00,218.89,222.17,223.17,5.88,5.57,6.25,0.516,0.233
MTR0001,2024-01-05 18:00:00,221.63,220.78,224.39,5.13,4.95,5.38,0.46,0.209
MTR0001,2024-01-05 18:15:00,220.81,222.83,223.27,5.12,5.2,5.37,0.478,0.237
MTR0001,2024-01-05 18:30:00,219.5,221.55,221.53,5.32,4.99,5.54,0.439,0.221
MTR0001,2024-01-05 18:45:00,219.73,220.69,223.86,5.25,5.22,5.35,0.434,0.253
MTR0001,2024-01-05 19:00:00,220.08,222.64,220.72,4.83,5.12,4.81,0.403,0.193
MTR0001,2024-01-05 19:15:00,220.39,220.38,221.83,4.79,4.84,5.18,0.452,0.178
MTR0001,2024-01-05 19:30:00,219.07,217.34,220.29,4.99,4.87,4.99,0.419,0.243
MTR0001,2024-01-05 19:45:00,222.19,224.91,220.34,4.66,4.83,5.2,0.423,0.206
MTR0001,2024-01-05 20:00:00,219.69,221.87,222.19,4.49,4.27,4.66,0.379,0.187
MTR0001,2024-01-05 20:15:00,221.29,222.86,221.88,4.58,4.36,4.52,0.379,0.214
MTR0001,2024-01-05 20:30:00,219.02,223.18,222.36,4.36,4.19,4.61,0.382,0.172
MTR0001,2024-01-05 20:45:00,219.04,221.44,221.06,4.41,4.36,4.85,0.419,0.182
MTR0001,2024-01-05 21:00:00,222.09,221.72,223.21,4.08,3.93,4.51,0.361,0.127
MTR0001,2024-01-05 21:15:00,222.33,222.76,222.47,4.26,4.07,4.2,0.38,0.197
MTR0001,2024-01-05 21:30:00,220.71,221.96,221.06,4.34,4.07,4.33,0.371,0.128
MTR0001,2024-01-05 21:45:00,219.92,223.73,219.87,4.45,3.97,4.41,0.346,0.202
MTR0001,2024-01-05 22:00:00,220.12,220.04,220.59,3.87,3.99,4.07,0.362,0.195
MTR0001,2024-01-05 22:15:00,223.35,220.58,221.7,3.49,3.81,4.05,0.321,0.17
MTR0001,2024-01-05 22:30:00,222.14,221.61,222.43,4.13,3.91,4.08,0.301,0.17
MTR0001,2024-01-05 22:45:00,219.65,221.55,218.2,4.08,3.81,4.08,0.341,0.138
MTR0001,2024-01-05 23:00:00,220.82,222.32,221.1,3.45,3.63,3.99,0.3,0.171
MTR0001,2024-01-05 23:15:00,220.57,223.86,220.6,3.66,3.76,3.84,0.318,0.17
MTR0001,2024-01-05 23:30:00,223.52,221.09,221.92,3.65,3.57,3.78,0.299,0.178
MTR0001,2024-01-05 23:45:00,218.84,224.5,221.26,3.87,3.44,4.27,0.351,0.162
MTR0001,2024-01-06 00:00:00,216.29,222.46,221.87,2.46,2.45,2.58,0.196,0.109
MTR0001,2024-01-06 00:15:00,220.49,219.84,218.94,2.64,2.51,2.69,0.235,0.109
MTR0001,2024-01-06 00:30:00,220.87,222.44,224.28,2.55,2.65,2.45,0.199,0.104
MTR0001,2024-01-06 00:45:00,224.57,221.54,221.87,2.4,2.62,3.01,0.214,0.088
MTR0001,2024-01-06 01:00:00,219.88,222.36,219.16,2.45,2.82,2.67,0.234,0.118
MTR0001,2024-01-06 01:15:00,222.41,220.78,220.36,2.52,2.34,2.73,0.209,0.138
MTR0001,2024-01-06 01:30:00,221.54,221.51,223.11,2.66,2.63,2.56,0.268,0.091
MTR0001,2024-01-06 01:45:00,219.66,221.24,218.11,2.49,2.54,2.81,0.251,0.079
MTR0001,2024-01-06 02:00:00,220.71,222.34,221.94,2.33,2.43,2.86,0.194,0.087
MTR0001,2024-01-06 02:15:00,220.65,218.61,219.99,2.54,2.4,2.41,0.235,0.103
MTR0001,2024-01-06 02:30:00,219.63,221.9,220.81,2.65,2.83,2.82,0.227,0.136
MTR0001,2024-01-06 02:45:00,220.14,221.09,220.65,2.46,2.72,3.05,0.206,0.129
MTR0001,2024-01-06 03:00:00,220.16,219.55,220.04,2.73,2.4,2.49,0.206,0.073
MTR0001,2024-01-06 03:15:00,223.1,221.65,221.65,2.64,2.81,2.57,0.23,0.12
MTR0001,2024-01-06 03:30:00,220.77,221.44,223.33,2.46,2.49,2.88,0.224,0.082
MTR0001,2024-01-06 03:45:00,222.2,223.24,223.13,2.87,2.66,2.96,0.198,0.129
MTR0001,2024-01-06 04:00:00,222.21,221.89,224.42,2.78,2.5,2.73,0.186,0.125
MTR0001,2024-01-06 04:15:00,220.83,219.58,219.77,2.5,2.44,2.71,0.237,0.085
MTR0001,2024-01-06 04:30:00,221.14,221.11,222.39,2.73,2.65,2.6,0.275,0.096
MTR0001,2024-01-06 04:45:00,223.38,217.86,221.65,2.58,2.58,2.6,0.196,0.119
MTR0001,2024-01-06 05:00:00,222.29,222.57,217.94,2.93,2.64,2.61,0.253,0.097
MTR0001,2024-01-06 05:15:00,220.19,220.67,222.36,2.6,2.77,2.78,0.246,0.099
MTR0001,2024-01-06 05:30:00,222.06,219.56,220.15,2.48,2.76,2.87,0.268,0.099
MTR0001,2024-01-06 05:45:00,221.33,220.29,220.69,2.61,2.76,2.66,0.222,0.1
MTR0001,2024-01-06 06:00:00,219.21,217.85,221.8,5.34,5.24,5.16,0.426,0.259
MTR0001,2024-01-06 06:15:00,217.51,221.1,223.19,5.44,5.05,5.59,0.458,0.237
MTR0001,2024-01-06 06:30:00,220.95,220.88,218.83,4.92,5.23,5.37,0.45,0.171
MTR0001,2024-01-06 06:45:00,221.27,219.23,221.18,5.43,5.29,5.15,0.443,0.266
MTR0001,2024-01-06 07:00:00,220.06,220.85,223.22,5.7,5.79,5.92,0.513,0.253
MTR0001,2024-01-06 07:15:00,221.92,223.7,223.84,5.74,5.45,5.97,0.506,0.259
MTR0001,2024-01-06 07:30:00,220.96,222.18,221.98,5.85,5.8,5.95,0.531,0.223
MTR0001,2024-01-06 07:45:00,222.15,219.55,221.8,5.65,5.62,5.8,0.455,0.275
MTR0001,2024-01-06 08:00:00,220.75,219.21,222.13,5.95,6.11,6.27,0.48,0.297
MTR0001,2024-01-06 08:15:00,221.51,220.28,223.7,6.12,5.9,5.99,0.494,0.256
MTR0001,2024-01-06 08:30:00,218.42,222.22,221.18,6.09,6.08,6.31,0.509,0.296
MTR0001,2024-01-06 08:45:00,221.03,222.17,220.11,5.95,5.89,6.23,0.495,0.285
MTR0001,2024-01-06 09:00:00,220.17,222.12,222.02,6.23,6.23,6.77,0.602,0.249
MTR0001,2024-01-06 09:15:00,222.35,223.8,222.96,6.35,6.49,6.64,0.605,0.193
MTR0001,2024-01-06 09:30:00,221.91,220.64,221.83,6.32,6.27,6.72,0.529,0.242
MTR0001,2024-01-06 09:45:00,222.4,220.44,221.7,6.35,6.17,6.73,0.536,0.316
MTR0001,2024-01-06 10:00:00,222.89,222.86,222.81,6.47,6.54,6.82,0.588,0.259
MTR0001,2024-01-06 10:15:00,221.85,219.78,223.94,6.37,6.51,6.93,0.608,0.224
MTR0001,2024-01-06 10:30:00,222.98,221.62,220.61,6.57,6.67,6.78,0.564,0.292
MTR0001,2024-01-06 10:45:00,220.84,221.76,219.72,6.57,6.5,6.84,0.547,0.323
MTR0001,2024-01-06 11:00:00,220.79,222.78,221.22,6.95,6.86,7.17,0.609,0.327
MTR0001,2024-01-06 11:15:00,220.5,220.68,221.71,6.77,6.91,7.01,0.598,0.303
MTR0001,2024-01-06 11:30:00,220.48,223.01,223.95,6.97,6.54,6.99,0.551,0.333
MTR0001,2024-01-06 11:45:00,219.49,223.32,219.62,6.77,6.67,7.18,0.61,0.246
MTR0001,2024-01-06 12:00:00,222.52,217.34,221.48,6.81,6.69,7.34,0.626,0.252
MTR0001,2024-01-06 12:15:00,218.77,222.22,222.46,6.63,6.71,7.27,0.584,0.322
MTR0001,2024-01-06 12:30:00,219.78,217.23,222.28,6.64,6.46,6.66,0.603,0.263
MTR0001,2024-01-06 12:45:00,220.45,225.56,221.26,6.62,6.8,7.06,0.582,0.311
MTR0001,2024-01-06 13:00:00,221.86,224.83,221.03,6.63,6.74,6.91,0.569,0.295
MTR0001,2024-01-06 13:15:00,220.31,219.86,221.8,6.83,6.79,6.64,0.567,0.323
MTR0001,2024-01-06 13:30:00,221.52,220.02,222.73,6.63,6.81,7.2,0.578,0.267
MTR0001,2024-01-06 13:45:00,222.15,223.3,220.49,6.66,6.61,6.79,0.56,0.314
MTR0001,2024-01-06 14:00:00,222.23,222.39,221.21,6.58,6.63,7.06,0.525,0.342
MTR0001,2024-01-06 14:15:00,222.73,220.66,220.9,6.8,6.53,6.95,0.62,0.243
MTR0001,2024-01-06 14:30:00,219.89,222.49,222.11,6.67,6.56,6.86,0.552,0.327
MTR0001,2024-01-06 14:45:00,223.61,223.07,221.56,6.57,6.58,6.94,0.603,0.232
MTR0001,2024-01-06 15:00:00,220.68,216.84,221.82,6.29,6.54,6.61,0.562,0.266
MTR0001,2024-01-06 15:15:00,221.0,221.42,219.87,6.42,6.31,6.69,0.503,0.322
MTR0001,2024-01-06 15:30:00,221.58,222.34,221.5,6.43,6.54,6.56,0.58,0.326
MTR0001,2024-01-06 15:45:00,220.55,220.36,222.38,6.31,6.36,6.51,0.496,0.319
MTR0001,2024-01-06 16:00:00,219.8,222.68,219.6,6.14,6.08,6.33,0.515,0.304
MTR0001,2024-01-06 16:15:00,220.5,220.06,222.25,5.91,5.92,6.31,0.534,0.251
MTR0001,2024-01-06 16:30:00,217.32,222.77,221.46,6.22,5.82,5.79,0.523,0.208
MTR0001,2024-01-06 16:45:00,220.65,218.46,219.24,6.1,5.97,6.49,0.514,0.273
MTR0001,2024-01-06 17:00:00,220.63,222.0,221.27,5.47,5.68,5.58,0.469,0.217
MTR0001,2024-01-06 17:15:00,220.65,222.16,220.21,5.54,5.84,5.83,0.507,0.268
MTR0001,2024-01-06 17:30:00,221.93,218.73,222.49,5.54,5.65,5.84,0.462,0.258
MTR0001,2024-01-06 17:45:00,220.76,219.61,222.52,5.63,5.35,5.92,0.513,0.205
MTR0001,2024-01-06 18:00:00,221.68,222.53,218.63,5.26,5.13,5.34,0.45,0.239
MTR0001,2024-01-06 18:15:00,220.5,220.28,221.78,5.34,5.18,5.66,0.446,0.241
MTR0001,2024-01-06 18:30:00,216.86,225.42,222.3,5.27,5.38,5.8,0.436,0.275
MTR0001,2024-01-06 18:45:00,220.39,222.0,219.93,5.13,5.0,5.34,0.447,0.216
MTR0001,2024-01-06 19:00:00,221.02,220.82,226.12,5.05,4.61,5.06,0.429,0.225
MTR0001,2024-01-06 19:15:00,220.33,221.24,222.38,4.93,4.68,4.96,0.423,0.241
MTR0001,2024-01-06 19:30:00,219.52,222.31,222.45,4.77,4.68,5.27,0.429,0.159
MTR0001,2024-01-06 19:45:00,219.28,219.07,221.49,4.74,4.76,4.88,0.418,0.216
MTR0001,2024-01-06 20:00:00,220.21,220.07,219.96,4.41,4.52,4.77,0.362,0.214
MTR0001,2024-01-06 20:15:00,219.46,222.06,223.5,4.18,4.44,4.76,0.393,0.211
MTR0001,2024-01-06 20:30:00,222.83,223.54,224.0,4.51,4.51,4.84,0.401,0.227
MTR0001,2024-01-06 20:45:00,220.69,220.31,220.75,4.31,4.41,4.6,0.414,0.186
MTR0001,2024-01-06 21:00:00,220.11,222.42,221.5,4.32,4.24,4.08,0.402,0.194
MTR0001,2024-01-06 21:15:00,218.91,222.78,223.04,4.08,4.17,4.23,0.377,0.173
MTR0001,2024-01-06 21:30:00,221.29,219.52,221.21,4.3,4.09,4.37,0.362,0.204
MTR0001,2024-01-06 21:45:00,222.0,221.01,221.01,4.26,4.13,4.23,0.349,0.198
MTR0001,2024-01-06 22:00:00,223.09,221.48,219.99,3.57,3.63,3.83,0.308,0.158
MTR0001,2024-01-06 22:15:00,223.86,222.04,220.11,3.74,3.87,4.08,0.336,0.158
MTR0001,2024-01-06 22:30:00,221.09,225.19,218.35,3.99,3.83,4.12,0.349,0.178
MTR0001,2024-01-06 22:45:00,218.35,221.68,220.44,3.96,3.82,3.83,0.339,0.17
MTR0001,2024-01-06 23:00:00,222.37,222.33,220.4,3.71,3.93,3.98,0.305,0.196
MTR0001,2024-01-06 23:15:00,221.98,221.79,221.56,3.8,3.79,3.86,0.335,0.142
MTR0001,2024-01-06 23:30:00,220.52,219.2,224.92,3.54,3.54,3.8,0.323,0.156
MTR0001,2024-01-06 23:45:00,221.56,221.32,221.85,3.86,3.62,3.88,0.362,0.173
MTR0001,2024-01-07 00:00:00,223.24,222.17,222.25,2.37,2.57,2.6,0.224,0.083
MTR0001,2024-01-07 00:15:00,219.8,218.74,222.14,2.75,2.57,2.77,0.217,0.084
MTR0001,2024-01-07 00:30:00,221.86,221.63,221.29,2.56,2.55,2.88,0.184,0.12
MTR0001,2024-01-07 00:45:00,221.01,221.94,221.96,2.63,2.5,2.72,0.196,0.12
MTR0001,2024-01-07 01:00:00,221.71,219.27,221.8,2.64,2.61,2.88,0.275,0.107
MTR0001,2024-01-07 01:15:00,218.2,221.93,221.63,2.56,2.67,2.73,0.23,0.108
MTR0001,2024-01-07 01:30:00,218.07,220.54,219.41,2.88,2.58,2.67,0.232,0.125
MTR0001,2024-01-07 01:45:00,222.01,220.7,221.59,2.52,2.71,2.9,0.247,0.094
MTR0001,2024-01-07 02:00:00,221.4,221.9,219.96,2.63,2.44,2.74,0.273,0.102
MTR0001,2024-01-07 02:15:00,221.77,221.58,219.65,2.34,2.71,2.96,0.197,0.119
MTR0001,2024-01-07 02:30:00,220.41,221.5,222.53,2.52,2.56,2.72,0.226,0.131
MTR0001,2024-01-07 02:45:00,220.29,221.81,222.28,2.69,2.61,2.94,0.239,0.132
MTR0001,2024-01-07 03:00:00,219.76,220.61,220.64,2.71,2.76,2.66,0.25,0.104
MTR0001,2024-01-07 03:15:00,220.65,223.08,219.67,2.69,2.59,2.46,0.215,0.141
MTR0001,2024-01-07 03:30:00,220.52,219.9,221.91,2.31,2.59,2.73,0.207,0.099
MTR0001,2024-01-07 03:45:00,219.31,220.77,219.78,2.66,2.81,2.58,0.205,0.099
MTR0001,2024-01-07 04:00:00,220.61,221.62,221.83,2.56,2.57,2.78,0.244,0.118
MTR0001,2024-01-07 04:15:00,221.18,220.67,220.3,2.26,2.57,2.94,0.238,0.116
MTR0001,2024-01-07 04:30:00,219.53,222.99,221.0,2.55,2.62,2.84,0.197,0.116
MTR0001,2024-01-07 04:45:00,220.96,223.68,222.59,2.63,2.71,2.67,0.244,0.094
MTR0001,2024-01-07 05:00:00,220.03,219.8,224.18,2.63,2.57,2.59,0.25,0.11
MTR0001,2024-01-07 05:15:00,221.47,220.89,222.3,2.9,2.49,2.98,0.237,0.145
MTR0001,2024-01-07 05:30:00,218.7,223.4,221.77,2.75,2.58,2.6,0.234,0.103
MTR0001,2024-01-07 05:45:00,220.35,222.37,222.82,2.6,2.65,2.82,0.222,0.088
MTR0001,2024-01-07 06:00:00,220.1,219.38,220.27,5.08,5.14,5.34,0.409,0.204
MTR0001,2024-01-07 06:15:00,221.49,222.03,220.35,5.43,5.1,5.52,0.464,0.256
MTR0001,2024-01-07 06:30:00,218.8,222.69,223.44,5.64,5.02,5.55,0.508,0.176
MTR0001,2024-01-07 06:45:00,221.71,218.48,222.52,5.09,5.24,5.65,0.447,0.202
MTR0001,2024-01-07 07:00:00,219.89,222.97,223.86,5.73,5.38,5.74,0.524,0.243
MTR0001,2024-01-07 07:15:00,221.95,220.13,221.93,5.7,5.48,5.85,0.471,0.239
MTR0001,2024-01-07 07:30:00,220.39,223.45,220.29,5.69,5.51,5.83,0.511,0.183
MTR0001,2024-01-07 07:45:00,219.32,220.92,222.48,5.67,5.63,5.73,0.512,0.191
MTR0001,2024-01-07 08:00:00,220.02,221.93,222.21,5.78,5.9,6.23,0.511,0.3
MTR0001,2024-01-07 08:15:00,219.29,220.14,221.05,5.99,6.12,6.17,0.539,0.201
MTR0001,2024-01-07 08:30:00,219.22,222.24,218.95,5.95,5.93,6.52,0.552,0.182
MTR0001,2024-01-07 08:45:00,221.73,216.23,223.2,5.9,6.04,6.32,0.515,0.252
MTR0001,2024-01-07 09:00:00,218.35,220.24,218.79,6.32,6.3,6.62,0.509,0.311
MTR0001,2024-01-07 09:15:00,220.45,221.11,217.86,6.17,6.4,6.73,0.522,0.27
MTR0001,2024-01-07 09:30:00,219.16,221.5,222.15,6.47,6.69,6.27,0.577,0.201
MTR0001,2024-01-07 09:45:00,221.79,219.99,222.53,6.34,6.31,6.47,0.603,0.198
MTR0001,2024-01-07 10:00:00,218.8,218.33,220.45,6.64,6.57,6.89,0.563,0.325
MTR0001,2024-01-07 10:15:00,221.48,221.22,220.56,6.64,6.56,6.74,0.537,0.3
MTR0001,2024-01-07 10:30:00,221.6,221.74,220.22,6.61,6.32,7.04,0.57,0.224
MTR0001,2024-01-07 10:45:00,221.68,220.59,222.82,6.5,6.46,6.71,0.553,0.273
MTR0001,2024-01-07 11:00:00,220.85,219.81,222.89,6.76,6.68,7.13,0.561,0.285
MTR0001,2024-01-07 11:15:00,218.83,222.79,222.13,6.83,6.32,6.95,0.596,0.201
MTR0001,2024-01-07 11:30:00,219.52,220.79,222.63,6.74,6.5,7.29,0.658,0.223
MTR0001,2024-01-07 11:45:00,220.65,220.88,223.51,6.92,6.5,7.19,0.546,0.336
MTR0001,2024-01-07 12:00:00,220.75,222.59,223.14,6.71,6.46,7.08,0.613,0.241
MTR0001,2024-01-07 12:15:00,220.93,220.72,220.7,6.88,6.82,7.04,0.56,0.354
MTR0001,2024-01-07 12:30:00,220.53,221.57,220.78,6.99,7.05,7.15,0.623,0.268
MTR0001,2024-01-07 12:45:00,221.59,221.42,219.44,6.97,6.97,6.9,0.605,0.287
MTR0001,2024-01-07 13:00:00,220.61,220.62,218.21,7.01,6.81,7.11,0.63,0.249
MTR0001,2024-01-07 13:15:00,221.24,222.03,220.55,6.51,6.52,7.01,0.542,0.333
MTR0001,2024-01-07 13:30:00,221.0,222.69,222.46,6.81,6.89,6.8,0.57,0.34
MTR0001,2024-01-07 13:45:00,219.77,223.44,222.42,6.43,6.61,6.91,0.577,0.231
MTR0001,2024-01-07 14:00:00,222.48,221.62,221.23,6.6,6.74,6.75,0.591,0.28
MTR0001,2024-01-07 14:15:00,219.93,221.59,221.46,6.63,6.62,6.73,0.594,0.313
MTR0001,2024-01-07 14:30:00,222.64,221.3,220.95,6.36,6.86,6.94,0.631,0.234
MTR0001,2024-01-07 14:45:00,222.98,220.49,223.08,6.61,6.67,6.87,0.56,0.284
MTR0001,2024-01-07 15:00:00,219.86,222.72,221.55,6.47,6.47,6.71,0.533,0.317
MTR0001,2024-01-07 15:15:00,218.97,221.59,220.78,6.2,6.6,6.44,0.498,0.315
MTR0001,2024-01-07 15:30:00,223.65,223.13,223.97,6.42,6.48,6.5,0.603,0.28
MTR0001,2024-01-07 15:45:00,218.52,223.02,221.84,6.44,6.25,6.47,0.564,0.253
MTR0001,2024-01-07 16:00:00,220.97,222.29,221.22,6.02,5.95,6.41,0.538,0.231
MTR0001,2024-01-07 16:15:00,220.92,219.52,221.78,5.98,6.11,6.29,0.526,0.297
MTR0001,2024-01-07 16:30:00,220.03,217.77,221.25,5.99,6.04,6.24,0.549,0.275
MTR0001,2024-01-07 16:45:00,220.72,219.72,222.42,6.1,6.2,6.43,0.501,0.307
MTR0001,2024-01-07 17:00:00,221.03,222.05,220.33,5.76,5.92,5.72,0.509,0.211
MTR0001,2024-01-07 17:15:00,220.91,223.58,218.61,5.6,5.84,5.96,0.524,0.257
MTR0001,2024-01-07 17:30:00,220.54,221.72,221.3,5.83,5.47,5.75,0.484,0.244
MTR0001,2024-01-07 17:45:00,220.21,221.96,221.87,5.66,5.5,5.97,0.483,0.231
MTR0001,2024-01-07 18:00:00,221.84,222.67,218.9,5.45,5.57,5.46,0.502,0.205
MTR0001,2024-01-07 18:15:00,221.48,220.9,219.87,5.27,5.18,5.53,0.419,0.257
MTR0001,2024-01-07 18:30:00,219.95,219.36,223.38,5.18,5.01,5.42,0.413,0.24
MTR0001,2024-01-07 18:45:00,222.57,224.6,221.93,5.27,5.12,5.39,0.445,0.244
MTR0001,2024-01-07 19:00:00,220.76,221.27,221.59,4.75,4.74,4.71,0.421,0.191
MTR0001,2024-01-07 19:15:00,222.72,221.2,218.8,4.88,4.82,4.97,0.446,0.162
MTR0001,2024-01-07 19:30:00,221.48,221.21,222.33,4.56,4.73,5.29,0.42,0.22
MTR0001,2024-01-07 19:45:00,220.32,217.99,219.45,4.68,4.81,5.08,0.413,0.24
MTR0001,2024-01-07 20:00:00,219.94,221.18,222.37,4.67,4.33,4.65,0.352,0.222
MTR0001,2024-01-07 20:15:00,225.43,222.02,221.67,4.45,4.49,4.75,0.378,0.222
MTR0001,2024-01-07 20:30:00,220.73,219.75,223.59,4.26,4.39,4.48,0.387,0.198
MTR0001,2024-01-07 20:45:00,217.94,221.99,220.62,4.43,4.31,4.93,0.415,0.134
MTR0001,2024-01-07 21:00:00,223.63,221.35,222.55,4.01,4.14,4.1,0.299,0.194
MTR0001,2024-01-07 21:15:00,222.07,219.69,222.52,4.14,4.34,4.17,0.328,0.178
MTR0001,2024-01-07 21:30:00,218.36,217.84,221.95,4.16,4.05,4.28,0.331,0.174
MTR0001,2024-01-07 21:45:00,221.37,222.64,224.37,3.81,4.09,4.47,0.407,0.182
MTR0001,2024-01-07 22:00:00,222.45,223.76,221.83,3.76,3.48,4.14,0.33,0.148
MTR0001,2024-01-07 22:15:00,223.55,222.5,220.53,3.84,4.13,3.89,0.328,0.206
MTR0001,2024-01-07 22:30:00,220.45,221.42,219.85,4.01,3.88,3.97,0.308,0.153
MTR0001,2024-01-07 22:45:00,221.79,219.94,219.32,4.17,3.61,3.98,0.407,0.13
MTR0001,2024-01-07 23:00:00,219.42,220.75,221.86,3.66,3.79,3.72,0.298,0.151
MTR0001,2024-01-07 23:15:00,219.62,221.21,223.12,3.54,3.51,4.01,0.305,0.154
MTR0001,2024-01-07 23:30:00,219.81,220.55,220.52,3.67,3.6,3.9,0.279,0.185
MTR0001,2024-01-07 23:45:00,221.53,224.25,222.68,3.54,3.71,3.72,0.329,0.151
MTR0001,2024-01-08 00:00:00,218.58,224.11,220.39,2.5,2.26,2.67,0.195,0.073
MTR0001,2024-01-08 00:15:00,222.45,221.03,223.29,2.86,2.75,2.64,0.227,0.143
MTR0001,2024-01-08 00:30:00,220.69,217.82,221.27,2.78,2.47,2.67,0.173,0.112
MTR0001,2024-01-08 00:45:00,219.62,224.26,221.65,2.7,2.58,2.74,0.244,0.108
MTR0001,2024-01-08 01:00:00,221.77,219.95,223.38,2.65,2.7,2.74,0.251,0.109
MTR0001,2024-01-08 01:15:00,221.18,220.25,220.65,2.75,2.71,2.62,0.222,0.122
MTR0001,2024-01-08 01:30:00,223.31,222.26,223.34,2.39,2.79,3.06,0.235,0.106
MTR0001,2024-01-08 01:45:00,220.36,220.99,223.36,2.63,2.75,2.83,0.199,0.115
MTR0001,2024-01-08 02:00:00,221.0,221.64,220.43,2.75,2.68,2.85,0.284,0.082
MTR0001,2024-01-08 02:15:00,224.11,220.71,219.49,2.59,3.09,2.86,0.271,0.106
MTR0001,2024-01-08 02:30:00,221.31,220.71,222.96,2.63,2.7,2.4,0.22,0.118
MTR0001,2024-01-08 02:45:00,221.48,221.95,223.02,2.81,2.61,2.57,0.267,0.099
MTR0001,2024-01-08 03:00:00,219.6,221.66,222.15,2.57,2.68,2.77,0.239,0.124
MTR0001,2024-01-08 03:15:00,221.26,219.74,221.07,2.72,2.45,2.81,0.21,0.101
MTR0001,2024-01-08 03:30:00,219.39,220.78,221.18,2.75,2.55,2.49,0.241,0.116
MTR0001,2024-01-08 03:45:00,219.03,221.94,221.71,2.92,2.72,2.77,0.245,0.122
MTR0001,2024-01-08 04:00:00,224.54,221.19,221.02,2.64,2.76,2.5,0.216,0.129
MTR0001,2024-01-08 04:15:00,219.75,218.74,220.41,2.55,2.62,3.02,0.243,0.12
MTR0001,2024-01-08 04:30:00,222.03,222.83,222.93,2.81,2.93,2.67,0.257,0.143
MTR0001,2024-01-08 04:45:00,217.44,221.61,222.79,2.42,2.71,2.78,0.23,0.125
MTR0001,2024-01-08 05:00:00,220.91,223.14,225.46,2.71,2.61,2.83,0.221,0.108
MTR0001,2024-01-08 05:15:00,221.94,222.84,219.81,2.46,2.55,2.81,0.231,0.106
MTR0001,2024-01-08 05:30:00,223.36,220.44,219.58,2.49,2.4,2.93,0.214,0.127
MTR0001,2024-01-08 05:45:00,221.14,223.97,219.55,2.53,2.49,2.71,0.239,0.08
MTR0001,2024-01-08 06:00:00,221.92,221.74,221.26,5.12,5.21,5.56,0.473,0.22
MTR0001,2024-01-08 06:15:00,221.74,219.95,221.77,5.14,5.28,5.34,0.489,0.234
MTR0001,2024-01-08 06:30:00,221.6,220.51,223.06,5.06,5.27,5.32,0.401,0.251
MTR0001,2024-01-08 06:45:00,219.53,222.92,222.19,5.07,5.17,5.33,0.482,0.201
MTR0001,2024-01-08 07:00:00,219.58,219.42,221.95,5.58,5.88,5.88,0.459,0.261
MTR0001,2024-01-08 07:15:00,220.84,221.63,217.25,5.83,5.28,5.85,0.509,0.178
MTR0001,2024-01-08 07:30:00,218.58,221.99,224.34,5.53,5.49,5.74,0.443,0.277
MTR0001,2024-01-08 07:45:00,221.27,220.75,220.84,5.75,5.38,5.82,0.49,0.238
MTR0001,2024-01-08 08:00:00,218.92,219.3,223.87,5.95,6.15,6.24,0.566,0.182
MTR0001,2024-01-08 08:15:00,218.79,221.01,224.86,5.9,5.84,6.5,0.512,0.214
MTR0001,2024-01-08 08:30:00,220.71,220.48,222.13,6.21,5.98,6.46,0.533,0.305
MTR0001,2024-01-08 08:45:00,220.74,218.76,218.81,5.8,5.9,6.21,0.482,0.275
MTR0001,2024-01-08 09:00:00,224.24,224.4,219.76,6.6,6.24,6.63,0.579,0.315
MTR0001,2024-01-08 09:15:00,220.04,222.44,219.09,6.22,6.14,6.56,0.537,0.269
MTR0001,2024-01-08 09:30:00,222.6,221.55,221.37,6.65,6.38,6.56,0.555,0.259
MTR0001,2024-01-08 09:45:00,220.12,223.53,223.07,6.36,6.46,6.25,0.508,0.319
MTR0001,2024-01-08 10:00:00,220.48,220.19,223.5,6.75,6.46,6.94,0.61,0.24
MTR0001,2024-01-08 10:15:00,218.96,220.34,221.54,6.46,6.28,7.03,0.592,0.27
MTR0001,2024-01-08 10:30:00,219.29,221.1,223.62,6.73,6.53,6.91,0.612,0.208
MTR0001,2024-01-08 10:45:00,223.85,222.14,221.08,6.65,6.43,6.81,0.565,0.283
MTR0001,2024-01-08 11:00:00,222.17,221.32,219.69,6.78,6.72,7.06,0.587,0.255
MTR0001,2024-01-08 11:15:00,221.8,220.07,221.02,6.55,6.81,7.13,0.595,0.293
MTR0001,2024-01-08 11:30:00,219.01,222.62,220.11,6.6,6.65,6.94,0.578,0.315
MTR0001,2024-01-08 11:45:00,221.26,220.77,220.58,6.81,6.73,7.15,0.568,0.31
MTR0001,2024-01-08 12:00:00,220.7,221.64,221.22,7.01,6.57,7.18,0.605,0.271
MTR0001,2024-01-08 12:15:00,219.57,224.91,221.49,6.97,6.82,7.15,0.588,0.298
MTR0001,2024-01-08 12:30:00,220.02,222.53,223.59,6.84,6.96,6.88,0.583,0.32
MTR0001,2024-01-08 12:45:00,220.38,220.86,220.9,6.96,6.7,7.36,0.573,0.341
MTR0001,2024-01-08 13:00:00,220.85,221.71,220.85,6.96,6.53,6.92,0.627,0.291
MTR0001,2024-01-08 13:15:00,220.78,221.09,220.6,6.48,6.45,7.31,0.593,0.298
MTR0001,2024-01-08 13:30:00,220.03,222.62,223.59,7.04,6.67,6.68,0.569,0.307
MTR0001,2024-01-08 13:45:00,221.27,220.58,222.09,6.79,7.02,6.82,0.643,0.211
MTR0001,2024-01-08 14:00:00,223.89,219.44,220.73,6.6,6.62,7.06,0.597,0.319
MTR0001,2024-01-08 14:15:00,220.8,223.95,220.04,6.87,6.7,6.73,0.57,0.309
MTR0001,2024-01-08 14:30:00,222.12,219.45,222.0,6.49,6.5,6.94,0.598,0.238
MTR0001,2024-01-08 14:45:00,223.02,220.05,221.27,6.52,6.56,6.95,0.57,0.302
MTR0001,2024-01-08 15:00:00,218.87,223.81,222.24,6.33,6.13,6.48,0.559,0.256
MTR0001,2024-01-08 15:15:00,218.67,219.1,221.18,6.21,5.95,6.55,0.529,0.273
MTR0001,2024-01-08 15:30:00,218.78,221.18,222.26,6.44,6.02,6.59,0.535,0.243
MTR0001,2024-01-08 15:45:00,220.14,220.71,221.55,6.47,6.44,6.56,0.53,0.28
MTR0001,2024-01-08 16:00:00,218.54,220.09,219.73,6.19,5.88,6.29,0.518,0.287
MTR0001,2024-01-08 16:15:00,223.07,219.9,220.65,5.98,5.96,6.22,0.512,0.287
MTR0001,2024-01-08 16:30:00,220.86,221.13,221.69,5.68,5.71,6.36,0.511,0.272
MTR0001,2024-01-08 16:45:00,220.37,222.73,218.4,6.15,6.02,6.12,0.521,0.244
MTR0001,2024-01-08 17:00:00,221.4,223.58,221.66,5.52,5.75,5.97,0.514,0.222
MTR0001,2024-01-08 17:15:00,218.18,220.22,219.84,5.76,5.72,5.9,0.533,0.201
MTR0001,2024-01-08 17:30:00,222.7,222.34,219.67,5.87,5.84,6.01,0.513,0.277
MTR0001,2024-01-08 17:45:00,220.9,224.15,218.71,5.45,5.74,5.61,0.495,0.19
MTR0001,2024-01-08 18:00:00,220.83,220.4,222.37,5.32,5.43,5.64,0.456,0.276
MTR0001,2024-01-08 18:15:00,222.12,220.08,220.71,5.18,5.06,5.18,0.408,0.213
MTR0001,2024-01-08 18:30:00,220.92,221.05,219.13,5.13,5.26,5.54,0.452,0.179
MTR0001,2024-01-08 18:45:00,219.33,222.58,220.43,5.24,5.18,5.47,0.474,0.178
MTR0001,2024-01-08 19:00:00,221.83,223.7,221.05,5.04,4.77,5.25,0.396,0.154
MTR0001,2024-01-08 19:15:00,221.67,222.37,219.56,4.88,4.87,5.02,0.479,0.176
MTR0001,2024-01-08 19:30:00,221.04,223.33,220.59,4.69,4.83,4.76,0.398,0.235
MTR0001,2024-01-08 19:45:00,220.25,220.85,223.07,4.41,4.75,5.26,0.411,0.172
MTR0001,2024-01-08 20:00:00,220.48,219.83,223.7,4.37,4.14,4.83,0.378,0.205
MTR0001,2024-01-08 20:15:00,221.58,217.59,222.24,4.31,4.35,4.73,0.367,0.188
MTR0001,2024-01-08 20:30:00,219.62,221.91,222.52,4.61,4.24,4.96,0.413,0.158
MTR0001,2024-01-08 20:45:00,221.0,222.66,218.15,4.74,4.43,4.39,0.391,0.198
MTR0001,2024-01-08 21:00:00,219.82,218.53,222.06,4.35,4.01,4.36,0.35,0.166
MTR0001,2024-01-08 21:15:00,219.74,221.07,221.09,4.09,4.0,4.31,0.362,0.138
MTR0001,2024-01-08 21:30:00,219.15,224.29,220.22,4.04,3.95,4.56,0.36,0.208
MTR0001,2024-01-08 21:45:00,221.79,223.23,222.02,4.03,4.19,4.28,0.322,0.21
MTR0001,2024-01-08 22:00:00,220.63,222.05,222.75,3.79,3.98,3.63,0.312,0.165
MTR0001,2024-01-08 22:15:00,220.96,221.46,220.75,3.92,4.05,4.23,0.387,0.13
MTR0001,2024-01-08 22:30:00,220.85,220.25,220.52,3.8,3.8,4.07,0.308,0.165
MTR0001,2024-01-08 22:45:00,219.71,218.93,219.83,3.74,3.97,4.06,0.338,0.172
MTR0001,2024-01-08 23:00:00,222.3,223.29,219.81,3.61,3.87,3.85,0.301,0.16
MTR0001,2024-01-08 23:15:00,222.62,218.01,221.43,3.67,3.8,4.03,0.363,0.15
MTR0001,2024-01-08 23:30:00,217.86,222.29,223.07,3.72,3.95,4.0,0.325,0.145
MTR0001,2024-01-08 23:45:00,222.92,221.7,219.43,3.49,3.73,3.77,0.347,0.155
MTR0001,2024-01-09 00:00:00,221.02,220.58,222.42,2.7,2.72,2.77,0.252,0.115
MTR0001,2024-01-09 00:15:00,220.62,222.98,220.43,2.4,2.37,2.61,0.188,0.116
MTR0001,2024-01-09 00:30:00,220.04,221.33,222.84,2.51,2.56,2.78,0.246,0.111
MTR0001,2024-01-09 00:45:00,220.92,224.0,222.86,2.69,2.6,2.72,0.248,0.096
MTR0001,2024-01-09 01:00:00,217.61,222.22,224.7,2.67,2.85,2.63,0.24,0.086
MTR0001,2024-01-09 01:15:00,223.32,220.37,222.59,2.43,2.57,2.87,0.262,0.085
MTR0001,2024-01-09 01:30:00,220.89,221.2,222.53,2.56,2.75,2.56,0.198,0.097
MTR0001,2024-01-09 01:45:00,221.61,222.43,224.87,2.49,2.78,2.78,0.212,0.112
MTR0001,2024-01-09 02:00:00,217.27,224.11,220.2,2.61,2.46,2.83,0.19,0.122
MTR0001,2024-01-09 02:15:00,218.07,223.38,224.04,2.28,2.53,2.66,0.185,0.075
MTR0001,2024-01-09 02:30:00,220.8,220.78,224.49,2.9,2.47,2.81,0.229,0.121
MTR0001,2024-01-09 02:45:00,219.5,220.97,221.94,2.9,2.53,2.79,0.257,0.099
MTR0001,2024-01-09 03:00:00,219.93,221.21,220.55,2.54,2.88,2.6,0.224,0.121
MTR0001,2024-01-09 03:15:00,221.47,221.75,220.31,2.99,2.71,2.74,0.229,0.093
MTR0001,2024-01-09 03:30:00,220.85,219.01,221.53,2.88,2.62,2.68,0.262,0.089
MTR0001,2024-01-09 03:45:00,222.22,221.33,221.63,2.81,2.71,2.78,0.261,0.112
MTR0001,2024-01-09 04:00:00,220.01,219.62,222.11,2.72,2.4,2.66,0.203,0.112
MTR0001,2024-01-09 04:15:00,219.51,222.87,218.2,2.49,2.59,2.76,0.217,0.124
MTR0001,2024-01-09 04:30:00,218.59,224.31,220.55,2.61,2.75,3.25,0.243,0.134
MTR0001,2024-01-09 04:45:00,219.86,220.46,220.88,2.71,2.44,2.63,0.241,0.108
MTR0001,2024-01-09 05:00:00,221.43,220.9,220.95,2.67,2.43,2.67,0.225,0.111
MTR0001,2024-01-09 05:15:00,221.69,221.42,222.6,2.52,2.46,2.66,0.251,0.08
MTR0001,2024-01-09 05:30:00,219.17,225.44,224.13,2.62,2.64,2.63,0.229,0.095
MTR0001,2024-01-09 05:45:00,219.25,221.19,219.88,2.63,2.84,2.7,0.232,0.125
MTR0001,2024-01-09 06:00:00,222.12,222.32,223.67,5.18,5.14,5.25,0.494,0.172
MTR0001,2024-01-09 06:15:00,221.82,224.07,223.01,4.97,5.1,5.41,0.466,0.16
MTR0001,2024-01-09 06:30:00,218.8,223.36,219.3,5.15,5.05,5.19,0.465,0.19
MTR0001,2024-01-09 06:45:00,220.81,220.71,222.66,5.27,5.21,5.36,0.484,0.177
MTR0001,2024-01-09 07:00:00,221.09,222.41,220.63,5.65,5.59,6.0,0.466,0.297
MTR0001,2024-01-09 07:15:00,220.36,221.03,221.68,5.55,5.62,6.23,0.524,0.207
MTR0001,2024-01-09 07:30:00,223.14,218.67,219.53,5.85,5.56,5.77,0.494,0.245
MTR0001,2024-01-09 07:45:00,220.05,221.51,222.99,5.57,5.77,6.01,0.498,0.216
MTR0001,2024-01-09 08:00:00,221.95,220.81,221.49,6.1,6.1,6.0,0.495,0.302
MTR0001,2024-01-09 08:15:00,220.88,221.72,222.39,6.25,6.2,6.47,0.558,0.247
MTR0001,2024-01-09 08:30:00,222.11,222.7,221.04,6.1,5.97,6.14,0.522,0.259
MTR0001,2024-01-09 08:45:00,222.27,225.45,221.66,5.97,5.93,6.32,0.51,0.246
MTR0001,2024-01-09 09:00:00,218.75,220.8,222.25,6.22,6.54,6.79,0.53,0.323
MTR0001,2024-01-09 09:15:00,220.22,218.71,223.01,6.32,6.27,6.67,0.584,0.208
MTR0001,2024-01-09 09:30:00,222.0,220.77,221.52,6.35,6.11,6.43,0.559,0.25
MTR0001,2024-01-09 09:45:00,220.13,222.61,217.32,6.53,6.31,6.57,0.595,0.25
MTR0001,2024-01-09 10:00:00,219.73,221.78,221.85,6.47,6.49,6.84,0.526,0.288
MTR0001,2024-01-09 10:15:00,222.11,223.61,223.26,6.5,6.74,7.08,0.603,0.277
MTR0001,2024-01-09 10:30:00,221.31,223.47,220.33,6.52,6.5,6.55,0.526,0.298
MTR0001,2024-01-09 10:45:00,223.45,221.9,224.5,6.47,6.36,6.71,0.626,0.264
MTR0001,2024-01-09 11:00:00,219.48,219.49,221.17,6.75,6.72,6.98,0.569,0.317
MTR0001,2024-01-09 11:15:00,221.06,218.7,223.14,6.47,6.43,6.89,0.602,0.244
MTR0001,2024-01-09 11:30:00,223.43,221.05,220.24,6.87,6.64,6.9,0.613,0.2
MTR0001,2024-01-09 11:45:00,220.67,221.02,222.37,6.79,6.91,7.04,0.598,0.281
MTR0001,2024-01-09 12:00:00,221.69,221.75,220.91,6.9,6.66,6.99,0.627,0.223
MTR0001,2024-01-09 12:15:00,220.95,217.88,219.02,6.79,6.68,7.09,0.568,0.331
MTR0001,2024-01-09 12:30:00,221.68,217.62,223.55,6.71,6.86,7.2,0.599,0.251
MTR0001,2024-01-09 12:45:00,217.75,221.06,220.33,7.0,6.72,6.93,0.632,0.202
MTR0001,2024-01-09 13:00:00,219.69,221.43,224.35,6.75,6.87,7.04,0.605,0.306
MTR0001,2024-01-09 13:15:00,219.84,223.19,220.45,6.83,6.59,6.96,0.621,0.233
MTR0001,2024-01-09 13:30:00,220.86,222.63,218.4,7.09,6.66,6.73,0.635,0.268
MTR0001,2024-01-09 13:45:00,220.45,222.9,221.36,6.85,6.94,7.14,0.649,0.215
MTR0001,2024-01-09 14:00:00,218.18,221.84,221.92,6.84,6.36,7.04,0.551,0.292
MTR0001,2024-01-09 14:15:00,223.41,221.73,218.84,6.45,6.31,6.62,0.556,0.28
MTR0001,2024-01-09 14:30:00,220.78,219.92,221.41,6.61,6.58,6.97,0.604,0.257
MTR0001,2024-01-09 14:45:00,222.69,222.57,222.11,6.6,6.6,6.91,0.541,0.316
MTR0001,2024-01-09 15:00:00,221.83,220.93,220.22,6.27,6.41,6.51,0.554,0.258
MTR0001,2024-01-09 15:15:00,219.4,221.27,223.29,6.52,6.45,6.75,0.55,0.341
MTR0001,2024-01-09 15:30:00,220.68,222.57,220.62,6.73,6.6,6.61,0.608,0.236
MTR0001,2024-01-09 15:45:00,220.31,221.5,222.15,6.06,6.43,6.97,0.563,0.298
MTR0001,2024-01-09 16:00:00,222.95,220.54,219.92,6.03,5.97,6.38,0.54,0.225
MTR0001,2024-01-09 16:15:00,220.79,220.18,219.87,6.22,6.14,6.43,0.567,0.234
MTR0001,2024-01-09 16:30:00,216.37,220.64,220.56,5.89,6.0,6.2,0.521,0.274
MTR0001,2024-01-09 16:45:00,219.08,220.45,222.24,5.95,5.96,6.11,0.537,0.256
MTR0001,2024-01-09 17:00:00,219.22,220.14,220.82,5.54,5.64,5.58,0.517,0.209
MTR0001,2024-01-09 17:15:00,218.92,220.13,220.87,5.66,5.58,5.76,0.501,0.179
MTR0001,2024-01-09 17:30:00,221.51,222.66,223.27,5.72,5.4,5.8,0.525,0.247
MTR0001,2024-01-09 17:45:00,221.73,221.73,221.09,5.59,5.79,5.87,0.485,0.242
MTR0001,2024-01-09 18:00:00,222.08,220.24,220.82,5.1,5.08,5.26,0.471,0.182
MTR0001,2024-01-09 18:15:00,222.98,219.69,220.19,5.35,5.24,5.58,0.445,0.236
MTR0001,2024-01-09 18:30:00,222.39,220.77,223.06,5.36,5.46,5.38,0.473,0.232
MTR0001,2024-01-09 18:45:00,223.77,220.93,223.31,5.27,5.26,5.59,0.478,0.179
MTR0001,2024-01-09 19:00:00,220.43,222.07,221.03,4.89,4.86,5.15,0.423,0.211
MTR0001,2024-01-09 19:15:00,219.87,220.28,226.41,4.92,4.88,5.12,0.422,0.203
MTR0001,2024-01-09 19:30:00,220.64,221.32,220.34,5.09,4.74,5.13,0.419,0.242
MTR0001,2024-01-09 19:45:00,221.75,218.24,221.09,4.59,4.89,5.04,0.454,0.14
MTR0001,2024-01-09 20:00:00,220.77,221.23,220.86,4.46,4.25,4.79,0.373,0.18
MTR0001,2024-01-09 20:15:00,218.66,220.86,219.39,4.49,4.24,4.64,0.379,0.17
MTR0001,2024-01-09 20:30:00,219.64,221.51,219.23,4.56,4.68,5.05,0.472,0.158
MTR0001,2024-01-09 20:45:00,221.65,221.41,220.41,4.6,4.39,4.81,0.402,0.161
MTR0001,2024-01-09 21:00:00,219.2,223.13,219.92,3.98,3.96,4.41,0.318,0.21
MTR0001,2024-01-09 21:15:00,220.42,221.03,220.8,3.79,3.95,4.47,0.385,0.179
MTR0001,2024-01-09 21:30:00,220.32,221.05,220.87,4.23,4.24,4.25,0.397,0.157
MTR0001,2024-01-09 21:45:00,222.85,221.52,221.54,4.27,4.02,3.97,0.356,0.156
MTR0001,2024-01-09 22:00:00,219.96,221.13,220.99,3.79,4.03,4.1,0.358,0.118
MTR0001,2024-01-09 22:15:00,220.61,221.04,222.24,3.73,3.79,3.55,0.35,0.16
MTR0001,2024-01-09 22:30:00,221.93,221.75,220.5,3.55,3.88,3.92,0.322,0.167
MTR0001,2024-01-09 22:45:00,219.6,221.69,222.89,4.11,3.83,3.83,0.299,0.149
MTR0001,2024-01-09 23:00:00,222.28,219.22,221.76,3.8,3.68,3.75,0.333,0.126
MTR0001,2024-01-09 23:15:00,220.39,223.31,224.54,3.59,3.51,3.93,0.305,0.155
MTR0001,2024-01-09 23:30:00,219.7,221.13,222.41,3.72,3.81,4.07,0.377,0.15
MTR0001,2024-01-09 23:45:00,222.58,222.06,221.81,3.66,3.35,3.97,0.328,0.166
MTR0001,2024-01-10 00:00:00,222.77,221.58,220.2,2.59,2.37,2.56,0.207,0.089
MTR0001,2024-01-10 00:15:00,219.09,221.83,220.73,2.7,2.34,2.56,0.203,0.09
MTR0001,2024-01-10 00:30:00,219.84,223.83,220.4,2.42,2.28,2.72,0.202,0.115
MTR0001,2024-01-10 00:45:00,219.88,222.36,221.69,2.57,2.7,2.81,0.245,0.109
MTR0001,2024-01-10 01:00:00,219.24,222.83,222.09,2.65,2.47,2.82,0.223,0.11
MTR0001,2024-01-10 01:15:00,219.79,223.75,222.93,2.37,2.44,2.67,0.227,0.091
MTR0001,2024-01-10 01:30:00,219.45,220.64,220.94,2.62,2.64,2.17,0.202,0.106
MTR0001,2024-01-10 01:45:00,222.45,222.6,225.16,2.75,2.5,2.59,0.203,0.123
MTR0001,2024-01-10 02:00:00,224.88,222.87,223.15,2.7,2.36,2.78,0.236,0.117
MTR0001,2024-01-10 02:15:00,220.45,223.81,220.19,2.86,2.55,2.56,0.19,0.107
MTR0001,2024-01-10 02:30:00,220.14,221.61,222.92,2.54,2.32,3.03,0.204,0.113
MTR0001,2024-01-10 02:45:00,217.72,219.83,221.14,2.8,2.37,2.77,0.26,0.097
MTR0001,2024-01-10 03:00:00,219.79,222.59,222.84,2.72,2.45,2.65,0.172,0.128
MTR0001,2024-01-10 03:15:00,218.8,221.95,220.87,2.72,2.58,2.49,0.209,0.104
MTR0001,2024-01-10 03:30:00,221.6,220.39,221.18,2.86,2.75,2.86,0.222,0.133
MTR0001,2024-01-10 03:45:00,220.5,224.08,222.56,2.75,2.84,2.86,0.252,0.135
MTR0001,2024-01-10 04:00:00,221.47,222.88,222.84,2.46,2.5,2.87,0.211,0.134
MTR0001,2024-01-10 04:15:00,220.77,220.13,220.41,2.73,2.46,2.6,0.242,0.071
MTR0001,2024-01-10 04:30:00,220.43,222.1,223.45,2.73,2.49,2.9,0.253,0.128
MTR0001,2024-01-10 04:45:00,224.1,218.51,219.18,2.82,2.84,2.6,0.279,0.088
MTR0001,2024-01-10 05:00:00,220.19,221.6,221.68,2.37,3.01,2.8,0.225,0.096
MTR0001,2024-01-10 05:15:00,220.28,221.18,222.46,2.91,2.7,2.85,0.247,0.112
MTR0001,2024-01-10 05:30:00,222.02,220.51,221.58,2.64,2.46,3.07,0.257,0.114
MTR0001,2024-01-10 05:45:00,222.01,223.3,221.46,2.41,2.58,2.94,0.244,0.115
MTR0001,2024-01-10 06:00:00,222.14,221.29,221.06,5.32,5.32,5.54,0.471,0.184
MTR0001,2024-01-10 06:15:00,222.46,221.16,223.31,4.99,5.53,5.46,0.488,0.161
MTR0001,2024-01-10 06:30:00,220.71,223.29,221.67,5.13,5.06,5.38,0.481,0.177
MTR0001,2024-01-10 06:45:00,221.71,223.04,220.68,5.12,4.94,5.47,0.417,0.245
MTR0001,2024-01-10 07:00:00,220.56,220.77,222.14,5.92,5.85,5.58,0.505,0.258
MTR0001,2024-01-10 07:15:00,220.02,222.35,223.07,5.51,5.75,6.01,0.495,0.288
MTR0001,2024-01-10 07:30:00,220.71,221.27,221.79,5.49,5.57,5.98,0.489,0.205
MTR0001,2024-01-10 07:45:00,218.28,220.85,221.92,5.81,5.7,6.22,0.471,0.287
MTR0001,2024-01-10 08:00:00,223.8,221.14,222.04,6.12,5.83,6.14,0.514,0.264
MTR0001,2024-01-10 08:15:00,221.68,217.34,219.96,6.27,5.88,6.19,0.532,0.275
MTR0001,2024-01-10 08:30:00,219.07,222.69,223.79,6.32,6.41,6.13,0.577,0.267
MTR0001,2024-01-10 08:45:00,221.25,220.9,221.37,5.93,5.97,6.06,0.538,0.209
MTR0001,2024-01-10 09:00:00,222.56,219.12,222.38,6.32,6.33,6.77,0.543,0.298
MTR0001,2024-01-10 09:15:00,220.3,218.59,221.22,6.39,6.28,6.69,0.506,0.296
MTR0001,2024-01-10 09:30:00,221.38,219.84,223.17,6.35,6.32,6.56,0.578,0.233
MTR0001,2024-01-10 09:45:00,221.26,221.84,221.56,6.05,6.25,6.57,0.515,0.293
MTR0001,2024-01-10 10:00:00,222.77,223.36,219.62,6.81,6.5,6.96,0.581,0.272
MTR0001,2024-01-10 10:15:00,223.1,222.11,219.5,6.7,6.69,6.85,0.532,0.306
MTR0001,2024-01-10 10:30:00,223.04,221.17,218.54,6.66,6.33,6.93,0.576,0.325
MTR0001,2024-01-10 10:45:00,220.84,224.08,222.26,6.79,6.42,6.77,0.6,0.298
MTR0001,2024-01-10 11:00:00,220.74,224.84,221.64,6.71,6.61,7.27,0.598,0.247
MTR0001,2024-01-10 11:15:00,220.2,220.01,221.94,6.82,6.91,6.77,0.589,0.25
MTR0001,2024-01-10 11:30:00,220.92,222.08,220.02,6.88,6.72,6.77,0.563,0.303
MTR0001,2024-01-10 11:45:00,219.43,221.57,220.3,6.8,6.78,6.99,0.627,0.253
MTR0001,2024-01-10 12:00:00,223.26,222.96,220.44,7.16,6.81,6.96,0.599,0.283
MTR0001,2024-01-10 12:15:00,222.0,221.51,223.97,6.62,6.86,7.19,0.592,0.292
MTR0001,2024-01-10 12:30:00,220.37,222.25,221.33,6.82,6.7,7.29,0.586,0.323
MTR0001,2024-01-10 12:45:00,221.1,223.45,220.72,7.18,6.87,7.06,0.546,0.337
MTR0001,2024-01-10 13:00:00,216.09,221.39,219.79,6.78,6.46,7.04,0.596,0.313
MTR0001,2024-01-10 13:15:00,222.17,223.34,217.99,6.68,6.93,6.83,0.583,0.284
MTR0001,2024-01-10 13:30:00,218.64,223.02,222.93,6.89,6.61,6.92,0.579,0.277
MTR0001,2024-01-10 13:45:00,219.44,220.89,222.42,6.68,6.74,7.04,0.58,0.301
MTR0001,2024-01-10 14:00:00,220.96,221.83,219.25,6.76,6.42,6.88,0.623,0.256
MTR0001,2024-01-10 14:15:00,219.9,222.45,221.64,6.36,6.68,6.81,0.576,0.286
MTR0001,2024-01-10 14:30:00,219.75,223.31,220.71,6.73,6.33,6.9,0.549,0.277
MTR0001,2024-01-10 14:45:00,221.79,221.38,221.55,6.59,6.71,6.87,0.577,0.337
MTR0001,2024-01-10 15:00:00,221.45,221.85,217.91,6.26,6.23,6.32,0.539,0.275
MTR0001,2024-01-10 15:15:00,224.28,221.04,220.83,6.52,6.01,6.38,0.52,0.279
MTR0001,2024-01-10 15:30:00,219.28,222.11,221.15,6.37,6.47,6.43,0.543,0.269
MTR0001,2024-01-10 15:45:00,220.5,221.86,222.2,6.4,6.34,6.58,0.55,0.302
MTR0001,2024-01-10 16:00:00,218.5,221.42,220.14,6.13,5.74,6.32,0.536,0.181
MTR0001,2024-01-10 16:15:00,220.72,219.23,222.08,6.14,5.86,6.29,0.545,0.226
MTR0001,2024-01-10 16:30:00,220.04,219.32,222.89,5.98,6.01,6.11,0.509,0.292
MTR0001,2024-01-10 16:45:00,220.04,217.41,221.56,6.16,6.38,6.2,0.531,0.234
MTR0001,2024-01-10 17:00:00,219.98,223.5,221.89,5.54,5.53,6.04,0.466,0.233
MTR0001,2024-01-10 17:15:00,220.81,222.98,221.65,5.66,5.4,5.87,0.5,0.238
MTR0001,2024-01-10 17:30:00,221.82,223.02,222.41,5.6,5.59,5.89,0.515,0.28
MTR0001,2024-01-10 17:45:00,219.84,221.7,221.55,5.91,5.61,6.2,0.498,0.243
MTR0001,2024-01-10 18:00:00,220.2,220.93,222.42,5.02,5.04,5.5,0.448,0.187
MTR0001,2024-01-10 18:15:00,221.25,221.38,222.31,5.38,5.18,5.33,0.456,0.209
MTR0001,2024-01-10 18:30:00,218.32,223.05,222.32,5.32,5.34,5.38,0.435,0.262
MTR0001,2024-01-10 18:45:00,221.14,220.59,222.84,5.24,4.99,5.32,0.407,0.214
MTR0001,2024-01-10 19:00:00,222.38,222.78,222.87,4.69,5.04,4.88,0.389,0.206
MTR0001,2024-01-10 19:15:00,220.57,221.54,222.57,5.35,4.86,5.03,0.451,0.16
MTR0001,2024-01-10 19:30:00,217.98,220.06,221.67,5.06,4.96,5.06,0.454,0.172
MTR0001,2024-01-10 19:45:00,218.17,220.77,221.47,4.75,4.6,4.91,0.402,0.182
MTR0001,2024-01-10 20:00:00,218.59,223.19,220.7,4.4,4.25,4.69,0.351,0.187
MTR0001,2024-01-10 20:15:00,222.34,220.65,219.22,4.13,4.7,4.65,0.38,0.201
MTR0001,2024-01-10 20:30:00,219.85,218.74,221.37,4.79,4.54,4.96,0.426,0.183
MTR0001,2024-01-10 20:45:00,221.97,222.16,218.59,4.24,4.49,4.85,0.388,0.227
MTR0001,2024-01-10 21:00:00,218.66,224.47,220.54,4.1,3.96,4.7,0.379,0.211
MTR0001,2024-01-10 21:15:00,221.23,221.88,222.33,4.12,4.04,4.4,0.308,0.195
MTR0001,2024-01-10 21:30:00,223.51,224.06,221.6,4.39,4.07,4.26,0.366,0.215
MTR0001,2024-01-10 21:45:00,221.92,221.43,224.14,4.32,4.03,4.42,0.366,0.19
MTR0001,2024-01-10 22:00:00,220.93,221.58,225.38,3.69,3.55,4.08,0.313,0.188
MTR0001,2024-01-10 22:15:00,221.36,220.86,219.6,4.15,3.94,3.97,0.397,0.155
MTR0001,2024-01-10 22:30:00,220.71,220.26,220.65,3.8,3.95,4.07,0.347,0.165
MTR0001,2024-01-10 22:45:00,221.36,222.44,221.66,4.05,3.76,4.1,0.342,0.165
MTR0001,2024-01-10 23:00:00,220.52,221.29,219.45,3.59,3.81,3.91,0.36,0.119
MTR0001,2024-01-10 23:15:00,218.61,221.79,225.48,3.91,3.57,3.98,0.333,0.169
MTR0001,2024-01-10 23:30:00,223.16,221.08,220.24,3.86,3.83,3.9,0.341,0.164
MTR0001,2024-01-10 23:45:00,221.29,222.07,218.55,3.9,3.68,3.98,0.374,0.149
MTR0001,2024-01-11 00:00:00,219.86,221.54,221.28,2.78,2.44,2.76,0.233,0.129
MTR0001,2024-01-11 00:15:00,219.84,220.67,222.17,2.67,2.42,2.79,0.233,0.12
MTR0001,2024-01-11 00:30:00,222.05,220.24,218.83,2.55,2.49,2.71,0.245,0.086
MTR0001,2024-01-11 00:45:00,221.12,221.34,224.14,2.6,2.43,2.65,0.224,0.106
MTR0001,2024-01-11 01:00:00,221.8,224.91,220.32,2.67,2.34,2.79,0.252,0.077
MTR0001,2024-01-11 01:15:00,220.88,219.24,222.01,2.73,2.36,2.52,0.226,0.102
MTR0001,2024-01-11 01:30:00,222.28,221.03,222.41,2.84,2.42,2.64,0.204,0.094
MTR0001,2024-01-11 01:45:00,220.1,220.96,220.44,2.73,2.21,2.94,0.221,0.105
MTR0001,2024-01-11 02:00:00,223.67,219.61,224.48,2.74,2.66,2.58,0.207,0.133
MTR0001,2024-01-11 02:15:00,220.65,221.67,223.95,2.52,2.7,2.63,0.194,0.108
MTR0001,2024-01-11 02:30:00,224.56,220.92,224.34,2.59,2.39,2.68,0.231,0.124
MTR0001,2024-01-11 02:45:00,222.08,221.61,223.05,2.77,2.77,2.63,0.227,0.124
MTR0001,2024-01-11 03:00:00,220.06,220.08,218.88,2.47,2.55,2.76,0.213,0.112
MTR0001,2024-01-11 03:15:00,222.72,220.71,224.07,2.8,2.53,2.77,0.255,0.102
MTR0001,2024-01-11 03:30:00,221.3,222.57,221.02,2.42,2.5,2.72,0.239,0.076
MTR0001,2024-01-11 03:45:00,220.11,221.61,219.17,2.65,2.55,2.59,0.227,0.12
MTR0001,2024-01-11 04:00:00,222.21,221.87,220.97,2.95,2.59,2.9,0.239,0.092
MTR0001,2024-01-11 04:15:00,221.2,223.23,221.5,2.52,2.82,2.51,0.243,0.084
MTR0001,2024-01-11 04:30:00,219.72,222.22,222.12,2.81,2.58,2.79,0.207,0.133
MTR0001,2024-01-11 04:45:00,221.04,224.05,220.6,2.6,2.79,3.0,0.23,0.131
MTR0001,2024-01-11 05:00:00,223.6,218.39,220.45,2.59,2.82,2.48,0.22,0.11
MTR0001,2024-01-11 05:15:00,222.07,220.74,223.41,2.39,2.54,2.68,0.267,0.117
MTR0001,2024-01-11 05:30:00,221.72,223.31,219.37,2.89,2.22,2.61,0.208,0.091
MTR0001,2024-01-11 05:45:00,224.5,221.44,222.93,2.48,2.35,2.86,0.195,0.133
MTR0001,2024-01-11 06:00:00,220.37,223.39,223.03,5.28,5.15,5.59,0.441,0.26
MTR0001,2024-01-11 06:15:00,220.87,221.31,219.59,5.41,5.03,5.26,0.469,0.195
MTR0001,2024-01-11 06:30:00,223.23,220.44,223.22,5.28,5.24,5.15,0.468,0.219
MTR0001,2024-01-11 06:45:00,220.41,221.23,224.26,5.38,5.13,5.26,0.493,0.16
MTR0001,2024-01-11 07:00:00,220.27,224.07,221.6,5.68,5.95,5.66,0.529,0.219
MTR0001,2024-01-11 07:15:00,218.75,220.13,223.22,5.85,5.76,5.93,0.495,0.25
MTR0001,2024-01-11 07:30:00,221.11,222.27,222.14,5.42,5.44,5.89,0.481,0.223
MTR0001,2024-01-11 07:45:00,221.02,222.31,222.04,5.77,5.63,5.54,0.508,0.217
MTR0001,2024-01-11 08:00:00,221.6,221.42,221.45,6.17,6.33,6.06,0.539,0.297
MTR0001,2024-01-11 08:15:00,222.07,222.57,221.71,6.12,6.02,6.25,0.582,0.224
MTR0001,2024-01-11 08:30:00,221.11,222.21,223.62,5.91,5.96,6.2,0.524,0.259
MTR0001,2024-01-11 08:45:00,222.43,219.07,222.94,6.16,6.0,5.95,0.531,0.247
MTR0001,2024-01-11 09:00:00,220.12,221.4,221.94,6.08,6.07,6.51,0.493,0.293
MTR0001,2024-01-11 09:15:00,223.01,222.79,222.72,6.33,6.04,6.92,0.566,0.249
MTR0001,2024-01-11 09:30:00,217.87,221.13,222.82,6.44,6.4,6.55,0.599,0.228
MTR0001,2024-01-11 09:45:00,221.05,221.26,218.74,6.41,6.49,6.81,0.545,0.306
MTR0001,2024-01-11 10:00:00,222.32,221.88,221.58,6.73,6.49,7.1,0.591,0.242
MTR0001,2024-01-11 10:15:00,221.96,222.37,219.82,6.29,6.61,6.95,0.581,0.297
MTR0001,2024-01-11 10:30:00,218.99,221.94,222.44,6.57,6.65,6.76,0.536,0.344
MTR0001,2024-01-11 10:45:00,222.15,221.03,219.11,6.81,6.73,6.82,0.597,0.313
MTR0001,2024-01-11 11:00:00,219.58,219.87,222.24,6.87,6.77,6.73,0.554,0.328
MTR0001,2024-01-11 11:15:00,221.09,221.74,222.04,6.8,7.03,7.2,0.632,0.215
MTR0001,2024-01-11 11:30:00,221.53,222.0,222.07,6.97,6.75,6.93,0.606,0.324
MTR0001,2024-01-11 11:45:00,220.2,220.89,220.09,6.82,6.82,6.95,0.592,0.308
MTR0001,2024-01-11 12:00:00,219.98,219.58,223.63,6.91,6.65,7.19,0.544,0.345
MTR0001,2024-01-11 12:15:00,222.25,223.5,220.87,6.59,6.64,7.36,0.588,0.293
MTR0001,2024-01-11 12:30:00,221.11,221.8,219.1,6.55,6.8,7.11,0.599,0.312
MTR0001,2024-01-11 12:45:00,219.47,221.97,219.76,6.9,7.23,7.25,0.602,0.235
MTR0001,2024-01-11 13:00:00,221.49,221.1,221.09,6.59,6.79,6.93,0.556,0.279
MTR0001,2024-01-11 13:15:00,221.06,223.33,222.33,6.82,6.66,7.13,0.624,0.214
MTR0001,2024-01-11 13:30:00,220.35,222.4,220.1,6.61,6.54,7.34,0.609,0.255
MTR0001,2024-01-11 13:45:00,219.77,220.91,221.7,6.64,6.55,6.88,0.594,0.268
MTR0001,2024-01-11 14:00:00,219.48,220.37,221.17,6.66,6.53,6.93,0.586,0.295
MTR0001,2024-01-11 14:15:00,221.64,218.77,221.46,6.57,6.61,6.74,0.526,0.31
MTR0001,2024-01-11 14:30:00,219.29,221.79,220.95,6.64,6.55,6.72,0.578,0.288
MTR0001,2024-01-11 14:45:00,217.66,220.62,221.7,6.7,6.33,6.93,0.539,0.331
MTR0001,2024-01-11 15:00:00,219.32,221.38,221.2,6.39,6.35,6.69,0.5,0.312
MTR0001,2024-01-11 15:15:00,221.23,221.22,219.05,6.13,6.24,6.44,0.57,0.208
MTR0001,2024-01-11 15:30:00,221.19,221.26,222.5,6.13,6.25,6.65,0.527,0.311
MTR0001,2024-01-11 15:45:00,222.94,222.31,223.78,6.3,6.1,6.51,0.568,0.234
MTR0001,2024-01-11 16:00:00,221.74,221.27,221.04,6.24,5.97,6.39,0.519,0.226
MTR0001,2024-01-11 16:15:00,220.3,219.59,222.38,6.25,5.81,6.41,0.528,0.259
MTR0001,2024-01-11 16:30:00,222.55,223.98,220.47,6.16,6.09,6.43,0.506,0.283
MTR0001,2024-01-11 16:45:00,222.33,221.41,223.26,6.0,5.79,6.32,0.477,0.244
MTR0001,2024-01-11 17:00:00,220.48,220.13,218.95,5.55,5.57,5.97,0.539,0.206
MTR0001,2024-01-11 17:15:00,222.71,221.77,220.33,5.62,5.4,5.86,0.492,0.222
MTR0001,2024-01-11 17:30:00,220.85,223.62,222.66,5.66,5.64,5.92,0.456,0.264
MTR0001,2024-01-11 17:45:00,219.61,217.37,221.08,5.65,5.57,5.91,0.493,0.221
MTR0001,2024-01-11 18:00:00,218.18,220.56,221.22,5.23,4.98,5.62,0.44,0.204
MTR0001,2024-01-11 18:15:00,223.43,220.73,222.12,5.07,5.06,5.62,0.439,0.189
MTR0001,2024-01-11 18:30:00,223.88,223.91,221.0,5.08,5.04,5.2,0.471,0.186
MTR0001,2024-01-11 18:45:00,219.78,219.1,221.85,5.47,5.1,5.46,0.467,0.231
MTR0001,2024-01-11 19:00:00,219.07,223.52,223.32,4.87,4.61,4.84,0.413,0.24
MTR0001,2024-01-11 19:15:00,222.93,220.55,219.37,5.06,4.86,4.92,0.473,0.169
MTR0001,2024-01-11 19:30:00,223.57,222.41,223.09,4.79,4.8,5.16,0.449,0.2
MTR0001,2024-01-11 19:45:00,221.08,221.26,217.29,4.68,4.85,4.62,0.436,0.148
MTR0001,2024-01-11 20:00:00,221.66,220.38,222.36,4.61,4.6,4.93,0.421,0.16
MTR0001,2024-01-11 20:15:00,220.39,223.28,222.36,4.41,4.62,4.59,0.382,0.209
MTR0001,2024-01-11 20:30:00,221.17,221.01,220.86,4.21,4.38,4.56,0.398,0.151
MTR0001,2024-01-11 20:45:00,221.17,222.45,221.44,4.47,4.49,4.59,0.427,0.174
MTR0001,2024-01-11 21:00:00,219.99,221.45,222.51,4.3,4.24,4.28,0.376,0.19
MTR0001,2024-01-11 21:15:00,220.91,223.76,221.02,4.07,3.92,4.53,0.4,0.141
MTR0001,2024-01-11 21:30:00,219.26,220.91,221.36,4.08,4.06,4.34,0.333,0.201
MTR0001,2024-01-11 21:45:00,221.04,219.93,221.12,4.12,3.78,4.26,0.358,0.177
MTR0001,2024-01-11 22:00:00,219.29,219.31,223.81,4.1,3.48,3.97,0.344,0.123
MTR0001,2024-01-11 22:15:00,219.39,222.99,221.08,3.77,3.81,4.03,0.366,0.126
MTR0001,2024-01-11 22:30:00,221.17,222.93,219.32,3.75,4.03,4.11,0.372,0.132
MTR0001,2024-01-11 22:45:00,221.56,222.95,220.88,3.8,3.74,3.88,0.304,0.151
MTR0001,2024-01-11 23:00:00,220.06,220.66,218.85,3.73,3.69,3.97,0.291,0.193
MTR0001,2024-01-11 23:15:00,218.86,222.95,223.7,3.79,3.67,3.91,0.337,0.17
MTR0001,2024-01-11 23:30:00,220.78,219.94,221.05,3.61,3.75,3.72,0.355,0.117
MTR0001,2024-01-11 23:45:00,221.33,220.53,219.5,3.67,3.58,3.85,0.308,0.133
MTR0001,2024-01-12 00:00:00,224.95,221.22,218.61,2.85,2.69,2.61,0.231,0.129
MTR0001,2024-01-12 00:15:00,219.81,220.1,217.52,2.43,2.73,2.94,0.214,0.109
MTR0001,2024-01-12 00:30:00,219.82,218.8,220.86,2.68,2.53,2.68,0.235,0.111
MTR0001,2024-01-12 00:45:00,220.09,219.59,223.57,2.63,2.89,2.74,0.196,0.136
MTR0001,2024-01-12 01:00:00,223.73,220.11,220.36,2.52,2.62,2.57,0.207,0.092
MTR0001,2024-01-12 01:15:00,223.39,222.34,222.84,2.81,2.35,3.0,0.262,0.106
MTR0001,2024-01-12 01:30:00,220.61,219.3,221.07,2.48,2.53,2.56,0.22,0.108
MTR0001,2024-01-12 01:45:00,220.07,220.65,225.58,2.72,2.71,2.61,0.231,0.125
MTR0001,2024-01-12 02:00:00,222.92,221.14,220.64,2.76,2.68,2.7,0.224,0.127
MTR0001,2024-01-12 02:15:00,221.72,222.62,221.6,2.75,2.63,2.59,0.238,0.094
MTR0001,2024-01-12 02:30:00,221.3,222.72,222.41,2.58,2.65,2.8,0.235,0.103
MTR0001,2024-01-12 02:45:00,222.57,220.73,221.94,2.65,2.61,2.7,0.232,0.105
MTR0001,2024-01-12 03:00:00,222.47,219.35,221.02,2.83,2.75,2.78,0.228,0.114
MTR0001,2024-01-12 03:15:00,220.36,220.93,222.3,2.36,2.85,2.58,0.213,0.123
MTR0001,2024-01-12 03:30:00,218.91,220.09,220.42,2.68,2.48,2.99,0.253,0.105
MTR0001,2024-01-12 03:45:00,216.84,220.35,219.57,2.69,2.65,2.78,0.238,0.123
MTR0001,2024-01-12 04:00:00,218.42,221.29,222.44,2.9,2.42,2.66,0.219,0.093
MTR0001,2024-01-12 04:15:00,219.46,221.55,220.96,2.55,2.52,2.87,0.257,0.123
MTR0001,2024-01-12 04:30:00,220.96,221.23,221.94,2.67,2.64,2.74,0.223,0.116
MTR0001,2024-01-12 04:45:00,221.13,219.53,223.05,2.61,2.56,2.66,0.226,0.092
MTR0001,2024-01-12 05:00:00,223.11,219.47,221.67,2.61,2.72,2.71,0.217,0.112
MTR0001,2024-01-12 05:15:00,220.81,221.38,221.14,2.49,2.36,2.82,0.205,0.126
MTR0001,2024-01-12 05:30:00,220.54,222.22,220.56,2.66,2.72,2.62,0.228,0.113
MTR0001,2024-01-12 05:45:00,220.58,223.21,222.63,2.58,2.54,2.8,0.26,0.095
MTR0001,2024-01-12 06:00:00,219.77,221.46,222.12,5.49,4.92,5.37,0.477,0.216
MTR0001,2024-01-12 06:15:00,222.37,221.78,219.14,5.29,5.23,5.62,0.419,0.26
MTR0001,2024-01-12 06:30:00,220.56,223.39,220.78,5.29,5.23,5.44,0.465,0.183
MTR0001,2024-01-12 06:45:00,222.56,219.6,222.71,5.37,5.41,5.46,0.468,0.228
MTR0001,2024-01-12 07:00:00,223.57,223.09,221.32,5.77,5.54,6.0,0.476,0.245
MTR0001,2024-01-12 07:15:00,220.64,222.36,221.19,5.69,5.54,5.88,0.544,0.212
MTR0001,2024-01-12 07:30:00,220.5,220.99,223.04,5.96,5.75,6.2,0.491,0.273
MTR0001,2024-01-12 07:45:00,221.33,223.18,220.8,5.59,5.66,5.96,0.474,0.218
MTR0001,2024-01-12 08:00:00,222.03,220.9,220.3,6.19,5.79,6.22,0.481,0.3
MTR0001,2024-01-12 08:15:00,220.72,220.39,222.38,6.13,5.87,6.45,0.535,0.263
MTR0001,2024-01-12 08:30:00,221.63,221.26,220.85,6.34,5.76,6.38,0.542,0.28
MTR0001,2024-01-12 08:45:00,219.52,221.95,221.96,6.2,5.99,6.3,0.555,0.292
MTR0001,2024-01-12 09:00:00,220.24,220.76,220.77,5.95,6.36,6.48,0.541,0.245
MTR0001,2024-01-12 09:15:00,220.24,220.03,222.68,6.68,6.2,6.43,0.57,0.256
MTR0001,2024-01-12 09:30:00,217.71,222.8,222.81,6.32,6.49,6.78,0.527,0.338
MTR0001,2024-01-12 09:45:00,220.33,220.77,221.69,6.51,6.19,6.58,0.584,0.247
MTR0001,2024-01-12 10:00:00,216.6,222.25,219.36,6.69,6.57,6.96,0.592,0.302
MTR0001,2024-01-12 10:15:00,220.05,220.37,219.75,6.78,6.49,6.91,0.598,0.246
MTR0001,2024-01-12 10:30:00,218.96,220.58,221.78,6.97,6.42,7.17,0.575,0.288
MTR0001,2024-01-12 10:45:00,219.98,221.27,223.75,6.6,6.24,6.84,0.506,0.325
MTR0001,2024-01-12 11:00:00,221.2,221.7,221.17,6.73,6.78,7.02,0.602,0.249
MTR0001,2024-01-12 11:15:00,220.56,221.27,221.54,6.78,6.81,7.13,0.606,0.29
MTR0001,2024-01-12 11:30:00,221.71,218.84,223.46,6.79,6.7,7.07,0.612,0.246
MTR0001,2024-01-12 11:45:00,220.19,221.43,223.43,6.53,6.56,7.21,0.59,0.305
MTR0001,2024-01-12 12:00:00,219.26,223.98,221.93,6.82,6.7,6.88,0.589,0.315
MTR0001,2024-01-12 12:15:00,220.1,221.25,221.45,6.79,6.78,7.08,0.601,0.29
MTR0001,2024-01-12 12:30:00,224.6,221.26,221.15,6.71,6.78,7.18,0.601,0.311
MTR0001,2024-01-12 12:45:00,220.86,218.93,222.66,7.05,6.59,7.29,0.567,0.318
MTR0001,2024-01-12 13:00:00,218.87,221.1,222.18,6.76,6.75,6.87,0.578,0.323
MTR0001,2024-01-12 13:15:00,221.48,219.76,221.32,6.82,6.93,7.03,0.547,0.338
MTR0001,2024-01-12 13:30:00,222.7,219.73,223.54,6.75,6.77,6.95,0.573,0.333
MTR0001,2024-01-12 13:45:00,220.15,222.54,222.14,6.47,6.8,6.95,0.597,0.236
MTR0001,2024-01-12 14:00:00,219.78,223.33,220.77,6.64,6.39,6.92,0.567,0.225
MTR0001,2024-01-12 14:15:00,218.34,219.64,222.22,6.58,6.59,7.14,0.62,0.211
MTR0001,2024-01-12 14:30:00,214.92,222.03,219.36,6.58,6.51,7.1,0.62,0.201
MTR0001,2024-01-12 14:45:00,221.06,222.3,221.7,6.64,6.73,6.61,0.523,0.321
MTR0001,2024-01-12 15:00:00,221.09,224.11,219.15,6.27,6.43,6.66,0.568,0.305
MTR0001,2024-01-12 15:15:00,221.05,221.53,219.78,6.33,6.6,6.55,0.625,0.218
MTR0001,2024-01-12 15:30:00,222.03,219.63,221.74,6.51,5.99,6.58,0.542,0.3
MTR0001,2024-01-12 15:45:00,221.93,221.91,220.83,6.32,6.3,6.57,0.561,0.198
MTR0001,2024-01-12 16:00:00,221.24,222.19,220.29,5.97,5.95,6.04,0.495,0.256
MTR0001,2024-01-12 16:15:00,219.72,223.07,220.34,5.93,6.0,6.1,0.545,0.244
MTR0001,2024-01-12 16:30:00,219.3,219.77,219.84,6.24,5.9,6.08,0.499,0.28
MTR0001,2024-01-12 16:45:00,220.92,221.38,220.78,5.84,6.07,6.35,0.49,0.285
MTR0001,2024-01-12 17:00:00,221.63,224.68,222.41,5.73,5.68,5.71,0.481,0.258
MTR0001,2024-01-12 17:15:00,222.99,221.72,219.73,5.28,5.6,5.91,0.467,0.231
MTR0001,2024-01-12 17:30:00,220.87,221.24,219.7,5.72,5.69,5.71,0.449,0.28
MTR0001,2024-01-12 17:45:00,223.51,222.94,220.06,5.79,5.7,5.86,0.476,0.271
MTR0001,2024-01-12 18:00:00,223.22,223.02,222.9,5.31,5.03,5.44,0.469,0.25
MTR0001,2024-01-12 18:15:00,223.74,222.1,222.79,5.3,5.41,5.51,0.47,0.254
MTR0001,2024-01-12 18:30:00,222.77,220.79,221.22,5.26,5.05,5.48,0.477,0.163
MTR0001,2024-01-12 18:45:00,221.16,220.15,221.1,5.24,4.86,5.57,0.443,0.258
MTR0001,2024-01-12 19:00:00,219.74,220.33,222.49,4.73,4.81,5.05,0.411,0.169
MTR0001,2024-01-12 19:15:00,219.66,221.4,224.12,4.53,4.54,5.09,0.36,0.197
MTR0001,2024-01-12 19:30:00,220.5,223.55,222.8,4.88,4.66,4.88,0.422,0.158
MTR0001,2024-01-12 19:45:00,222.87,222.74,220.55,4.69,4.69,4.84,0.461,0.156
MTR0001,2024-01-12 20:00:00,220.07,221.58,221.6,4.35,4.28,4.74,0.386,0.171
MTR0001,2024-01-12 20:15:00,219.93,223.83,223.17,4.58,4.24,4.59,0.385,0.213
MTR0001,2024-01-12 20:30:00,219.01,221.01,220.94,4.2,4.27,4.52,0.382,0.157
MTR0001,2024-01-12 20:45:00,219.8,222.86,223.96,4.61,4.32,4.93,0.403,0.21
MTR0001,2024-01-12 21:00:00,219.78,221.14,220.6,4.15,4.28,4.18,0.369,0.195
MTR0001,2024-01-12 21:15:00,222.04,220.23,220.59,4.36,4.11,4.07,0.355,0.136
MTR0001,2024-01-12 21:30:00,219.73,224.29,223.82,4.23,4.3,4.3,0.359,0.161
MTR0001,2024-01-12 21:45:00,220.75,219.9,222.8,4.01,3.99,4.36,0.38,0.134
MTR0001,2024-01-12 22:00:00,217.83,220.86,221.04,3.84,3.94,4.33,0.349,0.2
MTR0001,2024-01-12 22:15:00,220.94,220.59,221.91,3.97,3.89,4.22,0.326,0.177
MTR0001,2024-01-12 22:30:00,219.14,222.25,221.17,3.63,3.92,3.82,0.358,0.127
MTR0001,2024-01-12 22:45:00,220.22,225.57,220.98,3.85,3.74,4.12,0.353,0.176
MTR0001,2024-01-12 23:00:00,222.18,221.13,220.51,3.57,3.75,3.71,0.342,0.162
MTR0001,2024-01-12 23:15:00,224.03,222.76,221.24,3.78,3.9,3.74,0.326,0.146
MTR0001,2024-01-12 23:30:00,217.11,220.13,221.33,3.97,3.79,3.92,0.325,0.178
MTR0001,2024-01-12 23:45:00,220.75,222.1,219.44,3.59,3.77,3.79,0.347,0.115
MTR0001,2024-01-13 00:00:00,220.68,223.57,220.46,2.9,2.5,2.74,0.229,0.106
MTR0001,2024-01-13 00:15:00,220.48,218.56,219.12,2.73,2.35,2.84,0.224,0.116
MTR0001,2024-01-13 00:30:00,221.05,219.88,221.99,2.47,2.47,2.68,0.207,0.108
MTR0001,2024-01-13 00:45:00,218.26,220.55,222.44,2.66,2.41,2.66,0.22,0.124
MTR0001,2024-01-13 01:00:00,219.05,221.37,218.9,2.57,2.61,2.6,0.235,0.119
MTR0001,2024-01-13 01:15:00,217.71,222.11,222.4,2.54,2.51,3.06,0.231,0.126
MTR0001,2024-01-13 01:30:00,217.08,222.35,223.78,2.64,2.45,2.65,0.249,0.108
MTR0001,2024-01-13 01:45:00,220.36,222.92,224.5,2.47,2.68,3.02,0.243,0.132
MTR0001,2024-01-13 02:00:00,219.86,225.97,219.58,2.46,2.64,3.04,0.225,0.131
MTR0001,2024-01-13 02:15:00,220.78,220.13,223.68,2.91,2.68,2.81,0.262,0.093
MTR0001,2024-01-13 02:30:00,220.8,223.39,223.77,2.4,2.6,2.62,0.222,0.078
MTR0001,2024-01-13 02:45:00,220.64,222.61,220.24,2.32,2.94,2.78,0.265,0.093
MTR0001,2024-01-13 03:00:00,217.71,222.25,223.41,2.76,2.5,2.74,0.201,0.122
MTR0001,2024-01-13 03:15:00,219.57,222.94,221.93,2.33,2.65,2.69,0.234,0.125
MTR0001,2024-01-13 03:30:00,218.54,222.86,224.03,2.53,2.53,2.8,0.207,0.123
MTR0001,2024-01-13 03:45:00,221.94,223.72,221.53,2.38,2.55,2.75,0.221,0.125
MTR0001,2024-01-13 04:00:00,220.87,219.57,222.53,2.59,2.53,2.72,0.219,0.085
MTR0001,2024-01-13 04:15:00,220.41,220.29,221.74,2.68,2.55,2.86,0.217,0.137
MTR0001,2024-01-13 04:30:00,220.25,221.01,224.45,2.77,2.49,2.81,0.264,0.086
MTR0001,2024-01-13 04:45:00,217.29,223.24,221.59,2.68,2.68,3.02,0.215,0.137
MTR0001,2024-01-13 05:00:00,219.3,219.51,220.18,2.6,2.62,2.68,0.267,0.103
MTR0001,2024-01-13 05:15:00,220.39,223.45,222.15,2.65,2.56,2.9,0.242,0.099
MTR0001,2024-01-13 05:30:00,220.82,222.18,221.27,2.73,2.61,2.65,0.242,0.119
MTR0001,2024-01-13 05:45:00,219.46,220.67,221.41,2.66,2.84,2.95,0.249,0.117
MTR0001,2024-01-13 06:00:00,222.36,221.19,221.77,5.05,5.22,5.52,0.491,0.186
MTR0001,2024-01-13 06:15:00,220.74,221.71,221.41,5.06,5.05,5.56,0.43,0.263
MTR0001,2024-01-13 06:30:00,219.57,224.04,220.71,5.08,5.13,5.15,0.408,0.239
MTR0001,2024-01-13 06:45:00,221.91,223.03,219.53,5.49,5.12,5.36,0.458,0.216
MTR0001,2024-01-13 07:00:00,221.84,225.46,222.25,5.36,5.55,5.89,0.445,0.28
MTR0001,2024-01-13 07:15:00,223.44,222.44,222.41,5.5,5.67,5.7,0.468,0.245
MTR0001,2024-01-13 07:30:00,221.3,220.75,221.72,5.74,5.75,5.99,0.464,0.265
MTR0001,2024-01-13 07:45:00,220.98,219.9,223.1,6.0,5.56,5.78,0.449,0.285
MTR0001,2024-01-13 08:00:00,223.52,222.47,217.76,6.22,6.14,6.21,0.535,0.295
MTR0001,2024-01-13 08:15:00,218.26,220.59,220.15,6.03,5.98,6.06,0.527,0.209
MTR0001,2024-01-13 08:30:00,220.98,220.47,223.23,6.07,5.98,6.29,0.577,0.276
MTR0001,2024-01-13 08:45:00,220.83,223.57,221.83,6.14,5.95,6.3,0.532,0.211
MTR0001,2024-01-13 09:00:00,220.74,220.85,223.16,6.18,6.24,6.76,0.545,0.281
MTR0001,2024-01-13 09:15:00,220.08,219.43,220.62,6.41,6.49,6.57,0.537,0.324
MTR0001,2024-01-13 09:30:00,221.96,220.02,220.99,6.33,6.37,6.49,0.541,0.242
MTR0001,2024-01-13 09:45:00,221.24,219.79,224.14,6.34,6.01,6.5,0.517,0.283
MTR0001,2024-01-13 10:00:00,220.4,220.54,220.27,6.79,6.73,7.01,0.59,0.274
MTR0001,2024-01-13 10:15:00,219.35,220.83,223.85,6.73,6.61,6.58,0.607,0.249
MTR0001,2024-01-13 10:30:00,218.79,222.52,222.35,6.62,6.51,7.01,0.569,0.299
MTR0001,2024-01-13 10:45:00,220.99,220.11,220.21,6.81,6.56,6.73,0.582,0.314
MTR0001,2024-01-13 11:00:00,223.11,223.6,222.67,6.78,6.71,7.14,0.558,0.314
MTR0001,2024-01-13 11:15:00,220.8,225.02,221.41,6.76,6.86,7.02,0.578,0.286
MTR0001,2024-01-13 11:30:00,218.46,224.78,220.88,6.79,6.42,7.02,0.573,0.294
MTR0001,2024-01-13 11:45:00,220.44,223.19,222.45,6.84,6.57,6.79,0.595,0.295
MTR0001,2024-01-13 12:00:00,218.07,224.4,219.41,6.85,6.77,6.66,0.619,0.218
MTR0001,2024-01-13 12:15:00,219.24,220.3,219.2,6.64,6.54,6.93,0.587,0.26
MTR0001,2024-01-13 12:30:00,220.65,223.65,220.84,6.92,6.77,7.06,0.613,0.296
MTR0001,2024-01-13 12:45:00,220.92,222.03,221.2,6.84,6.83,6.98,0.553,0.294
MTR0001,2024-01-13 13:00:00,218.99,222.22,219.83,6.84,6.68,6.96,0.572,0.311
MTR0001,2024-01-13 13:15:00,219.87,221.56,219.68,6.99,6.45,7.0,0.591,0.305
MTR0001,2024-01-13 13:30:00,221.4,221.04,221.08,6.72,6.69,7.15,0.574,0.335
MTR0001,2024-01-13 13:45:00,221.95,222.19,220.63,6.94,6.6,7.16,0.588,0.302
MTR0001,2024-01-13 14:00:00,221.49,221.44,223.2,6.51,6.52,7.03,0.578,0.297
MTR0001,2024-01-13 14:15:00,219.62,222.71,221.12,6.75,6.73,6.91,0.575,0.329
MTR0001,2024-01-13 14:30:00,222.6,221.17,223.45,6.51,6.69,7.14,0.58,0.283
MTR0001,2024-01-13 14:45:00,219.03,221.3,219.28,6.7,6.5,6.56,0.54,0.325
MTR0001,2024-01-13 15:00:00,222.4,221.29,220.32,6.4,6.6,6.66,0.571,0.304
MTR0001,2024-01-13 15:15:00,220.02,220.49,224.14,6.3,6.4,6.58,0.558,0.311
MTR0001,2024-01-13 15:30:00,221.81,219.83,223.61,6.4,6.45,6.35,0.52,0.281
MTR0001,2024-01-13 15:45:00,220.61,221.93,220.59,6.13,6.22,6.55,0.586,0.214
MTR0001,2024-01-13 16:00:00,220.01,222.81,220.25,6.05,5.95,6.38,0.514,0.259
MTR0001,2024-01-13 16:15:00,219.77,219.55,222.23,6.1,5.93,5.98,0.551,0.194
MTR0001,2024-01-13 16:30:00,222.87,224.82,222.28,5.72,5.9,6.36,0.514,0.211
MTR0001,2024-01-13 16:45:00,220.35,221.89,220.39,6.04,6.16,6.02,0.497,0.237
MTR0001,2024-01-13 17:00:00,220.43,219.32,221.57,5.77,5.83,5.9,0.501,0.263
MTR0001,2024-01-13 17:15:00,219.44,222.28,221.04,5.6,5.49,6.02,0.456,0.278
MTR0001,2024-01-13 17:30:00,217.36,219.94,219.14,5.71,5.53,5.79,0.475,0.237
MTR0001,2024-01-13 17:45:00,220.27,220.06,219.89,5.77,5.83,5.56,0.495,0.186
MTR0001,2024-01-13 18:00:00,223.32,221.49,221.23,5.11,4.92,5.43,0.443,0.187
MTR0001,2024-01-13 18:15:00,220.68,217.7,223.38,5.44,5.27,5.54,0.494,0.236
MTR0001,2024-01-13 18:30:00,216.27,223.97,222.69,5.55,5.39,5.69,0.495,0.216
MTR0001,2024-01-13 18:45:00,220.01,224.45,224.59,5.45,5.19,5.49,0.447,0.241
MTR0001,2024-01-13 19:00:00,223.17,222.97,223.09,4.83,4.53,4.96,0.43,0.159
MTR0001,2024-01-13 19:15:00,217.72,223.02,221.32,4.99,4.85,5.0,0.443,0.174
MTR0001,2024-01-13 19:30:00,219.95,222.37,221.94,4.85,4.94,4.93,0.431,0.2
MTR0001,2024-01-13 19:45:00,219.34,220.49,223.0,4.97,4.28,5.01,0.36,0.233
MTR0001,2024-01-13 20:00:00,219.13,221.18,220.94,4.5,4.34,4.54,0.372,0.186
MTR0001,2024-01-13 20:15:00,220.69,220.33,220.29,4.57,4.34,4.71,0.352,0.207
MTR0001,2024-01-13 20:30:00,219.56,222.49,220.93,4.43,4.61,4.83,0.403,0.231
MTR0001,2024-01-13 20:45:00,219.39,220.34,220.46,4.37,4.15,4.75,0.39,0.146
MTR0001,2024-01-13 21:00:00,220.78,221.11,221.42,4.36,4.12,4.17,0.38,0.146
MTR0001,2024-01-13 21:15:00,221.65,222.6,221.9,4.17,4.08,4.39,0.381,0.176
MTR0001,2024-01-13 21:30:00,218.79,220.27,220.22,4.03,4.02,4.33,0.342,0.154
MTR0001,2024-01-13 21:45:00,221.86,219.57,222.22,4.19,4.22,4.32,0.378,0.151
MTR0001,2024-01-13 22:00:00,220.3,222.0,219.23,3.78,3.75,3.98,0.347,0.128
MTR0001,2024-01-13 22:15:00,219.52,220.29,224.75,3.86,3.84,4.02,0.326,0.183
MTR0001,2024-01-13 22:30:00,218.65,222.43,220.3,3.88,3.84,3.95,0.339,0.166
MTR0001,2024-01-13 22:45:00,221.39,221.76,221.29,4.08,3.76,4.09,0.328,0.163
MTR0001,2024-01-13 23:00:00,219.23,221.29,220.89,4.01,3.52,3.89,0.319,0.183
MTR0001,2024-01-13 23:15:00,220.38,220.81,221.6,3.89,3.44,3.75,0.325,0.166
MTR0001,2024-01-13 23:30:00,222.18,223.42,220.53,3.85,3.58,4.21,0.367,0.132
MTR0001,2024-01-13 23:45:00,220.44,223.01,221.54,3.62,3.89,3.69,0.279,0.111
MTR0001,2024-01-14 00:00:00,219.68,222.04,221.93,2.6,2.7,2.57,0.223,0.099
MTR0001,2024-01-14 00:15:00,220.94,222.72,222.7,2.87,2.55,2.64,0.262,0.096
MTR0001,2024-01-14 00:30:00,217.29,222.05,220.89,2.71,2.74,2.75,0.249,0.118
MTR0001,2024-01-14 00:45:00,221.23,221.84,219.6,2.59,2.63,2.56,0.222,0.129
MTR0001,2024-01-14 01:00:00,221.99,221.17,219.73,2.69,2.77,2.84,0.226,0.118
MTR0001,2024-01-14 01:15:00,219.8,220.49,223.16,2.25,2.53,2.76,0.188,0.116
MTR0001,2024-01-14 01:30:00,221.63,219.16,222.64,2.76,2.62,2.96,0.263,0.132
MTR0001,2024-01-14 01:45:00,221.05,221.94,222.12,2.43,2.57,2.7,0.213,0.083
MTR0001,2024-01-14 02:00:00,220.63,222.25,221.75,2.51,2.52,2.56,0.243,0.085
MTR0001,2024-01-14 02:15:00,217.01,221.52,221.24,2.64,2.64,2.62,0.254,0.102
MTR0001,2024-01-14 02:30:00,221.38,221.6,222.74,2.51,2.47,2.62,0.236,0.078
MTR0001,2024-01-14 02:45:00,219.49,219.64,222.13,2.42,2.8,2.54,0.235,0.128
MTR0001,2024-01-14 03:00:00,220.35,222.28,223.71,2.69,2.5,2.48,0.229,0.101
MTR0001,2024-01-14 03:15:00,219.91,221.26,223.84,2.47,2.39,2.79,0.255,0.087
MTR0001,2024-01-14 03:30:00,221.13,221.54,217.08,2.87,2.67,2.77,0.271,0.082
MTR0001,2024-01-14 03:45:00,221.14,219.43,220.74,2.47,2.78,2.99,0.239,0.123
MTR0001,2024-01-14 04:00:00,221.58,220.79,221.21,2.42,2.47,2.87,0.223,0.13
MTR0001,2024-01-14 04:15:00,218.77,218.83,222.23,2.88,2.65,2.82,0.224,0.096
MTR0001,2024-01-14 04:30:00,219.75,223.06,219.14,2.68,2.65,2.9,0.192,0.132
MTR0001,2024-01-14 04:45:00,219.1,219.58,221.59,2.6,2.82,2.53,0.247,0.122
MTR0001,2024-01-14 05:00:00,219.76,222.11,219.58,2.76,2.59,2.66,0.265,0.113
MTR0001,2024-01-14 05:15:00,219.14,219.89,221.75,2.57,2.31,2.85,0.187,0.108
MTR0001,2024-01-14 05:30:00,224.2,221.88,219.59,2.77,2.58,2.71,0.231,0.11
MTR0001,2024-01-14 05:45:00,221.58,220.6,223.03,2.67,2.64,2.65,0.151,0.129
MTR0001,2024-01-14 06:00:00,221.95,221.01,220.8,5.09,5.35,5.53,0.474,0.173
MTR0001,2024-01-14 06:15:00,219.67,221.83,220.89,5.21,5.31,5.39,0.411,0.245
MTR0001,2024-01-14 06:30:00,221.53,221.54,222.86,5.03,5.1,5.43,0.464,0.223
MTR0001,2024-01-14 06:45:00,218.97,225.35,221.91,5.31,5.27,5.52,0.494,0.209
MTR0001,2024-01-14 07:00:00,221.76,221.03,220.12,5.62,5.59,5.62,0.493,0.212
MTR0001,2024-01-14 07:15:00,224.7,224.85,223.43,6.09,5.46,5.97,0.531,0.195
MTR0001,2024-01-14 07:30:00,218.83,221.66,221.75,5.68,5.57,6.04,0.501,0.216
MTR0001,2024-01-14 07:45:00,220.7,223.34,222.14,5.72,5.57,5.95,0.547,0.179
MTR0001,2024-01-14 08:00:00,222.73,221.44,220.21,6.14,5.93,6.36,0.506,0.255
MTR0001,2024-01-14 08:15:00,219.1,220.81,220.66,5.96,6.2,6.26,0.536,0.251
MTR0001,2024-01-14 08:30:00,222.44,223.45,224.31,5.96,5.87,6.39,0.559,0.224
MTR0001,2024-01-14 08:45:00,220.8,221.32,220.29,6.11,5.88,6.3,0.549,0.288
MTR0001,2024-01-14 09:00:00,220.34,221.08,220.53,6.25,6.22,6.4,0.58,0.24
MTR0001,2024-01-14 09:15:00,219.82,222.18,221.58,6.33,6.34,6.61,0.542,0.206
MTR0001,2024-01-14 09:30:00,219.59,220.9,221.05,6.3,6.34,6.61,0.504,0.28
MTR0001,2024-01-14 09:45:00,220.32,221.17,219.57,6.32,6.17,6.56,0.525,0.263
MTR0001,2024-01-14 10:00:00,220.57,220.3,222.86,6.67,6.54,6.75,0.613,0.203
MTR0001,2024-01-14 10:15:00,222.3,222.79,222.71,6.62,6.6,6.91,0.596,0.261
MTR0001,2024-01-14 10:30:00,219.6,220.91,222.02,6.67,6.63,7.03,0.576,0.311
MTR0001,2024-01-14 10:45:00,221.98,221.67,220.46,6.6,6.57,7.09,0.554,0.336
MTR0001,2024-01-14 11:00:00,220.39,223.62,223.58,6.81,6.51,7.11,0.626,0.274
MTR0001,2024-01-14 11:15:00,221.31,221.73,224.49,6.84,6.67,6.91,0.591,0.247
MTR0001,2024-01-14 11:30:00,220.46,222.57,220.82,7.03,6.51,7.22,0.563,0.311
MTR0001,2024-01-14 11:45:00,220.1,223.14,222.82,6.74,7.17,6.99,0.643,0.218
MTR0001,2024-01-14 12:00:00,218.66,219.47,221.2,6.8,6.89,7.2,0.613,0.217
MTR0001,2024-01-14 12:15:00,218.88,219.97,221.77,6.95,6.81,7.05,0.638,0.196
MTR0001,2024-01-14 12:30:00,219.55,220.56,221.68,6.7,6.75,7.05,0.55,0.336
MTR0001,2024-01-14 12:45:00,220.12,222.39,222.73,6.77,6.64,7.19,0.55,0.347
MTR0001,2024-01-14 13:00:00,220.33,223.9,220.54,6.47,6.77,7.07,0.545,0.337
MTR0001,2024-01-14 13:15:00,222.32,221.48,222.39,6.74,6.8,7.06,0.606,0.248
MTR0001,2024-01-14 13:30:00,219.07,221.04,216.52,6.68,6.69,7.11,0.601,0.233
MTR0001,2024-01-14 13:45:00,219.14,219.08,223.12,6.7,6.91,6.63,0.61,0.201
MTR0001,2024-01-14 14:00:00,219.98,222.24,219.42,6.7,6.49,6.99,0.543,0.304
MTR0001,2024-01-14 14:15:00,219.85,219.14,222.05,6.29,6.75,7.16,0.573,0.257
MTR0001,2024-01-14 14:30:00,221.68,222.26,220.63,6.39,7.04,6.84,0.593,0.257
MTR0001,2024-01-14 14:45:00,220.52,223.5,221.89,6.67,6.36,6.81,0.624,0.21
MTR0001,2024-01-14 15:00:00,218.88,219.76,221.52,6.41,6.25,6.53,0.547,0.265
MTR0001,2024-01-14 15:15:00,222.92,220.98,222.03,6.18,6.34,6.54,0.584,0.198
MTR0001,2024-01-14 15:30:00,222.69,221.51,220.79,6.26,6.27,6.54,0.574,0.232
MTR0001,2024-01-14 15:45:00,221.17,225.04,220.29,6.59,6.37,6.74,0.602,0.249
MTR0001,2024-01-14 16:00:00,219.8,219.51,221.44,6.27,5.93,6.39,0.522,0.278
MTR0001,2024-01-14 16:15:00,217.68,221.9,222.84,5.85,5.88,6.35,0.506,0.229
MTR0001,2024-01-14 16:30:00,219.85,219.24,222.96,6.25,6.21,6.3,0.579,0.228
MTR0001,2024-01-14 16:45:00,221.98,221.09,223.24,6.1,5.76,6.3,0.556,0.244
MTR0001,2024-01-14 17:00:00,222.68,221.46,223.26,5.83,5.67,5.95,0.472,0.263
MTR0001,2024-01-14 17:15:00,219.06,221.79,224.53,5.77,5.6,5.5,0.51,0.187
MTR0001,2024-01-14 17:30:00,221.65,220.59,222.99,5.62,5.54,5.88,0.507,0.21
MTR0001,2024-01-14 17:45:00,220.09,220.08,223.14,5.59,5.68,5.79,0.487,0.214
MTR0001,2024-01-14 18:00:00,220.34,220.15,222.35,5.08,5.55,5.64,0.55,0.177
MTR0001,2024-01-14 18:15:00,218.2,221.28,221.31,5.16,5.21,5.35,0.418,0.237
MTR0001,2024-01-14 18:30:00,219.98,219.98,220.29,5.28,5.01,5.34,0.473,0.173
MTR0001,2024-01-14 18:45:00,221.95,221.65,222.19,5.54,5.32,5.41,0.468,0.223
MTR0001,2024-01-14 19:00:00,220.55,220.14,224.77,4.57,4.69,4.93,0.362,0.203
MTR0001,2024-01-14 19:15:00,220.94,223.93,223.75,4.95,4.81,4.97,0.444,0.162
MTR0001,2024-01-14 19:30:00,220.49,222.51,222.05,4.84,5.02,4.58,0.414,0.17
MTR0001,2024-01-14 19:45:00,220.78,221.05,219.32,5.16,4.91,5.15,0.395,0.204
MTR0001,2024-01-14 20:00:00,223.0,223.24,222.28,4.4,4.29,4.54,0.344,0.196
MTR0001,2024-01-14 20:15:00,221.56,223.06,221.99,3.9,4.5,4.41,0.326,0.18
MTR0001,2024-01-14 20:30:00,220.83,221.05,219.84,4.32,4.27,4.59,0.398,0.189
MTR0001,2024-01-14 20:45:00,220.47,223.67,223.56,4.48,4.68,4.54,0.423,0.195
MTR0001,2024-01-14 21:00:00,220.05,220.08,220.56,3.95,4.16,4.08,0.349,0.149
MTR0001,2024-01-14 21:15:00,220.84,221.8,223.21,4.08,4.23,4.42,0.377,0.201
MTR0001,2024-01-14 21:30:00,223.8,221.67,223.21,4.18,4.18,4.04,0.366,0.207
MTR0001,2024-01-14 21:45:00,220.95,221.2,220.01,4.1,3.9,4.24,0.376,0.173
MTR0001,2024-01-14 22:00:00,221.59,223.63,220.75,3.97,3.69,4.4,0.342,0.18
MTR0001,2024-01-14 22:15:00,221.15,222.4,220.15,3.88,3.86,3.92,0.322,0.186
MTR0001,2024-01-14 22:30:00,220.64,221.43,222.81,3.98,3.91,3.58,0.311,0.19
MTR0001,2024-01-14 22:45:00,223.3,222.06,219.14,4.12,3.89,3.98,0.341,0.186
MTR0001,2024-01-14 23:00:00,221.42,221.96,221.6,3.85,3.43,3.88,0.316,0.118
MTR0001,2024-01-14 23:15:00,219.25,221.32,225.84,3.75,3.61,3.84,0.351,0.12
MTR0001,2024-01-14 23:30:00,222.75,220.6,219.35,3.72,3.64,3.74,0.271,0.168
MTR0001,2024-01-14 23:45:00,221.74,218.98,222.11,3.65,3.83,3.61,0.295,0.145
MTR0001,2024-01-15 00:00:00,223.16,221.63,223.48,2.54,2.32,2.61,0.185,0.109
MTR0001,2024-01-15 00:15:00,223.31,224.91,222.48,2.48,2.47,2.86,0.217,0.125
MTR0001,2024-01-15 00:30:00,221.77,222.66,222.83,2.69,2.62,2.82,0.257,0.124
MTR0001,2024-01-15 00:45:00,219.22,222.34,221.7,2.58,2.6,2.47,0.209,0.094
MTR0001,2024-01-15 01:00:00,219.97,220.67,222.15,2.38,2.38,2.73,0.227,0.123
MTR0001,2024-01-15 01:15:00,220.86,223.4,220.14,2.72,2.43,2.86,0.24,0.091
MTR0001,2024-01-15 01:30:00,222.35,219.64,218.08,2.59,2.67,2.75,0.221,0.136
MTR0001,2024-01-15 01:45:00,220.11,223.42,223.14,2.61,2.75,2.36,0.219,0.125
MTR0001,2024-01-15 02:00:00,221.73,224.06,221.24,2.46,2.59,2.39,0.222,0.084
MTR0001,2024-01-15 02:15:00,220.69,223.08,220.57,2.69,2.43,2.84,0.223,0.112
MTR0001,2024-01-15 02:30:00,221.25,220.66,221.63,2.57,2.55,2.74,0.225,0.084
MTR0001,2024-01-15 02:45:00,219.9,221.27,223.92,2.47,2.25,2.64,0.195,0.118
MTR0001,2024-01-15 03:00:00,220.3,222.02,218.93,2.78,2.69,2.54,0.259,0.105
MTR0001,2024-01-15 03:15:00,217.91,221.47,224.37,2.72,2.6,2.66,0.223,0.125
MTR0001,2024-01-15 03:30:00,220.6,220.52,219.84,2.66,2.72,2.85,0.256,0.094
MTR0001,2024-01-15 03:45:00,222.88,224.53,221.52,2.54,2.42,2.79,0.209,0.131
MTR0001,2024-01-15 04:00:00,220.2,222.96,220.94,2.66,2.72,2.64,0.27,0.096
MTR0001,2024-01-15 04:15:00,221.31,220.63,221.53,2.4,2.43,2.85,0.207,0.096
MTR0001,2024-01-15 04:30:00,222.71,217.77,220.9,2.18,2.48,2.65,0.206,0.114
MTR0001,2024-01-15 04:45:00,219.97,222.32,221.94,2.56,2.64,2.71,0.209,0.093
MTR0001,2024-01-15 05:00:00,219.56,221.67,221.62,2.86,2.66,2.32,0.225,0.123
MTR0001,2024-01-15 05:15:00,220.51,221.03,220.3,2.5,2.77,2.66,0.242,0.078
MTR0001,2024-01-15 05:30:00,221.34,224.96,219.51,2.58,2.22,2.68,0.212,0.09
MTR0001,2024-01-15 05:45:00,222.51,221.77,221.56,2.52,2.77,2.74,0.211,0.124
MTR0001,2024-01-15 06:00:00,220.19,220.18,222.18,5.07,5.19,5.58,0.391,0.254
MTR0001,2024-01-15 06:15:00,218.43,224.6,219.15,5.64,5.28,5.37,0.442,0.254
MTR0001,2024-01-15 06:30:00,220.83,220.82,222.43,5.14,5.3,5.48,0.482,0.186
MTR0001,2024-01-15 06:45:00,222.88,223.34,221.9,5.43,5.53,5.37,0.47,0.244
MTR0001,2024-01-15 07:00:00,220.61,221.48,223.46,5.55,5.56,5.52,0.449,0.249
MTR0001,2024-01-15 07:15:00,223.32,218.08,222.8,5.82,5.65,5.96,0.549,0.172
MTR0001,2024-01-15 07:30:00,222.41,223.27,223.12,5.56,5.58,5.91,0.469,0.224
MTR0001,2024-01-15 07:45:00,223.12,219.82,221.76,5.55,5.48,5.95,0.469,0.283
MTR0001,2024-01-15 08:00:00,221.54,223.82,222.56,6.16,6.02,6.04,0.522,0.237
MTR0001,2024-01-15 08:15:00,221.0,222.6,221.86,6.32,5.95,6.01,0.486,0.309
MTR0001,2024-01-15 08:30:00,221.99,222.38,223.35,5.73,6.07,6.07,0.533,0.3
MTR0001,2024-01-15 08:45:00,220.49,222.68,222.28,6.25,5.95,6.37,0.522,0.286
MTR0001,2024-01-15 09:00:00,221.5,219.85,221.29,6.67,6.32,6.56,0.598,0.225
MTR0001,2024-01-15 09:15:00,221.12,221.35,219.71,6.47,6.27,6.36,0.577,0.206
MTR0001,2024-01-15 09:30:00,222.15,220.69,221.3,6.48,6.48,6.53,0.582,0.275
MTR0001,2024-01-15 09:45:00,221.11,221.29,222.76,6.23,6.16,6.43,0.538,0.293
MTR0001,2024-01-15 10:00:00,220.27,222.65,223.11,6.74,6.5,6.7,0.547,0.275
MTR0001,2024-01-15 10:15:00,219.24,222.62,222.01,6.64,6.85,7.04,0.554,0.342
MTR0001,2024-01-15 10:30:00,221.15,221.68,223.84,6.71,6.45,6.85,0.598,0.23
MTR0001,2024-01-15 10:45:00,219.3,225.02,220.87,6.3,6.46,6.59,0.518,0.289
MTR0001,2024-01-15 11:00:00,220.8,222.05,221.34,6.56,6.78,7.32,0.563,0.335
MTR0001,2024-01-15 11:15:00,222.08,220.79,222.67,6.81,6.91,7.14,0.611,0.24
MTR0001,2024-01-15 11:30:00,219.53,221.63,222.0,7.02,6.51,7.1,0.619,0.276
MTR0001,2024-01-15 11:45:00,221.32,222.07,221.16,6.68,6.7,7.33,0.532,0.334
MTR0001,2024-01-15 12:00:00,222.63,220.95,220.94,6.81,6.77,7.1,0.59,0.309
MTR0001,2024-01-15 12:15:00,221.48,222.49,220.88,6.47,6.67,6.95,0.603,0.243
MTR0001,2024-01-15 12:30:00,219.51,221.49,221.27,6.74,7.11,6.97,0.567,0.355
MTR0001,2024-01-15 12:45:00,221.23,221.07,221.86,7.1,6.63,7.09,0.618,0.266
MTR0001,2024-01-15 13:00:00,222.19,219.65,225.05,6.9,6.45,6.92,0.573,0.342
MTR0001,2024-01-15 13:15:00,222.53,223.66,221.44,6.98,6.61,6.98,0.588,0.339
MTR0001,2024-01-15 13:30:00,218.54,221.82,220.59,6.87,6.57,6.91,0.566,0.278
MTR0001,2024-01-15 13:45:00,222.38,221.4,223.01,6.8,6.64,6.96,0.635,0.272
MTR0001,2024-01-15 14:00:00,221.78,222.75,221.29,6.71,6.59,6.65,0.532,0.322
MTR0001,2024-01-15 14:15:00,219.45,221.24,221.61,6.58,6.78,6.99,0.587,0.257
MTR0001,2024-01-15 14:30:00,219.63,222.57,221.84,6.6,6.75,6.93,0.581,0.309
MTR0001,2024-01-15 14:45:00,222.5,223.34,224.6,6.87,6.42,7.0,0.572,0.308
MTR0001,2024-01-15 15:00:00,223.54,222.23,223.25,6.33,6.4,6.73,0.581,0.27
MTR0001,2024-01-15 15:15:00,220.54,220.19,222.12,6.36,6.17,6.86,0.51,0.324
MTR0001,2024-01-15 15:30:00,221.56,222.61,217.97,6.17,6.26,6.69,0.523,0.297
MTR0001,2024-01-15 15:45:00,221.93,220.51,222.7,6.23,6.21,6.39,0.558,0.184
MTR0001,2024-01-15 16:00:00,219.83,221.1,217.95,6.01,6.12,6.35,0.532,0.248
MTR0001,2024-01-15 16:15:00,221.02,220.76,220.0,6.13,5.89,6.41,0.528,0.248
MTR0001,2024-01-15 16:30:00,221.91,222.6,221.94,6.01,6.06,6.12,0.522,0.248
MTR0001,2024-01-15 16:45:00,222.57,221.7,222.8,6.26,5.69,6.26,0.496,0.296
MTR0001,2024-01-15 17:00:00,220.31,219.49,220.68,5.64,5.79,6.2,0.467,0.294
MTR0001,2024-01-15 17:15:00,219.87,223.86,221.45,5.56,5.5,6.1,0.494,0.272
MTR0001,2024-01-15 17:30:00,220.5,222.63,218.09,5.67,5.73,5.75,0.444,0.248
MTR0001,2024-01-15 17:45:00,221.48,221.95,220.98,5.97,5.7,6.06,0.511,0.292
MTR0001,2024-01-15 18:00:00,219.37,219.29,219.67,5.38,5.15,5.36,0.465,0.208
MTR0001,2024-01-15 18:15:00,222.21,224.82,220.45,5.05,5.17,5.41,0.476,0.175
MTR0001,2024-01-15 18:30:00,221.24,220.63,220.56,5.03,5.07,5.74,0.418,0.238
MTR0001,2024-01-15 18:45:00,218.7,221.31,220.88,5.31,5.12,5.27,0.432,0.173
MTR0001,2024-01-15 19:00:00,218.49,224.88,220.05,4.82,4.83,4.98,0.43,0.16
MTR0001,2024-01-15 19:15:00,221.01,220.75,220.23,5.06,4.97,5.17,0.464,0.167
MTR0001,2024-01-15 19:30:00,220.47,220.99,222.3,4.58,4.76,5.01,0.414,0.167
MTR0001,2024-01-15 19:45:00,221.18,221.13,222.84,4.86,4.9,5.03,0.459,0.163
MTR0001,2024-01-15 20:00:00,219.17,219.45,221.66,4.38,4.56,4.74,0.35,0.217
MTR0001,2024-01-15 20:15:00,219.37,222.28,221.22,4.51,4.54,4.56,0.389,0.191
MTR0001,2024-01-15 20:30:00,218.51,222.43,220.33,4.48,4.37,4.76,0.384,0.202
MTR0001,2024-01-15 20:45:00,217.4,224.52,218.52,4.47,4.5,4.52,0.352,0.218
MTR0001,2024-01-15 21:00:00,221.93,221.63,221.5,4.05,4.14,4.46,0.388,0.189
MTR0001,2024-01-15 21:15:00,220.48,220.83,220.34,4.0,4.0,4.21,0.322,0.193
MTR0001,2024-01-15 21:30:00,220.46,221.85,221.03,4.31,4.17,4.06,0.38,0.146
MTR0001,2024-01-15 21:45:00,220.41,221.54,220.89,4.26,4.04,4.28,0.346,0.188
MTR0001,2024-01-15 22:00:00,219.15,220.95,222.3,3.83,3.6,3.96,0.321,0.148
MTR0001,2024-01-15 22:15:00,218.46,222.01,221.36,4.19,3.8,3.92,0.341,0.177
MTR0001,2024-01-15 22:30:00,220.66,224.02,220.45,3.9,4.06,4.07,0.367,0.156
MTR0001,2024-01-15 22:45:00,221.83,218.43,217.93,3.85,3.94,4.09,0.32,0.202
MTR0001,2024-01-15 23:00:00,221.98,222.26,223.38,3.71,3.64,3.82,0.336,0.155
MTR0001,2024-01-15 23:15:00,222.5,220.34,225.01,3.83,3.76,3.86,0.367,0.158
MTR0001,2024-01-15 23:30:00,221.4,221.96,220.77,3.72,3.59,3.86,0.313,0.153
MTR0001,2024-01-15 23:45:00,219.21,219.18,221.94,3.73,3.69,3.95,0.329,0.137
MTR0001,2024-01-16 00:00:00,220.84,223.68,223.05,2.75,2.68,2.67,0.242,0.114
MTR0001,2024-01-16 00:15:00,223.08,220.85,218.25,2.76,2.65,2.92,0.263,0.115
MTR0001,2024-01-16 00:30:00,223.06,222.17,221.74,2.87,2.8,2.82,0.241,0.104
MTR0001,2024-01-16 00:45:00,220.72,221.31,221.3,2.62,2.53,2.76,0.229,0.116
MTR0001,2024-01-16 01:00:00,220.63,221.8,221.03,2.6,2.36,2.78,0.221,0.126
MTR0001,2024-01-16 01:15:00,221.32,222.93,221.4,2.65,2.85,2.85,0.188,0.122
MTR0001,2024-01-16 01:30:00,222.56,221.46,220.89,2.64,2.55,2.73,0.229,0.084
MTR0001,2024-01-16 01:45:00,220.3,219.93,220.45,2.45,2.41,2.57,0.217,0.12
MTR0001,2024-01-16 02:00:00,219.87,219.6,226.43,2.74,2.56,2.86,0.278,0.087
MTR0001,2024-01-16 02:15:00,216.85,220.27,222.25,2.65,2.58,2.58,0.196,0.122
MTR0001,2024-01-16 02:30:00,221.83,223.09,222.72,2.58,2.61,2.79,0.246,0.1
MTR0001,2024-01-16 02:45:00,218.1,220.78,221.42,2.61,2.63,2.52,0.193,0.11
MTR0001,2024-01-16 03:00:00,222.59,221.18,221.96,2.62,2.9,2.61,0.241,0.137
MTR0001,2024-01-16 03:15:00,221.66,219.11,224.71,2.38,2.62,2.7,0.197,0.081
MTR0001,2024-01-16 03:30:00,221.43,220.36,222.38,2.58,2.77,2.93,0.276,0.114
MTR0001,2024-01-16 03:45:00,221.04,220.8,222.62,2.73,2.49,2.83,0.241,0.084
MTR0001,2024-01-16 04:00:00,219.17,223.5,217.33,2.61,2.77,2.52,0.224,0.128
MTR0001,2024-01-16 04:15:00,218.7,219.92,220.57,2.63,2.55,2.77,0.196,0.136
MTR0001,2024-01-16 04:30:00,221.47,224.22,224.02,2.57,2.98,2.73,0.239,0.12
MTR0001,2024-01-16 04:45:00,217.7,219.91,223.31,2.79,2.58,2.67,0.224,0.114
MTR0001,2024-01-16 05:00:00,220.22,221.93,223.64,2.58,2.63,2.83,0.259,0.131
MTR0001,2024-01-16 05:15:00,219.11,219.29,221.91,2.65,2.78,2.81,0.23,0.123
MTR0001,2024-01-16 05:30:00,221.49,219.95,222.91,2.52,2.58,2.93,0.215,0.128
MTR0001,2024-01-16 05:45:00,221.59,220.83,220.79,2.73,2.43,2.61,0.276,0.084
MTR0001,2024-01-16 06:00:00,223.52,219.84,219.14,5.08,5.38,5.71,0.446,0.24
MTR0001,2024-01-16 06:15:00,223.52,219.81,220.41,5.16,4.78,5.46,0.465,0.182
MTR0001,2024-01-16 06:30:00,220.51,222.04,221.99,5.27,5.27,5.28,0.472,0.196
MTR0001,2024-01-16 06:45:00,220.71,221.88,222.39,4.94,5.34,5.58,0.475,0.182
MTR0001,2024-01-16 07:00:00,219.26,221.86,221.7,5.62,5.66,5.87,0.432,0.288
MTR0001,2024-01-16 07:15:00,220.18,223.12,222.47,5.59,5.59,5.87,0.461,0.254
MTR0001,2024-01-16 07:30:00,219.82,221.45,223.72,5.73,5.36,5.61,0.45,0.272
MTR0001,2024-01-16 07:45:00,224.96,219.0,222.47,6.02,5.77,5.88,0.495,0.277
MTR0001,2024-01-16 08:00:00,219.55,219.97,219.8,6.1,5.9,5.88,0.51,0.255
MTR0001,2024-01-16 08:15:00,220.31,223.66,223.04,6.02,5.94,6.32,0.529,0.289
MTR0001,2024-01-16 08:30:00,222.5,219.61,222.95,6.15,5.68,6.47,0.584,0.192
MTR0001,2024-01-16 08:45:00,222.75,219.82,220.21,5.91,6.01,6.54,0.554,0.225
MTR0001,2024-01-16 09:00:00,223.98,219.76,223.04,6.21,6.21,6.72,0.566,0.297
MTR0001,2024-01-16 09:15:00,222.35,223.33,219.2,6.13,6.2,6.53,0.56,0.239
MTR0001,2024-01-16 09:30:00,220.52,222.85,221.16,6.4,6.48,6.72,0.542,0.304
MTR0001,2024-01-16 09:45:00,220.3,222.11,219.98,6.47,6.3,6.49,0.514,0.31
MTR0001,2024-01-16 10:00:00,222.02,218.75,220.26,6.4,6.48,6.93,0.525,0.314
MTR0001,2024-01-16 10:15:00,217.54,222.69,218.54,6.44,6.59,6.88,0.537,0.269
MTR0001,2024-01-16 10:30:00,220.58,220.27,220.28,6.56,6.65,6.81,0.576,0.31
MTR0001,2024-01-16 10:45:00,218.54,220.97,223.34,6.35,6.37,6.77,0.533,0.321
MTR0001,2024-01-16 11:00:00,220.53,225.12,221.7,6.93,6.83,7.02,0.626,0.261
MTR0001,2024-01-16 11:15:00,224.03,224.28,220.1,7.07,6.6,7.08,0.645,0.223
MTR0001,2024-01-16 11:30:00,219.46,220.87,224.11,6.63,6.51,7.26,0.625,0.267
MTR0001,2024-01-16 11:45:00,223.88,222.54,221.88,6.77,6.7,6.93,0.556,0.33
MTR0001,2024-01-16 12:00:00,220.57,222.23,222.29,7.15,6.83,7.26,0.593,0.362
MTR0001,2024-01-16 12:15:00,222.19,221.63,221.58,6.96,6.6,6.91,0.575,0.327
MTR0001,2024-01-16 12:30:00,221.85,222.29,221.51,6.73,6.82,7.36,0.605,0.273
MTR0001,2024-01-16 12:45:00,220.44,221.98,219.5,6.6,6.84,7.25,0.58,0.296
MTR0001,2024-01-16 13:00:00,221.48,219.89,223.35,6.87,6.94,6.93,0.652,0.268
MTR0001,2024-01-16 13:15:00,217.59,222.08,219.15,6.79,6.72,6.94,0.562,0.299
MTR0001,2024-01-16 13:30:00,222.71,222.09,222.81,6.75,7.11,6.94,0.61,0.3
MTR0001,2024-01-16 13:45:00,219.76,220.93,221.12,7.14,6.67,6.91,0.616,0.283
MTR0001,2024-01-16 14:00:00,218.8,223.01,221.46,6.8,6.62,6.87,0.592,0.21
MTR0001,2024-01-16 14:15:00,220.71,221.19,225.7,6.69,6.37,6.96,0.573,0.323
MTR0001,2024-01-16 14:30:00,219.44,223.56,218.95,6.73,6.36,7.15,0.585,0.264
MTR0001,2024-01-16 14:45:00,221.81,221.35,220.43,6.65,6.5,6.95,0.574,0.303
MTR0001,2024-01-16 15:00:00,219.92,226.16,220.05,6.54,6.22,6.68,0.603,0.237
MTR0001,2024-01-16 15:15:00,223.91,221.26,223.87,6.44,6.31,6.66,0.544,0.281
MTR0001,2024-01-16 15:30:00,222.08,221.58,220.2,6.25,6.23,6.34,0.558,0.276
MTR0001,2024-01-16 15:45:00,221.98,222.92,225.18,6.52,6.45,6.66,0.658,0.213
MTR0001,2024-01-16 16:00:00,221.01,223.49,222.87,6.04,6.0,6.04,0.546,0.206
MTR0001,2024-01-16 16:15:00,221.53,220.85,219.66,6.1,6.28,6.22,0.559,0.24
MTR0001,2024-01-16 16:30:00,222.37,226.74,221.67,5.84,5.89,6.36,0.543,0.247
MTR0001,2024-01-16 16:45:00,222.48,221.9,221.94,6.15,6.04,6.53,0.547,0.277
MTR0001,2024-01-16 17:00:00,218.2,220.43,219.75,5.36,5.6,5.75,0.441,0.237
MTR0001,2024-01-16 17:15:00,222.2,222.02,221.65,5.74,5.45,6.06,0.474,0.276
MTR0001,2024-01-16 17:30:00,223.58,222.17,222.22,5.74,5.7,5.86,0.517,0.212
MTR0001,2024-01-16 17:45:00,221.71,222.02,223.31,5.39,5.61,5.76,0.504,0.188
MTR0001,2024-01-16 18:00:00,220.34,221.24,220.26,5.25,5.14,5.46,0.478,0.263
MTR0001,2024-01-16 18:15:00,220.9,220.95,222.26,5.37,5.24,5.3,0.477,0.206
MTR0001,2024-01-16 18:30:00,222.96,223.21,222.35,5.41,5.04,5.22,0.474,0.173
MTR0001,2024-01-16 18:45:00,220.14,218.98,219.83,5.11,4.9,5.28,0.431,0.202
MTR0001,2024-01-16 19:00:00,221.77,219.94,222.52,4.89,5.15,5.09,0.386,0.245
MTR0001,2024-01-16 19:15:00,220.84,219.07,222.39,4.96,4.95,5.38,0.436,0.222
MTR0001,2024-01-16 19:30:00,219.56,220.47,222.23,5.2,4.95,5.22,0.431,0.251
MTR0001,2024-01-16 19:45:00,220.17,222.67,221.23,4.66,5.0,4.86,0.428,0.149
MTR0001,2024-01-16 20:00:00,221.0,222.14,221.48,4.38,4.13,4.55,0.405,0.141
MTR0001,2024-01-16 20:15:00,221.56,220.51,220.69,4.71,4.39,4.62,0.376,0.166
MTR0001,2024-01-16 20:30:00,220.54,219.73,220.26,4.33,4.43,4.79,0.395,0.164
MTR0001,2024-01-16 20:45:00,218.76,221.46,222.04,4.44,4.45,4.53,0.405,0.139
MTR0001,2024-01-16 21:00:00,220.16,220.87,223.57,4.22,4.22,4.48,0.392,0.159
MTR0001,2024-01-16 21:15:00,221.98,220.33,218.71,4.1,4.19,4.44,0.391,0.129
MTR0001,2024-01-16 21:30:00,221.34,221.26,221.92,4.03,4.01,4.47,0.369,0.134
MTR0001,2024-01-16 21:45:00,221.68,221.11,225.31,3.91,4.06,4.18,0.385,0.187
MTR0001,2024-01-16 22:00:00,219.68,222.23,222.35,4.04,3.83,4.18,0.358,0.137
MTR0001,2024-01-16 22:15:00,221.75,221.34,222.05,3.91,3.92,4.22,0.32,0.194
MTR0001,2024-01-16 22:30:00,222.34,222.96,220.0,3.73,3.79,4.03,0.36,0.135
MTR0001,2024-01-16 22:45:00,221.67,223.23,221.78,3.58,3.55,3.93,0.357,0.126
MTR0001,2024-01-16 23:00:00,220.89,222.11,226.28,3.93,3.8,3.73,0.352,0.198
MTR0001,2024-01-16 23:15:00,220.88,222.89,221.82,3.57,3.7,3.79,0.319,0.181
MTR0001,2024-01-16 23:30:00,220.21,221.9,222.55,3.56,3.73,4.07,0.321,0.16
MTR0001,2024-01-16 23:45:00,223.97,223.09,222.58,3.46,3.61,3.81,0.318,0.163
MTR0001,2024-01-17 00:00:00,223.97,220.66,223.66,2.68,2.5,2.84,0.236,0.111
MTR0001,2024-01-17 00:15:00,221.95,220.97,221.56,2.64,2.49,2.55,0.215,0.129
MTR0001,2024-01-17 00:30:00,218.66,223.53,221.68,2.59,2.66,2.76,0.247,0.102
MTR0001,2024-01-17 00:45:00,219.19,224.48,221.91,2.73,2.49,2.7,0.188,0.123
MTR0001,2024-01-17 01:00:00,221.02,219.33,222.18,2.55,3.0,2.64,0.208,0.123
MTR0001,2024-01-17 01:15:00,221.68,222.61,222.33,2.43,2.61,2.81,0.244,0.103
MTR0001,2024-01-17 01:30:00,223.36,223.41,222.16,2.76,2.47,2.84,0.231,0.114
MTR0001,2024-01-17 01:45:00,220.92,221.59,223.45,2.7,2.75,2.65,0.215,0.112
MTR0001,2024-01-17 02:00:00,223.96,222.75,222.69,2.65,2.52,2.84,0.219,0.125
MTR0001,2024-01-17 02:15:00,222.42,220.44,220.63,2.95,2.45,2.62,0.235,0.121
MTR0001,2024-01-17 02:30:00,219.89,218.47,221.06,2.46,2.61,2.58,0.215,0.131
MTR0001,2024-01-17 02:45:00,219.92,224.03,220.29,2.59,2.86,3.16,0.261,0.124
MTR0001,2024-01-17 03:00:00,219.89,222.24,220.44,2.66,2.46,2.95,0.228,0.135
MTR0001,2024-01-17 03:15:00,220.42,221.48,222.71,2.64,2.66,2.74,0.249,0.131
MTR0001,2024-01-17 03:30:00,219.46,221.68,224.23,2.83,2.74,2.84,0.227,0.104
MTR0001,2024-01-17 03:45:00,222.88,220.88,218.61,2.68,2.6,2.49,0.233,0.096
MTR0001,2024-01-17 04:00:00,218.03,220.37,223.66,2.68,2.69,2.84,0.27,0.095
MTR0001,2024-01-17 04:15:00,222.05,221.25,220.67,2.5,2.31,2.81,0.24,0.11
MTR0001,2024-01-17 04:30:00,217.46,222.16,220.69,2.4,2.85,2.74,0.208,0.122
MTR0001,2024-01-17 04:45:00,218.92,219.18,220.55,2.78,2.95,2.73,0.242,0.14
MTR0001,2024-01-17 05:00:00,222.81,221.25,222.21,2.58,2.91,2.9,0.26,0.1
MTR0001,2024-01-17 05:15:00,220.19,223.93,220.44,2.64,2.69,2.48,0.228,0.111
MTR0001,2024-01-17 05:30:00,223.47,221.71,225.21,2.62,2.57,2.85,0.231,0.117
MTR0001,2024-01-17 05:45:00,221.14,223.66,222.8,2.52,2.74,2.59,0.248,0.109
MTR0001,2024-01-17 06:00:00,219.8,222.81,224.45,5.15,5.47,5.37,0.474,0.207
MTR0001,2024-01-17 06:15:00,222.16,223.52,220.78,5.14,4.97,5.34,0.443,0.248
MTR0001,2024-01-17 06:30:00,218.59,222.13,219.73,5.34,5.11,5.29,0.403,0.267
MTR0001,2024-01-17 06:45:00,220.06,223.27,222.29,5.25,5.32,5.31,0.471,0.185
MTR0001,2024-01-17 07:00:00,222.61,220.6,220.82,6.0,5.5,5.98,0.508,0.219
MTR0001,2024-01-17 07:15:00,220.74,221.84,219.95,5.72,5.72,5.98,0.507,0.212
MTR0001,2024-01-17 07:30:00,220.69,220.11,220.4,5.47,5.53,5.78,0.459,0.279
MTR0001,2024-01-17 07:45:00,221.99,218.09,222.52,5.69,5.52,5.74,0.508,0.172
MTR0001,2024-01-17 08:00:00,220.17,221.74,221.44,5.91,6.23,6.04,0.52,0.264
MTR0001,2024-01-17 08:15:00,221.75,222.07,220.88,5.96,5.68,6.29,0.493,0.259
MTR0001,2024-01-17 08:30:00,221.25,218.63,221.29,6.12,5.96,6.17,0.514,0.285
MTR0001,2024-01-17 08:45:00,220.71,220.48,219.5,6.32,6.17,6.18,0.476,0.276
MTR0001,2024-01-17 09:00:00,222.03,221.16,220.27,6.43,6.44,6.64,0.564,0.235
MTR0001,2024-01-17 09:15:00,222.58,221.73,217.34,6.67,6.23,6.97,0.581,0.205
MTR0001,2024-01-17 09:30:00,223.18,223.03,224.42,6.37,6.35,6.57,0.523,0.312
MTR0001,2024-01-17 09:45:00,223.76,222.39,222.62,6.37,6.71,6.46,0.595,0.26
MTR0001,2024-01-17 10:00:00,221.14,219.62,222.25,6.66,6.55,7.02,0.576,0.25
MTR0001,2024-01-17 10:15:00,221.25,218.25,221.99,6.83,6.55,6.89,0.594,0.258
MTR0001,2024-01-17 10:30:00,221.02,223.31,220.13,6.58,6.77,6.76,0.591,0.209
MTR0001,2024-01-17 10:45:00,221.5,220.33,221.67,6.67,6.7,7.18,0.577,0.344
MTR0001,2024-01-17 11:00:00,221.88,222.04,222.5,6.87,6.57,7.06,0.589,0.301
MTR0001,2024-01-17 11:15:00,219.58,221.19,220.16,6.94,6.83,6.84,0.621,0.271
MTR0001,2024-01-17 11:30:00,222.08,220.61,220.63,6.7,6.81,7.17,0.559,0.333
MTR0001,2024-01-17 11:45:00,219.55,222.13,220.91,6.77,6.6,7.0,0.553,0.276
MTR0001,2024-01-17 12:00:00,220.6,220.95,220.49,7.02,6.63,7.3,0.608,0.302
MTR0001,2024-01-17 12:15:00,221.62,221.8,221.49,6.87,7.08,7.01,0.625,0.286
MTR0001,2024-01-17 12:30:00,220.77,224.12,224.72,6.74,6.46,6.77,0.547,0.331
MTR0001,2024-01-17 12:45:00,219.96,222.83,218.3,6.87,6.62,7.28,0.607,0.203
MTR0001,2024-01-17 13:00:00,222.61,221.97,222.42,6.64,6.26,6.95,0.604,0.199
MTR0001,2024-01-17 13:15:00,223.0,226.04,221.0,6.78,6.86,7.18,0.614,0.35
MTR0001,2024-01-17 13:30:00,219.94,221.98,219.36,6.9,6.94,7.04,0.616,0.255
MTR0001,2024-01-17 13:45:00,221.48,222.78,220.39,6.91,6.79,6.99,0.589,0.304
MTR0001,2024-01-17 14:00:00,221.19,221.1,222.82,6.66,6.5,6.9,0.562,0.302
MTR0001,2024-01-17 14:15:00,221.75,222.21,218.78,6.66,6.35,6.68,0.566,0.288
MTR0001,2024-01-17 14:30:00,220.35,222.53,222.12,6.56,6.58,6.88,0.558,0.314
MTR0001,2024-01-17 14:45:00,220.18,225.17,219.68,6.67,6.87,6.82,0.572,0.302
MTR0001,2024-01-17 15:00:00,218.93,220.02,220.99,6.35,6.44,6.67,0.535,0.285
MTR0001,2024-01-17 15:15:00,222.86,220.48,222.43,6.11,6.16,6.57,0.548,0.291
MTR0001,2024-01-17 15:30:00,222.48,222.35,223.13,6.11,6.22,6.47,0.504,0.323
MTR0001,2024-01-17 15:45:00,221.67,222.92,220.69,6.49,6.42,6.68,0.56,0.325
MTR0001,2024-01-17 16:00:00,220.99,220.43,221.03,6.03,5.86,6.12,0.468,0.295
MTR0001,2024-01-17 16:15:00,221.59,221.16,218.0,5.93,6.05,6.31,0.539,0.299
MTR0001,2024-01-17 16:30:00,222.43,220.52,220.19,5.93,5.97,6.35,0.486,0.291
MTR0001,2024-01-17 16:45:00,221.67,221.06,222.54,5.81,5.97,6.11,0.514,0.237
MTR0001,2024-01-17 17:00:00,219.96,222.6,220.42,5.93,5.66,5.78,0.474,0.266
MTR0001,2024-01-17 17:15:00,218.98,222.65,217.68,5.51,5.81,5.82,0.5,0.212
MTR0001,2024-01-17 17:30:00,217.56,220.97,223.01,5.59,5.49,6.21,0.473,0.282
MTR0001,2024-01-17 17:45:00,219.66,224.06,222.52,5.67,5.53,5.75,0.465,0.27
MTR0001,2024-01-17 18:00:00,216.97,222.18,222.32,5.49,5.08,5.32,0.421,0.218
MTR0001,2024-01-17 18:15:00,220.67,223.68,219.88,5.33,4.91,5.5,0.468,0.22
MTR0001,2024-01-17 18:30:00,222.84,220.07,221.74,5.33,5.27,5.32,0.439,0.265
MTR0001,2024-01-17 18:45:00,219.94,221.38,222.7,5.21,5.2,5.39,0.45,0.158
MTR0001,2024-01-17 19:00:00,219.11,225.19,222.58,4.87,4.77,4.99,0.404,0.221
MTR0001,2024-01-17 19:15:00,220.94,222.61,219.69,5.06,4.71,5.1,0.427,0.245
MTR0001,2024-01-17 19:30:00,220.97,224.05,219.94,4.87,4.86,5.1,0.445,0.191
MTR0001,2024-01-17 19:45:00,221.29,222.88,223.59,4.62,4.51,5.23,0.436,0.209
MTR0001,2024-01-17 20:00:00,218.39,220.87,221.79,4.7,4.39,4.54,0.391,0.155
MTR0001,2024-01-17 20:15:00,220.76,221.31,222.39,4.14,4.49,4.69,0.357,0.193
MTR0001,2024-01-17 20:30:00,221.01,220.94,221.65,4.43,4.21,4.66,0.379,0.175
MTR0001,2024-01-17 20:45:00,220.53,223.71,222.19,4.35,4.51,4.52,0.408,0.188
MTR0001,2024-01-17 21:00:00,221.87,221.01,221.55,4.08,4.21,4.51,0.398,0.16
MTR0001,2024-01-17 21:15:00,221.53,223.21,220.45,3.77,4.19,4.35,0.357,0.188
MTR0001,2024-01-17 21:30:00,218.92,222.06,222.33,4.25,4.15,4.25,0.358,0.177
MTR0001,2024-01-17 21:45:00,220.74,220.52,222.89,3.99,4.11,4.32,0.403,0.135
MTR0001,2024-01-17 22:00:00,221.53,222.79,225.01,3.91,3.69,4.16,0.352,0.141
MTR0001,2024-01-17 22:15:00,222.38,222.94,222.37,4.19,3.83,4.19,0.345,0.207
MTR0001,2024-01-17 22:30:00,221.3,221.03,222.33,4.02,3.91,3.91,0.318,0.122
MTR0001,2024-01-17 22:45:00,219.57,221.43,220.35,3.98,4.03,4.23,0.335,0.14
MTR0001,2024-01-17 23:00:00,221.04,221.01,220.93,3.43,3.78,3.91,0.287,0.123
MTR0001,2024-01-17 23:15:00,219.82,219.61,219.95,3.76,3.79,3.56,0.321,0.147
MTR0001,2024-01-17 23:30:00,223.01,219.43,221.0,3.62,3.52,3.83,0.282,0.153
MTR0001,2024-01-17 23:45:00,220.56,220.3,221.84,3.79,3.73,3.9,0.356,0.124
MTR0001,2024-01-18 00:00:00,219.12,220.89,224.14,2.59,2.18,2.69,0.166,0.109
MTR0001,2024-01-18 00:15:00,221.62,222.14,221.07,2.69,2.56,2.84,0.209,0.128
MTR0001,2024-01-18 00:30:00,220.58,220.82,220.1,2.8,2.82,2.9,0.247,0.109
MTR0001,2024-01-18 00:45:00,220.05,220.22,224.06,2.54,2.7,2.89,0.251,0.103
MTR0001,2024-01-18 01:00:00,219.88,224.39,221.56,2.67,2.5,2.59,0.224,0.1
MTR0001,2024-01-18 01:15:00,223.07,219.86,222.69,2.57,2.5,2.59,0.24,0.119
MTR0001,2024-01-18 01:30:00,219.71,220.45,223.93,2.92,2.71,2.84,0.268,0.107
MTR0001,2024-01-18 01:45:00,221.89,218.88,222.09,2.88,2.5,2.86,0.23,0.127
MTR0001,2024-01-18 02:00:00,219.14,223.4,220.68,2.65,2.64,2.64,0.244,0.119
MTR0001,2024-01-18 02:15:00,220.4,222.03,224.11,2.61,2.7,2.83,0.235,0.121
MTR0001,2024-01-18 02:30:00,219.52,223.31,221.96,2.54,2.47,2.65,0.229,0.115
MTR0001,2024-01-18 02:45:00,220.74,221.58,221.07,2.54,2.49,2.77,0.22,0.104
MTR0001,2024-01-18 03:00:00,220.16,224.6,220.84,2.5,2.49,2.88,0.215,0.113
MTR0001,2024-01-18 03:15:00,220.92,222.65,222.44,2.8,2.47,2.73,0.228,0.098
MTR0001,2024-01-18 03:30:00,222.68,222.46,223.19,2.81,2.54,2.58,0.21,0.131
MTR0001,2024-01-18 03:45:00,222.53,221.48,220.6,2.64,2.28,2.6,0.225,0.112
MTR0001,2024-01-18 04:00:00,221.47,220.64,219.8,2.7,2.62,2.71,0.229,0.126
MTR0001,2024-01-18 04:15:00,220.56,224.25,220.16,2.42,2.58,2.9,0.203,0.126
MTR0001,2024-01-18 04:30:00,221.96,220.02,220.44,2.74,2.47,2.56,0.247,0.106
MTR0001,2024-01-18 04:45:00,217.38,221.62,218.53,2.44,2.52,2.53,0.202,0.113
MTR0001,2024-01-18 05:00:00,221.68,222.61,223.26,2.63,2.72,2.83,0.23,0.081
MTR0001,2024-01-18 05:15:00,221.19,222.16,220.0,2.68,2.42,2.73,0.2,0.125
MTR0001,2024-01-18 05:30:00,219.38,220.84,221.25,2.69,2.74,2.66,0.253,0.111
MTR0001,2024-01-18 05:45:00,223.42,223.04,220.75,2.65,2.26,2.82,0.224,0.094
MTR0001,2024-01-18 06:00:00,222.15,222.97,221.15,5.02,5.24,5.31,0.464,0.228
MTR0001,2024-01-18 06:15:00,221.19,221.66,220.58,5.27,5.13,5.6,0.476,0.21
MTR0001,2024-01-18 06:30:00,221.65,220.87,220.27,5.27,5.45,5.58,0.484,0.246
MTR0001,2024-01-18 06:45:00,218.65,219.43,222.66,5.38,5.05,5.78,0.455,0.191
MTR0001,2024-01-18 07:00:00,219.72,222.26,220.53,5.37,5.57,5.67,0.497,0.269
MTR0001,2024-01-18 07:15:00,219.96,220.64,220.9,5.97,5.44,5.87,0.492,0.203
MTR0001,2024-01-18 07:30:00,222.56,220.89,220.08,5.68,5.4,5.77,0.481,0.239
MTR0001,2024-01-18 07:45:00,222.11,221.38,223.99,5.94,5.7,5.65,0.511,0.236
MTR0001,2024-01-18 08:00:00,217.6,224.75,220.64,5.9,5.94,6.49,0.549,0.196
MTR0001,2024-01-18 08:15:00,221.18,224.89,222.08,5.92,6.19,6.15,0.549,0.27
MTR0001,2024-01-18 08:30:00,223.54,224.95,221.24,5.92,5.7,6.6,0.581,0.196
MTR0001,2024-01-18 08:45:00,218.72,220.79,220.65,6.01,5.91,5.97,0.55,0.183
MTR0001,2024-01-18 09:00:00,219.8,220.72,224.57,6.4,6.01,6.53,0.533,0.236
MTR0001,2024-01-18 09:15:00,220.33,222.5,222.81,6.47,6.3,6.69,0.593,0.25
MTR0001,2024-01-18 09:30:00,217.2,219.49,216.62,6.68,6.34,6.47,0.546,0.244
MTR0001,2024-01-18 09:45:00,219.33,221.09,222.0,6.44,6.41,6.79,0.555,0.267
MTR0001,2024-01-18 10:00:00,221.43,220.59,222.24,6.49,6.49,7.15,0.533,0.319
MTR0001,2024-01-18 10:15:00,219.81,222.11,222.28,6.71,6.64,6.74,0.574,0.259
MTR0001,2024-01-18 10:30:00,220.1,220.69,223.3,6.53,6.59,6.89,0.529,0.325
MTR0001,2024-01-18 10:45:00,219.4,221.77,219.43,6.78,6.71,6.93,0.564,0.327
MTR0001,2024-01-18 11:00:00,218.52,224.08,222.29,6.98,6.84,7.03,0.602,0.3
MTR0001,2024-01-18 11:15:00,219.3,224.65,222.37,6.77,6.63,7.08,0.567,0.325
MTR0001,2024-01-18 11:30:00,222.11,223.09,222.17,6.5,6.66,7.37,0.62,0.239
MTR0001,2024-01-18 11:45:00,220.72,223.72,223.17,6.71,6.46,7.02,0.593,0.278
MTR0001,2024-01-18 12:00:00,218.97,220.35,222.31,7.01,6.83,7.18,0.606,0.281
MTR0001,2024-01-18 12:15:00,219.22,221.72,224.89,6.95,6.75,7.12,0.656,0.209
MTR0001,2024-01-18 12:30:00,220.85,219.34,223.03,6.92,6.84,6.96,0.609,0.269
MTR0001,2024-01-18 12:45:00,220.65,219.89,222.59,6.52,6.91,7.26,0.548,0.281
MTR0001,2024-01-18 13:00:00,220.2,222.89,222.81,6.64,6.86,6.97,0.576,0.308
MTR0001,2024-01-18 13:15:00,218.44,219.88,223.44,6.75,6.75,7.3,0.569,0.346
MTR0001,2024-01-18 13:30:00,220.83,219.32,222.5,6.8,6.86,7.03,0.599,0.293
MTR0001,2024-01-18 13:45:00,220.91,217.93,223.29,6.58,6.55,6.96,0.594,0.239
MTR0001,2024-01-18 14:00:00,219.71,220.99,220.43,6.72,6.44,6.73,0.567,0.256
MTR0001,2024-01-18 14:15:00,221.95,221.1,222.32,6.8,6.74,6.71,0.633,0.233
MTR0001,2024-01-18 14:30:00,221.47,223.94,223.15,6.49,6.65,6.77,0.593,0.241
MTR0001,2024-01-18 14:45:00,221.57,222.08,220.1,6.67,6.85,6.66,0.602,0.236
MTR0001,2024-01-18 15:00:00,221.81,222.1,223.43,6.37,6.03,6.35,0.536,0.297
MTR0001,2024-01-18 15:15:00,220.78,220.43,221.18,6.31,6.25,6.54,0.542,0.309
MTR0001,2024-01-18 15:30:00,222.34,223.91,222.78,6.44,6.35,6.74,0.555,0.218
MTR0001,2024-01-18 15:45:00,220.97,223.14,222.35,6.34,6.6,6.73,0.603,0.227
MTR0001,2024-01-18 16:00:00,220.58,219.93,223.45,5.96,5.88,6.0,0.487,0.274
MTR0001,2024-01-18 16:15:00,221.48,220.63,220.64,5.94,5.92,6.26,0.5,0.271
MTR0001,2024-01-18 16:30:00,220.05,221.23,219.3,6.21,6.06,6.39,0.526,0.276
MTR0001,2024-01-18 16:45:00,220.38,220.73,221.23,5.55,5.7,6.33,0.534,0.233
MTR0001,2024-01-18 17:00:00,220.71,220.08,221.29,5.32,5.6,6.0,0.484,0.281
MTR0001,2024-01-18 17:15:00,220.91,223.88,221.16,5.41,5.81,6.03,0.519,0.239
MTR0001,2024-01-18 17:30:00,221.11,221.6,220.38,5.65,5.56,5.89,0.503,0.26
MTR0001,2024-01-18 17:45:00,220.07,221.59,219.49,5.92,5.6,6.0,0.527,0.214
MTR0001,2024-01-18 18:00:00,221.55,222.01,221.42,5.17,5.1,5.49,0.448,0.232
MTR0001,2024-01-18 18:15:00,221.72,224.06,222.24,5.25,5.04,5.58,0.505,0.172
MTR0001,2024-01-18 18:30:00,222.38,221.1,220.06,5.3,5.03,5.53,0.455,0.223
MTR0001,2024-01-18 18:45:00,221.24,216.17,222.71,5.08,5.06,5.66,0.498,0.178
MTR0001,2024-01-18 19:00:00,221.12,221.96,221.04,4.71,4.98,5.22,0.442,0.162
MTR0001,2024-01-18 19:15:00,220.46,220.37,223.28,4.86,4.69,4.81,0.402,0.166
MTR0001,2024-01-18 19:30:00,220.3,223.93,222.89,5.01,4.92,5.17,0.422,0.216
MTR0001,2024-01-18 19:45:00,221.09,222.94,221.21,4.92,4.64,5.12,0.43,0.197
MTR0001,2024-01-18 20:00:00,220.48,222.43,220.06,4.21,4.5,4.89,0.389,0.142
MTR0001,2024-01-18 20:15:00,223.35,226.83,221.02,4.4,4.17,4.39,0.373,0.197
MTR0001,2024-01-18 20:30:00,220.05,221.9,223.06,4.52,4.4,4.77,0.367,0.221
MTR0001,2024-01-18 20:45:00,217.84,220.6,217.78,4.29,4.5,4.66,0.397,0.216
MTR0001,2024-01-18 21:00:00,221.65,220.87,221.81,4.23,4.2,4.41,0.343,0.215
MTR0001,2024-01-18 21:15:00,221.4,219.45,222.77,3.95,3.97,4.33,0.324,0.162
MTR0001,2024-01-18 21:30:00,218.11,221.09,221.16,4.13,4.1,4.31,0.374,0.162
MTR0001,2024-01-18 21:45:00,218.52,219.65,218.87,4.09,4.13,4.1,0.371,0.145
MTR0001,2024-01-18 22:00:00,220.66,222.73,222.53,3.69,4.07,3.82,0.298,0.18
MTR0001,2024-01-18 22:15:00,222.26,223.33,219.94,3.91,3.76,3.9,0.384,0.128
MTR0001,2024-01-18 22:30:00,220.32,220.79,220.1,3.79,3.8,3.96,0.379,0.14
MTR0001,2024-01-18 22:45:00,221.14,221.17,220.53,3.86,3.95,4.16,0.354,0.122
MTR0001,2024-01-18 23:00:00,220.1,219.88,220.5,3.73,3.75,4.14,0.354,0.132
MTR0001,2024-01-18 23:15:00,221.75,222.44,219.54,3.78,3.87,4.02,0.319,0.12
MTR0001,2024-01-18 23:30:00,220.01,220.13,219.6,3.75,3.92,3.81,0.344,0.12
MTR0001,2024-01-18 23:45:00,221.93,223.55,221.57,3.48,3.89,3.65,0.289,0.174
MTR0001,2024-01-19 00:00:00,215.35,224.74,222.33,2.51,2.43,2.65,0.247,0.116
MTR0001,2024-01-19 00:15:00,224.88,218.72,221.81,2.7,2.6,2.67,0.236,0.107
MTR0001,2024-01-19 00:30:00,220.2,223.55,220.9,2.33,2.54,2.58,0.218,0.079
MTR0001,2024-01-19 00:45:00,221.94,223.45,221.45,2.86,2.52,2.52,0.229,0.117
MTR0001,2024-01-19 01:00:00,220.64,220.8,222.2,2.61,2.85,2.91,0.259,0.11
MTR0001,2024-01-19 01:15:00,221.53,221.08,222.87,2.76,2.6,2.55,0.248,0.104
MTR0001,2024-01-19 01:30:00,221.99,223.01,222.05,2.88,2.47,2.65,0.265,0.09
MTR0001,2024-01-19 01:45:00,218.57,221.96,219.81,2.39,2.6,2.75,0.226,0.079
MTR0001,2024-01-19 02:00:00,220.84,221.14,221.2,2.56,2.73,2.75,0.236,0.104
MTR0001,2024-01-19 02:15:00,222.35,224.42,223.32,2.62,2.77,2.81,0.256,0.093
MTR0001,2024-01-19 02:30:00,221.35,219.61,221.24,2.52,2.65,2.78,0.228,0.1
MTR0001,2024-01-19 02:45:00,221.48,222.64,219.95,2.82,2.67,2.71,0.21,0.14
MTR0001,2024-01-19 03:00:00,222.62,220.21,221.96,2.9,2.66,2.94,0.251,0.138
MTR0001,2024-01-19 03:15:00,222.42,221.8,221.28,2.78,2.2,2.76,0.225,0.112
MTR0001,2024-01-19 03:30:00,221.22,220.16,222.51,2.73,2.41,2.51,0.281,0.094
MTR0001,2024-01-19 03:45:00,222.22,222.69,220.45,2.56,2.61,2.44,0.203,0.114
MTR0001,2024-01-19 04:00:00,217.35,221.85,217.85,2.79,2.68,2.68,0.234,0.129
MTR0001,2024-01-19 04:15:00,222.38,221.76,221.47,2.46,2.57,2.72,0.251,0.105
MTR0001,2024-01-19 04:30:00,219.87,218.73,223.77,2.59,2.53,2.72,0.231,0.102
MTR0001,2024-01-19 04:45:00,219.03,222.02,220.44,2.51,2.71,2.71,0.215,0.105
MTR0001,2024-01-19 05:00:00,223.07,219.46,218.4,2.45,2.37,2.78,0.202,0.121
MTR0001,2024-01-19 05:15:00,221.92,223.01,223.07,2.67,2.69,2.67,0.199,0.11
MTR0001,2024-01-19 05:30:00,220.21,220.27,220.72,2.59,2.71,2.66,0.231,0.114
MTR0001,2024-01-19 05:45:00,220.87,219.61,220.2,2.38,2.66,2.68,0.267,0.078
MTR0001,2024-01-19 06:00:00,220.45,219.78,219.48,5.48,5.23,5.47,0.494,0.174
MTR0001,2024-01-19 06:15:00,223.36,222.87,222.82,5.32,5.31,5.5,0.441,0.2
MTR0001,2024-01-19 06:30:00,222.13,222.91,219.18,5.37,5.21,5.57,0.467,0.185
MTR0001,2024-01-19 06:45:00,216.4,224.56,220.24,5.39,5.06,5.48,0.414,0.26
MTR0001,2024-01-19 07:00:00,221.26,222.3,221.35,5.66,5.58,6.03,0.56,0.183
MTR0001,2024-01-19 07:15:00,220.94,221.35,219.66,5.46,5.52,5.72,0.527,0.179
MTR0001,2024-01-19 07:30:00,221.05,220.44,222.13,5.66,5.58,6.05,0.517,0.2
MTR0001,2024-01-19 07:45:00,220.48,220.7,222.61,5.52,5.85,5.86,0.501,0.236
MTR0001,2024-01-19 08:00:00,223.11,222.26,220.54,6.11,5.94,5.97,0.581,0.178
MTR0001,2024-01-19 08:15:00,219.32,222.57,221.61,5.93,6.1,6.23,0.535,0.276
MTR0001,2024-01-19 08:30:00,220.73,221.35,220.43,6.12,5.75,6.38,0.553,0.218
MTR0001,2024-01-19 08:45:00,218.08,221.91,220.74,6.11,5.85,6.18,0.551,0.236
MTR0001,2024-01-19 09:00:00,219.48,221.32,221.52,6.5,6.54,6.35,0.532,0.3
MTR0001,2024-01-19 09:15:00,219.69,220.42,221.61,6.51,6.6,6.58,0.57,0.206
MTR0001,2024-01-19 09:30:00,220.55,218.77,219.89,6.48,6.59,6.66,0.569,0.279
MTR0001,2024-01-19 09:45:00,222.89,219.13,220.88,6.7,6.3,6.6,0.592,0.225
MTR0001,2024-01-19 10:00:00,222.3,224.13,221.01,6.41,6.6,7.15,0.565,0.332
MTR0001,2024-01-19 10:15:00,216.13,221.92,223.25,6.57,6.46,6.84,0.539,0.324
MTR0001,2024-01-19 10:30:00,219.46,222.59,223.54,6.77,6.64,6.64,0.549,0.252
MTR0001,2024-01-19 10:45:00,221.16,221.69,218.62,6.42,6.43,6.86,0.552,0.265
MTR0001,2024-01-19 11:00:00,220.6,221.59,220.17,6.74,6.44,7.08,0.547,0.28
MTR0001,2024-01-19 11:15:00,219.73,222.18,221.47,7.09,6.67,6.53,0.579,0.278
MTR0001,2024-01-19 11:30:00,223.69,222.03,220.23,6.99,6.44,6.84,0.607,0.278
MTR0001,2024-01-19 11:45:00,221.72,222.06,222.04,6.79,6.75,7.04,0.59,0.291
MTR0001,2024-01-19 12:00:00,218.78,223.22,221.04,6.91,6.6,6.86,0.583,0.295
MTR0001,2024-01-19 12:15:00,222.11,221.13,217.9,6.89,6.46,7.12,0.598,0.263
MTR0001,2024-01-19 12:30:00,224.01,223.76,220.39,6.81,6.8,7.21,0.558,0.359
MTR0001,2024-01-19 12:45:00,221.02,220.68,222.41,6.94,6.82,7.04,0.638,0.308
MTR0001,2024-01-19 13:00:00,222.0,220.48,221.33,6.78,6.68,7.4,0.586,0.32
MTR0001,2024-01-19 13:15:00,222.4,220.53,221.21,6.86,6.71,7.24,0.592,0.307
MTR0001,2024-01-19 13:30:00,223.82,221.03,220.22,6.6,6.74,7.1,0.616,0.227
MTR0001,2024-01-19 13:45:00,220.86,219.74,219.86,6.72,6.93,7.08,0.614,0.232
MTR0001,2024-01-19 14:00:00,218.69,220.72,221.58,6.5,6.68,6.77,0.56,0.338
MTR0001,2024-01-19 14:15:00,219.55,223.63,224.56,6.71,6.77,7.0,0.547,0.328
MTR0001,2024-01-19 14:30:00,219.69,220.79,220.97,6.47,6.44,6.86,0.61,0.211
MTR0001,2024-01-19 14:45:00,221.36,219.85,222.05,6.62,6.62,7.1,0.594,0.231
MTR0001,2024-01-19 15:00:00,221.29,220.83,222.68,6.15,6.27,6.69,0.496,0.296
MTR0001,2024-01-19 15:15:00,221.86,222.19,221.74,6.59,6.35,6.52,0.53,0.285
MTR0001,2024-01-19 15:30:00,218.96,219.56,223.89,6.45,6.32,6.51,0.589,0.199
MTR0001,2024-01-19 15:45:00,219.59,222.78,222.72,6.46,6.43,6.46,0.556,0.223
MTR0001,2024-01-19 16:00:00,221.04,220.33,223.56,5.68,5.86,6.19,0.542,0.236
MTR0001,2024-01-19 16:15:00,220.98,222.39,220.04,6.08,5.95,6.42,0.502,0.257
MTR0001,2024-01-19 16:30:00,221.72,222.03,220.16,6.18,6.2,6.41,0.534,0.289
MTR0001,2024-01-19 16:45:00,221.35,222.36,221.04,6.01,6.12,6.25,0.518,0.265
MTR0001,2024-01-19 17:00:00,221.91,221.15,223.58,5.6,5.83,5.94,0.497,0.285
MTR0001,2024-01-19 17:15:00,220.01,218.87,222.31,5.54,5.53,5.71,0.523,0.213
MTR0001,2024-01-19 17:30:00,219.34,222.74,220.83,5.65,5.54,5.75,0.483,0.255
MTR0001,2024-01-19 17:45:00,220.92,222.15,220.35,5.49,5.43,5.69,0.44,0.214
MTR0001,2024-01-19 18:00:00,220.34,221.27,221.03,5.28,5.09,5.67,0.445,0.27
MTR0001,2024-01-19 18:15:00,221.36,221.22,222.75,5.4,5.15,5.43,0.459,0.177
MTR0001,2024-01-19 18:30:00,222.13,221.65,218.8,5.51,5.12,5.39,0.467,0.182
MTR0001,2024-01-19 18:45:00,223.15,222.3,218.93,5.16,5.04,5.72,0.44,0.21
MTR0001,2024-01-19 19:00:00,223.69,221.14,221.45,5.06,4.75,4.85,0.47,0.171
MTR0001,2024-01-19 19:15:00,218.37,221.67,219.31,4.86,4.8,4.91,0.436,0.206
MTR0001,2024-01-19 19:30:00,219.87,223.95,223.15,5.12,5.07,4.8,0.452,0.156
MTR0001,2024-01-19 19:45:00,222.09,219.43,222.22,5.0,4.91,5.02,0.483,0.171
MTR0001,2024-01-19 20:00:00,223.73,223.83,220.82,4.16,4.39,4.54,0.429,0.171
MTR0001,2024-01-19 20:15:00,221.67,220.2,221.23,4.41,4.24,4.8,0.356,0.227
MTR0001,2024-01-19 20:30:00,219.72,220.77,220.44,4.63,4.35,4.7,0.412,0.197
MTR0001,2024-01-19 20:45:00,221.87,221.86,221.45,4.23,4.22,4.75,0.412,0.205
MTR0001,2024-01-19 21:00:00,219.56,220.03,222.34,4.16,4.26,4.39,0.355,0.18
MTR0001,2024-01-19 21:15:00,220.51,223.65,220.98,3.98,4.19,4.33,0.347,0.128
MTR0001,2024-01-19 21:30:00,219.92,220.63,221.7,4.05,4.3,4.47,0.366,0.196
MTR0001,2024-01-19 21:45:00,221.0,221.33,221.08,3.77,4.24,4.19,0.332,0.157
MTR0001,2024-01-19 22:00:00,219.71,219.77,220.86,4.05,3.79,4.27,0.364,0.148
MTR0001,2024-01-19 22:15:00,221.57,223.21,219.32,3.82,3.86,3.92,0.335,0.123
MTR0001,2024-01-19 22:30:00,221.58,222.54,220.74,4.01,3.99,3.93,0.37,0.133
MTR0001,2024-01-19 22:45:00,221.04,219.18,222.53,3.8,4.02,3.98,0.324,0.178
MTR0001,2024-01-19 23:00:00,223.89,220.0,221.94,4.14,3.7,3.88,0.343,0.157
MTR0001,2024-01-19 23:15:00,220.02,218.41,220.09,3.48,3.75,4.05,0.325,0.116
MTR0001,2024-01-19 23:30:00,219.52,219.77,221.91,3.7,3.51,3.97,0.3,0.166
MTR0001,2024-01-19 23:45:00,221.53,222.5,221.62,3.93,3.65,3.96,0.327,0.194
MTR0001,2024-01-20 00:00:00,220.07,222.81,221.01,2.64,2.83,2.84,0.239,0.115
MTR0001,2024-01-20 00:15:00,220.05,223.01,220.22,2.48,2.58,2.8,0.227,0.137
MTR0001,2024-01-20 00:30:00,220.83,225.31,222.74,2.59,2.48,2.58,0.223,0.132
MTR0001,2024-01-20 00:45:00,218.81,222.37,223.33,2.73,2.77,2.64,0.24,0.122
MTR0001,2024-01-20 01:00:00,219.75,221.46,221.78,2.78,2.47,2.69,0.203,0.084
MTR0001,2024-01-20 01:15:00,218.85,220.33,222.53,2.65,2.58,2.9,0.21,0.091
MTR0001,2024-01-20 01:30:00,221.37,220.8,221.53,2.74,2.57,2.58,0.195,0.085
MTR0001,2024-01-20 01:45:00,223.93,223.78,220.85,2.75,2.64,2.92,0.216,0.12
MTR0001,2024-01-20 02:00:00,218.82,222.5,221.71,2.74,2.7,2.66,0.201,0.134
MTR0001,2024-01-20 02:15:00,222.55,221.17,223.61,2.73,2.67,2.7,0.206,0.092
MTR0001,2024-01-20 02:30:00,221.02,222.78,220.49,2.88,2.71,2.59,0.285,0.108
MTR0001,2024-01-20 02:45:00,221.72,220.68,220.17,2.37,2.66,2.91,0.23,0.112
MTR0001,2024-01-20 03:00:00,219.91,221.63,221.23,2.74,2.78,2.71,0.208,0.112
MTR0001,2024-01-20 03:15:00,220.29,222.11,220.12,2.48,2.43,2.83,0.243,0.098
MTR0001,2024-01-20 03:30:00,222.8,223.31,223.65,2.84,2.62,2.55,0.252,0.105
MTR0001,2024-01-20 03:45:00,220.29,220.25,220.99,2.54,2.59,2.87,0.202,0.127
MTR0001,2024-01-20 04:00:00,222.81,221.19,224.16,2.84,2.51,2.56,0.263,0.09
MTR0001,2024-01-20 04:15:00,219.11,219.69,222.68,2.73,2.83,2.83,0.246,0.086
MTR0001,2024-01-20 04:30:00,218.45,222.75,220.78,2.21,2.6,2.61,0.229,0.113
MTR0001,2024-01-20 04:45:00,220.01,220.75,220.42,2.54,2.77,2.97,0.246,0.118
MTR0001,2024-01-20 05:00:00,220.79,222.36,222.96,2.51,2.65,2.65,0.2,0.091
MTR0001,2024-01-20 05:15:00,218.26,224.21,220.97,2.42,2.52,2.76,0.206,0.116
MTR0001,2024-01-20 05:30:00,222.9,222.28,220.29,3.04,2.61,2.64,0.227,0.127
MTR0001,2024-01-20 05:45:00,219.82,222.05,221.58,2.53,2.67,2.92,0.213,0.115
MTR0001,2024-01-20 06:00:00,218.69,220.03,220.29,5.33,5.2,5.42,0.504,0.169
MTR0001,2024-01-20 06:15:00,220.75,224.69,222.73,5.33,5.1,5.28,0.461,0.246
MTR0001,2024-01-20 06:30:00,218.99,219.37,221.57,5.42,5.37,5.47,0.452,0.227
MTR0001,2024-01-20 06:45:00,220.26,219.78,222.3,5.25,5.21,5.45,0.497,0.196
MTR0001,2024-01-20 07:00:00,221.49,223.17,221.52,5.32,5.64,5.99,0.476,0.244
MTR0001,2024-01-20 07:15:00,220.73,222.16,221.25,5.15,5.64,6.01,0.487,0.211
MTR0001,2024-01-20 07:30:00,221.65,223.05,221.98,5.82,5.56,5.72,0.538,0.174
MTR0001,2024-01-20 07:45:00,220.39,220.6,220.82,5.64,5.58,5.84,0.504,0.192
MTR0001,2024-01-20 08:00:00,223.08,223.49,219.64,5.96,6.11,6.36,0.477,0.297
MTR0001,2024-01-20 08:15:00,221.59,220.48,219.28,6.07,6.31,6.16,0.52,0.268
MTR0001,2024-01-20 08:30:00,218.4,222.66,221.24,6.06,5.84,6.22,0.504,0.251
MTR0001,2024-01-20 08:45:00,218.2,222.11,223.39,6.52,6.12,6.19,0.552,0.256
MTR0001,2024-01-20 09:00:00,219.38,223.85,222.89,6.18,6.31,6.63,0.556,0.204
MTR0001,2024-01-20 09:15:00,221.12,222.1,223.76,5.99,6.32,6.74,0.549,0.282
MTR0001,2024-01-20 09:30:00,221.18,220.97,221.17,6.23,6.28,6.81,0.583,0.219
MTR0001,2024-01-20 09:45:00,221.35,222.41,222.46,6.36,5.8,6.7,0.549,0.26
MTR0001,2024-01-20 10:00:00,220.0,221.52,220.26,6.51,6.59,7.02,0.596,0.243
MTR0001,2024-01-20 10:15:00,220.23,219.74,222.94,6.6,6.29,6.94,0.56,0.242
MTR0001,2024-01-20 10:30:00,222.04,221.83,221.93,6.79,6.44,6.83,0.562,0.291
MTR0001,2024-01-20 10:45:00,221.51,223.25,221.87,6.49,6.82,6.81,0.619,0.21
MTR0001,2024-01-20 11:00:00,219.63,222.2,223.78,6.77,6.77,6.98,0.573,0.347
MTR0001,2024-01-20 11:15:00,222.51,220.17,223.67,6.62,6.8,7.39,0.6,0.23
MTR0001,2024-01-20 11:30:00,221.18,222.66,223.53,6.76,7.02,6.77,0.542,0.345
MTR0001,2024-01-20 11:45:00,220.48,224.53,221.04,6.49,7.06,7.06,0.583,0.319
MTR0001,2024-01-20 12:00:00,220.15,219.6,219.67,6.63,6.83,7.31,0.555,0.346
MTR0001,2024-01-20 12:15:00,221.06,219.34,220.4,6.7,6.69,7.1,0.613,0.213
MTR0001,2024-01-20 12:30:00,216.4,223.6,222.03,6.93,6.7,6.83,0.624,0.294
MTR0001,2024-01-20 12:45:00,219.69,221.76,221.23,6.83,6.83,7.06,0.602,0.306
MTR0001,2024-01-20 13:00:00,220.81,224.01,221.14,6.91,6.78,7.17,0.577,0.334
MTR0001,2024-01-20 13:15:00,221.87,220.73,221.17,6.72,6.9,7.03,0.606,0.333
MTR0001,2024-01-20 13:30:00,221.74,223.35,220.05,6.75,7.07,7.02,0.622,0.272
MTR0001,2024-01-20 13:45:00,219.24,222.76,222.32,6.74,6.67,7.17,0.585,0.351
MTR0001,2024-01-20 14:00:00,222.89,222.89,219.99,6.55,6.58,6.77,0.608,0.235
MTR0001,2024-01-20 14:15:00,222.62,222.88,220.7,6.53,6.6,7.21,0.624,0.21
MTR0001,2024-01-20 14:30:00,219.11,219.74,221.38,6.63,6.55,6.97,0.628,0.209
MTR0001,2024-01-20 14:45:00,224.27,221.13,222.28,6.61,6.39,6.99,0.586,0.21
MTR0001,2024-01-20 15:00:00,219.31,220.28,222.09,6.28,6.33,6.8,0.605,0.246
MTR0001,2024-01-20 15:15:00,220.73,220.84,221.95,6.31,6.23,6.32,0.536,0.279
MTR0001,2024-01-20 15:30:00,221.14,219.57,219.7,6.61,6.21,6.46,0.544,0.252
MTR0001,2024-01-20 15:45:00,220.55,222.29,221.81,6.64,6.38,6.54,0.613,0.218
MTR0001,2024-01-20 16:00:00,222.09,219.96,222.78,5.97,5.86,6.18,0.531,0.246
MTR0001,2024-01-20 16:15:00,222.0,220.1,221.86,6.04,5.89,6.47,0.514,0.224
MTR0001,2024-01-20 16:30:00,218.67,225.28,223.68,6.36,5.99,6.35,0.549,0.204
MTR0001,2024-01-20 16:45:00,218.13,221.24,223.56,5.79,6.26,6.43,0.541,0.266
MTR0001,2024-01-20 17:00:00,220.21,220.73,222.62,5.47,5.59,5.77,0.493,0.186
MTR0001,2024-01-20 17:15:00,220.47,222.43,221.35,5.82,5.79,6.05,0.488,0.272
MTR0001,2024-01-20 17:30:00,224.15,221.07,220.93,5.68,5.86,5.62,0.479,0.28
MTR0001,2024-01-20 17:45:00,218.93,221.72,222.8,5.67,5.57,5.7,0.519,0.191
MTR0001,2024-01-20 18:00:00,218.63,220.88,223.66,5.26,5.24,5.49,0.439,0.242
MTR0001,2024-01-20 18:15:00,220.75,221.17,223.51,5.4,5.03,5.51,0.439,0.262
MTR0001,2024-01-20 18:30:00,223.22,222.94,223.54,5.17,5.26,5.48,0.449,0.206
MTR0001,2024-01-20 18:45:00,224.44,223.65,221.74,5.21,5.25,5.3,0.419,0.238
MTR0001,2024-01-20 19:00:00,221.17,223.16,221.66,4.94,4.79,5.02,0.434,0.157
MTR0001,2024-01-20 19:15:00,219.53,220.89,219.98,4.68,4.8,4.84,0.395,0.238
MTR0001,2024-01-20 19:30:00,219.26,219.5,225.4,4.67,4.72,5.1,0.45,0.166
MTR0001,2024-01-20 19:45:00,222.36,222.0,219.44,4.9,4.84,4.94,0.464,0.173
MTR0001,2024-01-20 20:00:00,222.16,222.5,220.17,4.5,4.58,4.51,0.384,0.158
MTR0001,2024-01-20 20:15:00,220.7,222.5,220.25,4.76,4.46,4.57,0.392,0.165
MTR0001,2024-01-20 20:30:00,219.55,219.18,220.95,4.63,4.52,4.63,0.404,0.142
MTR0001,2024-01-20 20:45:00,221.48,220.81,219.07,4.5,4.38,4.52,0.382,0.205
MTR0001,2024-01-20 21:00:00,220.34,220.23,223.87,4.01,4.13,4.22,0.372,0.143
MTR0001,2024-01-20 21:15:00,221.53,219.89,224.13,4.29,4.1,4.23,0.355,0.165
MTR0001,2024-01-20 21:30:00,222.23,220.08,223.13,4.19,4.17,4.26,0.357,0.153
MTR0001,2024-01-20 21:45:00,219.16,219.77,222.28,4.06,3.96,4.11,0.305,0.168
MTR0001,2024-01-20 22:00:00,222.84,221.62,222.25,3.97,3.86,4.02,0.332,0.199
MTR0001,2024-01-20 22:15:00,223.1,223.85,220.3,4.0,3.92,3.94,0.329,0.174
MTR0001,2024-01-20 22:30:00,221.28,221.45,221.94,4.17,3.99,4.04,0.332,0.174
MTR0001,2024-01-20 22:45:00,220.82,224.78,223.43,4.05,3.64,4.06,0.389,0.161
MTR0001,2024-01-20 23:00:00,222.28,219.51,221.81,3.91,3.78,3.72,0.33,0.116
MTR0001,2024-01-20 23:15:00,221.48,220.59,220.52,3.71,3.72,4.03,0.297,0.166
MTR0001,2024-01-20 23:30:00,217.79,220.78,223.77,3.77,3.51,4.02,0.327,0.151
MTR0001,2024-01-20 23:45:00,219.0,222.47,222.65,3.92,3.65,3.9,0.289,0.16
MTR0001,2024-01-21 00:00:00,218.55,221.76,222.0,2.67,2.56,2.77,0.238,0.113
MTR0001,2024-01-21 00:15:00,220.11,221.99,218.74,2.66,2.63,2.74,0.22,0.122
MTR0001,2024-01-21 00:30:00,222.17,222.95,221.68,2.47,2.51,2.81,0.202,0.111
MTR0001,2024-01-21 00:45:00,219.72,223.09,221.93,2.41,2.71,2.7,0.19,0.085
MTR0001,2024-01-21 01:00:00,219.03,220.27,223.56,2.66,2.46,2.64,0.226,0.107
MTR0001,2024-01-21 01:15:00,219.75,226.93,222.36,2.58,2.73,2.68,0.245,0.094
MTR0001,2024-01-21 01:30:00,222.62,222.8,222.87,2.81,2.66,2.95,0.265,0.127
MTR0001,2024-01-21 01:45:00,220.21,221.51,221.79,2.54,2.61,2.8,0.206,0.106
MTR0001,2024-01-21 02:00:00,218.73,221.25,221.87,2.56,2.52,2.75,0.237,0.091
MTR0001,2024-01-21 02:15:00,221.88,222.94,219.87,2.76,2.56,2.82,0.214,0.135
MTR0001,2024-01-21 02:30:00,221.32,222.65,219.76,2.84,2.54,2.56,0.202,0.105
MTR0001,2024-01-21 02:45:00,221.08,220.19,221.77,2.51,2.53,2.92,0.209,0.127
MTR0001,2024-01-21 03:00:00,222.8,221.38,221.37,2.89,2.73,2.81,0.257,0.125
MTR0001,2024-01-21 03:15:00,222.18,218.71,220.9,2.38,2.5,2.67,0.205,0.118
MTR0001,2024-01-21 03:30:00,219.73,222.42,220.05,2.6,2.65,2.58,0.224,0.095
MTR0001,2024-01-21 03:45:00,220.49,221.95,220.55,2.98,2.87,2.46,0.232,0.139
MTR0001,2024-01-21 04:00:00,221.19,219.65,223.67,2.82,2.41,2.77,0.236,0.103
MTR0001,2024-01-21 04:15:00,223.79,222.64,222.1,2.72,2.59,2.91,0.229,0.088
MTR0001,2024-01-21 04:30:00,221.57,221.97,220.53,2.78,2.54,2.7,0.2,0.134
MTR0001,2024-01-21 04:45:00,221.43,221.05,224.4,2.78,2.67,2.66,0.261,0.091
MTR0001,2024-01-21 05:00:00,221.52,222.67,220.74,2.67,2.56,2.71,0.188,0.136
MTR0001,2024-01-21 05:15:00,218.52,221.58,220.87,2.66,2.77,2.93,0.226,0.131
MTR0001,2024-01-21 05:30:00,220.38,221.59,220.83,2.48,2.67,2.63,0.191,0.132
MTR0001,2024-01-21 05:45:00,220.26,218.28,223.95,2.78,2.3,2.84,0.235,0.082
MTR0001,2024-01-21 06:00:00,222.12,222.45,220.73,5.09,5.0,5.6,0.456,0.172
MTR0001,2024-01-21 06:15:00,218.97,220.86,221.53,5.32,5.16,5.56,0.473,0.183
MTR0001,2024-01-21 06:30:00,221.9,222.8,221.06,5.34,5.37,5.43,0.502,0.191
MTR0001,2024-01-21 06:45:00,219.8,220.23,217.0,5.19,5.61,5.64,0.47,0.241
MTR0001,2024-01-21 07:00:00,221.02,217.8,222.56,5.7,5.6,5.88,0.51,0.197
MTR0001,2024-01-21 07:15:00,220.87,222.32,218.5,5.59,5.43,5.98,0.487,0.265
MTR0001,2024-01-21 07:30:00,220.05,218.96,221.07,5.59,5.62,5.78,0.489,0.199
MTR0001,2024-01-21 07:45:00,221.45,221.41,222.37,5.3,5.77,5.62,0.503,0.157
MTR0001,2024-01-21 08:00:00,220.14,224.28,221.52,5.99,5.98,6.32,0.509,0.291
MTR0001,2024-01-21 08:15:00,223.93,223.61,224.24,6.09,6.25,6.14,0.529,0.3
MTR0001,2024-01-21 08:30:00,220.93,222.97,220.43,6.29,5.77,6.56,0.517,0.261
MTR0001,2024-01-21 08:45:00,219.75,219.89,221.63,5.98,5.85,6.29,0.513,0.239
MTR0001,2024-01-21 09:00:00,219.25,219.83,224.65,6.41,6.18,6.73,0.524,0.283
MTR0001,2024-01-21 09:15:00,218.25,219.44,217.53,6.31,6.28,6.8,0.548,0.293
MTR0001,2024-01-21 09:30:00,223.5,220.32,221.57,6.26,6.07,6.74,0.567,0.242
MTR0001,2024-01-21 09:45:00,221.27,220.41,222.02,6.73,6.31,6.73,0.578,0.199
MTR0001,2024-01-21 10:00:00,218.8,221.41,223.95,6.74,6.41,6.86,0.578,0.28
MTR0001,2024-01-21 10:15:00,220.96,219.84,222.67,6.63,6.4,6.92,0.595,0.291
MTR0001,2024-01-21 10:30:00,220.44,222.01,223.36,6.74,6.33,6.9,0.636,0.223
MTR0001,2024-01-21 10:45:00,218.82,223.28,220.38,6.43,6.61,7.07,0.55,0.319
MTR0001,2024-01-21 11:00:00,221.24,221.84,220.95,7.01,6.76,6.97,0.598,0.292
MTR0001,2024-01-21 11:15:00,220.58,221.5,221.44,6.91,6.85,6.88,0.604,0.231
MTR0001,2024-01-21 11:30:00,219.47,221.57,222.48,6.84,6.61,7.21,0.649,0.264
MTR0001,2024-01-21 11:45:00,221.87,224.47,221.98,6.93,6.73,7.16,0.585,0.336
MTR0001,2024-01-21 12:00:00,220.61,220.46,222.48,6.63,6.98,7.05,0.599,0.226
MTR0001,2024-01-21 12:15:00,221.36,221.73,221.23,6.86,6.72,7.04,0.622,0.305
MTR0001,2024-01-21 12:30:00,221.48,221.26,221.2,6.94,7.02,7.0,0.587,0.259
MTR0001,2024-01-21 12:45:00,218.97,220.55,224.37,6.76,6.88,7.19,0.62,0.306
MTR0001,2024-01-21 13:00:00,220.12,224.99,222.58,6.81,6.91,7.07,0.646,0.221
MTR0001,2024-01-21 13:15:00,220.64,221.0,223.56,6.82,6.79,7.02,0.569,0.325
MTR0001,2024-01-21 13:30:00,222.92,221.5,220.65,6.73,7.11,7.31,0.663,0.253
MTR0001,2024-01-21 13:45:00,221.08,224.35,220.94,6.61,6.95,7.12,0.594,0.278
MTR0001,2024-01-21 14:00:00,219.76,222.26,221.04,6.57,6.46,6.97,0.575,0.286
MTR0001,2024-01-21 14:15:00,219.78,220.23,221.3,6.73,6.39,7.22,0.589,0.292
MTR0001,2024-01-21 14:30:00,219.33,223.03,222.19,6.67,6.67,6.8,0.543,0.309
MTR0001,2024-01-21 14:45:00,222.55,221.33,222.62,6.57,6.63,7.21,0.591,0.301
MTR0001,2024-01-21 15:00:00,222.09,221.43,226.11,6.04,6.51,6.55,0.562,0.275
MTR0001,2024-01-21 15:15:00,223.17,224.11,223.76,6.48,6.26,6.64,0.573,0.238
MTR0001,2024-01-21 15:30:00,220.86,220.51,219.96,6.44,6.4,6.58,0.555,0.276
MTR0001,2024-01-21 15:45:00,221.44,222.19,222.56,6.47,6.29,6.59,0.536,0.201
MTR0001,2024-01-21 16:00:00,218.06,219.77,219.5,5.88,5.9,6.19,0.52,0.235
MTR0001,2024-01-21 16:15:00,219.56,220.86,219.52,5.89,6.19,6.34,0.552,0.265
MTR0001,2024-01-21 16:30:00,221.61,224.08,224.38,6.02,5.83,6.23,0.495,0.256
MTR0001,2024-01-21 16:45:00,219.11,221.16,218.64,6.09,5.75,6.26,0.503,0.303
MTR0001,2024-01-21 17:00:00,220.22,221.4,221.25,5.68,5.6,5.99,0.498,0.259
MTR0001,2024-01-21 17:15:00,218.93,218.99,222.67,5.64,5.44,6.0,0.456,0.265
MTR0001,2024-01-21 17:30:00,221.84,219.83,221.1,5.52,5.39,6.0,0.471,0.283
MTR0001,2024-01-21 17:45:00,220.56,220.64,222.37,5.41,5.28,6.26,0.485,0.253
MTR0001,2024-01-21 18:00:00,222.07,220.3,221.73,5.17,5.38,5.35,0.484,0.167
MTR0001,2024-01-21 18:15:00,220.49,220.15,219.83,5.18,5.32,5.49,0.467,0.174
MTR0001,2024-01-21 18:30:00,219.93,222.83,221.82,5.32,5.39,5.5,0.487,0.18
MTR0001,2024-01-21 18:45:00,219.82,222.08,220.21,5.21,5.29,5.52,0.473,0.222
MTR0001,2024-01-21 19:00:00,222.43,222.38,219.96,4.82,4.81,5.13,0.396,0.197
MTR0001,2024-01-21 19:15:00,222.82,218.5,222.91,4.81,4.99,5.02,0.453,0.173
MTR0001,2024-01-21 19:30:00,220.31,223.15,219.87,4.84,4.92,5.18,0.405,0.239
MTR0001,2024-01-21 19:45:00,220.72,223.79,220.39,5.06,4.94,4.96,0.409,0.25
MTR0001,2024-01-21 20:00:00,223.75,220.04,221.56,4.3,4.35,4.89,0.394,0.167
MTR0001,2024-01-21 20:15:00,222.37,224.43,224.51,4.63,4.36,4.63,0.406,0.152
MTR0001,2024-01-21 20:30:00,222.95,220.91,219.43,4.22,4.73,4.55,0.343,0.205
MTR0001,2024-01-21 20:45:00,220.22,221.99,221.85,4.52,4.4,4.49,0.398,0.219
MTR0001,2024-01-21 21:00:00,221.0,221.92,220.92,4.44,3.98,4.33,0.371,0.141
MTR0001,2024-01-21 21:15:00,220.77,222.85,222.28,4.08,4.08,4.43,0.349,0.178
MTR0001,2024-01-21 21:30:00,219.0,222.72,221.5,4.1,3.91,4.29,0.371,0.17
MTR0001,2024-01-21 21:45:00,219.25,222.15,221.58,4.04,3.98,4.14,0.354,0.198
MTR0001,2024-01-21 22:00:00,220.88,220.37,221.78,4.03,3.94,4.45,0.341,0.21
MTR0001,2024-01-21 22:15:00,221.0,220.78,221.49,4.25,3.9,3.75,0.356,0.162
MTR0001,2024-01-21 22:30:00,219.29,224.93,222.59,3.76,3.82,4.08,0.308,0.191
MTR0001,2024-01-21 22:45:00,218.02,219.68,222.13,3.97,3.61,4.13,0.355,0.123
MTR0001,2024-01-21 23:00:00,222.67,222.07,220.68,3.89,3.88,3.67,0.342,0.157
MTR0001,2024-01-21 23:15:00,222.62,222.19,219.91,3.62,3.97,3.76,0.296,0.188
MTR0001,2024-01-21 23:30:00,222.58,223.6,221.69,3.77,3.51,4.02,0.331,0.135
MTR0001,2024-01-21 23:45:00,221.86,222.21,220.3,3.46,3.65,3.8,0.353,0.113
MTR0001,2024-01-22 00:00:00,222.48,222.59,220.65,2.49,2.29,2.61,0.223,0.081
MTR0001,2024-01-22 00:15:00,220.3,222.85,220.5,2.73,2.56,2.95,0.213,0.126
MTR0001,2024-01-22 00:30:00,220.53,221.76,223.4,2.77,2.78,2.83,0.246,0.134
MTR0001,2024-01-22 00:45:00,223.09,223.88,220.22,2.81,2.68,2.76,0.219,0.141
MTR0001,2024-01-22 01:00:00,222.54,221.38,221.38,2.73,2.43,2.97,0.262,0.119
MTR0001,2024-01-22 01:15:00,222.85,221.61,220.04,2.93,2.8,2.7,0.25,0.118
MTR0001,2024-01-22 01:30:00,223.18,222.09,221.32,2.5,2.9,2.8,0.208,0.12
MTR0001,2024-01-22 01:45:00,220.42,224.44,225.31,2.7,2.56,2.75,0.277,0.1
MTR0001,2024-01-22 02:00:00,219.45,219.02,221.77,2.62,2.37,2.72,0.232,0.11
MTR0001,2024-01-22 02:15:00,222.81,224.37,222.12,2.84,2.6,2.51,0.204,0.1
MTR0001,2024-01-22 02:30:00,218.98,222.9,222.29,2.6,2.55,2.69,0.26,0.13
MTR0001,2024-01-22 02:45:00,222.61,219.95,221.23,2.71,2.82,2.63,0.211,0.13
MTR0001,2024-01-22 03:00:00,223.99,218.83,220.37,2.91,2.59,2.62,0.243,0.115
MTR0001,2024-01-22 03:15:00,219.73,221.08,222.0,2.62,2.85,2.74,0.232,0.106
MTR0001,2024-01-22 03:30:00,221.54,222.09,220.78,2.47,2.68,2.47,0.172,0.11
MTR0001,2024-01-22 03:45:00,222.21,219.82,222.14,2.67,2.65,2.67,0.241,0.123
MTR0001,2024-01-22 04:00:00,218.72,221.29,221.35,2.44,2.66,2.77,0.228,0.099
MTR0001,2024-01-22 04:15:00,222.28,222.96,223.02,2.31,2.42,2.65,0.213,0.108
MTR0001,2024-01-22 04:30:00,219.58,220.33,221.17,2.5,2.84,2.99,0.265,0.108
MTR0001,2024-01-22 04:45:00,220.07,223.15,221.13,2.55,2.58,2.56,0.183,0.122
MTR0001,2024-01-22 05:00:00,218.93,221.91,220.48,2.67,2.76,2.96,0.259,0.117
MTR0001,2024-01-22 05:15:00,219.94,219.44,223.19,2.52,2.76,2.85,0.252,0.083
MTR0001,2024-01-22 05:30:00,220.88,222.6,218.14,2.86,2.27,2.56,0.25,0.08
MTR0001,2024-01-22 05:45:00,220.8,222.99,223.83,2.58,2.45,2.91,0.207,0.128
MTR0001,2024-01-22 06:00:00,219.25,220.27,222.15,5.27,5.27,5.48,0.462,0.197
MTR0001,2024-01-22 06:15:00,222.15,220.92,221.34,5.38,5.21,5.66,0.479,0.21
MTR0001,2024-01-22 06:30:00,218.0,221.64,222.97,5.15,5.02,5.42,0.378,0.245
MTR0001,2024-01-22 06:45:00,220.2,224.78,221.54,5.08,5.32,5.7,0.498,0.198
MTR0001,2024-01-22 07:00:00,222.04,220.29,220.76,5.86,5.84,5.7,0.488,0.279
MTR0001,2024-01-22 07:15:00,221.29,223.02,222.5,5.59,5.55,5.68,0.505,0.221
MTR0001,2024-01-22 07:30:00,222.64,220.64,219.67,5.76,5.66,5.72,0.479,0.239
MTR0001,2024-01-22 07:45:00,219.83,221.11,223.83,5.7,5.79,5.92,0.521,0.276
MTR0001,2024-01-22 08:00:00,222.59,223.21,222.78,6.23,6.02,6.18,0.55,0.239
MTR0001,2024-01-22 08:15:00,221.6,223.58,221.8,5.98,6.13,6.38,0.485,0.305
MTR0001,2024-01-22 08:30:00,219.63,222.78,219.78,6.19,6.03,6.15,0.541,0.201
MTR0001,2024-01-22 08:45:00,221.01,221.89,221.26,5.93,6.15,6.17,0.538,0.273
MTR0001,2024-01-22 09:00:00,223.28,220.8,221.22,6.3,6.2,6.33,0.565,0.3
MTR0001,2024-01-22 09:15:00,223.95,221.55,221.74,6.45,6.26,6.64,0.57,0.274
MTR0001,2024-01-22 09:30:00,222.26,219.49,222.94,6.31,6.12,6.69,0.533,0.292
MTR0001,2024-01-22 09:45:00,223.97,222.36,219.53,6.22,6.08,6.59,0.528,0.287
MTR0001,2024-01-22 10:00:00,221.07,221.5,223.54,6.68,6.62,7.04,0.585,0.311
MTR0001,2024-01-22 10:15:00,223.16,222.65,222.93,6.46,6.67,7.0,0.606,0.234
MTR0001,2024-01-22 10:30:00,222.62,221.04,222.05,6.49,6.45,6.83,0.6,0.228
MTR0001,2024-01-22 10:45:00,221.02,219.17,220.62,6.49,6.81,6.88,0.56,0.327
MTR0001,2024-01-22 11:00:00,221.82,221.44,221.52,6.81,6.85,6.93,0.586,0.326
MTR0001,2024-01-22 11:15:00,218.75,221.14,223.43,6.9,6.65,6.93,0.597,0.317
MTR0001,2024-01-22 11:30:00,222.23,223.48,220.4,6.64,6.67,6.87,0.57,0.336
MTR0001,2024-01-22 11:45:00,219.54,221.83,222.47,6.63,6.73,7.21,0.614,0.294
MTR0001,2024-01-22 12:00:00,221.83,221.36,220.23,6.95,7.02,7.2,0.598,0.339
MTR0001,2024-01-22 12:15:00,218.65,222.11,221.58,6.67,6.46,7.17,0.576,0.264
MTR0001,2024-01-22 12:30:00,219.3,224.0,223.62,6.74,7.03,7.08,0.632,0.294
MTR0001,2024-01-22 12:45:00,223.16,223.79,223.27,6.54,6.72,6.98,0.583,0.302
MTR0001,2024-01-22 13:00:00,222.19,221.48,224.12,6.69,6.42,6.7,0.601,0.25
MTR0001,2024-01-22 13:15:00,220.31,219.97,223.03,6.84,6.81,7.16,0.583,0.306
MTR0001,2024-01-22 13:30:00,223.97,222.38,222.89,6.97,6.61,7.22,0.567,0.331
MTR0001,2024-01-22 13:45:00,222.39,219.39,220.62,6.71,6.51,7.06,0.621,0.23
MTR0001,2024-01-22 14:00:00,219.82,219.4,222.97,6.62,6.58,7.02,0.569,0.315
MTR0001,2024-01-22 14:15:00,222.8,222.36,223.86,6.25,6.81,6.77,0.53,0.233
MTR0001,2024-01-22 14:30:00,219.26,220.84,221.24,6.68,6.65,7.0,0.604,0.242
MTR0001,2024-01-22 14:45:00,222.74,222.5,222.89,6.48,6.64,6.94,0.545,0.31
MTR0001,2024-01-22 15:00:00,220.41,224.13,219.22,6.63,6.25,6.55,0.553,0.321
MTR0001,2024-01-22 15:15:00,223.32,221.15,220.77,6.25,6.22,6.4,0.553,0.291
MTR0001,2024-01-22 15:30:00,219.7,221.89,220.94,6.7,6.28,6.66,0.56,0.245
MTR0001,2024-01-22 15:45:00,220.77,222.99,220.21,6.43,6.39,6.38,0.494,0.289
MTR0001,2024-01-22 16:00:00,220.49,224.96,218.75,5.9,5.96,6.24,0.502,0.286
MTR0001,2024-01-22 16:15:00,221.04,220.46,221.49,5.83,6.16,6.19,0.547,0.272
MTR0001,2024-01-22 16:30:00,222.89,221.13,220.05,6.3,6.06,6.27,0.563,0.238
MTR0001,2024-01-22 16:45:00,219.64,221.45,220.99,6.12,5.97,6.12,0.493,0.29
MTR0001,2024-01-22 17:00:00,219.72,220.68,223.08,5.68,5.5,5.88,0.486,0.232
MTR0001,2024-01-22 17:15:00,221.64,223.86,219.06,5.7,5.63,5.86,0.484,0.271
MTR0001,2024-01-22 17:30:00,220.66,220.02,221.34,5.75,5.54,5.96,0.543,0.23
MTR0001,2024-01-22 17:45:00,220.07,221.2,220.08,5.48,5.61,5.89,0.526,0.242
MTR0001,2024-01-22 18:00:00,220.94,221.32,223.16,5.45,4.93,5.52,0.443,0.207
MTR0001,2024-01-22 18:15:00,219.66,222.19,222.24,5.18,5.38,5.67,0.494,0.23
MTR0001,2024-01-22 18:30:00,220.91,224.17,223.35,5.2,5.32,5.9,0.47,0.274
MTR0001,2024-01-22 18:45:00,221.81,222.59,220.86,5.1,5.09,5.29,0.468,0.197
MTR0001,2024-01-22 19:00:00,218.2,220.85,221.93,5.04,4.8,4.99,0.386,0.249
MTR0001,2024-01-22 19:15:00,219.56,221.72,222.19,5.06,4.92,5.04,0.419,0.161
MTR0001,2024-01-22 19:30:00,219.66,222.9,222.63,4.92,4.69,5.16,0.415,0.202
MTR0001,2024-01-22 19:45:00,220.53,219.73,226.17,5.0,4.81,5.23,0.443,0.238
MTR0001,2024-01-22 20:00:00,222.45,219.55,220.88,4.32,4.68,4.73,0.409,0.158
MTR0001,2024-01-22 20:15:00,217.77,223.81,221.3,4.35,4.51,4.72,0.408,0.145
MTR0001,2024-01-22 20:30:00,220.59,221.33,221.49,4.6,4.68,4.51,0.371,0.221
MTR0001,2024-01-22 20:45:00,221.1,221.7,221.7,4.48,4.51,5.03,0.39,0.206
MTR0001,2024-01-22 21:00:00,219.46,223.39,222.87,4.22,4.22,4.18,0.364,0.145
MTR0001,2024-01-22 21:15:00,221.0,221.22,222.83,4.09,4.05,4.05,0.358,0.164
MTR0001,2024-01-22 21:30:00,222.23,221.11,220.72,4.1,4.31,4.25,0.38,0.219
MTR0001,2024-01-22 21:45:00,220.52,222.16,220.81,3.88,4.29,4.17,0.374,0.163
MTR0001,2024-01-22 22:00:00,220.61,222.76,221.93,4.16,3.83,4.24,0.366,0.147
MTR0001,2024-01-22 22:15:00,221.66,224.32,220.84,3.87,3.85,3.69,0.319,0.173
MTR0001,2024-01-22 22:30:00,218.59,222.33,222.81,3.91,4.02,4.02,0.41,0.124
MTR0001,2024-01-22 22:45:00,218.08,220.44,220.34,3.77,3.99,4.09,0.352,0.149
MTR0001,2024-01-22 23:00:00,220.56,223.01,222.2,3.74,3.69,3.92,0.321,0.122
MTR0001,2024-01-22 23:15:00,220.12,220.82,221.72,4.05,3.62,3.66,0.336,0.166
MTR0001,2024-01-22 23:30:00,222.73,219.79,221.36,3.79,3.52,4.03,0.324,0.174
MTR0001,2024-01-22 23:45:00,221.87,221.49,221.21,3.78,3.95,3.7,0.322,0.166
MTR0001,2024-01-23 00:00:00,219.67,221.92,222.66,2.62,2.56,2.83,0.211,0.116
MTR0001,2024-01-23 00:15:00,220.81,220.48,221.43,2.62,2.68,2.41,0.229,0.115
MTR0001,2024-01-23 00:30:00,220.78,219.84,221.7,2.7,2.52,2.98,0.248,0.144
MTR0001,2024-01-23 00:45:00,220.66,220.12,218.35,2.31,2.67,2.79,0.216,0.092
MTR0001,2024-01-23 01:00:00,222.8,219.92,224.69,2.51,2.42,2.74,0.234,0.11
MTR0001,2024-01-23 01:15:00,220.97,221.55,219.11,2.66,2.55,2.68,0.224,0.11
MTR0001,2024-01-23 01:30:00,220.09,222.08,218.77,2.59,2.95,2.56,0.222,0.115
MTR0001,2024-01-23 01:45:00,222.67,220.82,217.86,2.73,2.61,2.77,0.21,0.092
MTR0001,2024-01-23 02:00:00,223.07,221.54,217.39,2.68,2.57,2.45,0.207,0.082
MTR0001,2024-01-23 02:15:00,219.76,221.54,220.25,2.84,2.63,2.52,0.239,0.091
MTR0001,2024-01-23 02:30:00,221.9,222.88,221.25,2.66,2.54,2.84,0.25,0.084
MTR0001,2024-01-23 02:45:00,220.36,219.41,221.49,2.66,2.88,2.8,0.238,0.089
MTR0001,2024-01-23 03:00:00,219.91,221.16,219.87,2.7,2.68,2.68,0.186,0.127
MTR0001,2024-01-23 03:15:00,220.49,220.65,222.83,2.59,2.44,2.5,0.238,0.093
MTR0001,2024-01-23 03:30:00,222.63,221.07,218.8,2.64,2.45,2.62,0.235,0.125
MTR0001,2024-01-23 03:45:00,219.66,221.62,220.86,2.5,2.59,2.7,0.197,0.124
MTR0001,2024-01-23 04:00:00,221.96,219.98,221.02,2.78,2.55,2.85,0.247,0.121
MTR0001,2024-01-23 04:15:00,222.97,219.93,222.67,2.47,2.51,2.42,0.193,0.104
MTR0001,2024-01-23 04:30:00,221.57,222.77,220.64,2.92,2.62,2.54,0.186,0.122
MTR0001,2024-01-23 04:45:00,219.51,222.52,220.7,2.77,2.83,2.68,0.222,0.1
MTR0001,2024-01-23 05:00:00,222.0,219.13,223.33,2.49,2.43,2.76,0.206,0.11
MTR0001,2024-01-23 05:15:00,222.94,226.66,220.41,2.71,2.58,2.79,0.249,0.127
MTR0001,2024-01-23 05:30:00,222.88,220.58,221.94,2.69,2.7,2.89,0.245,0.102
MTR0001,2024-01-23 05:45:00,220.7,220.48,221.42,2.61,2.35,2.84,0.222,0.104
MTR0001,2024-01-23 06:00:00,221.29,222.11,219.73,5.09,5.34,5.36,0.489,0.173
MTR0001,2024-01-23 06:15:00,220.65,219.9,222.78,5.45,5.28,5.37,0.447,0.239
MTR0001,2024-01-23 06:30:00,220.44,220.98,223.01,5.19,5.16,5.66,0.434,0.202
MTR0001,2024-01-23 06:45:00,222.19,223.31,223.71,5.47,5.05,5.68,0.472,0.181
MTR0001,2024-01-23 07:00:00,218.3,223.61,221.08,5.85,5.42,6.04,0.511,0.263
MTR0001,2024-01-23 07:15:00,222.17,224.35,221.25,5.6,5.62,5.7,0.522,0.237
MTR0001,2024-01-23 07:30:00,220.29,220.4,220.4,5.57,5.93,6.14,0.51,0.279
MTR0001,2024-01-23 07:45:00,220.71,221.19,221.58,5.81,5.42,5.76,0.469,0.261
MTR0001,2024-01-23 08:00:00,220.75,221.48,218.69,6.27,5.83,6.12,0.538,0.214
MTR0001,2024-01-23 08:15:00,221.27,223.95,222.54,6.19,5.96,6.49,0.551,0.303
MTR0001,2024-01-23 08:30:00,218.99,222.23,220.64,6.34,5.78,6.36,0.533,0.263
MTR0001,2024-01-23 08:45:00,218.48,221.5,221.64,6.0,5.71,6.31,0.541,0.228
MTR0001,2024-01-23 09:00:00,222.44,222.1,221.19,6.28,6.43,6.8,0.517,0.305
MTR0001,2024-01-23 09:15:00,218.43,223.33,220.0,6.27,6.11,6.55,0.531,0.189
MTR0001,2024-01-23 09:30:00,221.76,219.69,220.99,6.66,6.3,6.66,0.531,0.255
MTR0001,2024-01-23 09:45:00,220.67,220.4,222.97,6.4,6.21,6.53,0.551,0.226
MTR0001,2024-01-23 10:00:00,218.7,219.21,221.95,6.75,6.68,6.51,0.594,0.205
MTR0001,2024-01-23 10:15:00,220.35,221.19,220.62,6.6,6.46,6.9,0.556,0.329
MTR0001,2024-01-23 10:30:00,217.96,220.15,221.51,6.63,6.34,6.64,0.484,0.31
MTR0001,2024-01-23 10:45:00,219.69,220.85,221.64,6.32,6.56,6.96,0.534,0.327
MTR0001,2024-01-23 11:00:00,222.12,222.86,223.43,6.9,6.74,6.96,0.581,0.333
MTR0001,2024-01-23 11:15:00,221.58,221.6,221.43,6.64,6.73,6.94,0.546,0.33
MTR0001,2024-01-23 11:30:00,219.78,222.35,221.35,6.71,6.75,6.97,0.557,0.311
MTR0001,2024-01-23 11:45:00,218.25,221.17,223.79,6.73,6.72,7.27,0.606,0.216
MTR0001,2024-01-23 12:00:00,223.1,223.75,221.68,6.75,6.97,6.98,0.646,0.247
MTR0001,2024-01-23 12:15:00,220.46,219.15,220.48,6.73,6.85,7.1,0.618,0.264
MTR0001,2024-01-23 12:30:00,222.77,224.14,222.12,6.67,6.71,7.08,0.584,0.283
MTR0001,2024-01-23 12:45:00,221.57,219.13,223.6,6.9,6.97,7.34,0.608,0.228
MTR0001,2024-01-23 13:00:00,220.3,219.9,219.27,6.85,6.76,6.85,0.618,0.236
MTR0001,2024-01-23 13:15:00,220.85,221.03,222.24,7.13,6.35,7.09,0.601,0.292
MTR0001,2024-01-23 13:30:00,222.39,222.03,221.59,6.94,6.9,6.82,0.588,0.292
MTR0001,2024-01-23 13:45:00,222.07,222.33,222.84,7.06,6.62,7.29,0.577,0.347
MTR0001,2024-01-23 14:00:00,221.38,224.68,220.81,6.67,6.9,6.78,0.547,0.333
MTR0001,2024-01-23 14:15:00,224.01,224.33,222.07,6.71,6.62,6.82,0.567,0.275
MTR0001,2024-01-23 14:30:00,221.96,220.96,219.61,6.61,6.74,7.03,0.548,0.308
MTR0001,2024-01-23 14:45:00,220.14,219.74,221.97,6.6,6.46,7.18,0.549,0.283
MTR0001,2024-01-23 15:00:00,221.66,218.09,223.89,6.39,6.51,6.47,0.559,0.262
MTR0001,2024-01-23 15:15:00,222.9,223.47,221.73,6.22,6.19,6.33,0.547,0.253
MTR0001,2024-01-23 15:30:00,220.85,221.85,220.91,6.3,6.29,6.61,0.546,0.264
MTR0001,2024-01-23 15:45:00,220.4,224.04,220.75,6.26,6.21,6.58,0.541,0.256
MTR0001,2024-01-23 16:00:00,218.5,218.99,222.51,5.75,5.83,6.0,0.527,0.2
MTR0001,2024-01-23 16:15:00,217.89,221.68,222.08,6.29,6.29,6.23,0.558,0.221
MTR0001,2024-01-23 16:30:00,218.58,221.84,221.61,5.9,5.9,6.49,0.478,0.23
MTR0001,2024-01-23 16:45:00,219.55,219.36,223.45,5.84,6.07,6.57,0.52,0.259
MTR0001,2024-01-23 17:00:00,221.21,221.91,221.02,5.68,5.43,5.99,0.494,0.255
MTR0001,2024-01-23 17:15:00,222.59,223.98,219.76,5.77,5.91,5.74,0.497,0.232
MTR0001,2024-01-23 17:30:00,220.3,223.85,220.73,5.95,5.72,6.14,0.487,0.282
MTR0001,2024-01-23 17:45:00,221.62,219.36,223.31,5.68,5.72,5.95,0.475,0.273
MTR0001,2024-01-23 18:00:00,221.06,221.07,221.59,5.19,5.14,5.61,0.442,0.265
MTR0001,2024-01-23 18:15:00,221.7,224.08,219.95,5.36,5.18,5.62,0.483,0.226
MTR0001,2024-01-23 18:30:00,221.61,221.86,222.33,5.38,5.09,5.49,0.426,0.245
MTR0001,2024-01-23 18:45:00,220.67,221.38,222.24,5.33,5.19,5.5,0.432,0.253
MTR0001,2024-01-23 19:00:00,221.03,223.67,220.5,4.97,5.22,5.08,0.465,0.16
MTR0001,2024-01-23 19:15:00,221.74,222.84,222.23,5.04,4.69,4.94,0.423,0.168
MTR0001,2024-01-23 19:30:00,219.34,224.8,221.67,4.66,4.72,4.99,0.402,0.204
MTR0001,2024-01-23 19:45:00,218.56,220.69,221.1,4.8,4.76,5.23,0.4,0.233
MTR0001,2024-01-23 20:00:00,219.99,223.38,221.02,4.29,4.35,4.64,0.412,0.178
MTR0001,2024-01-23 20:15:00,218.6,223.39,218.0,4.55,4.53,4.89,0.408,0.233
MTR0001,2024-01-23 20:30:00,222.16,221.13,221.01,4.51,4.4,4.77,0.404,0.176
MTR0001,2024-01-23 20:45:00,221.95,221.32,220.36,4.34,4.56,4.58,0.415,0.14
MTR0001,2024-01-23 21:00:00,221.66,220.59,223.62,4.29,4.14,4.26,0.38,0.164
MTR0001,2024-01-23 21:15:00,218.07,223.31,219.52,4.29,4.09,4.05,0.357,0.194
MTR0001,2024-01-23 21:30:00,220.0,223.29,221.71,4.19,4.27,4.28,0.357,0.173
MTR0001,2024-01-23 21:45:00,219.16,222.25,220.51,4.33,3.92,4.45,0.41,0.144
MTR0001,2024-01-23 22:00:00,218.78,223.03,220.61,3.88,3.8,3.84,0.394,0.129
MTR0001,2024-01-23 22:15:00,220.23,222.72,222.64,3.95,3.77,3.86,0.349,0.117
MTR0001,2024-01-23 22:30:00,219.0,218.48,222.73,3.92,3.98,3.97,0.324,0.19
MTR0001,2024-01-23 22:45:00,220.58,220.69,221.12,3.94,3.69,4.2,0.347,0.197
MTR0001,2024-01-23 23:00:00,223.42,219.58,221.69,3.76,3.79,3.75,0.324,0.166
MTR0001,2024-01-23 23:15:00,221.09,220.04,226.45,3.51,3.4,3.56,0.316,0.146
MTR0001,2024-01-23 23:30:00,218.83,222.92,224.87,3.81,3.86,4.14,0.327,0.187
MTR0001,2024-01-23 23:45:00,219.78,221.43,220.71,3.89,3.69,3.77,0.328,0.178
MTR0001,2024-01-24 00:00:00,219.62,221.26,221.47,2.34,2.58,2.52,0.211,0.081
MTR0001,2024-01-24 00:15:00,218.21,223.36,222.23,2.74,2.64,2.6,0.205,0.127
MTR0001,2024-01-24 00:30:00,221.41,219.89,219.6,2.66,2.6,2.75,0.223,0.125
MTR0001,2024-01-24 00:45:00,220.88,222.13,221.38,2.72,2.6,2.3,0.243,0.094
MTR0001,2024-01-24 01:00:00,220.71,220.92,225.2,2.66,2.52,2.48,0.242,0.112
MTR0001,2024-01-24 01:15:00,219.56,223.47,220.31,2.53,2.53,2.44,0.234,0.087
MTR0001,2024-01-24 01:30:00,221.76,219.27,220.62,2.58,2.48,2.79,0.251,0.102
MTR0001,2024-01-24 01:45:00,221.35,220.91,222.66,2.81,2.84,2.64,0.269,0.105
MTR0001,2024-01-24 02:00:00,219.26,221.39,219.02,2.69,2.57,2.72,0.229,0.123
MTR0001,2024-01-24 02:15:00,220.78,221.2,221.2,2.35,2.7,2.7,0.228,0.131
MTR0001,2024-01-24 02:30:00,219.91,221.66,219.89,2.62,3.04,3.0,0.235,0.093
MTR0001,2024-01-24 02:45:00,220.03,221.06,222.7,2.79,2.53,2.74,0.245,0.097
MTR0001,2024-01-24 03:00:00,218.28,222.72,219.78,2.56,2.74,2.88,0.223,0.129
MTR0001,2024-01-24 03:15:00,218.88,220.23,223.95,2.53,2.57,2.76,0.206,0.099
MTR0001,2024-01-24 03:30:00,220.9,221.38,221.07,2.88,2.66,3.02,0.283,0.116
MTR0001,2024-01-24 03:45:00,219.84,220.35,218.79,2.32,2.51,2.92,0.197,0.119
MTR0001,2024-01-24 04:00:00,220.47,224.2,220.5,2.87,2.73,2.78,0.246,0.124
MTR0001,2024-01-24 04:15:00,219.63,219.65,218.88,2.81,2.74,2.69,0.213,0.096
MTR0001,2024-01-24 04:30:00,217.06,220.6,220.35,2.58,2.32,2.79,0.209,0.089
MTR0001,2024-01-24 04:45:00,220.13,221.61,223.12,2.64,2.71,2.88,0.251,0.136
MTR0001,2024-01-24 05:00:00,222.2,221.86,220.1,2.5,2.65,2.87,0.237,0.133
MTR0001,2024-01-24 05:15:00,221.48,221.24,221.57,2.77,2.31,2.82,0.266,0.121
MTR0001,2024-01-24 05:30:00,220.87,220.16,223.85,2.7,2.48,2.58,0.219,0.104
MTR0001,2024-01-24 05:45:00,220.98,221.55,221.72,2.48,2.55,2.69,0.211,0.117
MTR0001,2024-01-24 06:00:00,220.92,222.23,222.85,5.45,5.24,5.29,0.469,0.249
MTR0001,2024-01-24 06:15:00,219.29,221.83,220.91,5.28,5.19,5.2,0.418,0.244
MTR0001,2024-01-24 06:30:00,220.71,224.52,222.87,5.29,5.16,5.7,0.473,0.164
MTR0001,2024-01-24 06:45:00,218.0,222.33,225.88,5.28,5.25,5.22,0.453,0.184
MTR0001,2024-01-24 07:00:00,221.98,220.75,222.46,5.72,5.68,5.88,0.488,0.247
MTR0001,2024-01-24 07:15:00,223.1,219.96,221.61,5.71,5.54,5.91,0.521,0.223
MTR0001,2024-01-24 07:30:00,223.16,220.13,220.38,5.53,5.38,5.73,0.467,0.271
MTR0001,2024-01-24 07:45:00,224.9,221.12,222.94,5.47,5.29,5.88,0.485,0.201
MTR0001,2024-01-24 08:00:00,218.59,221.89,221.3,5.99,6.03,6.3,0.536,0.234
MTR0001,2024-01-24 08:15:00,220.8,222.39,220.36,5.86,6.29,6.3,0.507,0.301
MTR0001,2024-01-24 08:30:00,220.91,223.1,221.78,6.07,5.87,6.56,0.493,0.272
MTR0001,2024-01-24 08:45:00,221.25,218.95,222.92,6.25,5.76,6.31,0.541,0.263
MTR0001,2024-01-24 09:00:00,220.96,222.31,220.94,6.37,6.28,6.52,0.553,0.298
MTR0001,2024-01-24 09:15:00,219.73,225.25,221.7,6.07,6.54,6.54,0.505,0.298
MTR0001,2024-01-24 09:30:00,222.0,221.27,221.58,6.54,6.2,6.52,0.594,0.198
MTR0001,2024-01-24 09:45:00,218.64,219.69,222.06,6.38,6.36,6.84,0.575,0.241
MTR0001,2024-01-24 10:00:00,221.85,224.97,222.94,6.64,6.37,6.78,0.571,0.276
MTR0001,2024-01-24 10:15:00,221.15,222.8,221.17,6.65,6.58,6.99,0.562,0.338
MTR0001,2024-01-24 10:30:00,221.03,220.45,220.85,6.95,6.74,6.64,0.555,0.326
MTR0001,2024-01-24 10:45:00,218.56,220.17,221.6,6.78,6.31,6.77,0.556,0.322
MTR0001,2024-01-24 11:00:00,223.66,222.64,222.44,6.76,6.84,6.98,0.599,0.344
MTR0001,2024-01-24 11:15:00,219.95,220.66,221.56,6.69,6.89,7.04,0.636,0.215
MTR0001,2024-01-24 11:30:00,219.38,222.96,221.82,6.85,6.97,6.91,0.596,0.299
MTR0001,2024-01-24 11:45:00,221.63,222.78,224.08,6.57,6.69,7.24,0.606,0.261
MTR0001,2024-01-24 12:00:00,220.66,223.84,222.31,6.47,6.94,7.22,0.603,0.308
MTR0001,2024-01-24 12:15:00,221.68,220.07,220.96,6.82,6.92,7.0,0.548,0.24
MTR0001,2024-01-24 12:30:00,218.68,222.2,221.07,6.83,6.45,7.04,0.567,0.265
MTR0001,2024-01-24 12:45:00,219.85,221.9,221.94,6.71,6.64,7.25,0.61,0.285
MTR0001,2024-01-24 13:00:00,221.32,221.7,223.81,6.75,6.7,7.27,0.607,0.243
MTR0001,2024-01-24 13:15:00,221.76,221.44,224.93,6.77,6.56,7.08,0.577,0.295
MTR0001,2024-01-24 13:30:00,220.47,221.09,222.59,6.44,6.6,6.92,0.59,0.239
MTR0001,2024-01-24 13:45:00,219.14,222.89,221.82,6.85,6.81,7.39,0.602,0.312
MTR0001,2024-01-24 14:00:00,218.95,221.98,222.01,6.47,6.46,6.59,0.543,0.299
MTR0001,2024-01-24 14:15:00,220.65,222.07,220.18,6.74,6.99,6.94,0.547,0.309
MTR0001,2024-01-24 14:30:00,222.32,222.72,220.5,6.38,6.63,7.07,0.575,0.313
MTR0001,2024-01-24 14:45:00,219.86,219.95,222.57,6.9,6.69,6.85,0.554,0.321
MTR0001,2024-01-24 15:00:00,222.24,222.05,224.11,6.31,6.26,6.64,0.572,0.245
MTR0001,2024-01-24 15:15:00,220.44,221.29,220.79,6.32,6.19,6.61,0.509,0.285
MTR0001,2024-01-24 15:30:00,223.42,222.43,221.32,6.26,5.87,6.5,0.571,0.23
MTR0001,2024-01-24 15:45:00,220.61,222.64,220.8,6.54,6.23,6.71,0.526,0.3
MTR0001,2024-01-24 16:00:00,219.69,220.05,222.57,6.09,6.12,6.34,0.496,0.255
MTR0001,2024-01-24 16:15:00,220.53,219.34,219.88,6.27,6.07,6.39,0.568,0.23
MTR0001,2024-01-24 16:30:00,222.87,222.17,224.07,5.79,6.03,6.31,0.531,0.235
MTR0001,2024-01-24 16:45:00,221.44,219.14,224.25,5.89,6.27,6.24,0.539,0.203
MTR0001,2024-01-24 17:00:00,221.58,221.49,219.49,5.43,5.46,6.15,0.514,0.182
MTR0001,2024-01-24 17:15:00,220.03,221.85,223.13,5.81,5.42,5.78,0.55,0.179
MTR0001,2024-01-24 17:30:00,220.68,220.93,220.87,5.84,5.41,5.94,0.491,0.252
MTR0001,2024-01-24 17:45:00,220.56,220.89,219.46,5.91,5.6,5.81,0.476,0.251
MTR0001,2024-01-24 18:00:00,219.74,220.37,222.73,5.01,4.89,5.4,0.438,0.224
MTR0001,2024-01-24 18:15:00,221.79,220.77,220.2,5.5,4.96,5.5,0.443,0.263
MTR0001,2024-01-24 18:30:00,219.68,222.44,218.9,4.99,5.3,5.52,0.463,0.259
MTR0001,2024-01-24 18:45:00,220.07,222.19,223.23,5.26,5.09,5.18,0.458,0.181
MTR0001,2024-01-24 19:00:00,221.21,220.73,217.16,5.02,5.07,4.93,0.411,0.212
MTR0001,2024-01-24 19:15:00,224.03,222.24,222.79,4.75,4.97,5.23,0.394,0.221
MTR0001,2024-01-24 19:30:00,217.94,220.41,223.84,4.97,4.71,4.95,0.406,0.158
MTR0001,2024-01-24 19:45:00,220.98,223.72,220.38,4.74,4.95,4.98,0.408,0.242
MTR0001,2024-01-24 20:00:00,221.26,220.26,222.23,4.26,4.3,4.6,0.405,0.182
MTR0001,2024-01-24 20:15:00,220.81,225.01,224.88,4.51,4.58,4.83,0.4,0.185
MTR0001,2024-01-24 20:30:00,221.28,221.33,221.98,4.7,4.35,4.59,0.405,0.156
MTR0001,2024-01-24 20:45:00,222.54,220.32,223.47,4.54,4.39,4.56,0.382,0.193
MTR0001,2024-01-24 21:00:00,220.13,219.0,223.55,4.02,4.34,4.46,0.35,0.198
MTR0001,2024-01-24 21:15:00,221.03,220.62,221.37,4.15,4.27,4.5,0.381,0.137
MTR0001,2024-01-24 21:30:00,220.52,220.37,221.59,4.15,4.14,4.56,0.361,0.141
MTR0001,2024-01-24 21:45:00,220.04,222.77,223.79,4.37,4.23,4.15,0.382,0.157
MTR0001,2024-01-24 22:00:00,221.87,222.78,220.21,3.72,3.79,4.03,0.305,0.175
MTR0001,2024-01-24 22:15:00,220.64,220.0,222.63,3.96,3.63,4.43,0.333,0.174
MTR0001,2024-01-24 22:30:00,220.54,223.77,222.51,4.03,3.86,3.82,0.362,0.156
MTR0001,2024-01-24 22:45:00,220.19,219.13,221.52,4.22,3.88,4.0,0.375,0.168
MTR0001,2024-01-24 23:00:00,222.0,222.15,221.51,3.76,3.59,3.82,0.316,0.133
MTR0001,2024-01-24 23:15:00,216.95,218.82,226.25,3.63,3.91,3.86,0.305,0.13
MTR0001,2024-01-24 23:30:00,220.07,220.42,220.3,3.46,3.5,4.0,0.318,0.179
MTR0001,2024-01-24 23:45:00,221.61,221.6,218.81,3.73,3.78,3.73,0.352,0.156
MTR0001,2024-01-25 00:00:00,221.03,223.7,222.69,2.28,2.44,2.78,0.19,0.102
MTR0001,2024-01-25 00:15:00,220.2,220.0,221.27,2.66,2.34,2.61,0.203,0.091
MTR0001,2024-01-25 00:30:00,219.65,220.81,221.89,2.58,2.95,2.71,0.199,0.125
MTR0001,2024-01-25 00:45:00,222.37,219.61,222.03,2.47,2.78,2.48,0.226,0.109
MTR0001,2024-01-25 01:00:00,221.32,222.73,219.75,2.55,2.66,2.91,0.255,0.119
MTR0001,2024-01-25 01:15:00,219.81,221.21,221.18,2.74,2.43,2.64,0.246,0.079
MTR0001,2024-01-25 01:30:00,220.31,223.39,219.71,2.85,2.44,2.85,0.213,0.138
MTR0001,2024-01-25 01:45:00,222.57,221.01,222.09,2.58,2.26,2.72,0.196,0.09
MTR0001,2024-01-25 02:00:00,219.45,223.26,222.34,2.54,2.6,2.94,0.235,0.121
MTR0001,2024-01-25 02:15:00,221.23,219.97,222.01,2.73,2.55,2.84,0.221,0.13
MTR0001,2024-01-25 02:30:00,219.65,222.28,221.96,2.86,2.59,2.46,0.203,0.1
MTR0001,2024-01-25 02:45:00,219.57,223.18,221.16,2.36,2.68,2.76,0.202,0.124
MTR0001,2024-01-25 03:00:00,220.32,223.95,219.98,2.8,2.62,2.91,0.252,0.083
MTR0001,2024-01-25 03:15:00,221.59,223.71,219.95,2.5,3.04,2.57,0.217,0.087
MTR0001,2024-01-25 03:30:00,217.31,222.76,220.57,2.56,2.67,2.65,0.236,0.105
MTR0001,2024-01-25 03:45:00,221.62,222.77,222.37,2.52,2.66,2.41,0.252,0.104
MTR0001,2024-01-25 04:00:00,220.0,221.9,224.52,2.55,2.44,2.55,0.213,0.122
MTR0001,2024-01-25 04:15:00,221.2,218.89,221.15,2.75,2.54,2.6,0.204,0.119
MTR0001,2024-01-25 04:30:00,221.58,222.5,219.27,2.62,2.45,2.79,0.222,0.129
MTR0001,2024-01-25 04:45:00,220.85,221.6,218.15,2.82,2.57,2.76,0.208,0.134
MTR0001,2024-01-25 05:00:00,219.09,218.77,221.83,2.63,2.51,2.53,0.24,0.127
MTR0001,2024-01-25 05:15:00,218.34,221.43,222.58,2.96,2.55,2.55,0.24,0.117
MTR0001,2024-01-25 05:30:00,221.48,221.99,221.4,2.53,2.68,2.95,0.201,0.124
MTR0001,2024-01-25 05:45:00,219.57,219.72,223.25,2.63,2.71,2.8,0.208,0.085
MTR0001,2024-01-25 06:00:00,220.92,221.38,222.28,5.23,5.39,5.4,0.465,0.237
MTR0001,2024-01-25 06:15:00,220.81,221.78,221.05,5.46,5.02,5.38,0.459,0.159
MTR0001,2024-01-25 06:30:00,220.17,223.1,223.3,5.21,5.16,5.34,0.497,0.169
MTR0001,2024-01-25 06:45:00,220.74,219.44,219.7,4.98,5.18,5.35,0.464,0.17
MTR0001,2024-01-25 07:00:00,219.15,222.69,222.82,5.66,5.42,5.88,0.488,0.222
MTR0001,2024-01-25 07:15:00,220.19,220.67,218.28,5.54,5.64,6.0,0.493,0.19
MTR0001,2024-01-25 07:30:00,222.76,221.38,219.95,5.42,5.49,5.81,0.448,0.266
MTR0001,2024-01-25 07:45:00,221.7,224.89,219.09,5.7,5.54,5.88,0.464,0.248
MTR0001,2024-01-25 08:00:00,219.56,220.53,221.19,5.95,6.29,6.19,0.548,0.23
MTR0001,2024-01-25 08:15:00,221.22,222.9,222.08,6.03,6.19,6.16,0.511,0.308
MTR0001,2024-01-25 08:30:00,220.45,221.51,220.67,6.08,5.95,6.29,0.517,0.285
MTR0001,2024-01-25 08:45:00,220.76,222.5,221.67,6.34,5.96,6.36,0.539,0.289
MTR0001,2024-01-25 09:00:00,217.47,221.55,219.86,6.38,6.54,6.72,0.578,0.228
MTR0001,2024-01-25 09:15:00,220.4,221.82,219.34,6.33,6.44,6.41,0.499,0.29
MTR0001,2024-01-25 09:30:00,222.67,222.35,219.83,6.13,6.22,6.7,0.569,0.309
MTR0001,2024-01-25 09:45:00,223.16,222.7,221.34,6.27,6.42,6.49,0.567,0.213
MTR0001,2024-01-25 10:00:00,220.13,221.18,222.13,6.32,6.54,6.92,0.543,0.307
MTR0001,2024-01-25 10:15:00,221.7,220.55,225.56,6.82,6.76,6.71,0.561,0.284
MTR0001,2024-01-25 10:30:00,220.5,222.22,218.57,6.49,6.64,6.72,0.577,0.292
MTR0001,2024-01-25 10:45:00,221.21,219.6,222.61,6.82,6.78,6.96,0.543,0.344
MTR0001,2024-01-25 11:00:00,218.51,222.24,221.39,6.96,6.88,7.11,0.613,0.231
MTR0001,2024-01-25 11:15:00,221.31,223.13,222.58,6.8,6.58,6.91,0.58,0.29
MTR0001,2024-01-25 11:30:00,219.68,224.77,223.26,6.83,6.79,6.89,0.574,0.241
MTR0001,2024-01-25 11:45:00,219.08,219.53,221.48,6.45,6.86,7.14,0.603,0.302
MTR0001,2024-01-25 12:00:00,219.95,221.17,221.97,6.93,6.68,7.11,0.639,0.241
MTR0001,2024-01-25 12:15:00,220.11,222.7,220.84,6.84,6.7,7.12,0.599,0.304
MTR0001,2024-01-25 12:30:00,220.95,221.2,221.6,6.86,6.66,6.9,0.625,0.201
MTR0001,2024-01-25 12:45:00,222.9,220.82,220.94,6.95,6.85,7.38,0.601,0.316
MTR0001,2024-01-25 13:00:00,221.34,221.0,220.29,6.72,6.34,6.94,0.577,0.235
MTR0001,2024-01-25 13:15:00,218.33,220.72,221.04,6.88,6.48,7.1,0.589,0.244
MTR0001,2024-01-25 13:30:00,222.54,223.15,224.56,6.96,6.59,7.05,0.559,0.259
MTR0001,2024-01-25 13:45:00,220.01,221.08,220.31,6.82,6.74,7.04,0.542,0.316
MTR0001,2024-01-25 14:00:00,222.16,222.29,221.23,6.42,6.38,6.72,0.549,0.216
MTR0001,2024-01-25 14:15:00,218.78,222.34,221.68,6.38,6.31,6.76,0.557,0.322
MTR0001,2024-01-25 14:30:00,220.15,222.46,223.09,6.66,6.65,6.84,0.594,0.216
MTR0001,2024-01-25 14:45:00,220.07,220.83,221.68,6.53,6.25,7.04,0.549,0.252
MTR0001,2024-01-25 15:00:00,221.0,217.39,220.62,6.57,6.45,6.53,0.565,0.215
MTR0001,2024-01-25 15:15:00,219.94,218.71,220.79,6.29,6.53,6.54,0.588,0.216
MTR0001,2024-01-25 15:30:00,217.82,222.3,220.5,6.23,6.11,6.56,0.564,0.2
MTR0001,2024-01-25 15:45:00,222.07,223.37,220.55,6.19,6.64,6.64,0.512,0.26
MTR0001,2024-01-25 16:00:00,216.53,221.49,222.99,6.05,6.19,6.39,0.559,0.255
MTR0001,2024-01-25 16:15:00,220.66,220.98,220.98,6.24,5.88,6.39,0.53,0.278
MTR0001,2024-01-25 16:30:00,220.5,223.59,221.94,6.03,5.97,6.11,0.512,0.261
MTR0001,2024-01-25 16:45:00,222.61,222.22,225.2,6.12,6.06,6.31,0.537,0.3
MTR0001,2024-01-25 17:00:00,219.08,222.38,219.49,5.61,5.72,6.09,0.457,0.282
MTR0001,2024-01-25 17:15:00,220.0,225.24,219.59,5.54,5.52,5.81,0.497,0.16
MTR0001,2024-01-25 17:30:00,221.31,222.94,222.69,5.62,5.48,5.98,0.501,0.226
MTR0001,2024-01-25 17:45:00,219.84,222.06,222.32,5.44,5.45,5.53,0.436,0.208
MTR0001,2024-01-25 18:00:00,221.05,220.5,222.1,5.37,5.06,5.4,0.468,0.187
MTR0001,2024-01-25 18:15:00,219.88,223.96,223.39,5.25,5.21,5.32,0.466,0.242
MTR0001,2024-01-25 18:30:00,220.91,221.04,222.93,5.07,5.26,5.35,0.481,0.211
MTR0001,2024-01-25 18:45:00,222.02,221.85,220.79,5.23,5.44,5.42,0.46,0.19
MTR0001,2024-01-25 19:00:00,221.76,221.34,220.41,4.68,4.92,5.16,0.45,0.147
MTR0001,2024-01-25 19:15:00,221.97,221.51,222.42,4.92,4.84,4.97,0.4,0.219
MTR0001,2024-01-25 19:30:00,221.39,222.53,221.01,4.65,4.94,5.07,0.431,0.212
MTR0001,2024-01-25 19:45:00,220.85,217.61,221.89,4.9,4.97,4.91,0.407,0.211
MTR0001,2024-01-25 20:00:00,220.07,221.18,220.88,4.57,4.56,4.72,0.427,0.146
MTR0001,2024-01-25 20:15:00,220.73,219.31,222.68,4.44,4.5,4.61,0.365,0.193
MTR0001,2024-01-25 20:30:00,222.15,219.39,225.27,4.64,4.42,4.51,0.425,0.171
MTR0001,2024-01-25 20:45:00,221.64,220.89,221.2,4.34,4.47,4.6,0.379,0.165
MTR0001,2024-01-25 21:00:00,222.99,223.34,221.81,3.8,4.47,4.29,0.397,0.128
MTR0001,2024-01-25 21:15:00,219.97,222.8,222.83,4.32,3.88,4.27,0.356,0.14
MTR0001,2024-01-25 21:30:00,222.35,222.91,221.11,4.19,4.35,4.45,0.391,0.188
MTR0001,2024-01-25 21:45:00,220.73,224.93,221.57,4.12,3.98,4.26,0.378,0.161
MTR0001,2024-01-25 22:00:00,222.73,223.09,223.58,3.86,3.77,4.05,0.319,0.132
MTR0001,2024-01-25 22:15:00,221.34,220.34,218.91,3.77,3.76,3.75,0.341,0.144
MTR0001,2024-01-25 22:30:00,216.64,224.29,222.53,3.77,3.84,3.86,0.339,0.167
MTR0001,2024-01-25 22:45:00,221.97,220.7,217.27,4.05,3.96,4.27,0.35,0.137
MTR0001,2024-01-25 23:00:00,222.84,221.88,223.87,3.91,3.71,3.92,0.351,0.177
MTR0001,2024-01-25 23:15:00,220.77,221.12,221.49,3.98,3.65,4.09,0.344,0.117
MTR0001,2024-01-25 23:30:00,222.87,218.13,219.64,3.62,3.53,4.1,0.341,0.15
MTR0001,2024-01-25 23:45:00,222.41,218.64,223.1,3.71,3.64,3.99,0.303,0.18
MTR0001,2024-01-26 00:00:00,223.69,222.78,223.32,2.44,2.63,2.8,0.244,0.138
MTR0001,2024-01-26 00:15:00,220.27,222.92,224.28,2.41,2.87,2.76,0.2,0.135
MTR0001,2024-01-26 00:30:00,222.47,219.7,220.78,2.5,2.75,2.92,0.202,0.135
MTR0001,2024-01-26 00:45:00,220.4,219.14,222.21,2.54,2.75,2.7,0.239,0.076
MTR0001,2024-01-26 01:00:00,221.04,220.72,219.48,2.68,2.51,2.76,0.202,0.127
MTR0001,2024-01-26 01:15:00,222.09,221.63,223.39,2.71,2.43,2.67,0.238,0.116
MTR0001,2024-01-26 01:30:00,219.85,220.81,220.85,2.59,2.32,2.7,0.194,0.113
MTR0001,2024-01-26 01:45:00,222.61,220.68,219.44,2.8,2.78,2.83,0.254,0.114
MTR0001,2024-01-26 02:00:00,220.09,221.93,223.35,2.67,2.41,2.66,0.259,0.109
MTR0001,2024-01-26 02:15:00,223.29,223.3,220.11,2.67,2.69,2.52,0.244,0.138
MTR0001,2024-01-26 02:30:00,221.61,219.45,218.97,2.66,2.73,2.71,0.223,0.117
MTR0001,2024-01-26 02:45:00,219.84,223.39,222.62,2.5,2.52,2.62,0.237,0.101
MTR0001,2024-01-26 03:00:00,219.19,219.17,221.81,2.65,2.89,2.86,0.247,0.12
MTR0001,2024-01-26 03:15:00,220.94,221.42,222.52,2.71,2.51,2.6,0.198,0.119
MTR0001,2024-01-26 03:30:00,219.03,220.96,222.85,2.47,2.52,2.74,0.232,0.131
MTR0001,2024-01-26 03:45:00,220.63,223.63,221.22,2.66,2.51,2.67,0.222,0.09
MTR0001,2024-01-26 04:00:00,219.77,221.9,219.38,2.67,2.7,2.64,0.221,0.12
MTR0001,2024-01-26 04:15:00,219.21,221.88,218.95,2.48,2.57,2.77,0.205,0.119
MTR0001,2024-01-26 04:30:00,223.27,222.73,223.46,2.77,2.72,2.67,0.222,0.137
MTR0001,2024-01-26 04:45:00,219.68,222.02,222.13,2.77,2.66,2.86,0.235,0.141
MTR0001,2024-01-26 05:00:00,218.52,219.98,223.16,2.62,2.54,2.69,0.235,0.078
MTR0001,2024-01-26 05:15:00,221.12,221.79,220.04,2.71,2.58,2.43,0.221,0.105
MTR0001,2024-01-26 05:30:00,223.19,220.78,220.0,2.44,2.84,2.57,0.158,0.125
MTR0001,2024-01-26 05:45:00,219.76,220.12,221.78,2.4,2.78,2.86,0.235,0.095
MTR0001,2024-01-26 06:00:00,221.17,221.85,220.65,5.27,5.09,5.42,0.445,0.18
MTR0001,2024-01-26 06:15:00,219.41,218.06,220.2,5.46,4.92,5.52,0.441,0.246
MTR0001,2024-01-26 06:30:00,221.49,224.14,221.12,5.45,5.51,5.43,0.49,0.25
MTR0001,2024-01-26 06:45:00,220.71,220.93,222.13,5.26,5.14,5.55,0.45,0.223
MTR0001,2024-01-26 07:00:00,221.57,222.48,222.1,5.74,5.61,5.72,0.507,0.242
MTR0001,2024-01-26 07:15:00,219.74,221.51,220.13,5.54,5.65,5.99,0.539,0.232
MTR0001,2024-01-26 07:30:00,221.31,223.97,221.28,5.76,5.43,5.83,0.467,0.26
MTR0001,2024-01-26 07:45:00,224.81,220.27,222.47,5.68,5.77,5.97,0.498,0.238
MTR0001,2024-01-26 08:00:00,222.42,223.42,218.11,5.95,5.83,6.29,0.555,0.246
MTR0001,2024-01-26 08:15:00,221.43,221.78,222.72,6.09,6.29,6.41,0.52,0.305
MTR0001,2024-01-26 08:30:00,222.72,220.93,223.03,6.05,6.23,6.11,0.535,0.277
MTR0001,2024-01-26 08:45:00,216.79,223.25,218.44,6.36,5.76,6.27,0.564,0.204
MTR0001,2024-01-26 09:00:00,220.74,221.73,221.61,6.25,6.37,6.57,0.543,0.276
MTR0001,2024-01-26 09:15:00,221.63,221.39,222.03,6.16,6.5,6.52,0.566,0.307
MTR0001,2024-01-26 09:30:00,219.86,221.4,221.54,6.65,6.54,6.7,0.543,0.325
MTR0001,2024-01-26 09:45:00,220.04,222.25,222.19,6.51,6.33,6.29,0.579,0.19
MTR0001,2024-01-26 10:00:00,219.33,222.1,220.71,6.58,6.54,6.76,0.532,0.327
MTR0001,2024-01-26 10:15:00,221.72,221.38,221.37,6.24,6.52,6.7,0.575,0.231
MTR0001,2024-01-26 10:30:00,218.14,223.11,220.07,6.58,6.64,7.09,0.579,0.293
MTR0001,2024-01-26 10:45:00,219.74,223.17,221.24,6.55,6.66,6.84,0.54,0.336
MTR0001,2024-01-26 11:00:00,220.89,223.66,221.77,6.66,6.9,7.06,0.608,0.214
MTR0001,2024-01-26 11:15:00,222.41,223.16,222.69,6.84,6.77,7.05,0.6,0.297
MTR0001,2024-01-26 11:30:00,222.32,220.63,219.77,6.77,6.66,7.15,0.603,0.248
MTR0001,2024-01-26 11:45:00,220.22,222.13,222.77,6.78,6.77,6.92,0.589,0.34
MTR0001,2024-01-26 12:00:00,218.82,221.98,222.74,6.82,6.98,7.2,0.581,0.31
MTR0001,2024-01-26 12:15:00,218.13,222.0,224.22,6.88,6.65,7.16,0.615,0.249
MTR0001,2024-01-26 12:30:00,219.25,221.09,222.55,6.83,6.98,7.2,0.567,0.322
MTR0001,2024-01-26 12:45:00,220.15,221.47,223.13,6.77,6.93,7.02,0.575,0.267
MTR0001,2024-01-26 13:00:00,222.25,223.86,219.18,6.72,6.86,7.0,0.612,0.238
MTR0001,2024-01-26 13:15:00,220.49,221.53,221.25,6.84,6.83,7.0,0.57,0.285
MTR0001,2024-01-26 13:30:00,222.07,221.6,219.08,6.83,6.7,7.01,0.596,0.273
MTR0001,2024-01-26 13:45:00,223.05,221.79,218.07,6.83,6.41,7.1,0.568,0.28
MTR0001,2024-01-26 14:00:00,222.59,223.75,221.15,6.64,6.7,6.67,0.546,0.325
MTR0001,2024-01-26 14:15:00,222.19,220.94,222.47,6.8,6.61,6.97,0.558,0.29
MTR0001,2024-01-26 14:30:00,220.37,222.46,221.01,6.51,6.62,7.02,0.558,0.328
MTR0001,2024-01-26 14:45:00,217.42,221.91,220.89,6.74,6.51,6.78,0.565,0.25
MTR0001,2024-01-26 15:00:00,221.28,220.44,219.86,6.58,6.36,6.4,0.51,0.332
MTR0001,2024-01-26 15:15:00,221.71,220.49,221.34,6.38,6.29,6.56,0.565,0.258
MTR0001,2024-01-26 15:30:00,222.8,222.14,225.02,6.46,6.46,6.61,0.538,0.304
MTR0001,2024-01-26 15:45:00,220.29,223.45,221.81,5.99,6.32,6.46,0.53,0.212
MTR0001,2024-01-26 16:00:00,221.68,221.26,221.39,5.95,6.06,6.22,0.467,0.29
MTR0001,2024-01-26 16:15:00,220.46,222.07,220.13,6.09,6.0,6.35,0.498,0.236
MTR0001,2024-01-26 16:30:00,221.52,219.62,221.3,6.1,5.95,6.35,0.556,0.268
MTR0001,2024-01-26 16:45:00,220.55,224.3,220.76,6.04,5.83,6.07,0.555,0.246
MTR0001,2024-01-26 17:00:00,219.37,222.77,220.67,5.7,5.63,6.13,0.509,0.243
MTR0001,2024-01-26 17:15:00,220.26,223.18,221.7,5.4,5.42,6.15,0.499,0.189
MTR0001,2024-01-26 17:30:00,220.4,219.36,220.0,5.76,5.55,5.88,0.5,0.191
MTR0001,2024-01-26 17:45:00,220.51,222.28,222.89,5.74,5.65,5.9,0.538,0.187
MTR0001,2024-01-26 18:00:00,221.18,224.17,221.35,5.32,5.32,5.3,0.483,0.168
MTR0001,2024-01-26 18:15:00,219.17,223.02,224.04,5.33,5.17,5.63,0.459,0.193
MTR0001,2024-01-26 18:30:00,220.04,219.92,223.44,5.45,5.17,5.39,0.448,0.207
MTR0001,2024-01-26 18:45:00,219.75,220.94,222.25,4.91,5.3,5.37,0.437,0.167
MTR0001,2024-01-26 19:00:00,219.59,223.12,221.0,4.76,4.71,5.01,0.417,0.212
MTR0001,2024-01-26 19:15:00,220.64,220.47,221.09,4.86,4.77,4.94,0.406,0.233
MTR0001,2024-01-26 19:30:00,222.31,220.03,220.07,4.79,4.9,4.84,0.379,0.237
MTR0001,2024-01-26 19:45:00,221.73,220.07,222.32,4.97,4.9,5.06,0.402,0.241
MTR0001,2024-01-26 20:00:00,219.03,218.84,220.81,4.4,4.54,4.64,0.363,0.193
MTR0001,2024-01-26 20:15:00,222.57,220.21,222.01,4.65,4.24,4.47,0.372,0.219
MTR0001,2024-01-26 20:30:00,221.47,221.53,220.86,4.52,4.4,4.9,0.393,0.228
MTR0001,2024-01-26 20:45:00,220.91,221.24,220.04,4.52,4.57,4.36,0.416,0.219
MTR0001,2024-01-26 21:00:00,218.41,220.51,220.56,4.01,4.04,4.35,0.341,0.153
MTR0001,2024-01-26 21:15:00,217.6,224.28,223.0,4.16,4.03,4.24,0.373,0.149
MTR0001,2024-01-26 21:30:00,220.67,221.55,221.45,4.33,3.93,4.56,0.376,0.187
MTR0001,2024-01-26 21:45:00,219.31,223.69,221.75,4.05,3.68,4.39,0.313,0.14
MTR0001,2024-01-26 22:00:00,221.34,221.03,220.22,3.91,3.71,4.31,0.358,0.142
MTR0001,2024-01-26 22:15:00,223.14,222.15,225.38,3.87,3.89,3.94,0.36,0.142
MTR0001,2024-01-26 22:30:00,221.58,222.89,221.74,3.85,3.77,3.93,0.307,0.163
MTR0001,2024-01-26 22:45:00,220.01,220.33,221.47,3.83,3.93,4.09,0.383,0.134
MTR0001,2024-01-26 23:00:00,220.47,221.44,223.2,3.93,3.76,4.06,0.333,0.193
MTR0001,2024-01-26 23:15:00,221.68,222.59,220.84,3.7,3.66,3.63,0.338,0.123
MTR0001,2024-01-26 23:30:00,219.63,222.18,223.52,3.59,3.76,3.75,0.312,0.182
MTR0001,2024-01-26 23:45:00,222.17,223.65,224.54,3.69,3.72,3.91,0.316,0.145
MTR0001,2024-01-27 00:00:00,221.37,221.0,222.2,2.81,2.54,2.72,0.218,0.108
MTR0001,2024-01-27 00:15:00,217.39,222.09,219.59,2.63,2.38,2.77,0.207,0.095
MTR0001,2024-01-27 00:30:00,220.54,221.07,221.5,2.49,2.75,2.85,0.196,0.129
MTR0001,2024-01-27 00:45:00,220.39,220.41,222.92,2.41,2.58,2.88,0.225,0.094
MTR0001,2024-01-27 01:00:00,220.32,220.61,221.91,2.63,2.52,2.91,0.256,0.11
MTR0001,2024-01-27 01:15:00,221.51,224.02,223.28,2.75,2.56,2.67,0.23,0.107
MTR0001,2024-01-27 01:30:00,218.06,219.72,221.24,2.68,2.4,2.71,0.214,0.11
MTR0001,2024-01-27 01:45:00,220.89,221.44,220.41,2.54,2.84,2.84,0.215,0.124
MTR0001,2024-01-27 02:00:00,220.08,221.6,221.94,2.31,2.38,2.74,0.234,0.08
MTR0001,2024-01-27 02:15:00,220.0,219.16,222.33,2.44,2.56,2.72,0.183,0.128
MTR0001,2024-01-27 02:30:00,218.21,224.0,222.1,2.65,2.82,2.75,0.211,0.095
MTR0001,2024-01-27 02:45:00,221.0,222.32,223.39,2.55,2.46,2.64,0.247,0.106
MTR0001,2024-01-27 03:00:00,222.8,221.33,222.56,2.36,2.52,2.53,0.235,0.081
MTR0001,2024-01-27 03:15:00,221.26,220.88,222.73,2.44,2.45,2.92,0.236,0.109
MTR0001,2024-01-27 03:30:00,219.33,220.77,223.65,2.45,2.67,2.76,0.229,0.078
MTR0001,2024-01-27 03:45:00,221.26,221.87,220.5,2.33,2.56,2.84,0.206,0.103
MTR0001,2024-01-27 04:00:00,221.83,221.23,221.08,2.62,2.47,2.96,0.226,0.117
MTR0001,2024-01-27 04:15:00,219.77,224.03,222.96,2.8,2.53,2.66,0.234,0.091
MTR0001,2024-01-27 04:30:00,221.52,219.32,220.1,2.81,2.78,2.78,0.209,0.142
MTR0001,2024-01-27 04:45:00,220.99,220.04,222.44,2.54,2.98,2.81,0.26,0.1
MTR0001,2024-01-27 05:00:00,220.8,222.54,221.73,2.87,2.57,2.65,0.194,0.137
MTR0001,2024-01-27 05:15:00,219.08,222.51,221.04,2.66,2.53,2.75,0.224,0.118
MTR0001,2024-01-27 05:30:00,219.45,220.51,218.66,2.79,2.62,2.55,0.215,0.117
MTR0001,2024-01-27 05:45:00,219.21,224.63,219.37,2.55,2.78,2.55,0.197,0.089
MTR0001,2024-01-27 06:00:00,221.14,221.42,223.2,5.44,5.37,5.41,0.493,0.194
MTR0001,2024-01-27 06:15:00,220.63,221.58,221.12,5.28,4.88,5.47,0.444,0.233
MTR0001,2024-01-27 06:30:00,218.95,221.07,219.45,5.34,5.19,5.39,0.462,0.225
MTR0001,2024-01-27 06:45:00,220.21,221.71,218.86,5.19,5.18,5.71,0.448,0.256
MTR0001,2024-01-27 07:00:00,219.99,221.01,223.62,5.66,5.46,5.73,0.51,0.188
MTR0001,2024-01-27 07:15:00,220.54,220.96,222.9,5.73,5.5,5.79,0.48,0.285
MTR0001,2024-01-27 07:30:00,220.18,219.62,222.29,5.86,5.99,5.93,0.492,0.289
MTR0001,2024-01-27 07:45:00,220.86,220.28,222.04,5.38,5.87,6.13,0.526,0.184
MTR0001,2024-01-27 08:00:00,221.94,220.73,220.45,5.99,5.93,6.16,0.463,0.301
MTR0001,2024-01-27 08:15:00,219.08,221.69,224.41,5.83,5.96,6.17,0.517,0.266
MTR0001,2024-01-27 08:30:00,223.47,223.41,220.76,5.92,6.01,6.05,0.54,0.253
MTR0001,2024-01-27 08:45:00,221.23,221.0,222.92,5.99,5.95,6.17,0.522,0.266
MTR0001,2024-01-27 09:00:00,219.0,221.79,219.92,6.34,6.2,6.48,0.534,0.252
MTR0001,2024-01-27 09:15:00,220.06,220.18,222.44,6.25,6.25,6.28,0.543,0.288
MTR0001,2024-01-27 09:30:00,219.34,220.39,219.99,6.45,6.19,6.64,0.538,0.251
MTR0001,2024-01-27 09:45:00,219.71,224.63,220.57,6.18,6.17,6.6,0.559,0.198
MTR0001,2024-01-27 10:00:00,220.0,223.05,219.16,6.72,6.69,7.01,0.573,0.272
MTR0001,2024-01-27 10:15:00,219.26,221.09,223.4,6.45,6.48,7.01,0.548,0.31
MTR0001,2024-01-27 10:30:00,222.31,222.64,221.58,6.57,6.28,7.06,0.627,0.239
MTR0001,2024-01-27 10:45:00,218.32,221.77,223.71,6.71,6.54,6.91,0.534,0.331
MTR0001,2024-01-27 11:00:00,218.75,221.61,221.86,6.62,7.0,7.04,0.574,0.312
MTR0001,2024-01-27 11:15:00,218.83,224.42,221.83,6.87,6.48,6.93,0.614,0.223
MTR0001,2024-01-27 11:30:00,218.66,221.84,220.82,6.85,6.6,6.94,0.564,0.327
MTR0001,2024-01-27 11:45:00,221.45,221.8,221.8,7.15,6.6,7.02,0.575,0.291
MTR0001,2024-01-27 12:00:00,219.78,219.91,219.47,6.67,6.81,7.09,0.604,0.195
MTR0001,2024-01-27 12:15:00,220.97,222.3,222.51,6.67,6.67,6.92,0.559,0.32
MTR0001,2024-01-27 12:30:00,221.06,221.63,224.33,6.55,6.6,6.92,0.586,0.289
MTR0001,2024-01-27 12:45:00,221.48,222.23,219.86,6.96,6.49,7.03,0.578,0.32
MTR0001,2024-01-27 13:00:00,220.12,223.23,220.83,6.45,6.9,7.14,0.542,0.315
MTR0001,2024-01-27 13:15:00,219.6,222.37,220.78,6.54,6.73,7.17,0.615,0.206
MTR0001,2024-01-27 13:30:00,223.52,219.4,222.12,6.83,6.88,7.24,0.656,0.217
MTR0001,2024-01-27 13:45:00,220.78,222.84,220.35,6.99,6.75,6.86,0.593,0.324
MTR0001,2024-01-27 14:00:00,218.37,223.13,218.84,6.38,6.52,6.9,0.562,0.279
MTR0001,2024-01-27 14:15:00,222.18,223.2,221.11,6.85,6.53,6.67,0.575,0.261
MTR0001,2024-01-27 14:30:00,220.1,220.41,220.78,6.83,6.53,6.67,0.594,0.268
MTR0001,2024-01-27 14:45:00,222.22,219.71,221.13,6.48,6.42,6.98,0.617,0.266
MTR0001,2024-01-27 15:00:00,220.18,221.15,220.73,6.29,5.94,6.59,0.545,0.194
MTR0001,2024-01-27 15:15:00,219.42,220.41,218.69,6.36,6.61,6.64,0.558,0.235
MTR0001,2024-01-27 15:30:00,220.97,220.09,218.47,6.41,6.18,6.77,0.639,0.198
MTR0001,2024-01-27 15:45:00,220.77,224.51,218.08,6.32,6.24,6.58,0.535,0.31
MTR0001,2024-01-27 16:00:00,221.75,222.46,221.8,6.23,5.93,6.22,0.552,0.237
MTR0001,2024-01-27 16:15:00,224.58,221.54,220.22,6.13,6.07,6.57,0.565,0.197
MTR0001,2024-01-27 16:30:00,219.44,222.01,223.68,5.93,5.94,6.62,0.501,0.298
MTR0001,2024-01-27 16:45:00,221.41,223.36,220.87,6.02,6.04,6.23,0.524,0.225
MTR0001,2024-01-27 17:00:00,220.07,224.8,219.45,5.81,5.68,6.0,0.493,0.269
MTR0001,2024-01-27 17:15:00,221.93,222.22,222.33,5.82,5.74,5.81,0.543,0.176
MTR0001,2024-01-27 17:30:00,220.11,221.71,223.56,5.69,5.68,5.83,0.475,0.274
MTR0001,2024-01-27 17:45:00,221.03,223.74,223.59,5.64,5.8,5.82,0.506,0.288
MTR0001,2024-01-27 18:00:00,220.5,222.03,219.59,5.55,5.07,5.41,0.451,0.261
MTR0001,2024-01-27 18:15:00,222.49,220.99,221.81,5.14,5.41,5.34,0.456,0.235
MTR0001,2024-01-27 18:30:00,220.63,221.71,223.34,5.58,5.43,5.58,0.487,0.182
MTR0001,2024-01-27 18:45:00,220.7,221.69,222.84,5.29,5.2,5.67,0.464,0.244
MTR0001,2024-01-27 19:00:00,221.34,219.59,220.34,5.0,4.8,5.08,0.43,0.198
MTR0001,2024-01-27 19:15:00,218.64,218.93,223.56,5.02,4.8,4.84,0.409,0.172
MTR0001,2024-01-27 19:30:00,219.26,220.6,221.04,4.7,4.68,5.04,0.407,0.193
MTR0001,2024-01-27 19:45:00,218.85,221.87,222.22,4.93,4.9,5.11,0.399,0.24
MTR0001,2024-01-27 20:00:00,219.6,222.13,221.22,4.31,4.56,4.54,0.42,0.188
MTR0001,2024-01-27 20:15:00,218.72,219.64,222.66,4.57,4.33,4.46,0.393,0.205
MTR0001,2024-01-27 20:30:00,221.21,219.6,221.65,4.12,4.55,4.67,0.374,0.206
MTR0001,2024-01-27 20:45:00,219.11,221.07,221.73,4.31,4.22,4.57,0.38,0.162
MTR0001,2024-01-27 21:00:00,216.53,220.0,220.58,4.23,4.11,4.31,0.342,0.183
MTR0001,2024-01-27 21:15:00,221.79,218.7,221.07,4.06,4.05,4.22,0.34,0.143
MTR0001,2024-01-27 21:30:00,221.2,222.09,222.44,4.2,4.1,4.65,0.374,0.184
MTR0001,2024-01-27 21:45:00,221.13,222.97,221.16,4.23,4.25,4.5,0.357,0.169
MTR0001,2024-01-27 22:00:00,220.74,220.69,218.67,3.73,3.96,4.16,0.379,0.118
MTR0001,2024-01-27 22:15:00,221.33,222.1,220.21,4.03,3.64,4.19,0.354,0.168
MTR0001,2024-01-27 22:30:00,221.45,219.39,223.6,3.71,3.97,4.05,0.336,0.187
MTR0001,2024-01-27 22:45:00,219.19,220.97,224.77,3.89,3.86,4.24,0.345,0.193
MTR0001,2024-01-27 23:00:00,221.56,220.9,221.01,4.03,3.66,3.98,0.342,0.191
MTR0001,2024-01-27 23:15:00,218.97,219.67,219.14,3.61,3.84,4.07,0.293,0.157
MTR0001,2024-01-27 23:30:00,220.11,221.24,220.16,3.55,3.92,3.91,0.35,0.174
MTR0001,2024-01-27 23:45:00,221.39,220.62,221.76,4.11,3.61,4.15,0.373,0.16
MTR0001,2024-01-28 00:00:00,220.44,222.26,221.27,2.65,2.84,2.67,0.273,0.102
MTR0001,2024-01-28 00:15:00,218.21,222.16,219.77,2.71,2.27,2.89,0.264,0.12
MTR0001,2024-01-28 00:30:00,220.54,224.32,220.91,2.61,2.75,2.66,0.194,0.117
MTR0001,2024-01-28 00:45:00,220.48,221.44,220.03,2.95,2.75,3.06,0.275,0.106
MTR0001,2024-01-28 01:00:00,217.47,221.58,221.11,2.46,2.67,2.98,0.245,0.1
MTR0001,2024-01-28 01:15:00,222.33,220.07,220.64,3.01,2.85,3.02,0.282,0.138
MTR0001,2024-01-28 01:30:00,223.21,221.26,220.59,2.64,2.55,2.82,0.227,0.127
MTR0001,2024-01-28 01:45:00,222.37,223.2,221.14,2.72,2.91,2.88,0.263,0.087
MTR0001,2024-01-28 02:00:00,221.45,220.74,223.19,2.7,2.62,2.62,0.23,0.11
MTR0001,2024-01-28 02:15:00,220.35,221.52,222.22,2.41,2.66,2.62,0.24,0.095
MTR0001,2024-01-28 02:30:00,219.21,220.78,224.43,2.67,2.92,2.71,0.277,0.119
MTR0001,2024-01-28 02:45:00,221.29,219.65,219.33,2.65,2.66,2.64,0.239,0.115
MTR0001,2024-01-28 03:00:00,219.45,223.03,222.07,2.74,2.47,2.44,0.222,0.087
MTR0001,2024-01-28 03:15:00,221.6,224.71,222.92,2.96,2.54,2.53,0.246,0.117
MTR0001,2024-01-28 03:30:00,221.4,221.51,221.24,2.59,2.42,2.62,0.243,0.094
MTR0001,2024-01-28 03:45:00,221.18,222.08,221.9,2.43,2.57,2.93,0.192,0.126
MTR0001,2024-01-28 04:00:00,220.38,217.9,222.3,2.6,2.78,2.76,0.239,0.108
MTR0001,2024-01-28 04:15:00,219.54,221.12,223.99,2.57,2.58,2.79,0.221,0.113
MTR0001,2024-01-28 04:30:00,220.14,220.52,220.88,2.32,2.71,2.71,0.186,0.123
MTR0001,2024-01-28 04:45:00,223.06,221.5,221.83,2.65,2.76,2.76,0.264,0.117
MTR0001,2024-01-28 05:00:00,219.68,221.4,223.36,2.4,2.54,2.67,0.203,0.114
MTR0001,2024-01-28 05:15:00,222.05,222.33,221.28,2.71,2.58,2.76,0.233,0.131
MTR0001,2024-01-28 05:30:00,220.07,222.42,223.87,2.44,2.65,2.85,0.274,0.09
MTR0001,2024-01-28 05:45:00,220.86,222.79,222.79,2.67,2.36,2.46,0.217,0.101
MTR0001,2024-01-28 06:00:00,221.4,221.31,221.37,5.12,5.31,5.7,0.438,0.245
MTR0001,2024-01-28 06:15:00,219.81,223.21,219.74,5.46,5.56,5.22,0.472,0.183
MTR0001,2024-01-28 06:30:00,218.95,222.22,219.84,5.27,5.51,5.4,0.477,0.204
MTR0001,2024-01-28 06:45:00,219.48,218.05,220.61,5.41,5.1,5.31,0.481,0.199
MTR0001,2024-01-28 07:00:00,220.04,219.97,221.67,5.5,5.76,5.7,0.457,0.281
MTR0001,2024-01-28 07:15:00,220.66,221.28,220.26,5.72,5.56,5.85,0.454,0.235
MTR0001,2024-01-28 07:30:00,223.26,221.97,221.82,5.62,5.6,5.81,0.498,0.231
MTR0001,2024-01-28 07:45:00,220.9,219.75,220.77,5.29,5.6,5.66,0.467,0.272
MTR0001,2024-01-28 08:00:00,218.49,223.06,221.7,5.97,6.09,6.23,0.48,0.308
MTR0001,2024-01-28 08:15:00,221.9,222.2,221.14,5.98,5.97,5.98,0.477,0.212
MTR0001,2024-01-28 08:30:00,220.85,221.25,222.0,5.97,6.11,6.09,0.502,0.238
MTR0001,2024-01-28 08:45:00,221.77,220.98,223.29,6.1,6.19,6.08,0.536,0.246
MTR0001,2024-01-28 09:00:00,220.88,221.37,221.3,6.36,6.16,6.65,0.528,0.275
MTR0001,2024-01-28 09:15:00,217.43,221.43,219.17,6.41,6.45,6.66,0.583,0.303
MTR0001,2024-01-28 09:30:00,217.83,223.03,221.15,6.37,6.39,6.27,0.56,0.318
MTR0001,2024-01-28 09:45:00,220.13,222.05,219.53,6.26,6.45,6.63,0.531,0.273
MTR0001,2024-01-28 10:00:00,218.53,220.41,220.09,6.82,6.48,6.69,0.576,0.23
MTR0001,2024-01-28 10:15:00,222.36,224.1,223.53,6.77,6.44,6.96,0.606,0.267
MTR0001,2024-01-28 10:30:00,222.7,222.81,222.33,6.36,6.54,6.78,0.552,0.324
MTR0001,2024-01-28 10:45:00,221.91,219.54,221.33,6.54,6.4,6.75,0.599,0.259
MTR0001,2024-01-28 11:00:00,220.4,226.1,223.36,6.63,6.82,7.04,0.555,0.315
MTR0001,2024-01-28 11:15:00,217.39,219.51,221.27,6.66,6.6,7.03,0.607,0.293
MTR0001,2024-01-28 11:30:00,220.26,219.02,221.68,6.74,7.0,7.28,0.612,0.313
MTR0001,2024-01-28 11:45:00,220.53,222.01,224.51,7.1,6.52,6.98,0.547,0.348
MTR0001,2024-01-28 12:00:00,218.18,222.78,219.92,6.52,7.03,6.96,0.615,0.244
MTR0001,2024-01-28 12:15:00,220.74,221.2,219.12,6.92,6.89,6.91,0.578,0.28
MTR0001,2024-01-28 12:30:00,219.74,222.1,219.59,6.81,6.74,7.04,0.596,0.334
MTR0001,2024-01-28 12:45:00,220.69,218.37,222.09,6.88,6.62,7.21,0.592,0.252
MTR0001,2024-01-28 13:00:00,223.69,222.36,222.19,6.83,6.51,7.32,0.632,0.244
MTR0001,2024-01-28 13:15:00,219.27,220.69,219.02,6.68,6.74,6.71,0.545,0.32
MTR0001,2024-01-28 13:30:00,223.31,221.41,218.13,6.74,6.89,7.02,0.649,0.21
MTR0001,2024-01-28 13:45:00,220.94,222.45,221.62,7.02,6.82,6.96,0.642,0.281
MTR0001,2024-01-28 14:00:00,221.46,222.61,221.25,6.39,6.56,6.92,0.611,0.215
MTR0001,2024-01-28 14:15:00,218.8,220.06,220.13,6.9,6.65,6.97,0.572,0.317
MTR0001,2024-01-28 14:30:00,219.52,219.0,221.08,6.73,6.41,6.67,0.525,0.309
MTR0001,2024-01-28 14:45:00,219.98,222.55,220.04,6.65,6.55,6.93,0.613,0.237
MTR0001,2024-01-28 15:00:00,219.06,222.92,219.36,6.16,6.6,6.77,0.564,0.275
MTR0001,2024-01-28 15:15:00,219.79,221.81,221.86,6.36,6.52,6.35,0.507,0.307
MTR0001,2024-01-28 15:30:00,221.39,221.46,222.91,6.3,6.22,6.67,0.527,0.291
MTR0001,2024-01-28 15:45:00,220.41,223.2,223.87,6.55,6.32,6.85,0.6,0.279
MTR0001,2024-01-28 16:00:00,218.83,219.82,222.04,5.78,6.07,5.95,0.54,0.266
MTR0001,2024-01-28 16:15:00,218.9,218.8,220.54,6.17,6.16,6.37,0.55,0.244
MTR0001,2024-01-28 16:30:00,219.66,220.88,222.72,5.81,6.15,6.23,0.5,0.28
MTR0001,2024-01-28 16:45:00,220.7,219.05,221.29,6.12,5.83,6.55,0.488,0.306
MTR0001,2024-01-28 17:00:00,221.28,222.33,223.76,5.46,5.65,5.78,0.494,0.2
MTR0001,2024-01-28 17:15:00,221.03,219.02,223.33,5.57,5.58,5.92,0.491,0.19
MTR0001,2024-01-28 17:30:00,220.85,219.47,221.65,5.84,5.55,5.79,0.529,0.24
MTR0001,2024-01-28 17:45:00,220.98,221.3,221.53,5.79,5.67,5.91,0.531,0.229
MTR0001,2024-01-28 18:00:00,221.61,219.26,220.77,5.37,5.24,5.57,0.433,0.241
MTR0001,2024-01-28 18:15:00,220.7,223.47,221.53,5.39,5.27,5.35,0.449,0.264
MTR0001,2024-01-28 18:30:00,221.47,225.31,221.33,5.24,5.11,5.46,0.488,0.18
MTR0001,2024-01-28 18:45:00,221.03,221.62,219.6,5.06,5.26,5.33,0.454,0.197
MTR0001,2024-01-28 19:00:00,220.68,224.74,223.0,4.92,4.94,5.26,0.45,0.176
MTR0001,2024-01-28 19:15:00,221.44,220.95,223.61,4.91,4.68,4.9,0.396,0.244
MTR0001,2024-01-28 19:30:00,222.59,223.27,222.04,4.97,5.06,5.1,0.446,0.181
MTR0001,2024-01-28 19:45:00,224.43,221.54,221.34,4.89,4.82,5.27,0.427,0.236
MTR0001,2024-01-28 20:00:00,220.83,220.0,221.29,4.41,4.58,4.69,0.42,0.167
MTR0001,2024-01-28 20:15:00,222.37,220.38,222.92,4.45,4.43,4.64,0.401,0.217
MTR0001,2024-01-28 20:30:00,220.84,224.15,222.81,4.4,4.21,4.57,0.381,0.155
MTR0001,2024-01-28 20:45:00,219.34,222.44,219.25,4.25,4.49,4.58,0.37,0.164
MTR0001,2024-01-28 21:00:00,218.13,221.92,220.4,4.39,4.16,4.27,0.324,0.189
MTR0001,2024-01-28 21:15:00,219.66,220.55,222.64,4.07,4.21,4.46,0.329,0.181
MTR0001,2024-01-28 21:30:00,220.47,220.77,220.45,4.14,4.06,4.24,0.332,0.182
MTR0001,2024-01-28 21:45:00,219.69,220.32,221.2,4.06,4.13,4.23,0.335,0.179
MTR0001,2024-01-28 22:00:00,219.71,220.49,221.54,3.87,3.78,3.99,0.338,0.139
MTR0001,2024-01-28 22:15:00,222.08,224.7,220.53,4.07,3.72,3.95,0.327,0.172
MTR0001,2024-01-28 22:30:00,220.95,222.94,223.7,3.86,3.88,3.99,0.343,0.175
MTR0001,2024-01-28 22:45:00,221.06,222.92,223.3,3.98,3.96,3.95,0.331,0.168
MTR0001,2024-01-28 23:00:00,219.61,220.48,220.24,3.64,3.82,4.14,0.361,0.145
MTR0001,2024-01-28 23:15:00,221.1,220.04,221.83,3.46,3.85,3.77,0.318,0.124
MTR0001,2024-01-28 23:30:00,221.39,221.29,222.51,3.71,3.77,3.85,0.358,0.12
MTR0001,2024-01-28 23:45:00,220.63,221.81,223.21,3.68,3.86,3.91,0.341,0.136
MTR0001,2024-01-29 00:00:00,220.52,220.92,223.16,2.55,2.73,2.89,0.222,0.137
MTR0001,2024-01-29 00:15:00,219.93,221.85,224.47,2.78,2.59,2.7,0.238,0.09
MTR0001,2024-01-29 00:30:00,222.55,221.21,219.65,2.39,2.65,2.61,0.188,0.122
MTR0001,2024-01-29 00:45:00,222.34,221.11,220.47,2.7,2.84,2.93,0.198,0.137
MTR0001,2024-01-29 01:00:00,223.08,221.33,219.27,2.53,2.51,3.05,0.253,0.076
MTR0001,2024-01-29 01:15:00,222.12,222.41,224.01,2.5,2.51,2.46,0.249,0.08
MTR0001,2024-01-29 01:30:00,218.9,223.07,221.37,2.72,2.87,2.62,0.213,0.098
MTR0001,2024-01-29 01:45:00,219.73,223.23,222.17,2.46,2.62,2.72,0.199,0.125
MTR0001,2024-01-29 02:00:00,217.72,221.82,223.26,2.41,2.67,2.63,0.219,0.107
MTR0001,2024-01-29 02:15:00,220.87,222.05,222.71,2.71,2.62,2.63,0.223,0.094
MTR0001,2024-01-29 02:30:00,220.25,221.84,220.87,2.52,2.63,2.73,0.21,0.123
MTR0001,2024-01-29 02:45:00,220.62,223.47,222.46,2.34,2.51,2.5,0.201,0.118
MTR0001,2024-01-29 03:00:00,219.19,221.62,222.37,2.85,2.72,2.89,0.248,0.131
MTR0001,2024-01-29 03:15:00,221.13,222.23,219.56,2.79,2.58,2.71,0.204,0.137
MTR0001,2024-01-29 03:30:00,220.7,221.12,219.58,2.61,2.51,2.76,0.221,0.105
MTR0001,2024-01-29 03:45:00,219.53,221.26,220.78,2.47,2.78,2.6,0.22,0.13
MTR0001,2024-01-29 04:00:00,219.66,223.19,220.84,2.69,2.58,2.78,0.251,0.085
MTR0001,2024-01-29 04:15:00,222.48,221.58,221.3,2.68,2.85,2.63,0.227,0.124
MTR0001,2024-01-29 04:30:00,219.22,221.7,219.97,2.49,2.54,2.79,0.231,0.098
MTR0001,2024-01-29 04:45:00,219.68,220.51,221.13,2.62,2.69,2.73,0.232,0.129
MTR0001,2024-01-29 05:00:00,219.98,222.99,218.17,2.62,2.34,2.59,0.23,0.128
MTR0001,2024-01-29 05:15:00,219.44,221.47,220.71,2.7,2.64,2.59,0.221,0.113
MTR0001,2024-01-29 05:30:00,221.65,223.6,219.78,2.55,2.73,2.77,0.237,0.111
MTR0001,2024-01-29 05:45:00,221.63,222.06,221.81,2.65,2.73,2.7,0.255,0.108
MTR0001,2024-01-29 06:00:00,221.55,220.08,220.67,5.38,5.41,5.16,0.453,0.217
MTR0001,2024-01-29 06:15:00,222.03,220.31,223.74,5.31,5.2,5.33,0.457,0.243
MTR0001,2024-01-29 06:30:00,221.28,224.24,221.54,5.45,5.1,5.46,0.489,0.203
MTR0001,2024-01-29 06:45:00,219.64,220.9,221.21,5.59,5.24,5.35,0.473,0.223
MTR0001,2024-01-29 07:00:00,218.38,224.62,222.41,5.65,5.58,5.71,0.462,0.215
MTR0001,2024-01-29 07:15:00,219.35,220.44,222.78,5.6,5.36,5.88,0.483,0.246
MTR0001,2024-01-29 07:30:00,222.3,220.92,221.11,5.64,5.62,5.81,0.507,0.257
MTR0001,2024-01-29 07:45:00,219.57,219.98,221.46,5.84,5.54,6.04,0.517,0.251
MTR0001,2024-01-29 08:00:00,218.98,218.21,220.91,6.1,5.88,6.11,0.503,0.206
MTR0001,2024-01-29 08:15:00,221.8,219.55,220.9,6.05,5.73,6.29,0.523,0.273
MTR0001,2024-01-29 08:30:00,221.27,221.83,222.16,6.0,5.91,6.15,0.489,0.264
MTR0001,2024-01-29 08:45:00,223.83,220.4,220.72,6.0,5.93,6.54,0.555,0.25
MTR0001,2024-01-29 09:00:00,221.98,221.76,218.69,6.38,6.35,6.28,0.526,0.264
MTR0001,2024-01-29 09:15:00,222.54,222.59,221.19,6.67,6.41,6.47,0.527,0.31
MTR0001,2024-01-29 09:30:00,221.72,220.54,222.48,6.45,6.26,6.78,0.536,0.229
MTR0001,2024-01-29 09:45:00,219.43,222.64,220.99,6.57,6.16,6.5,0.586,0.223
MTR0001,2024-01-29 10:00:00,223.58,222.39,223.17,6.67,6.6,7.04,0.608,0.259
MTR0001,2024-01-29 10:15:00,218.27,222.52,222.48,6.51,6.6,6.73,0.603,0.236
MTR0001,2024-01-29 10:30:00,220.44,222.09,221.88,6.49,6.6,7.05,0.622,0.213
MTR0001,2024-01-29 10:45:00,219.86,222.49,221.16,6.66,6.68,6.65,0.572,0.249
MTR0001,2024-01-29 11:00:00,221.05,220.52,223.16,6.85,6.44,6.95,0.587,0.302
MTR0001,2024-01-29 11:15:00,221.58,223.99,221.14,6.74,6.97,7.03,0.61,0.252
MTR0001,2024-01-29 11:30:00,221.89,221.3,218.6,6.84,6.58,6.97,0.557,0.287
MTR0001,2024-01-29 11:45:00,222.46,222.78,221.34,6.96,6.97,7.1,0.629,0.265
MTR0001,2024-01-29 12:00:00,223.3,218.31,220.48,7.0,6.7,7.32,0.599,0.308
MTR0001,2024-01-29 12:15:00,222.24,219.37,219.3,6.94,6.54,7.04,0.515,0.34
MTR0001,2024-01-29 12:30:00,221.78,221.69,221.39,6.7,6.86,7.34,0.574,0.287
MTR0001,2024-01-29 12:45:00,222.91,219.27,222.24,6.73,6.52,7.16,0.583,0.277
MTR0001,2024-01-29 13:00:00,218.99,222.47,221.79,6.86,6.65,7.15,0.587,0.234
MTR0001,2024-01-29 13:15:00,220.7,222.62,221.53,6.8,6.97,7.03,0.612,0.242
MTR0001,2024-01-29 13:30:00,219.45,221.32,223.52,6.73,6.62,6.77,0.61,0.206
MTR0001,2024-01-29 13:45:00,222.07,222.79,222.99,6.91,6.71,6.92,0.625,0.25
MTR0001,2024-01-29 14:00:00,221.76,221.41,221.45,6.73,6.67,7.04,0.599,0.24
MTR0001,2024-01-29 14:15:00,219.64,220.28,222.22,6.69,6.96,6.84,0.603,0.235
MTR0001,2024-01-29 14:30:00,222.1,221.55,220.66,6.8,6.58,6.78,0.585,0.24
MTR0001,2024-01-29 14:45:00,219.44,220.49,223.25,6.84,6.6,6.67,0.553,0.323
MTR0001,2024-01-29 15:00:00,223.28,226.16,219.05,6.51,6.28,6.76,0.561,0.248
MTR0001,2024-01-29 15:15:00,222.12,224.79,223.92,6.54,6.2,6.5,0.558,0.275
MTR0001,2024-01-29 15:30:00,218.43,220.43,219.96,6.27,6.1,6.55,0.562,0.24
MTR0001,2024-01-29 15:45:00,219.98,220.52,220.3,6.2,6.24,6.62,0.55,0.271
MTR0001,2024-01-29 16:00:00,220.82,222.11,218.64,5.88,5.97,6.34,0.494,0.279
MTR0001,2024-01-29 16:15:00,219.16,221.06,224.02,6.06,6.01,6.25,0.513,0.286
MTR0001,2024-01-29 16:30:00,219.75,222.53,221.82,5.86,5.69,6.55,0.552,0.18
MTR0001,2024-01-29 16:45:00,221.0,219.44,220.43,6.16,6.06,6.25,0.515,0.223
MTR0001,2024-01-29 17:00:00,222.98,221.01,220.67,5.76,5.5,5.91,0.438,0.289
MTR0001,2024-01-29 17:15:00,221.09,221.06,223.67,5.66,5.79,6.0,0.505,0.257
MTR0001,2024-01-29 17:30:00,221.61,220.83,219.18,5.68,5.68,5.9,0.462,0.271
MTR0001,2024-01-29 17:45:00,221.24,225.79,221.7,5.69,5.6,5.93,0.448,0.281
MTR0001,2024-01-29 18:00:00,220.73,219.27,222.26,5.11,4.98,5.29,0.416,0.218
MTR0001,2024-01-29 18:15:00,221.78,222.13,220.27,5.16,5.1,5.53,0.404,0.266
MTR0001,2024-01-29 18:30:00,221.63,221.17,222.16,5.18,5.08,5.45,0.456,0.201
MTR0001,2024-01-29 18:45:00,222.04,223.07,222.62,5.24,5.38,5.23,0.449,0.275
MTR0001,2024-01-29 19:00:00,221.58,222.02,220.83,4.74,4.94,5.17,0.422,0.185
MTR0001,2024-01-29 19:15:00,219.25,222.42,221.35,5.16,4.57,4.9,0.498,0.155
MTR0001,2024-01-29 19:30:00,221.02,222.24,220.84,4.98,4.85,5.07,0.449,0.226
MTR0001,2024-01-29 19:45:00,221.16,221.03,222.33,4.6,4.74,4.94,0.403,0.216
MTR0001,2024-01-29 20:00:00,218.61,221.78,222.7,4.81,4.35,4.54,0.388,0.22
MTR0001,2024-01-29 20:15:00,219.14,219.66,221.82,4.31,4.61,4.46,0.361,0.165
MTR0001,2024-01-29 20:30:00,218.29,221.69,221.81,4.51,4.5,4.63,0.38,0.184
MTR0001,2024-01-29 20:45:00,222.48,221.8,221.93,4.61,4.66,4.46,0.394,0.153
MTR0001,2024-01-29 21:00:00,221.95,222.15,220.94,4.31,4.22,4.32,0.374,0.142
MTR0001,2024-01-29 21:15:00,220.06,222.03,223.13,4.38,4.14,4.52,0.34,0.223
MTR0001,2024-01-29 21:30:00,223.23,222.64,223.83,4.16,4.21,4.48,0.43,0.128
MTR0001,2024-01-29 21:45:00,220.04,223.43,222.23,4.13,4.09,4.27,0.34,0.171
MTR0001,2024-01-29 22:00:00,219.95,222.83,223.06,3.96,3.94,4.13,0.327,0.195
MTR0001,2024-01-29 22:15:00,220.8,220.78,223.21,3.57,3.83,3.75,0.326,0.161
MTR0001,2024-01-29 22:30:00,222.24,222.36,222.07,3.99,3.8,4.06,0.316,0.197
MTR0001,2024-01-29 22:45:00,219.37,221.02,222.39,3.79,3.8,3.79,0.337,0.186
MTR0001,2024-01-29 23:00:00,222.62,220.71,222.68,3.57,3.65,3.84,0.292,0.162
MTR0001,2024-01-29 23:15:00,221.96,222.62,222.22,3.3,3.67,3.97,0.308,0.19
MTR0001,2024-01-29 23:30:00,218.74,222.59,223.19,3.51,3.67,3.71,0.329,0.164
MTR0001,2024-01-29 23:45:00,221.47,222.42,221.06,3.82,3.66,3.99,0.301,0.14
MTR0001,2024-01-30 00:00:00,217.68,222.61,222.33,2.81,2.44,2.84,0.222,0.086
MTR0001,2024-01-30 00:15:00,219.75,222.41,221.57,2.52,2.4,2.76,0.215,0.115
MTR0001,2024-01-30 00:30:00,222.4,219.85,221.93,2.4,2.67,2.71,0.234,0.112
MTR0001,2024-01-30 00:45:00,220.21,223.26,218.93,2.82,2.43,2.68,0.202,0.107
MTR0001,2024-01-30 01:00:00,221.48,221.66,221.26,2.9,2.62,2.85,0.205,0.136
MTR0001,2024-01-30 01:15:00,219.42,218.65,219.01,2.53,2.68,2.91,0.212,0.135
MTR0001,2024-01-30 01:30:00,220.72,221.9,220.45,2.65,2.77,2.64,0.234,0.118
MTR0001,2024-01-30 01:45:00,224.12,219.25,220.79,2.71,2.64,2.88,0.244,0.101
MTR0001,2024-01-30 02:00:00,222.27,220.69,218.83,2.64,2.78,2.96,0.242,0.11
MTR0001,2024-01-30 02:15:00,220.04,223.64,221.65,2.76,2.51,2.77,0.233,0.105
MTR0001,2024-01-30 02:30:00,219.62,221.16,221.25,2.63,2.34,2.7,0.22,0.107
MTR0001,2024-01-30 02:45:00,218.53,222.11,222.74,2.67,2.72,2.65,0.233,0.101
MTR0001,2024-01-30 03:00:00,223.43,221.69,219.97,2.85,2.38,2.2,0.203,0.092
MTR0001,2024-01-30 03:15:00,220.35,221.69,223.61,2.54,2.77,2.67,0.222,0.083
MTR0001,2024-01-30 03:30:00,222.59,222.17,223.36,2.71,2.66,2.78,0.237,0.13
MTR0001,2024-01-30 03:45:00,220.95,222.5,220.78,2.73,2.41,2.67,0.195,0.108
MTR0001,2024-01-30 04:00:00,219.65,222.12,221.26,2.53,2.34,2.6,0.189,0.113
MTR0001,2024-01-30 04:15:00,222.05,221.3,222.57,2.47,2.54,2.58,0.212,0.118
MTR0001,2024-01-30 04:30:00,222.1,224.02,220.94,2.61,2.45,2.54,0.179,0.131
MTR0001,2024-01-30 04:45:00,222.7,223.01,220.81,2.53,2.67,2.58,0.21,0.113
MTR0001,2024-01-30 05:00:00,220.5,221.93,220.58,2.59,2.66,2.6,0.241,0.108
MTR0001,2024-01-30 05:15:00,220.82,222.55,219.1,2.58,2.62,2.59,0.19,0.118
MTR0001,2024-01-30 05:30:00,222.16,220.9,223.32,2.51,2.69,2.53,0.212,0.1
MTR0001,2024-01-30 05:45:00,220.42,223.29,221.83,2.4,2.56,2.6,0.239,0.116
MTR0001,2024-01-30 06:00:00,218.95,218.95,220.56,4.97,5.18,5.82,0.471,0.186
MTR0001,2024-01-30 06:15:00,221.99,223.6,221.13,5.27,5.16,5.28,0.441,0.258
MTR0001,2024-01-30 06:30:00,219.87,221.32,220.08,5.28,5.32,5.54,0.473,0.217
MTR0001,2024-01-30 06:45:00,219.25,220.53,222.72,5.24,5.28,5.41,0.439,0.261
MTR0001,2024-01-30 07:00:00,219.92,220.12,220.91,5.53,5.75,5.74,0.52,0.217
MTR0001,2024-01-30 07:15:00,220.27,222.6,223.08,5.53,5.63,5.85,0.513,0.23
MTR0001,2024-01-30 07:30:00,220.85,221.58,221.01,5.58,5.78,5.88,0.498,0.273
MTR0001,2024-01-30 07:45:00,222.16,222.41,222.36,5.75,5.56,5.72,0.519,0.174
MTR0001,2024-01-30 08:00:00,220.99,221.69,219.84,6.01,6.02,6.28,0.53,0.236
MTR0001,2024-01-30 08:15:00,220.79,222.16,223.39,6.04,5.84,6.28,0.521,0.242
MTR0001,2024-01-30 08:30:00,218.38,219.58,221.52,6.18,6.18,6.23,0.51,0.316
MTR0001,2024-01-30 08:45:00,220.79,223.2,222.47,5.95,6.03,6.24,0.511,0.276
MTR0001,2024-01-30 09:00:00,218.55,221.57,217.87,6.29,6.34,6.45,0.537,0.243
MTR0001,2024-01-30 09:15:00,220.8,219.9,221.38,6.51,6.13,6.45,0.574,0.202
MTR0001,2024-01-30 09:30:00,219.67,223.93,221.58,6.5,6.34,6.8,0.593,0.211
MTR0001,2024-01-30 09:45:00,222.17,219.15,221.47,6.67,6.24,6.67,0.53,0.297
MTR0001,2024-01-30 10:00:00,221.57,221.5,222.26,6.64,6.7,7.01,0.593,0.265
MTR0001,2024-01-30 10:15:00,219.48,220.46,221.81,6.97,6.54,7.07,0.533,0.328
MTR0001,2024-01-30 10:30:00,220.14,221.4,220.66,6.39,6.5,7.01,0.527,0.271
MTR0001,2024-01-30 10:45:00,220.17,224.91,221.36,6.46,6.8,6.96,0.566,0.296
MTR0001,2024-01-30 11:00:00,222.35,222.33,221.79,6.91,6.57,6.95,0.552,0.307
MTR0001,2024-01-30 11:15:00,220.9,220.87,220.49,6.89,6.33,7.12,0.58,0.31
MTR0001,2024-01-30 11:30:00,221.98,221.06,221.16,6.81,6.75,6.92,0.624,0.302
MTR0001,2024-01-30 11:45:00,220.65,221.27,218.94,6.73,6.64,6.93,0.589,0.261
MTR0001,2024-01-30 12:00:00,220.83,223.35,221.42,6.89,6.75,7.18,0.615,0.291
MTR0001,2024-01-30 12:15:00,218.9,224.34,221.53,6.81,6.82,7.22,0.625,0.247
MTR0001,2024-01-30 12:30:00,221.18,222.04,221.26,6.79,7.02,7.16,0.585,0.315
MTR0001,2024-01-30 12:45:00,221.46,222.07,221.17,6.94,6.57,6.83,0.554,0.306
MTR0001,2024-01-30 13:00:00,220.73,221.06,219.33,6.75,6.45,6.97,0.585,0.267
MTR0001,2024-01-30 13:15:00,221.77,221.94,219.87,6.71,6.6,6.79,0.58,0.261
MTR0001,2024-01-30 13:30:00,219.4,222.58,221.04,6.87,6.79,6.99,0.554,0.339
MTR0001,2024-01-30 13:45:00,222.28,223.62,222.67,6.82,6.72,6.87,0.59,0.264
MTR0001,2024-01-30 14:00:00,220.3,220.38,221.22,6.47,6.63,6.78,0.598,0.209
MTR0001,2024-01-30 14:15:00,220.87,222.52,221.49,6.78,6.54,6.93,0.621,0.207
MTR0001,2024-01-30 14:30:00,219.89,220.5,220.65,6.81,6.66,6.7,0.548,0.321
MTR0001,2024-01-30 14:45:00,218.45,220.36,220.35,6.66,6.24,6.82,0.584,0.216
MTR0001,2024-01-30 15:00:00,221.25,221.62,221.44,6.29,6.07,6.44,0.516,0.286
MTR0001,2024-01-30 15:15:00,218.9,218.82,220.63,6.32,6.25,6.51,0.571,0.216
MTR0001,2024-01-30 15:30:00,221.76,221.07,219.65,6.32,6.58,6.87,0.541,0.29
MTR0001,2024-01-30 15:45:00,219.9,223.61,221.39,6.16,6.26,6.77,0.51,0.304
MTR0001,2024-01-30 16:00:00,222.61,220.97,220.39,6.28,6.1,6.21,0.564,0.202
MTR0001,2024-01-30 16:15:00,221.32,219.98,222.77,6.14,6.04,6.1,0.51,0.292
MTR0001,2024-01-30 16:30:00,220.35,224.73,220.15,6.18,5.83,6.34,0.534,0.253
MTR0001,2024-01-30 16:45:00,221.53,220.45,218.73,6.08,5.92,6.2,0.539,0.209
MTR0001,2024-01-30 17:00:00,216.57,220.7,218.89,5.48,5.96,5.96,0.487,0.247
MTR0001,2024-01-30 17:15:00,218.23,222.61,220.89,5.7,5.68,5.79,0.481,0.272
MTR0001,2024-01-30 17:30:00,218.76,221.75,222.94,5.58,5.8,5.74,0.537,0.204
MTR0001,2024-01-30 17:45:00,221.06,218.61,220.13,5.73,5.73,5.68,0.527,0.219
MTR0001,2024-01-30 18:00:00,222.36,221.53,220.18,5.42,5.45,5.3,0.486,0.17
MTR0001,2024-01-30 18:15:00,220.26,220.67,220.72,5.28,5.31,5.49,0.499,0.161
MTR0001,2024-01-30 18:30:00,221.96,221.36,220.09,5.26,4.91,5.37,0.413,0.252
MTR0001,2024-01-30 18:45:00,219.48,221.54,221.37,5.46,5.26,5.51,0.448,0.246
MTR0001,2024-01-30 19:00:00,220.84,220.89,221.94,4.96,4.77,4.96,0.39,0.216
MTR0001,2024-01-30 19:15:00,218.38,224.52,224.43,4.98,4.74,4.95,0.424,0.164
MTR0001,2024-01-30 19:30:00,221.86,221.77,219.89,4.76,4.79,5.13,0.428,0.211
MTR0001,2024-01-30 19:45:00,220.33,223.26,221.42,4.77,4.75,4.99,0.41,0.21
MTR0001,2024-01-30 20:00:00,221.54,220.27,221.63,4.34,4.33,4.68,0.349,0.222
MTR0001,2024-01-30 20:15:00,221.41,221.53,222.03,4.51,4.47,4.78,0.42,0.16
MTR0001,2024-01-30 20:30:00,219.91,221.1,218.6,4.6,4.64,4.94,0.404,0.187
MTR0001,2024-01-30 20:45:00,219.93,223.06,221.02,4.02,4.48,4.77,0.368,0.217
MTR0001,2024-01-30 21:00:00,220.47,224.03,221.3,4.38,4.18,4.35,0.411,0.141
MTR0001,2024-01-30 21:15:00,223.86,222.57,221.36,3.96,4.13,4.17,0.354,0.146
MTR0001,2024-01-30 21:30:00,221.62,223.13,218.1,4.19,4.22,4.55,0.36,0.159
MTR0001,2024-01-30 21:45:00,222.61,221.91,220.82,4.18,4.27,3.99,0.369,0.153
MTR0001,2024-01-30 22:00:00,219.28,223.26,221.27,4.06,3.8,3.94,0.335,0.194
MTR0001,2024-01-30 22:15:00,220.64,222.46,221.63,3.93,4.05,3.98,0.353,0.176
MTR0001,2024-01-30 22:30:00,219.3,221.15,220.2,4.14,3.82,4.17,0.395,0.151
MTR0001,2024-01-30 22:45:00,223.48,220.03,220.85,3.65,4.01,4.07,0.316,0.189
MTR0001,2024-01-30 23:00:00,219.32,222.35,221.54,3.63,3.89,3.69,0.313,0.173
MTR0001,2024-01-30 23:15:00,217.03,221.13,223.24,3.76,3.5,3.6,0.336,0.164
MTR0001,2024-01-30 23:30:00,220.31,223.47,222.17,3.76,3.73,3.94,0.308,0.15
MTR0001,2024-01-30 23:45:00,220.74,220.0,221.9,3.55,3.75,4.2,0.287,0.186
